SETTLEMENT_DATE,SETTLEMENT_PERIOD,ND,TSD,ENGLAND_WALES_DEMAND,EMBEDDED_WIND_GENERATION,EMBEDDED_WIND_CAPACITY,EMBEDDED_SOLAR_GENERATION,EMBEDDED_SOLAR_CAPACITY,NON_BM_STOR,PUMP_STORAGE_PUMPING,IFA_FLOW,IFA2_FLOW,BRITNED_FLOW,MOYLE_FLOW,EAST_WEST_FLOW,NEMO_FLOW,SOURCE_FILE,NSL_FLOW,ELECLINK_FLOW,VIKING_FLOW,GREENLINK_FLOW,SCOTTISH_TRANSFER,TIMESTAMP,YEAR,MONTH,DAY,HOUR,MINUTE,DAY_OF_WEEK,DAY_NAME,IS_WEEKEND,GRID_STRESS_SCORE,RENEWABLE_RATIO,DAY_OF_YEAR,HOUR_SIN,HOUR_COS,MONTH_SIN,MONTH_COS,ND_LAG_1,ND_LAG_48,ND_LAG_336,ND_ROLLING_6H,ND_ROLLING_24H,ND_ROLLING_7D,IS_PEAK_DEMAND,TOTAL_RENEWABLE_GENERATION,TOTAL_RENEWABLE_CAPACITY,RENEWABLE_UTILIZATION,TOTAL_INTERCONNECTOR_FLOW,ABS_INTERCONNECTOR_FLOW,INTERCONNECTOR_DEPENDENCY,STORAGE_RATIO,SCOTLAND_TRANSFER_RATIO,IS_PEAK_PRICING_PERIOD,IS_OFF_PEAK,CARBON_INTENSITY_SCORE,DEMAND_PRESSURE,PEAK_LOAD_INDICATOR,GRID_STATE,PEAK_RISK,CARBON_INTENSITY,NATIONAL_PRICE,MARKET_VOLATILITY_INDEX,TIME_OF_USE_SIGNAL,MARKET_CONGESTION_INDEX,CARBON_PRICE_SIGNAL,PRICE_CATEGORY
2026-04-07,48,22869,26109,20972,2012,6606,0,22126,0,6,1506,993,-823,-452,-527,-22,demanddata_2026.csv,210.0,997.0,-396.0,-514.0,2186.0,2026-04-07 23:30:00,2026,4,7,23,30,1,Tuesday,0,0.3725076617104327,0.0700240141997007,97,-0.2588190451025215,0.965925826289068,0.8660254037844387,-0.4999999999999998,23253.0,21929.0,24861.0,27274.75,22702.0,23789.44047619048,0,2012,28732,0.0700240141997007,972.0,6440.0,0.2815916047223437,0.0,0.0955837341495408,0,0,0.6284247159461702,0.2174457789682882,0,MODERATE,0.2607553631973029,0.6284247159461702,75.96,0.0139118897128218,1.0,1.015798027955358,1.1400731676804228,Moderate
2026-04-08,1,22580,25086,20639,1894,6606,0,22126,0,7,1504,992,-335,-451,-526,452,demanddata_2026.csv,20.0,997.0,-173.0,-514.0,2229.0,2026-04-08 00:00:00,2026,4,8,0,0,2,Wednesday,0,0.355613734468143,0.0659172380190025,98,0.0,1.0,0.8660254037844387,-0.4999999999999998,22869.0,21748.0,24019.0,26879.5,22719.33333333333,23785.15773809524,0,1894,28732,0.0659172380190025,1966.0,5964.0,0.2641158496080776,0.0,0.0987113059651919,0,1,0.6255123050332881,0.2112027996198047,0,MODERATE,0.2489296141277,0.6255123050332881,56.08,0.1836719259568937,0.82,1.0319536244446852,1.1394164655099073,Very Low
2026-04-08,2,22761,25212,20894,1775,6606,0,22126,0,7,1505,992,-304,-451,-527,474,demanddata_2026.csv,-5.0,997.0,-143.0,-514.0,2429.0,2026-04-08 00:30:00,2026,4,8,0,30,2,Wednesday,0,0.3313463059122302,0.0617756586503323,98,0.0,1.0,0.8660254037844387,-0.4999999999999998,22580.0,22003.0,23774.0,26414.416666666668,22735.125,23782.14285714286,0,1775,28732,0.0617756586503323,2024.0,5912.0,0.2597311308320885,0.0,0.106712942623671,0,1,0.6285016949630949,0.2151127624643567,0,MODERATE,0.2319424141385611,0.6285016949630949,64.35,0.3178929102604038,0.82,1.032896305125149,1.1400905252199358,Low
2026-04-08,3,23024,25028,21069,1687,6606,0,22126,0,7,1504,992,340,-451,-527,650,demanddata_2026.csv,-5.0,997.0,380.0,-514.0,2284.0,2026-04-08 01:00:00,2026,4,8,1,0,2,Wednesday,0,0.3625321223273517,0.0587129781087947,98,0.2588190451025207,0.9659258262890684,0.8660254037844387,-0.4999999999999998,22761.0,21867.0,24112.0,25896.33333333333,22759.229166666668,23778.904761904763,0,1687,28732,0.0587129781087947,3366.0,6360.0,0.2762214983713355,0.0,0.0991965255157437,0,1,0.6354912134722692,0.2207940896915233,0,MODERATE,0.2537724856291461,0.6354912134722692,56.16,0.4548307188727846,0.82,1.0547079856972583,1.141666550071213,Very Low
2026-04-08,4,22882,24885,20982,1598,6606,0,22126,0,6,1505,993,381,-451,-527,657,demanddata_2026.csv,-5.0,997.0,422.0,-514.0,2248.0,2026-04-08 01:30:00,2026,4,8,1,30,2,Wednesday,0,0.3646551081618299,0.0556154943792851,98,0.2588190451025207,0.9659258262890684,0.8660254037844387,-0.4999999999999998,23024.0,22407.0,24114.0,25350.25,22769.125,23775.23809523809,0,1598,28732,0.0556154943792851,3458.0,6452.0,0.2819560372328803,0.0,0.0982388672813879,0,1,0.6376346032232842,0.2177266050289467,0,MODERATE,0.2552585757132809,0.6376346032232842,62.16,0.0658165461473999,0.82,1.0562032722938564,1.1421498502454868,Very Low
2026-04-08,5,22908,24913,21084,1485,6606,0,22126,0,8,1504,992,502,-451,-527,910,demanddata_2026.csv,-5.0,997.0,618.0,-514.0,2393.0,2026-04-08 02:00:00,2026,4,8,2,0,2,Wednesday,0,0.3509071125568576,0.051682734138447,98,0.4999999999999999,0.8660254037844387,0.8660254037844387,-0.4999999999999998,22882.0,21788.0,23803.0,24745.916666666668,22792.45833333333,23772.574404761905,0,1485,28732,0.051682734138447,4026.0,7020.0,0.3064297874197913,0.0,0.1044567637173163,0,1,0.6451672494152486,0.2182882571502635,0,MODERATE,0.2456349787898002,0.6451672494152486,62.59,0.1783546202457001,0.82,1.065435041716329,1.1438483417193748,Very Low
2026-04-08,6,22011,24015,20076,1372,6606,0,22126,0,8,1504,992,506,-451,-526,920,demanddata_2026.csv,-5.0,997.0,620.0,-514.0,2111.0,2026-04-08 02:30:00,2026,4,8,2,30,2,Wednesday,0,0.3529879389315497,0.047749973897609,98,0.4999999999999999,0.8660254037844387,0.8660254037844387,-0.4999999999999998,22908.0,20983.0,23273.0,24116.08333333333,22813.875,23768.81845238096,0,1372,28732,0.047749973897609,4043.0,7035.0,0.3195984008722515,0.0,0.0959022351444666,0,1,0.6444933881271943,0.1989112589648319,0,MODERATE,0.2470915572520848,0.6444933881271943,60.79,0.073687731560648,0.82,1.065711344674396,1.1436963967556562,Very Low
2026-04-08,7,21506,23618,19640,1270,6606,0,22126,0,115,1504,993,401,-451,-527,994,demanddata_2026.csv,-5.0,997.0,177.0,-514.0,1900.0,2026-04-08 03:00:00,2026,4,8,3,0,2,Wednesday,0,0.3411197540283136,0.0442000487244631,98,0.7071067811865476,0.7071067811865476,0.8660254037844387,-0.4999999999999998,22011.0,20410.0,22957.0,23501.5,22836.70833333333,23764.5,0,1270,28732,0.0442000487244631,3569.0,6563.0,0.3051564606872181,0.0,0.088343330078579,0,1,0.6406809231500017,0.1880022466084852,0,MODERATE,0.2387838278198195,0.6406809231500017,54.53,0.1619627381317528,0.82,1.0580073680788815,1.1428367467610543,Very Low
2026-04-08,8,21011,23137,19165,1167,6606,0,22126,0,129,1504,993,383,-451,-527,995,demanddata_2026.csv,-5.0,997.0,126.0,-514.0,1705.0,2026-04-08 03:30:00,2026,4,8,3,30,2,Wednesday,0,0.3284805155540806,0.0406153203633452,98,0.7071067811865476,0.7071067811865476,0.8660254037844387,-0.4999999999999998,21506.0,20024.0,22665.0,22961.166666666668,22857.27083333333,23759.57738095238,0,1167,28732,0.0406153203633452,3501.0,6495.0,0.309109080525414,0.0,0.0811441081286883,0,1,0.6407140117268078,0.1773092542987989,0,MODERATE,0.2299363608878564,0.6407140117268078,58.77,0.0569123160113821,0.82,1.056902156246614,1.1428442077069367,Very Low
2026-04-08,9,20762,23779,18918,1076,6606,0,22126,0,130,1505,992,-390,-451,-527,602,demanddata_2026.csv,-5.0,997.0,-500.0,-514.0,2079.0,2026-04-08 04:00:00,2026,4,8,4,0,2,Wednesday,0,0.311088036546012,0.0374482302578916,98,0.8660254037844386,0.5000000000000001,0.8660254037844387,-0.4999999999999998,21011.0,19923.0,22356.0,22536.25,22874.75,23754.83333333333,0,1076,28732,0.0374482302578916,1709.0,6483.0,0.3122381158792082,0.0,0.1001300390117035,0,1,0.6419341425092971,0.1719303551369567,0,MODERATE,0.2177616255822084,0.6419341425092971,63.95,0.2283187637202559,0.82,1.02777657384332,1.1431193277216398,Low
2026-04-08,10,20782,23869,18844,984,6606,0,22126,0,121,1505,992,-444,-451,-510,553,demanddata_2026.csv,0.0,997.0,-547.0,-514.0,1744.0,2026-04-08 04:30:00,2026,4,8,4,30,2,Wednesday,0,0.3073990967717137,0.0342463369644659,98,0.8660254037844386,0.5000000000000001,0.8660254037844387,-0.4999999999999998,20762.0,19954.0,22165.0,22195.75,22892.0,23750.717261904763,0,984,28732,0.0342463369644659,1581.0,6513.0,0.3133811288071982,0.0,0.0839147380070249,0,1,0.6445025575183443,0.1723623952302773,0,MODERATE,0.2151793677401996,0.6445025575183443,56.0,0.0053068535280621,0.82,1.0256961751002276,1.143698464306991,Very Low
2026-04-08,11,21100,25011,19121,911,6606,0,22126,0,8,1507,993,-870,-451,-413,-445,demanddata_2026.csv,44.0,997.0,-710.0,-514.0,1573.0,2026-04-08 05:00:00,2026,4,8,5,0,2,Wednesday,0,0.3460813366043729,0.0317057042425086,98,0.9659258262890684,0.2588190451025207,0.8660254037844387,-0.4999999999999998,20782.0,20281.0,22267.0,22016.33333333333,22909.0625,23747.24404761905,0,911,28732,0.0317057042425086,138.0,6944.0,0.3290839296715795,0.0,0.0745462300364911,0,1,0.6513439799264386,0.1792318327140758,0,MODERATE,0.242256935623061,0.6513439799264386,57.5,0.203025946553413,0.82,1.0022429298948965,1.1452410958515085,Very Low
2026-04-08,12,22006,26119,19915,838,6606,0,22126,0,10,1507,992,-888,-451,-501,-520,demanddata_2026.csv,79.0,997.0,-729.0,-514.0,1235.0,2026-04-08 05:30:00,2026,4,8,5,30,2,Wednesday,0,0.3449603413543599,0.0291650715205512,98,0.9659258262890684,0.2588190451025207,0.8660254037844387,-0.4999999999999998,21100.0,21171.0,22903.0,21944.416666666668,22926.45833333333,23744.574404761905,0,838,28732,0.0291650715205512,-28.0,7178.0,0.3261689462443768,0.0,0.0561185077475348,0,1,0.6579075374069202,0.1988032489415017,0,MODERATE,0.2414722389480519,0.6579075374069202,58.1,0.0157343913185924,0.82,1.0004550872250515,1.146721073290362,Very Low
2026-04-08,13,23593,28358,21434,764,6606,0,22126,0,10,1507,992,-974,-451,-431,-935,demanddata_2026.csv,451.0,998.0,-950.0,-514.0,1193.0,2026-04-08 06:00:00,2026,4,8,6,0,2,Wednesday,0,0.3608976683999155,0.0265896356106219,98,1.0,6.123233995736766e-17,0.8660254037844387,-0.4999999999999998,22006.0,22841.0,24792.0,22028.83333333333,22942.125,23741.00595238096,0,764,28732,0.0265896356106219,-307.0,8203.0,0.3476731372382809,0.0,0.0505637026362634,0,0,0.6731135980748008,0.2330856303464961,0,MODERATE,0.2526283678799408,0.6731135980748008,71.75,0.3426437148460269,1.08,1.0049897063603856,1.150149797239108,Low
2026-04-08,14,24746,29249,22561,690,6606,135,22126,0,8,1490,991,-859,-451,-458,-879,demanddata_2026.csv,527.0,998.0,-834.0,-514.0,1384.0,2026-04-08 06:30:00,2026,4,8,6,30,2,Wednesday,0,0.3905479013897187,0.028712630076915,98,1.0,6.123233995736766e-17,0.8660254037844387,-0.4999999999999998,23593.0,24391.0,26288.0,22194.25,22949.52083333333,23736.416666666668,0,825,28732,0.028712630076915,11.0,8001.0,0.323311916595951,0.0,0.0559259708247464,0,0,0.6736164117870275,0.2579927417264322,0,MODERATE,0.2733835309728031,0.6736164117870275,81.59,0.0570459219686657,1.08,1.0001787842669845,1.150263173704882,Moderate
2026-04-08,15,26937,28934,24417,631,6606,924,22126,0,8,574,925,777,-451,-524,464,demanddata_2026.csv,901.0,998.0,790.0,-514.0,471.0,2026-04-08 07:00:00,2026,4,8,7,0,2,Wednesday,0,0.6125936111763147,0.0541189572964883,98,0.9659258262890684,-0.2588190451025206,0.8660254037844387,-0.4999999999999998,24746.0,26594.0,28270.0,22520.33333333333,22956.666666666668,23732.449404761905,0,1555,28732,0.0541189572964883,3940.0,6918.0,0.256811938525503,0.0,0.0174845942534709,0,0,0.6592451101784973,0.3053227339497105,1,HIGH,0.7288155278234203,0.6592451101784973,84.4,0.335914013594575,1.08,1.0640372738108137,1.147022674598897,Moderate
2026-04-08,16,27751,29751,24672,571,6606,2156,22126,0,8,497,920,978,-451,-527,591,demanddata_2026.csv,977.0,998.0,989.0,-514.0,117.0,2026-04-08 07:30:00,2026,4,8,7,30,2,Wednesday,0,0.6162025756516386,0.0949082935996937,98,0.9659258262890684,-0.2588190451025206,0.8660254037844387,-0.4999999999999998,26937.0,26823.0,29317.0,22926.08333333333,22976.0,23727.78869047619,0,2727,28732,0.0949082935996937,4458.0,7442.0,0.2681608532718362,0.0,0.0042159123666762,0,0,0.6453781316995026,0.3229067657478614,1,HIGH,0.7313418029561469,0.6453781316995026,85.58,0.0174275942761565,1.08,1.072456387474266,1.1438958923081946,High
2026-04-08,17,27966,29967,24884,485,6606,3503,22126,0,8,500,929,1002,-451,-528,980,demanddata_2026.csv,1350.0,998.0,989.0,-514.0,-181.0,2026-04-08 08:00:00,2026,4,8,8,0,2,Wednesday,0,0.5998086617284625,0.1387951136324087,98,0.8660254037844387,-0.4999999999999998,0.8660254037844387,-0.4999999999999998,27751.0,27460.0,31513.0,23347.58333333333,22986.541666666668,23717.23214285714,0,3988,28732,0.1387951136324087,5255.0,8241.0,0.2946687167018271,0.0,-0.0064719133264204,0,0,0.6296044270619685,0.3275511967510585,1,MODERATE,0.7198660632099236,0.6296044270619685,86.46,0.0071015444165574,1.08,1.0854101202730524,1.1403391737054995,High
2026-04-08,18,26865,28866,23980,398,6606,5039,22126,0,8,500,930,1003,-451,-528,997,demanddata_2026.csv,1397.0,998.0,989.0,-514.0,-510.0,2026-04-08 08:30:00,2026,4,8,8,30,2,Wednesday,0,0.5581518288156114,0.1892249330038631,98,0.8660254037844387,-0.4999999999999998,0.8660254037844387,-0.4999999999999998,27966.0,26593.0,31713.0,23752.08333333333,22992.20833333333,23702.80357142857,0,5437,28732,0.1892249330038631,5321.0,8307.0,0.3092012208739671,0.0,-0.0189831013176505,0,0,0.597032658616452,0.3037673896137561,1,MODERATE,0.6907062801709279,0.597032658616452,80.5,0.0981584887854521,1.08,1.0864828258749593,1.1329947598588517,Moderate
2026-04-08,19,25715,27719,22788,342,6606,6582,22126,0,11,500,929,1004,-451,-528,1016,demanddata_2026.csv,1397.0,999.0,989.0,-514.0,-664.0,2026-04-08 09:00:00,2026,4,8,9,0,2,Wednesday,0,0.5572753130895874,0.2409772735182542,98,0.7071067811865476,-0.7071067811865475,0.8660254037844387,-0.4999999999999998,26865.0,25510.0,32273.0,24102.83333333333,22996.479166666668,23683.28571428572,0,6924,28732,0.2409772735182542,5341.0,8327.0,0.3238061906983979,0.0,-0.0258205008554985,0,0,0.5606787100058889,0.2789250842478182,1,MODERATE,0.6900927191627112,0.5606787100058889,85.48,0.2215157466478703,1.08,1.0868078881785674,1.124797524759309,High
2026-04-08,20,24562,26563,21669,285,6606,7998,22126,0,9,500,929,1003,-451,-527,1017,demanddata_2026.csv,1397.0,998.0,989.0,-514.0,-607.0,2026-04-08 09:30:00,2026,4,8,9,30,2,Wednesday,0,0.5093298772542726,0.288274805972227,98,0.7071067811865476,-0.7071067811865475,0.8660254037844387,-0.4999999999999998,25715.0,23956.0,31844.0,24398.75,23009.104166666668,23661.61309523809,0,8283,28732,0.288274805972227,5341.0,8325.0,0.338924398485527,0.0,-0.0247119651508366,0,0,0.5238662670922406,0.2540179728678821,1,MODERATE,0.6565309140779908,0.5238662670922406,73.59,0.2359662161160682,1.08,1.0868078881785674,1.1164969065132904,Low
2026-04-08,21,23062,25063,20242,268,6606,9323,22126,0,9,500,929,1002,-451,-527,1016,demanddata_2026.csv,1397.0,998.0,989.0,-514.0,-718.0,2026-04-08 10:00:00,2026,4,8,10,0,2,Wednesday,0,0.3108235563824839,0.3337973758396269,98,0.4999999999999999,-0.8660254037844387,0.8660254037844387,-0.4999999999999998,24562.0,22171.0,31547.0,24590.416666666668,23027.666666666668,23636.36011904762,0,9591,28732,0.3337973758396269,5339.0,8323.0,0.3608810649091619,0.0,-0.0311321163768807,0,0,0.4813196752415607,0.2216149658688326,0,MODERATE,0.2175764894677387,0.4813196752415607,64.89,0.2441081872452455,0.95,1.0867753819482069,1.1069033292152537,Low
2026-04-08,22,21778,23779,19057,250,6606,10465,22126,0,9,500,929,1003,-451,-527,1016,demanddata_2026.csv,1397.0,998.0,989.0,-514.0,-499.0,2026-04-08 10:30:00,2026,4,8,10,30,2,Wednesday,0,0.2279755233493565,0.3729161591201754,98,0.4999999999999999,-0.8660254037844387,0.8660254037844387,-0.4999999999999998,23062.0,20651.0,31128.0,24673.416666666668,23051.14583333333,23608.53273809524,0,10715,28732,0.3729161591201754,5340.0,8324.0,0.3822030396253271,0.0,-0.0229119794297258,0,0,0.4410024666109315,0.1938779918776462,0,LOW,0.1595828663445495,0.4410024666109315,65.35,0.1512599888016625,0.95,1.086791635063387,1.097812442246058,Low
2026-04-08,23,20999,23000,18288,286,6606,11433,22126,0,9,499,930,1003,-451,-527,1016,demanddata_2026.csv,1397.0,998.0,989.0,-514.0,-388.0,2026-04-08 11:00:00,2026,4,8,11,0,2,Wednesday,0,0.223480782671009,0.4078585598440817,98,0.258819045102521,-0.9659258262890682,0.8660254037844387,-0.4999999999999998,21778.0,19007.0,30627.0,24665.0,23092.64583333333,23579.87797619048,0,11719,28732,0.4078585598440817,5340.0,8324.0,0.3963809523809524,0.0,-0.0184761904761904,0,0,0.4068535045478866,0.1770500302428065,0,LOW,0.1564365478697063,0.4068535045478866,64.89,0.0878395274111009,0.95,1.086791635063387,1.0901123964151411,Low
2026-04-08,24,20401,22402,17715,321,6606,12202,22126,0,9,499,930,1003,-451,-527,1016,demanddata_2026.csv,1397.0,997.0,989.0,-514.0,-252.0,2026-04-08 11:30:00,2026,4,8,11,30,2,Wednesday,0,0.2271625863809167,0.4358403229735844,98,0.258819045102521,-0.9659258262890682,0.8660254037844387,-0.4999999999999998,20999.0,18182.0,30142.0,24531.25,23138.875,23550.886904761905,0,12523,28732,0.4358403229735844,5339.0,8323.0,0.4079502009606901,0.0,-0.0123517302225272,0,0,0.378249239660116,0.1641320314525187,0,LOW,0.1590138104666417,0.378249239660116,66.36,0.3418087579261779,0.95,1.0867753819482069,1.083662591288154,Low
2026-04-08,25,20168,22170,17538,364,6606,12760,22126,0,9,499,930,1003,-451,-528,1016,demanddata_2026.csv,1397.0,997.0,989.0,-514.0,-530.0,2026-04-08 12:00:00,2026,4,8,12,0,2,Wednesday,0,0.2148498828302435,0.4567570389447673,98,1.2246467991473532e-16,-1.0,0.8660254037844387,-0.4999999999999998,20401.0,17594.0,30038.0,24245.83333333333,23192.5,23521.511904761905,0,13124,28732,0.4567570389447673,5338.0,8324.0,0.4127125787099013,0.0,-0.0262779513114185,0,0,0.359574293846213,0.1590987643653331,0,LOW,0.1503949179811704,0.359574293846213,60.51,2.5375321348202276e-05,0.95,1.0867591288330265,1.079451689112226,Very Low
2026-04-08,26,19709,21793,17160,407,6606,13062,22126,0,111,500,930,1003,-451,-508,1016,demanddata_2026.csv,1397.0,998.0,989.0,-514.0,-244.0,2026-04-08 12:30:00,2026,4,8,12,30,2,Wednesday,0,0.213148773932634,0.4687641387951136,98,1.2246467991473532e-16,-1.0,0.8660254037844387,-0.4999999999999998,20168.0,17400.0,29607.0,23826.08333333333,23240.604166666668,23492.05357142857,0,13469,28732,0.4687641387951136,5360.0,8306.0,0.4214104515474378,0.0,-0.0123795027904616,0,0,0.342655196745115,0.1491834442236239,0,LOW,0.1492041417528438,0.342655196745115,59.18,0.0652776173361917,0.95,1.0871166973669952,1.0756367027927105,Very Low
2026-04-08,27,19103,21015,16609,429,6606,13186,22126,0,123,499,930,1004,-440,-378,1016,demanddata_2026.csv,1397.0,998.0,989.0,-471.0,-167.0,2026-04-08 13:00:00,2026,4,8,13,0,2,Wednesday,0,0.1869123303581991,0.4738454042390283,98,-0.2588190451025208,-0.9659258262890684,0.8660254037844387,-0.4999999999999998,19709.0,16914.0,29308.0,23173.25,23286.20833333333,23461.68154761905,0,13615,28732,0.4738454042390283,5544.0,8122.0,0.4251465661641541,0.0,-0.0087416247906197,0,0,0.3256664333070523,0.1360926293960079,0,LOW,0.1308386312507393,0.3256664333070523,67.59,0.3516648919841167,0.95,1.0901072705601906,1.071806007826281,Low
2026-04-08,28,18764,20653,16425,450,6606,12947,22126,0,126,499,930,1004,-451,-300,1016,demanddata_2026.csv,1397.0,998.0,989.0,-512.0,-33.0,2026-04-08 13:30:00,2026,4,8,13,30,2,Wednesday,0,0.2084066137068448,0.4662583092611283,98,-0.2588190451025208,-0.9659258262890684,0.8660254037844387,-0.4999999999999998,19103.0,16771.0,28833.0,22424.33333333333,23327.729166666668,23431.714285714286,0,13397,28732,0.4662583092611283,5570.0,8096.0,0.4314415134559019,0.0,-0.0017585931254996,0,0,0.3245757215805804,0.1287695498142227,0,LOW,0.1458846295947913,0.3245757215805804,60.56,0.3390228976430649,0.95,1.0905298515548814,1.0715600697428145,Very Low
2026-04-08,29,18556,20359,16269,508,6606,12502,22126,0,124,499,930,1003,-451,-215,997,demanddata_2026.csv,1397.0,998.0,989.0,-513.0,41.0,2026-04-08 14:00:00,2026,4,8,14,0,2,Wednesday,0,0.2101607487539407,0.4527894755159573,98,-0.4999999999999997,-0.8660254037844388,0.8660254037844387,-0.4999999999999998,18764.0,16387.0,28596.0,21640.166666666668,23372.916666666668,23401.83333333333,0,13010,28732,0.4527894755159573,5634.0,7992.0,0.4306730613784555,0.0,0.0022094088484129,0,0,0.329792306653783,0.1242763328436879,0,LOW,0.1471125241277584,0.329792306653783,61.57,0.0717339921089145,0.95,1.0915700509264274,1.072736326405327,Very Low
2026-04-08,30,18600,20303,16329,565,6606,11850,22126,0,123,499,930,1002,-452,-193,996,demanddata_2026.csv,1397.0,998.0,989.0,-435.0,100.0,2026-04-08 14:30:00,2026,4,8,14,30,2,Wednesday,0,0.211760302921634,0.4320815786726064,98,-0.4999999999999997,-0.8660254037844388,0.8660254037844387,-0.4999999999999998,18556.0,16367.0,28572.0,20951.416666666668,23419.4375,23372.154761904763,0,12415,28732,0.4320815786726064,5731.0,7891.0,0.4242245040589215,0.0,0.0053760550508037,0,0,0.3455489178907987,0.1252268210489933,0,LOW,0.1482322120451438,0.3455489178907987,60.89,0.0358934208421623,0.95,1.0931466030989272,1.076289190719064,Very Low
2026-04-08,31,19379,21067,17128,619,6606,10984,22126,0,121,499,930,1003,-451,-175,996,demanddata_2026.csv,1397.0,998.0,989.0,-441.0,491.0,2026-04-08 15:00:00,2026,4,8,15,0,2,Wednesday,0,0.2187636886658546,0.4038213900393276,98,-0.7071067811865471,-0.7071067811865479,0.8660254037844387,-0.4999999999999998,18600.0,16778.0,28909.0,20423.416666666668,23473.625,23343.791666666668,0,11603,28732,0.4038213900393276,5745.0,7879.0,0.4065531475748194,0.0,0.0253353973168214,0,0,0.3803328410871021,0.142054782683833,0,LOW,0.1531345820660982,0.3803328410871021,58.24,0.1327040032720323,0.95,1.093374146711453,1.08413241014975,Very Low
2026-04-08,32,20297,21880,18056,672,6606,9784,22126,0,120,499,930,1003,-451,-67,996,demanddata_2026.csv,1368.0,998.0,992.0,-445.0,837.0,2026-04-08 15:30:00,2026,4,8,15,30,2,Wednesday,0,0.2516721608977052,0.3639021334354226,98,-0.7071067811865471,-0.7071067811865479,0.8660254037844387,-0.4999999999999998,19379.0,17615.0,29709.0,20068.0,23529.5,23315.779761904763,0,10456,28732,0.3639021334354226,5823.0,7749.0,0.381761749926101,0.0,0.0412355897132722,0,0,0.4218274591956056,0.1618854229672513,0,LOW,0.1761705126283936,0.4218274591956056,66.09,0.0461810624435765,0.95,1.094641889695525,1.0934887841614112,Low
2026-04-08,33,21375,22840,19120,683,6606,8521,22126,0,14,499,930,1003,-451,-32,996,demanddata_2026.csv,994.0,997.0,993.0,-468.0,819.0,2026-04-08 16:00:00,2026,4,8,16,0,2,Wednesday,0,0.2807643639997886,0.3203285420944558,98,-0.8660254037844385,-0.5000000000000004,0.8660254037844387,-0.4999999999999998,20297.0,19413.0,29691.0,19927.416666666668,23570.375,23291.029761904763,0,9204,28732,0.3203285420944558,5461.0,7363.0,0.3444517215568862,0.0,0.038313997005988,1,0,0.462112052884214,0.1851723839972349,0,LOW,0.196535054799852,0.462112052884214,96.38,0.0193378592667888,1.3,1.0887582620002167,1.102572316981808,High
2026-04-08,34,23214,24537,20863,693,6606,7041,22126,0,8,499,931,999,-430,-5,990,demanddata_2026.csv,977.0,998.0,955.0,-380.0,704.0,2026-04-08 16:30:00,2026,4,8,16,30,2,Wednesday,0,0.3021862290983411,0.269167855775589,98,-0.8660254037844385,-0.5000000000000004,0.8660254037844387,-0.4999999999999998,21375.0,21242.0,30708.0,20047.08333333333,23611.45833333333,23268.72619047619,0,7734,28732,0.269167855775589,5534.0,7164.0,0.3085935817359466,0.0,0.030325220762438,1,0,0.5129909196033651,0.2248984705780696,0,MODERATE,0.2115303603688387,0.5129909196033651,84.89,0.2772430807977113,1.3,1.0899447394083863,1.1140446892559432,Moderate
2026-04-08,35,25140,26710,22654,730,6606,5512,22126,0,10,500,988,535,-451,-115,468,demanddata_2026.csv,1350.0,998.0,-34.0,-460.0,1287.0,2026-04-08 17:00:00,2026,4,8,17,0,2,Wednesday,0,0.5545454550480372,0.2172414993213378,98,-0.9659258262890684,-0.2588190451025206,0.8660254037844387,-0.4999999999999998,23214.0,23605.0,31794.0,20392.166666666668,23643.4375,23248.92261904762,0,6242,28732,0.2172414993213378,3779.0,5899.0,0.2346366492979595,0.0,0.0511912811741776,1,0,0.5504103295749593,0.2665039315648492,1,MODERATE,0.688181818533626,0.5504103295749593,84.18,0.0654491071490364,1.3,1.061420522266768,1.1224821688846127,Moderate
2026-04-08,36,27061,28845,24478,766,6606,3956,22126,0,12,500,992,486,-452,-259,443,demanddata_2026.csv,1397.0,998.0,-116.0,-445.0,1573.0,2026-04-08 17:30:00,2026,4,8,17,30,2,Wednesday,0,0.6070434279011905,0.1643406536038701,98,-0.9659258262890684,-0.2588190451025206,0.8660254037844387,-0.4999999999999998,25140.0,25575.0,32882.0,20947.166666666668,23674.39583333333,23231.59821428572,0,4722,28732,0.1643406536038701,3544.0,6088.0,0.2249648954253196,0.0,0.0581257852339073,1,0,0.595123652977344,0.3080013825282986,1,HIGH,0.7249303995308334,0.595123652977344,89.47,0.2106886811739377,1.3,1.0576010401993716,1.1325643095603777,High
2026-04-08,37,28211,30739,25664,762,6606,2535,22126,0,9,500,992,-560,-452,-410,173,demanddata_2026.csv,1397.0,998.0,-206.0,-391.0,1972.0,2026-04-08 18:00:00,2026,4,8,18,0,2,Wednesday,0,0.6197536329612781,0.1147461107437441,98,-1.0,-1.8369701987210287e-16,0.8660254037844387,-0.4999999999999998,27061.0,27323.0,32280.0,21617.416666666668,23692.89583333333,23219.48809523809,0,3297,28732,0.1147461107437441,2041.0,6079.0,0.2154756841060541,0.0,0.0698993336169006,1,0,0.6278752935359885,0.3328436878942366,1,HIGH,0.7338275430728947,0.6278752935359885,98.41,0.1042892240502554,1.3,1.033172608083216,1.139949281697267,High
2026-04-08,38,29301,31899,26647,758,6606,1344,22126,0,6,500,992,-661,-452,-400,162,demanddata_2026.csv,1397.0,997.0,-164.0,-415.0,2246.0,2026-04-08 18:30:00,2026,4,8,18,30,2,Wednesday,0,0.6236440243635565,0.0731563011171823,98,-1.0,-1.8369701987210287e-16,0.8660254037844387,-0.4999999999999998,28211.0,28342.0,32716.0,22416.75,23712.875,23209.324404761905,0,2102,28732,0.0731563011171823,1956.0,6140.0,0.2095420107842468,0.0,0.0766500580165176,1,0,0.65478665133524,0.3563898729802126,1,HIGH,0.7365508170544894,0.65478665133524,105.76,0.0399382910084386,1.3,1.031791093292881,1.1460173632993922,High
2026-04-08,39,30050,32776,27251,775,6606,407,22126,0,3,500,991,-1000,-451,-354,312,demanddata_2026.csv,1397.0,997.0,897.0,-418.0,1980.0,2026-04-08 19:00:00,2026,4,8,19,0,2,Wednesday,0,0.6602902126910757,0.0411373681829255,98,-0.9659258262890684,0.2588190451025203,0.8660254037844387,-0.4999999999999998,29301.0,29241.0,33294.0,23329.0,23729.729166666668,23199.66964285714,0,1182,28732,0.0411373681829255,2871.0,7317.0,0.2434860736747529,0.0,0.0658879904162923,1,0,0.6815790437290855,0.3725697744750713,1,HIGH,0.762203148883753,0.6815790437290855,105.89,0.0725182756533096,1.3,1.046662693682956,1.152058620101624,High
2026-04-08,40,31162,33789,28434,791,6606,19,22126,0,2,500,992,-886,-451,-351,326,demanddata_2026.csv,1397.0,998.0,1003.0,-437.0,2287.0,2026-04-08 19:30:00,2026,4,8,19,30,2,Wednesday,0,0.6678533773451737,0.0281905822573347,98,-0.9659258262890684,0.2588190451025203,0.8660254037844387,-0.4999999999999998,30050.0,29435.0,32794.0,24362.166666666668,23765.70833333333,23194.8125,0,810,28732,0.0281905822573347,3091.0,7341.0,0.2355678208131437,0.0,0.0733883130635689,1,0,0.6923108307427974,0.3965912036637,1,HIGH,0.7674973641416216,0.6923108307427974,110.81,0.1186050626215748,1.3,1.050238379022646,1.154478466763454,High
2026-04-08,41,31493,33386,28805,868,6606,0,22126,0,5,499,992,105,-452,-423,945,demanddata_2026.csv,1397.0,998.0,1398.0,-513.0,2121.0,2026-04-08 20:00:00,2026,4,8,20,0,2,Wednesday,0,0.4696771391167314,0.0302091671597118,98,-0.8660254037844386,0.5000000000000001,0.8660254037844387,-0.4999999999999998,31162.0,30160.0,32647.0,25440.25,23793.479166666668,23191.37797619048,0,868,28732,0.0302091671597118,4946.0,7722.0,0.2451895599161745,0.0,0.0673461611735568,1,0,0.6951312740886721,0.4037414672081569,0,MODERATE,0.328773997381712,0.6951312740886721,99.79,0.018536222628342,1.3,1.0803879076823055,1.1551144317156723,High
2026-04-08,42,30632,32536,27955,944,6606,0,22126,0,5,499,991,115,-451,-450,977,demanddata_2026.csv,1397.0,998.0,1416.0,-498.0,1844.0,2026-04-08 20:30:00,2026,4,8,20,30,2,Wednesday,0,0.4464241002056424,0.0328542094455852,98,-0.8660254037844386,0.5000000000000001,0.8660254037844387,-0.4999999999999998,31493.0,29569.0,31979.0,26442.916666666668,23815.625,23187.36904761905,0,944,28732,0.0328542094455852,4994.0,7792.0,0.2543662063787418,0.0,0.0601965200927104,1,0,0.690967931900648,0.3851421411907025,0,MODERATE,0.3124968701439496,0.690967931900648,106.44,0.033282034107427,1.3,1.0811680572109654,1.154175664511024,High
2026-04-08,43,29565,31330,27062,989,6606,0,22126,0,9,498,983,490,-391,-467,877,demanddata_2026.csv,1397.0,987.0,1036.0,-398.0,1803.0,2026-04-08 21:00:00,2026,4,8,21,0,2,Wednesday,0,0.4303099200004841,0.034420352904326,98,-0.7071067811865477,0.7071067811865474,0.8660254037844387,-0.4999999999999998,30632.0,28881.0,30958.0,27291.75,23829.875,23183.22321428572,0,989,28732,0.034420352904326,5012.0,7524.0,0.2544814990191436,0.0,0.0609822092944598,0,0,0.6842573074952523,0.3620928022120452,0,MODERATE,0.3012169440003389,0.6842573074952523,79.51,0.0410645672301357,1.0,1.0814606132842128,1.1526625258282075,Moderate
2026-04-08,44,28311,30072,26009,1034,6606,0,22126,0,9,498,983,482,-447,-317,874,demanddata_2026.csv,1397.0,986.0,1002.0,-488.0,1672.0,2026-04-08 21:30:00,2026,4,8,21,30,2,Wednesday,0,0.4239697648429907,0.0359864963630668,98,-0.7071067811865477,0.7071067811865474,0.8660254037844387,-0.4999999999999998,29565.0,27495.0,29619.0,27959.58333333333,23846.875,23179.33035714286,0,1034,28732,0.0359864963630668,4970.0,7474.0,0.2639870019779599,0.0,0.0590562305736083,0,0,0.678256979424344,0.3350038883608399,0,MODERATE,0.2967788353900935,0.678256979424344,80.49,0.0757161338535963,1.0,1.0807779824466357,1.1513095476304742,Moderate
2026-04-08,45,26538,28212,24431,1089,6606,0,22126,0,8,492,979,3,-450,-202,874,demanddata_2026.csv,1397.0,997.0,720.0,-514.0,1716.0,2026-04-08 22:00:00,2026,4,8,22,0,2,Wednesday,0,0.4089861779730101,0.0379006717015278,98,-0.5000000000000004,0.8660254037844384,0.8660254037844387,-0.4999999999999998,28311.0,25861.0,28347.0,28389.83333333333,23860.979166666668,23173.946428571428,0,1089,28732,0.0379006717015278,4296.0,6628.0,0.2497456573344888,0.0,0.0646595576321639,0,0,0.6641519344373576,0.2967035340879633,0,MODERATE,0.2862903245811071,0.6641519344373576,79.35,0.4259499768344057,1.0,1.0698233828150396,1.1481290851424364,Moderate
2026-04-08,46,25018,26440,22975,1144,6606,0,22126,0,8,491,979,0,-356,-53,874,demanddata_2026.csv,1397.0,998.0,700.0,-505.0,1811.0,2026-04-08 22:30:00,2026,4,8,22,30,2,Wednesday,0,0.3838050033402306,0.0398148470399888,98,-0.5000000000000004,0.8660254037844384,0.8660254037844387,-0.4999999999999998,26538.0,24868.0,26951.0,28540.166666666668,23864.104166666668,23168.19345238096,0,1144,28732,0.0398148470399888,4525.0,6353.0,0.2539270154682441,0.0,0.0723849874095687,0,0,0.6549262983849616,0.2638684869955932,0,MODERATE,0.2686635023381614,0.6549262983849616,81.09,0.2003213200652691,1.0,1.0735453461913531,1.1460488514799414,Moderate
2026-04-08,47,23956,25291,22078,1135,6606,0,22126,0,8,499,991,376,-340,0,693,demanddata_2026.csv,1397.0,998.0,751.0,-487.0,2167.0,2026-04-08 23:00:00,2026,4,8,23,0,2,Wednesday,0,0.3787902125585768,0.0395016183482406,98,-0.2588190451025215,0.965925826289068,0.8660254037844387,-0.4999999999999998,25018.0,23253.0,25609.0,28441.5,23878.75,23163.27380952381,0,1135,28732,0.0395016183482406,4878.0,6532.0,0.2726551738531536,0.0,0.0904537295988646,0,0,0.6524550518089868,0.2409271580402661,0,MODERATE,0.2651531487910037,0.6524550518089868,73.95,0.1954358589875539,1.0,1.079282695850038,1.1454916248251643,Moderate
2026-04-08,48,23012,24176,21227,1125,6606,0,22126,0,8,499,992,421,-241,0,687,demanddata_2026.csv,1381.0,998.0,755.0,-415.0,2344.0,2026-04-08 23:30:00,2026,4,8,23,30,2,Wednesday,0,0.3822159163129752,0.0391535864685205,98,-0.2588190451025215,0.965925826289068,0.8660254037844387,-0.4999999999999998,23956.0,22869.0,24202.0,28104.08333333333,23881.729166666668,23159.73214285714,0,1125,28732,0.0391535864685205,5077.0,6389.0,0.2776256898274888,0.0,0.1018554729935254,0,0,0.6479025210152052,0.2205348656355309,0,MODERATE,0.2675511414190826,0.6479025210152052,79.66,0.2012474685178846,1.0,1.0825170657709395,1.1444651018024714,Moderate
2026-04-09,1,22866,24043,21063,1129,6606,0,22126,0,6,500,992,440,-171,0,785,demanddata_2026.csv,1175.0,998.0,735.0,-500.0,2343.0,2026-04-09 00:00:00,2026,4,9,0,0,3,Thursday,0,0.3557723154531759,0.0392927992204085,99,0.0,1.0,0.8660254037844387,-0.4999999999999998,23012.0,22580.0,24063.0,27658.666666666668,23887.6875,23156.16964285714,0,1129,28732,0.0392927992204085,4954.0,6296.0,0.2753312633926619,0.0,0.1024620632352298,0,1,0.6464589460461143,0.2173809729542901,0,MODERATE,0.2490406208172231,0.6464589460461143,57.94,0.1677780390044067,0.82,1.080517932603749,1.1441395986904928,Very Low
2026-04-09,2,22583,23636,20783,1133,6606,0,22126,0,7,500,992,440,-46,0,788,demanddata_2026.csv,1158.0,998.0,736.0,-500.0,2591.0,2026-04-09 00:30:00,2026,4,9,0,30,3,Thursday,0,0.3442366913409179,0.0394320119722966,99,0.0,1.0,0.8660254037844387,-0.4999999999999998,22866.0,22761.0,23736.0,27098.83333333333,23883.979166666668,23152.73809523809,0,1133,28732,0.0394320119722966,5066.0,6158.0,0.2726709174636911,0.0,0.1147272405242649,0,1,0.6440923301080236,0.2112676056338028,0,MODERATE,0.2409656839386425,0.6440923301080236,67.07,0.0604310741132015,0.82,1.0823382815039548,1.1436059645743568,Low
2026-04-09,3,22426,23330,20717,1160,6606,0,22126,0,7,499,992,609,0,0,810,demanddata_2026.csv,1266.0,997.0,863.0,-397.0,2544.0,2026-04-09 01:00:00,2026,4,9,1,0,3,Thursday,0,0.3588859529623074,0.0403716980475411,99,0.2588190451025207,0.9659258262890684,0.8660254037844387,-0.4999999999999998,22583.0,23024.0,23807.0,26463.5,23871.52083333333,23148.62797619048,0,1160,28732,0.0403716980475411,5639.0,6433.0,0.2868417532438578,0.0,0.113434699246444,0,1,0.6453519347874558,0.2078760909012356,0,MODERATE,0.2512201670736151,0.6453519347874558,66.58,0.2509891535026883,0.82,1.0916513165023296,1.1438899853227051,Low
2026-04-09,4,22584,23522,20954,1186,6606,0,22126,0,7,500,992,615,0,0,811,demanddata_2026.csv,1264.0,998.0,865.0,-431.0,2777.0,2026-04-09 01:30:00,2026,4,9,1,30,3,Thursday,0,0.3622590201110216,0.0412765809348136,99,0.2588190451025207,0.9659258262890684,0.8660254037844387,-0.4999999999999998,22426.0,22882.0,24262.0,25748.666666666668,23865.3125,23143.633928571428,0,1186,28732,0.0412765809348136,5614.0,6476.0,0.2867389860526898,0.0,0.122957715297764,0,1,0.6457387858253939,0.2112892076384688,0,MODERATE,0.2535813140777151,0.6457387858253939,64.19,0.0838358165816502,0.82,1.0912449886228193,1.14397721405652,Low
2026-04-09,5,21982,23034,20388,1193,6606,0,22126,0,7,499,991,674,-31,0,708,demanddata_2026.csv,1064.0,998.0,592.0,-514.0,2538.0,2026-04-09 02:00:00,2026,4,9,2,0,3,Thursday,0,0.3676057885056325,0.0415202032506177,99,0.4999999999999999,0.8660254037844387,0.8660254037844387,-0.4999999999999998,22584.0,22908.0,23950.0,24956.08333333333,23846.02083333333,23137.776785714286,0,1193,28732,0.0415202032506177,4981.0,6071.0,0.2761679479597871,0.0,0.1154528499294909,0,1,0.6396902946362167,0.1982848008295169,0,MODERATE,0.2573240519539427,0.6396902946362167,63.33,0.0174227790084681,0.82,1.0809567667136202,1.142613375844437,Low
2026-04-09,6,21343,22456,19763,1200,6606,0,22126,0,7,500,992,674,-92,0,705,demanddata_2026.csv,1010.0,998.0,563.0,-514.0,2589.0,2026-04-09 02:30:00,2026,4,9,2,30,3,Thursday,0,0.3507572772259356,0.0417638255664218,99,0.4999999999999999,0.8660254037844387,0.8660254037844387,-0.4999999999999998,21982.0,22011.0,23602.0,24182.0,23832.104166666668,23131.05357142857,0,1200,28732,0.0417638255664218,4836.0,6048.0,0.2833583208395802,0.0,0.1212987256371814,0,1,0.6369081543227303,0.1844811198479219,0,MODERATE,0.2455300940581549,0.6369081543227303,65.09,0.2160489707965986,0.82,1.0786000650124608,1.1419860476145969,Low
2026-04-09,7,20938,21992,19358,1179,6606,0,22126,0,7,500,992,341,-33,0,625,demanddata_2026.csv,638.0,998.0,184.0,-514.0,2798.0,2026-04-09 03:00:00,2026,4,9,3,0,3,Thursday,0,0.3592384640938825,0.0410329586190095,99,0.7071067811865476,0.7071067811865476,0.8660254037844387,-0.4999999999999998,21343.0,21506.0,23634.0,23463.08333333333,23820.27083333333,23123.029761904763,0,1179,28732,0.0410329586190095,3731.0,4825.0,0.2304312526863747,0.0,0.1336262476718085,0,1,0.6242245015695447,0.1757323079581785,0,MODERATE,0.2514669248657177,0.6242245015695447,61.11,0.3359889280819018,0.82,1.0606403727381082,1.1391260863858292,Very Low
2026-04-09,8,20333,21300,18841,1158,6606,0,22126,0,7,500,992,319,0,0,619,demanddata_2026.csv,585.0,997.0,157.0,-460.0,2899.0,2026-04-09 03:30:00,2026,4,9,3,30,3,Thursday,0,0.3266679201017907,0.0403020916715971,99,0.7071067811865476,0.7071067811865476,0.8660254037844387,-0.4999999999999998,20938.0,21011.0,23119.0,22798.25,23806.14583333333,23114.73809523809,0,1158,28732,0.0403020916715971,3709.0,4629.0,0.2276482738270876,0.0,0.1425690960952099,0,1,0.6202753626259524,0.1626630951352285,0,MODERATE,0.2286675440712534,0.6202753626259524,64.46,0.1396749013739991,0.82,1.0602828042041392,1.1382356185935083,Low
2026-04-09,9,20042,21285,18525,1187,6606,0,22126,0,7,501,992,-263,0,0,167,demanddata_2026.csv,508.0,997.0,120.0,-473.0,3070.0,2026-04-09 04:00:00,2026,4,9,4,0,3,Thursday,0,0.3005561644728863,0.0413113841227856,99,0.8660254037844386,0.5000000000000001,0.8660254037844387,-0.4999999999999998,20333.0,20762.0,22442.0,22256.916666666668,23791.14583333333,23107.59523809524,0,1187,28732,0.0413113841227856,2549.0,4021.0,0.2006186698598014,0.0,0.1531706830314823,0,1,0.6122553251067939,0.1563769117774129,0,MODERATE,0.2103893151310204,0.6122553251067939,57.77,0.4373217359874444,0.82,1.041429190594864,1.1364272281554864,Very Low
2026-04-09,10,19826,21083,18291,1216,6606,0,22126,0,9,501,992,-296,0,0,143,demanddata_2026.csv,527.0,998.0,120.0,-452.0,3011.0,2026-04-09 04:30:00,2026,4,9,4,30,3,Thursday,0,0.301194134419983,0.0423206765739741,99,0.8660254037844386,0.5000000000000001,0.8660254037844387,-0.4999999999999998,20042.0,20782.0,22326.0,21824.25,23771.229166666668,23100.154761904763,0,1216,28732,0.0423206765739741,2533.0,4029.0,0.2032077470116507,0.0,0.151863620315731,0,1,0.6106227007994405,0.1517108787695498,0,MODERATE,0.2108358940939881,0.6106227007994405,56.59,0.1101102166024188,0.82,1.0411691407519774,1.1360590974354932,Very Low
2026-04-09,11,19975,22084,18360,1257,6606,0,22126,0,9,502,992,-860,0,0,-349,demanddata_2026.csv,901.0,998.0,226.0,-391.0,2929.0,2026-04-09 05:00:00,2026,4,9,5,0,3,Thursday,0,0.3373692517232874,0.0437476072808269,99,0.9659258262890684,0.2588190451025207,0.8660254037844387,-0.4999999999999998,19826.0,21100.0,22358.0,21492.5,23747.791666666668,23093.0625,0,1257,28732,0.0437476072808269,2019.0,5219.0,0.2612635162194633,0.0,0.1466259511413696,0,1,0.6221927501576414,0.1549295774647887,0,MODERATE,0.2361584762063011,0.6221927501576414,58.79,0.2798356112821614,0.82,1.032815039549247,1.1386679588749606,Very Low
2026-04-09,12,20748,22965,19142,1298,6606,0,22126,0,14,502,991,-888,0,0,-371,demanddata_2026.csv,976.0,998.0,234.0,-444.0,3102.0,2026-04-09 05:30:00,2026,4,9,5,30,3,Thursday,0,0.3331119835854506,0.0451745379876796,99,0.9659258262890684,0.2588190451025207,0.8660254037844387,-0.4999999999999998,19975.0,22006.0,23177.0,21303.83333333333,23721.58333333333,23085.83333333333,0,1298,28732,0.0451745379876796,1998.0,5404.0,0.2604462865680274,0.0,0.1495011807797966,0,1,0.6261375671569467,0.1716279270716322,0,MODERATE,0.2331783885098154,0.6261375671569467,53.11,0.2961822392780327,0.82,1.0324737241304582,1.139557452137835,Very Low
2026-04-09,13,22225,24314,20499,1321,6606,0,22126,0,14,502,991,-834,0,0,-313,demanddata_2026.csv,1350.0,998.0,248.0,-428.0,3138.0,2026-04-09 06:00:00,2026,4,9,6,0,3,Thursday,0,0.3372352975051895,0.045975011311036,99,1.0,6.123233995736766e-17,0.8660254037844387,-0.4999999999999998,20748.0,23593.0,25467.0,21250.416666666668,23693.08333333333,23076.184523809523,0,1321,28732,0.045975011311036,2514.0,5664.0,0.25483667776478,0.0,0.1411859983802753,0,0,0.6340747826050835,0.203534087963363,0,MODERATE,0.2360647082536326,0.6340747826050835,88.44,0.2396899599064206,1.08,1.0408603315635496,1.1413471675209172,High
2026-04-09,14,23839,25987,21956,1343,6606,170,22126,0,13,502,990,-750,-69,0,-308,demanddata_2026.csv,1397.0,998.0,267.0,-508.0,3027.0,2026-04-09 06:30:00,2026,4,9,6,30,3,Thursday,0,0.3676293400009516,0.0526572234016635,99,1.0,6.123233995736766e-17,0.8660254037844387,-0.4999999999999998,22225.0,24746.0,26888.0,21355.08333333333,23674.1875,23067.11011904762,0,1513,28732,0.0526572234016635,2519.0,5789.0,0.2428271812080537,0.0,0.1269714765100671,0,0,0.6378513967263367,0.2383997234943402,0,MODERATE,0.2573405380006661,0.6378513967263367,84.59,0.1957132202924175,1.08,1.0409415971394518,1.142198733719786,Moderate
2026-04-09,15,25718,26939,23560,1375,6606,814,22126,0,16,500,934,400,-191,0,132,demanddata_2026.csv,1397.0,998.0,903.0,-514.0,2833.0,2026-04-09 07:00:00,2026,4,9,7,0,3,Thursday,0,0.5967252692892286,0.0761841784707479,99,0.9659258262890684,-0.2588190451025206,0.8660254037844387,-0.4999999999999998,23839.0,26937.0,29536.0,21629.416666666668,23648.791666666668,23055.747023809523,0,2189,28732,0.0761841784707479,4559.0,5969.0,0.2320852288191609,0.0,0.1101520276838135,0,0,0.6344180185236876,0.2789898902618163,1,MODERATE,0.71770768850246,0.6344180185236876,86.01,0.2799478430749355,1.08,1.0740979521074872,1.1414245617415435,High
2026-04-09,16,26427,27712,24080,1407,6606,1514,22126,0,13,500,929,456,-258,0,167,demanddata_2026.csv,1397.0,998.0,948.0,-514.0,2244.0,2026-04-09 07:30:00,2026,4,9,7,30,3,Thursday,0,0.5712548465867642,0.1016601120662652,99,0.9659258262890684,-0.2588190451025206,0.8660254037844387,-0.4999999999999998,25718.0,27751.0,30223.0,21949.666666666668,23621.20833333333,23044.449404761905,0,2921,28732,0.1016601120662652,4623.0,6167.0,0.2333509913727864,0.0,0.0849099439987891,0,0,0.6255631293026425,0.2943057115700337,1,MODERATE,0.6998783926107348,0.6255631293026425,82.37,0.0446405203961737,1.08,1.0751381514790337,1.139427925571347,Moderate
2026-04-09,17,27277,28798,24761,1399,6606,2338,22126,0,163,499,929,861,-344,0,930,demanddata_2026.csv,1397.0,998.0,985.0,-514.0,1359.0,2026-04-09 08:00:00,2026,4,9,8,0,3,Thursday,0,0.5809159475049432,0.1300595134514321,99,0.8660254037844387,-0.4999999999999998,0.8660254037844387,-0.4999999999999998,26427.0,27966.0,31457.0,22390.916666666668,23606.854166666668,23032.008928571428,0,3737,28732,0.1300595134514321,5741.0,7457.0,0.27337048170687,0.0,0.0498203680621746,0,0,0.6246469736373507,0.3126674155361617,1,MODERATE,0.7066411632534602,0.6246469736373507,81.65,0.0586201900584371,1.08,1.0933091342507313,1.1392213470932668,Moderate
2026-04-09,18,27129,28429,24513,1390,6606,3344,22126,0,62,499,929,878,-224,0,974,demanddata_2026.csv,1397.0,998.0,989.0,-514.0,1362.0,2026-04-09 08:30:00,2026,4,9,8,30,3,Thursday,0,0.597581644876487,0.1647582918595343,99,0.8660254037844387,-0.4999999999999998,0.8660254037844387,-0.4999999999999998,27277.0,26865.0,30862.0,22873.08333333333,23612.354166666668,23020.89880952381,0,4734,28732,0.1647582918595343,5926.0,7402.0,0.2728345005528935,0.0,0.0502027276078142,0,0,0.6050402906681333,0.3094703188455888,1,MODERATE,0.7183071514135408,0.6050402906681333,79.85,0.423025142361692,1.08,1.096315960559107,1.134800353061984,Moderate
2026-04-09,19,26777,27874,24046,1386,6606,4262,22126,0,11,499,929,998,-74,0,1015,demanddata_2026.csv,1397.0,997.0,992.0,-512.0,1977.0,2026-04-09 09:00:00,2026,4,9,9,0,3,Thursday,0,0.5837385335266564,0.196568405665959,99,0.7071067811865476,-0.7071067811865475,0.8660254037844387,-0.4999999999999998,27129.0,25715.0,30122.0,23359.666666666668,23634.479166666668,23010.94345238096,0,5648,28732,0.196568405665959,6241.0,7413.0,0.2768317275375308,0.0,0.0738292628276943,0,0,0.5858396978539196,0.3018664132031453,1,MODERATE,0.7086169734686594,0.5858396978539196,83.23,0.1815633301271556,1.08,1.1014356918409365,1.1304709258783034,Moderate
2026-04-09,20,26458,27399,23737,1381,6606,4796,22126,0,11,499,929,1002,0,0,1017,demanddata_2026.csv,1397.0,998.0,992.0,-430.0,2757.0,2026-04-09 09:30:00,2026,4,9,9,30,3,Thursday,0,0.5647727435756914,0.2149792921031566,99,0.7071067811865476,-0.7071067811865475,0.8660254037844387,-0.4999999999999998,26777.0,24562.0,29324.0,23870.08333333333,23673.979166666668,23002.41369047619,0,6177,28732,0.2149792921031566,6404.0,7264.0,0.2745379643977474,0.0,0.1041989493178124,0,0,0.572493484521132,0.2949753737146807,1,MODERATE,0.6953409205029839,0.572493484521132,79.73,0.007606124399821,1.08,1.1040849496153429,1.1274615678151818,Moderate
2026-04-09,21,26177,27163,23498,1492,6606,5628,22126,0,11,499,929,1003,-31,0,1017,demanddata_2026.csv,1397.0,998.0,992.0,-444.0,2875.0,2026-04-09 10:00:00,2026,4,9,10,0,3,Thursday,0,0.3539043522354904,0.2477986983607698,99,0.4999999999999999,-0.8660254037844387,0.8660254037844387,-0.4999999999999998,26458.0,23062.0,28276.0,24381.33333333333,23738.875,22996.166666666668,0,7120,28732,0.2477986983607698,6360.0,7310.0,0.2792421116968446,0.0,0.1098250439300175,0,0,0.5527435345866517,0.2889052104035254,0,MODERATE,0.2477330465648433,0.5527435345866517,67.14,0.2520304946143747,0.95,1.103369812547405,1.123008269370179,Low
2026-04-09,22,25813,26779,23148,1602,6606,5983,22126,0,10,499,929,1003,-144,0,1016,demanddata_2026.csv,1397.0,997.0,992.0,-312.0,2243.0,2026-04-09 10:30:00,2026,4,9,10,30,3,Thursday,0,0.3309174777851688,0.2639821807677583,99,0.4999999999999999,-0.8660254037844387,0.8660254037844387,-0.4999999999999998,26177.0,21778.0,27399.0,24880.25,23822.9375,22991.446428571428,0,7585,28732,0.2639821807677583,6377.0,7289.0,0.2823661578988146,0.0,0.0868908344309289,0,0,0.5405961554700306,0.2810420807050894,0,MODERATE,0.2316422344496181,0.5405961554700306,63.5,0.0079160335132935,0.95,1.103646115505472,1.1202692292860084,Low
2026-04-09,23,25562,26455,22982,1711,6606,5993,22126,0,10,499,930,1003,-163,0,1016,demanddata_2026.csv,1397.0,998.0,992.0,-220.0,2240.0,2026-04-09 11:00:00,2026,4,9,11,0,3,Thursday,0,0.3109884651940283,0.2681237601364285,99,0.258819045102521,-0.9659258262890682,0.8660254037844387,-0.4999999999999998,25813.0,20999.0,26580.0,25345.83333333333,23918.0,22988.416666666668,0,7704,28732,0.2681237601364285,6452.0,7218.0,0.2823612252083088,0.0,0.0876266478895278,0,0,0.5355508338305032,0.2756199775339151,0,MODERATE,0.2176919256358198,0.5355508338305032,65.75,0.2054868077115895,0.95,1.1048650991440023,1.1191315897939396,Low
2026-04-09,24,25560,26232,23044,1819,6606,6069,22126,0,10,499,930,1004,-82,0,1016,demanddata_2026.csv,1397.0,998.0,990.0,-80.0,2856.0,2026-04-09 11:30:00,2026,4,9,11,30,3,Thursday,0,0.354332086818852,0.2745275467232798,99,0.258819045102521,-0.9659258262890682,0.8660254037844387,-0.4999999999999998,25562.0,20401.0,25943.0,25746.83333333333,24025.479166666668,22987.276785714286,0,7888,28732,0.2745275467232798,6672.0,6996.0,0.2736982121200266,0.0,0.1117327178122921,0,0,0.5301970546868437,0.2755767735245831,0,MODERATE,0.2480324607731964,0.5301970546868437,74.52,0.1223965064139663,0.95,1.1084407844836928,1.1179243980585458,Moderate
2026-04-09,25,25643,26153,23175,2074,6606,5744,22126,0,10,499,930,1003,23,0,1016,demanddata_2026.csv,1397.0,998.0,989.0,38.0,2886.0,2026-04-09 12:00:00,2026,4,9,12,0,3,Thursday,0,0.350518985468122,0.2720913235652386,99,1.2246467991473532e-16,-1.0,0.8660254037844387,-0.4999999999999998,25560.0,20168.0,25285.0,26031.666666666668,24139.541666666668,22988.342261904763,0,7818,28732,0.2720913235652386,6893.0,6893.0,0.2687958196849165,0.0,0.1125409452503509,0,0,0.5315021694724511,0.2773697399118638,0,MODERATE,0.2453632898276853,0.5315021694724511,72.32,0.1884546655486005,0.95,1.1120327229385631,1.1182186806093664,Low
2026-04-09,26,25416,25926,23052,2328,6606,5735,22126,0,10,499,930,1003,27,63,1016,demanddata_2026.csv,1393.0,998.0,989.0,98.0,2811.0,2026-04-09 12:30:00,2026,4,9,12,30,3,Thursday,0,0.3308656717181972,0.280618104618383,99,1.2246467991473532e-16,-1.0,0.8660254037844387,-0.4999999999999998,25643.0,19709.0,24180.0,26163.08333333333,24258.4375,22992.02083333333,0,8063,28732,0.280618104618383,7016.0,7016.0,0.2760357241216508,0.0,0.1105952708816933,0,0,0.5256167925820117,0.2724660848526743,0,MODERATE,0.231605970202738,0.5256167925820117,72.4,0.0126146295453037,0.95,1.1140318561057536,1.1168916220678815,Low
2026-04-09,27,25235,25745,23117,2633,6606,5798,22126,0,10,499,930,1003,13,104,1016,demanddata_2026.csv,1346.0,998.0,989.0,100.0,2724.0,2026-04-09 13:00:00,2026,4,9,13,0,3,Thursday,0,0.3276408968982678,0.2934256777920858,99,-0.2588190451025208,-0.9659258262890684,0.8660254037844387,-0.4999999999999998,25416.0,19103.0,23317.0,26122.83333333333,24386.1875,22997.729166666668,0,8431,28732,0.2934256777920858,6998.0,6998.0,0.2773022666032652,0.0,0.1079410366143604,0,0,0.5165224574051012,0.2685561220081223,0,MODERATE,0.2293486278287874,0.5165224574051012,66.28,0.0146762919799884,0.95,1.1137393000325062,1.114840994656874,Low
2026-04-09,28,24933,25445,23075,2938,6606,5454,22126,0,12,499,930,1003,0,104,1016,demanddata_2026.csv,1311.0,997.0,989.0,100.0,3123.0,2026-04-09 13:30:00,2026,4,9,13,30,3,Thursday,0,0.3060405944257323,0.292068353461177,99,-0.2588190451025208,-0.9659258262890684,0.8660254037844387,-0.4999999999999998,25235.0,18764.0,22559.0,25998.33333333333,24514.70833333333,23004.79464285714,0,8392,28732,0.292068353461177,6949.0,6949.0,0.2786957567979465,0.0,0.1252506617470121,0,0,0.5140268992962593,0.2620323165989804,0,MODERATE,0.2142284160980125,0.5140268992962593,67.69,0.1620351310975123,0.95,1.112942897388666,1.1142782861395164,Low
2026-04-09,29,25048,25785,23354,3267,6606,5158,22126,0,237,499,930,1003,0,104,885,demanddata_2026.csv,938.0,997.0,989.0,100.0,2973.0,2026-04-09 14:00:00,2026,4,9,14,0,3,Thursday,0,0.3201478946030849,0.2932168586642536,99,-0.4999999999999997,-0.8660254037844388,0.8660254037844387,-0.4999999999999998,24933.0,18556.0,22063.0,25812.58333333333,24649.95833333333,23013.67857142857,0,8425,28732,0.2932168586642536,6445.0,6445.0,0.2572957004271627,0.0,0.1186873727494111,0,0,0.5104445683103868,0.2645165471355741,0,MODERATE,0.2241035262221594,0.5104445683103868,71.59,0.1140760399425871,0.95,1.1047513273377398,1.113470527686366,Low
2026-04-09,30,25047,26309,23352,3595,6606,4934,22126,0,762,499,930,996,19,103,863,demanddata_2026.csv,862.0,998.0,989.0,100.0,2736.0,2026-04-09 14:30:00,2026,4,9,14,30,3,Thursday,0,0.2971707571551421,0.2968363902133435,99,-0.4999999999999997,-0.8660254037844388,0.8660254037844387,-0.4999999999999998,25048.0,18600.0,21432.0,25639.08333333333,24784.27083333333,23024.4375,0,8529,28732,0.2968363902133435,6359.0,6359.0,0.2538725646758224,0.0,0.1092302778664963,0,0,0.5076721366966759,0.2644949451309081,0,LOW,0.2080195300085994,0.5076721366966759,68.4,0.0971126229390083,0.95,1.1033535594322246,1.1128453886133471,Low
2026-04-09,31,24793,25701,23222,3770,6606,4160,22126,0,405,500,930,401,-3,103,72,demanddata_2026.csv,490.0,998.0,989.0,100.0,2759.0,2026-04-09 15:00:00,2026,4,9,15,0,3,Thursday,0,0.3574307387717113,0.2759892806181046,99,-0.7071067811865471,-0.7071067811865479,0.8660254037844387,-0.4999999999999998,25047.0,19379.0,21466.0,25473.75,24897.0625,23034.339285714286,0,7930,28732,0.2759892806181046,4580.0,4586.0,0.1849641042187626,0.0,0.111276921835928,0,0,0.5029364092244093,0.2590080359457357,0,MODERATE,0.2502015171401979,0.5029364092244093,68.25,0.1550940915140918,0.95,1.074439267526276,1.1117775576639946,Low
2026-04-09,32,25071,25924,23526,3945,6606,3791,22126,0,352,500,930,369,-1,103,19,demanddata_2026.csv,413.0,998.0,1000.0,100.0,3036.0,2026-04-09 15:30:00,2026,4,9,15,30,3,Thursday,0,0.3450787960160733,0.2692374621515331,99,-0.7071067811865471,-0.7071067811865479,0.8660254037844387,-0.4999999999999998,24793.0,20297.0,22086.0,25358.166666666668,24996.52083333333,23043.22321428572,0,7736,28732,0.2692374621515331,4431.0,4433.0,0.1768107849393746,0.0,0.1210912571793235,0,0,0.5083590444034515,0.2650133932428929,0,MODERATE,0.2415551572112513,0.5083590444034515,67.42,0.337193503073664,0.95,1.0720175533643947,1.1130002753362296,Low
2026-04-09,33,25049,26211,23557,4065,6606,3642,22126,0,140,502,930,504,65,104,-522,demanddata_2026.csv,38.0,998.0,1396.0,100.0,3352.0,2026-04-09 16:00:00,2026,4,9,16,0,3,Thursday,0,0.3278097989123307,0.2682281697003446,99,-0.8660254037844385,-0.5000000000000004,0.8660254037844387,-0.4999999999999998,25071.0,21375.0,22982.0,25264.166666666668,25073.0625,23049.375,0,7707,28732,0.2682281697003446,4115.0,5159.0,0.2059481037924151,0.0,0.133812375249501,1,0,0.514518176183169,0.2645381491402402,0,MODERATE,0.2294668592386314,0.514518176183169,88.56,0.1524628570933021,1.3,1.0668815689673854,1.114389061235342,High
2026-04-09,34,25344,26414,23835,4185,6606,3385,22126,0,6,502,932,483,16,104,-548,demanddata_2026.csv,-16.0,998.0,1423.0,100.0,3543.0,2026-04-09 16:30:00,2026,4,9,16,30,3,Thursday,0,0.3517860897089998,0.263460132948178,99,-0.8660254037844385,-0.5000000000000004,0.8660254037844387,-0.4999999999999998,25049.0,23214.0,24821.0,25225.08333333333,25117.4375,23050.93154761905,0,7570,28732,0.263460132948178,3994.0,5122.0,0.2020911422371276,0.0,0.1397908857762872,1,0,0.5197375623462682,0.2709107405167199,0,MODERATE,0.2462502627962998,0.5197375623462682,89.84,0.0229922671081407,1.3,1.064914942030556,1.1155659494989123,High
2026-04-09,35,25900,27009,24360,4195,6606,2866,22126,0,6,501,988,-179,0,39,-318,demanddata_2026.csv,-106.0,997.0,1423.0,100.0,3421.0,2026-04-09 17:00:00,2026,4,9,17,0,3,Thursday,0,0.5272256958141021,0.2457453102704207,99,-0.9659258262890684,-0.2588190451025206,0.8660254037844387,-0.4999999999999998,25344.0,25140.0,26796.0,25253.25,25133.27083333333,23048.26488095238,0,7061,28732,0.2457453102704207,3445.0,4651.0,0.1795683564341145,0.0,0.1320798424771244,1,0,0.5310871729112643,0.2829214551110343,1,MODERATE,0.6690579870698714,0.5310871729112643,95.59,0.0091485742325285,1.3,1.055991981796511,1.1181251055093409,High
2026-04-09,36,26436,27571,24883,4204,6606,2764,22126,0,6,501,992,-230,29,0,-312,demanddata_2026.csv,-87.0,997.0,1422.0,100.0,3496.0,2026-04-09 17:30:00,2026,4,9,17,30,3,Thursday,0,0.5512226952053862,0.242508613789023,99,-0.9659258262890684,-0.2588190451025206,0.8660254037844387,-0.4999999999999998,25900.0,27061.0,28566.0,25326.25,25120.25,23041.92559523809,0,6968,28732,0.242508613789023,3412.0,4670.0,0.1766463668343609,0.0,0.1322389075916329,1,0,0.5377462515141382,0.294500129612028,1,MODERATE,0.6858558866437703,0.5377462515141382,96.28,0.1889339021378567,1.3,1.0554556289955574,1.1196266214365056,High
2026-04-09,37,26968,28984,25293,4155,6606,2457,22126,0,6,502,992,-778,2,0,-732,demanddata_2026.csv,289.0,997.0,1382.0,57.0,3257.0,2026-04-09 18:00:00,2026,4,9,18,0,3,Thursday,0,0.583144358475744,0.2301186788709845,99,-1.0,-1.8369701987210287e-16,0.8660254037844387,-0.4999999999999998,26436.0,28211.0,29479.0,25436.666666666668,25094.354166666668,23034.45238095238,0,6612,28732,0.2301186788709845,2711.0,5731.0,0.2125032444658682,0.0,0.1207682895175942,1,0,0.5568181253365406,0.3059923960943576,1,MODERATE,0.7082010509330208,0.5568181253365406,97.13,0.1598936003972673,1.3,1.0440621952540905,1.123927024542253,High
2026-04-09,38,27501,29670,25766,4105,6606,1438,22126,0,6,502,992,-779,-69,-68,-747,demanddata_2026.csv,353.0,997.0,1378.0,71.0,3034.0,2026-04-09 18:30:00,2026,4,9,18,30,3,Thursday,0,0.5592909207348379,0.1929140709288971,99,-1.0,-1.8369701987210287e-16,0.8660254037844387,-0.4999999999999998,26968.0,29301.0,30420.0,25610.416666666668,25056.854166666668,23025.76488095238,0,5543,28732,0.1929140709288971,2630.0,5956.0,0.2165660679223329,0.0,0.1103192495091266,1,0,0.582147158191343,0.3175062645813531,1,MODERATE,0.6915036445143865,0.582147158191343,91.85,0.297580443587404,1.3,1.0427456929244772,1.1296383171277995,High
2026-04-09,39,28672,30466,26974,3964,6606,528,22126,0,5,500,992,-461,-221,-220,-326,demanddata_2026.csv,571.0,997.0,1416.0,-61.0,3027.0,2026-04-09 19:00:00,2026,4,9,19,0,3,Thursday,0,0.5934806675022077,0.1563359203703059,99,-0.9659258262890684,0.2588190451025203,0.8660254037844387,-0.4999999999999998,27501.0,30050.0,31411.0,25896.83333333333,25028.14583333333,23017.61309523809,0,4492,28732,0.1563359203703059,3187.0,5765.0,0.2010602308792243,0.0,0.1055696997175042,1,0,0.6074335132808901,0.3428022120452778,1,MODERATE,0.7154364672515454,0.6074335132808901,102.22,0.1947222755693927,1.3,1.0517986780799653,1.1353399865585392,High
2026-04-09,40,28954,31123,27283,3823,6606,50,22126,0,5,500,992,-430,-372,-355,-299,demanddata_2026.csv,588.0,997.0,1419.0,-208.0,3033.0,2026-04-09 19:30:00,2026,4,9,19,30,3,Thursday,0,0.6066213148386098,0.1347927470156266,99,-0.9659258262890684,0.2588190451025203,0.8660254037844387,-0.4999999999999998,28672.0,31162.0,32223.0,26231.916666666668,24982.14583333333,23007.883928571428,0,3873,28732,0.1347927470156266,2832.0,6160.0,0.2127439129683992,0.0,0.1047487480573303,1,0,0.6226537092551316,0.3488939773610991,1,HIGH,0.7246349203870268,0.6226537092551316,93.91,0.2606686041321215,1.3,1.04602882219092,1.1387718977932302,High
2026-04-09,41,29596,31258,27955,3748,6606,0,22126,0,5,499,992,727,-422,-378,321,demanddata_2026.csv,453.0,997.0,1423.0,-357.0,3199.0,2026-04-09 20:00:00,2026,4,9,20,0,3,Thursday,0,0.4517634817859095,0.1304423485191243,99,-0.8660254037844386,0.5000000000000001,0.8660254037844387,-0.4999999999999998,28954.0,31493.0,31978.0,26610.916666666668,24942.625,23000.79464285714,0,3748,28732,0.1304423485191243,4255.0,6569.0,0.2219481704226779,0.0,0.1080852789134033,1,0,0.6313160773015646,0.3627624643566923,0,MODERATE,0.3162344372501366,0.6313160773015646,97.14,0.0753138488610461,1.3,1.0691570050926429,1.1407251235117355,High
2026-04-09,42,29174,30999,27428,3672,6606,0,22126,0,5,500,992,891,-451,-378,354,demanddata_2026.csv,417.0,996.0,1425.0,-491.0,3230.0,2026-04-09 20:30:00,2026,4,9,20,30,3,Thursday,0,0.40181470249597,0.1277973062332509,99,-0.8660254037844386,0.5000000000000001,0.8660254037844387,-0.4999999999999998,29596.0,30632.0,31367.0,26954.83333333333,24912.25,22994.26785714286,0,3672,28732,0.1277973062332509,4255.0,6895.0,0.2363324764353042,0.0,0.1107112253641816,1,0,0.6324372983688313,0.3536464183876264,0,MODERATE,0.281270291747179,0.6324372983688313,91.84,0.1191890235977412,1.3,1.0691570050926429,1.1409779409645355,High
2026-04-09,43,28211,30069,26594,3666,6606,0,22126,0,13,499,992,237,-451,-379,767,demanddata_2026.csv,186.0,997.0,1426.0,-515.0,3275.0,2026-04-09 21:00:00,2026,4,9,21,0,3,Thursday,0,0.3785456463067616,0.1275884871054188,99,-0.7071067811865477,0.7071067811865474,0.8660254037844387,-0.4999999999999998,29174.0,29565.0,30022.0,27239.666666666668,24884.041666666668,22988.87797619048,0,3666,28732,0.1275884871054188,3759.0,6449.0,0.2285906706366085,0.0,0.1160853537501772,0,0,0.6239585205315933,0.3328436878942366,0,MODERATE,0.2649819524147331,0.6239585205315933,73.76,0.1277694769748715,1.0,1.0610954599631597,1.139066111907583,Moderate
2026-04-09,44,27073,28950,25544,3659,6606,0,22126,0,16,499,992,198,-452,-378,770,demanddata_2026.csv,127.0,997.0,1427.0,-531.0,3287.0,2026-04-09 21:30:00,2026,4,9,21,30,3,Thursday,0,0.3829867098699241,0.1273448647896147,99,-0.7071067811865477,0.7071067811865474,0.8660254037844387,-0.4999999999999998,28211.0,28311.0,28492.0,27406.5,24858.25,22984.654761904763,0,3659,28732,0.1273448647896147,3649.0,6371.0,0.235318017285957,0.0,0.1214079929083253,0,0,0.6169252450145938,0.308260606584291,0,MODERATE,0.2680906969089469,0.6169252450145938,77.66,0.0884710530647453,1.0,1.0593076172933145,1.1374802205495271,Moderate
2026-04-09,45,25662,28282,24291,3606,6606,0,22126,0,78,500,992,-514,-385,-379,41,demanddata_2026.csv,-250.0,997.0,1426.0,-514.0,3581.0,2026-04-09 22:00:00,2026,4,9,22,0,3,Thursday,0,0.389460004513357,0.1255002958270977,99,-0.5000000000000004,0.8660254037844384,0.8660254037844387,-0.4999999999999998,27073.0,26538.0,26664.0,27457.58333333333,24840.0,22981.67261904762,0,3606,28732,0.1255002958270977,1914.0,5998.0,0.2337217005026692,0.0,0.1395394147215836,0,0,0.6067603266687602,0.2777801780005184,0,MODERATE,0.2726220031593499,0.6067603266687602,70.49,0.063770092339395,1.0,1.031108462455304,1.1351881937234718,Low
2026-04-09,46,24478,28008,23211,3553,6606,0,22126,0,813,500,992,-598,-331,-447,0,demanddata_2026.csv,-327.0,997.0,1416.0,-514.0,3791.0,2026-04-09 22:30:00,2026,4,9,22,30,3,Thursday,0,0.3768439908469337,0.1236557268645807,99,-0.5000000000000004,0.8660254037844384,0.8660254037844387,-0.4999999999999998,25662.0,25018.0,25721.0,27385.416666666668,24828.75,22977.97321428572,0,3553,28732,0.1236557268645807,1688.0,6122.0,0.2500919155194248,0.0,0.1548674373953184,0,0,0.6017081915092108,0.2522034044759353,0,MODERATE,0.2637907935928535,0.6017081915092108,71.2,0.381330493328562,1.0,1.0274352584245314,1.1340490178914011,Low
2026-04-09,47,22972,27444,21895,3521,6606,0,22126,0,989,500,992,-834,-331,-530,-66,demanddata_2026.csv,-708.0,997.0,1014.0,-514.0,4139.0,2026-04-09 23:00:00,2026,4,9,23,0,3,Thursday,0,0.3594567452961673,0.1225420248494762,99,-0.2588190451025215,0.965925826289068,0.8660254037844387,-0.4999999999999998,24478.0,23956.0,23844.0,27141.416666666668,24808.25,22975.37797619048,0,3521,28732,0.1225420248494762,520.0,6486.0,0.2823314325512558,0.0,0.1801680233317372,0,0,0.5964498771728963,0.2196707854488896,0,MODERATE,0.2516197217073171,0.5964498771728963,70.77,0.0387377499542805,1.0,1.008451619893813,1.1328633519461744,Low
2026-04-09,48,22110,26672,21021,3489,6606,0,22126,0,988,501,992,-844,-331,-531,-68,demanddata_2026.csv,-787.0,997.0,987.0,-513.0,3672.0,2026-04-09 23:30:00,2026,4,9,23,30,3,Thursday,0,0.3158849943243417,0.1214283228343716,99,-0.2588190451025215,0.965925826289068,0.8660254037844387,-0.4999999999999998,22972.0,23012.0,22947.0,26780.916666666668,24789.45833333333,22972.886904761905,0,3489,28732,0.1214283228343716,403.0,6551.0,0.296277870743069,0.0,0.1660711862873682,0,0,0.5925992919831116,0.2010498574267692,0,MODERATE,0.2211194960270391,0.5925992919831116,73.21,0.4326839907795335,1.0,1.006550005417705,1.13199510645214,Low
2026-04-10,1,22135,27015,20745,3479,6606,0,22126,0,853,500,992,-974,-331,-531,46,demanddata_2026.csv,-1177.0,997.0,1019.0,-514.0,3517.0,2026-04-10 00:00:00,2026,4,10,0,0,4,Friday,0,0.3283072969152981,0.1210802909546514,100,0.0,1.0,0.8660254037844387,-0.4999999999999998,22110.0,22866.0,22391.0,26378.166666666668,24774.229166666668,22972.125,0,3479,28732,0.1210802909546514,27.0,7081.0,0.3198861582941814,0.0,0.1588814600650524,0,1,0.5977628433192861,0.20158990754342,0,MODERATE,0.2298151078407087,0.5977628433192861,57.01,0.0888490087666774,0.82,1.0004388341098711,1.1331594048535214,Very Low
2026-04-10,2,21997,27050,20661,3468,6606,0,22126,0,974,500,992,-979,-331,-531,51,demanddata_2026.csv,-1224.0,997.0,1028.0,-514.0,3948.0,2026-04-10 00:30:00,2026,4,10,0,30,4,Friday,0,0.320759627305213,0.1206974558869592,100,0.0,1.0,0.8660254037844387,-0.4999999999999998,22135.0,22583.0,22101.0,25919.5,24762.02083333333,22971.81547619048,0,3468,28732,0.1206974558869592,-11.0,7147.0,0.3248931721065551,0.0,0.1794708609873624,0,1,0.5978207430046467,0.1986088308995074,0,MODERATE,0.2245317391136491,0.5978207430046467,55.86,0.3386630730846265,0.82,1.0001787842669845,1.133172460308327,Very Low
2026-04-10,3,22097,27127,20703,3421,6606,0,22126,0,983,500,992,-976,-331,-531,265,demanddata_2026.csv,-1195.0,997.0,1219.0,-514.0,3728.0,2026-04-10 01:00:00,2026,4,10,1,0,4,Friday,0,0.3350534254461063,0.1190617060522743,100,0.2588190451025207,0.9659258262890684,0.8660254037844387,-0.4999999999999998,21997.0,22426.0,22023.0,25371.58333333333,24755.166666666668,22972.03571428572,0,3421,28732,0.1190617060522743,426.0,7520.0,0.3403022897999819,0.0,0.1687030500497782,0,1,0.6028303678337594,0.2007690313661107,0,MODERATE,0.2345373978122744,0.6028303678337594,55.59,0.1033061138338882,0.82,1.0069238270668546,1.1343020507394697,Very Low
2026-04-10,4,21825,26927,20515,3374,6606,0,22126,0,1072,499,992,-976,-331,-531,273,demanddata_2026.csv,-1179.0,997.0,1234.0,-513.0,3458.0,2026-04-10 01:30:00,2026,4,10,1,30,4,Friday,0,0.314403249792883,0.1174259562175895,100,0.2588190451025207,0.9659258262890684,0.8660254037844387,-0.4999999999999998,22097.0,22584.0,21881.0,24777.5,24739.354166666668,22971.86904761905,0,3374,28732,0.1174259562175895,465.0,7525.0,0.344772289929442,0.0,0.1584348941629249,0,1,0.6024556221585465,0.1948932860969498,0,MODERATE,0.220082274855018,0.6024556221585465,55.31,0.4059205711057588,0.82,1.0075576985588903,1.134217551571713,Very Low
2026-04-10,5,21760,26879,20558,3227,6606,0,22126,0,1245,500,992,-977,-331,-531,323,demanddata_2026.csv,-1021.0,996.0,1184.0,-514.0,3475.0,2026-04-10 02:00:00,2026,4,10,2,0,4,Friday,0,0.3259973262365258,0.1123098875857028,100,0.4999999999999999,0.8660254037844387,0.8660254037844387,-0.4999999999999998,21825.0,21982.0,21531.0,24124.5,24734.729166666668,22972.55059523809,0,3227,28732,0.1123098875857028,621.0,7369.0,0.3386333348651257,0.0,0.1596893525113735,0,1,0.6040445874872107,0.1934891557936576,0,MODERATE,0.228198128365568,0.6040445874872107,52.74,0.3979172193292664,0.82,1.0100931845270344,1.134575837888933,Very Low
2026-04-10,6,21068,26205,19849,3079,6606,0,22126,0,1272,499,992,-976,-331,-531,325,demanddata_2026.csv,-992.0,996.0,1171.0,-535.0,3352.0,2026-04-10 02:30:00,2026,4,10,2,30,4,Friday,0,0.3229875637643325,0.1071590157658441,100,0.4999999999999999,0.8660254037844387,0.8660254037844387,-0.4999999999999998,21760.0,21343.0,20750.0,23449.0,24729.0,22973.497023809523,0,3079,28732,0.1071590157658441,618.0,7348.0,0.3487588400018985,0.0,0.1590963026247092,0,1,0.6036337305988807,0.1785405685647628,0,MODERATE,0.2260912946350327,0.6036337305988807,53.73,0.0079251283712925,0.82,1.010044425181493,1.134483196219056,Very Low
2026-04-10,7,20711,25693,19499,2893,6606,0,22126,0,1278,500,992,-946,-331,-531,295,demanddata_2026.csv,-882.0,997.0,925.0,-514.0,3188.0,2026-04-10 03:00:00,2026,4,10,3,0,4,Friday,0,0.32664930400505,0.1006856228030487,100,0.7071067811865476,0.7071067811865476,0.8660254037844387,-0.4999999999999998,21068.0,20938.0,20219.0,22824.0,24724.27083333333,22974.96130952381,0,2893,28732,0.1006856228030487,505.0,6913.0,0.3337678640401699,0.0,0.1539204325994592,0,1,0.6020539276901373,0.170828652898989,0,MODERATE,0.228654512803535,0.6020539276901373,57.82,0.3078684890850374,0.82,1.008207823166107,1.1341269758812698,Very Low
2026-04-10,8,20437,25404,19205,2706,6606,0,22126,0,1264,499,989,-945,-375,-531,294,demanddata_2026.csv,-838.0,996.0,899.0,-514.0,2997.0,2026-04-10 03:30:00,2026,4,10,3,30,4,Friday,0,0.3172818872123043,0.0941774266522813,100,0.7071067811865476,0.7071067811865476,0.8660254037844387,-0.4999999999999998,20711.0,20333.0,19644.0,22271.0,24726.4375,22977.321428571428,0,2706,28732,0.0941774266522813,474.0,6880.0,0.3366278500831784,0.0,0.1466386143458264,0,1,0.604873493353286,0.1649097036204959,0,MODERATE,0.222097321048613,0.604873493353286,52.24,0.0858261643939465,0.82,1.0077039765955145,1.134762742930044,Very Low
2026-04-10,9,20412,24826,19161,2471,6606,0,22126,0,1262,453,878,-703,-452,-531,258,demanddata_2026.csv,-453.0,952.0,621.0,-513.0,2831.0,2026-04-10 04:00:00,2026,4,10,4,0,4,Friday,0,0.3141135985699482,0.085998677478857,100,0.8660254037844386,0.5000000000000001,0.8660254037844387,-0.4999999999999998,20437.0,20042.0,19561.0,21833.5,24734.14583333333,22979.854166666668,0,2471,28732,0.085998677478857,510.0,5814.0,0.2848184980159702,0.0,0.1386861313868613,0,1,0.600059770544006,0.1643696535038451,0,MODERATE,0.2198795189989637,0.600059770544006,56.74,0.379115072363454,0.82,1.0082890887420088,1.133677325277222,Very Low
2026-04-10,10,20451,24772,19137,2236,6606,0,22126,0,1255,451,874,-694,-452,-531,256,demanddata_2026.csv,-375.0,950.0,583.0,-514.0,2737.0,2026-04-10 04:30:00,2026,4,10,4,30,4,Friday,0,0.3050208033479888,0.0778199283054327,100,0.8660254037844386,0.5000000000000001,0.8660254037844387,-0.4999999999999998,20412.0,19826.0,19072.0,21497.916666666668,24747.166666666668,22983.95833333333,0,2236,28732,0.0778199283054327,548.0,5680.0,0.2777234500293369,0.0,0.1338255427342069,0,1,0.6046993189466983,0.1652121316858204,0,MODERATE,0.2135145623435921,0.6046993189466983,59.77,0.1513151867670202,0.82,1.0089067071188644,1.134723469381676,Very Low
2026-04-10,11,20841,24789,19361,2015,6606,0,22126,0,910,496,985,-971,-452,-530,440,demanddata_2026.csv,2.0,994.0,-70.0,-515.0,2398.0,2026-04-10 05:00:00,2026,4,10,5,0,4,Friday,0,0.3251329440031631,0.0701284237636167,100,0.9659258262890684,0.2588190451025207,0.8660254037844387,-0.4999999999999998,20451.0,19975.0,18940.0,21320.33333333333,24765.20833333333,22989.61607142857,0,2015,28732,0.0701284237636167,379.0,5455.0,0.2617311198541406,0.0,0.1150561366471547,0,1,0.6098053722173574,0.1736369135055733,0,MODERATE,0.2275930608022141,0.6098053722173574,60.93,0.1076355000162993,0.82,1.0061599306533753,1.135874802887116,Very Low
2026-04-10,12,21706,25226,20053,1793,6606,0,22126,0,444,500,992,-978,-452,-530,422,demanddata_2026.csv,79.0,997.0,-102.0,-514.0,2335.0,2026-04-10 05:30:00,2026,4,10,5,30,4,Friday,0,0.365466196182111,0.0624021160338287,100,0.9659258262890684,0.2588190451025207,0.8660254037844387,-0.4999999999999998,20841.0,20748.0,18780.0,21286.666666666668,24785.166666666668,22998.324404761905,0,1793,28732,0.0624021160338287,414.0,5566.0,0.2564149813424241,0.0,0.1075689869627309,0,1,0.6201731538054451,0.1923226475416918,0,MODERATE,0.2558263373274776,0.6201731538054451,58.34,0.1295850741819742,0.82,1.0067287896846897,1.138212572136027,Very Low
2026-04-10,13,23626,26739,21738,1606,6606,0,22126,0,170,502,992,-500,-452,-507,-470,demanddata_2026.csv,451.0,998.0,383.0,-514.0,2270.0,2026-04-10 06:00:00,2026,4,10,6,0,4,Friday,0,0.3577815355460352,0.0558939198830612,100,1.0,6.123233995736766e-17,0.8660254037844387,-0.4999999999999998,21706.0,22225.0,19949.0,21410.916666666668,24814.354166666668,23009.26785714286,0,1606,28732,0.0558939198830612,883.0,5769.0,0.2441698057307318,0.0,0.0960765226224235,0,0,0.6347844719013003,0.2337984965004752,0,MODERATE,0.2504470748822246,0.6347844719013003,86.21,0.0520330138226373,1.08,1.0143515007043016,1.1415071911285597,High
2026-04-10,14,25360,28209,23198,1418,6606,108,22126,0,35,501,990,-455,-452,-392,-501,demanddata_2026.csv,527.0,998.0,438.0,-514.0,2088.0,2026-04-10 06:30:00,2026,4,10,6,30,4,Friday,0,0.3962163914667754,0.0531096648452998,100,1.0,6.123233995736766e-17,0.8660254037844387,-0.4999999999999998,23626.0,23839.0,20361.0,21691.166666666668,24846.041666666668,23024.14583333333,0,1526,28732,0.0531096648452998,1140.0,5768.0,0.2274358266629864,0.0,0.0823311383620519,0,0,0.6441412786956191,0.2712563725913764,0,MODERATE,0.2773514740267427,0.6441412786956191,85.33,0.0108658461026626,1.08,1.018528551305667,1.143617001699501,High
2026-04-10,15,27776,29696,25413,1230,6606,617,22126,0,5,499,934,94,-452,-449,432,demanddata_2026.csv,901.0,998.0,1182.0,-514.0,1617.0,2026-04-10 07:00:00,2026,4,10,7,0,4,Friday,0,0.608295079361989,0.0642814881843176,100,0.9659258262890684,-0.2588190451025206,0.8660254037844387,-0.4999999999999998,25360.0,25718.0,21796.0,22164.416666666668,24888.916666666668,23041.94345238096,0,1847,28732,0.0642814881843176,3625.0,6455.0,0.232386506822191,0.0,0.0582136299816394,0,0,0.6542348377578046,0.3234468158645122,1,HIGH,0.7258065555533924,0.6542348377578046,82.15,0.0569085773545853,1.08,1.0589175425289847,1.1458929381461904,Moderate
2026-04-10,16,28614,30462,26052,1041,6606,1469,22126,0,5,500,930,102,-452,-377,494,demanddata_2026.csv,976.0,998.0,1237.0,-514.0,1415.0,2026-04-10 07:30:00,2026,4,10,7,30,4,Friday,0,0.5985489612865851,0.0873560018097657,100,0.9659258262890684,-0.2588190451025206,0.8660254037844387,-0.4999999999999998,27776.0,26427.0,22492.0,22730.166666666668,24934.479166666668,23060.16369047619,0,2510,28732,0.0873560018097657,3894.0,6580.0,0.2299493272759042,0.0,0.0494495893762012,0,0,0.6473903114218935,0.3415492957746479,1,MODERATE,0.7189842729006095,0.6473903114218935,87.87,0.1237088256483737,1.08,1.0632896305125148,1.1443496067154977,High
2026-04-10,17,29378,31164,26711,923,6606,2385,22126,0,5,500,930,416,-452,-315,188,demanddata_2026.csv,1350.0,998.0,1411.0,-514.0,1614.0,2026-04-10 08:00:00,2026,4,10,8,0,4,Friday,0,0.6146728675254256,0.1151289458114363,100,0.8660254037844387,-0.4999999999999998,0.8660254037844387,-0.4999999999999998,28614.0,27277.0,24247.0,23365.0,24978.25,23075.434523809523,0,3308,28732,0.1151289458114363,4512.0,7074.0,0.2407842336362708,0.0,0.0549372000408455,0,0,0.6409951273846858,0.3580532273394971,1,HIGH,0.7302710072677978,0.6409951273846858,81.23,0.1117479249104177,1.08,1.073334055694008,1.1429075948003848,Moderate
2026-04-10,18,28919,30528,26168,805,6606,3721,22126,0,5,500,930,451,-437,-171,176,demanddata_2026.csv,1397.0,998.0,1424.0,-496.0,1152.0,2026-04-10 08:30:00,2026,4,10,8,30,4,Friday,0,0.5999917987936538,0.1575192287613545,100,0.8660254037844387,-0.4999999999999998,0.8660254037844387,-0.4999999999999998,29378.0,27129.0,24612.0,24019.25,25015.541666666668,23088.25297619048,0,4526,28732,0.1575192287613545,4772.0,6980.0,0.2413554633471646,0.0,0.0398340248962655,0,0,0.6168276373712482,0.348137907197788,1,MODERATE,0.7199942591555577,0.6168276373712482,84.87,0.0455932062095051,1.08,1.0775598656409144,1.1374582115840477,Moderate
2026-04-10,19,28174,29550,25309,710,6606,5381,22126,0,5,500,930,694,-310,-161,-35,demanddata_2026.csv,1397.0,998.0,1427.0,-365.0,1127.0,2026-04-10 09:00:00,2026,4,10,9,0,4,Friday,0,0.5517231002646682,0.2119862179375631,100,0.7071067811865476,-0.7071067811865475,0.8660254037844387,-0.4999999999999998,28919.0,26777.0,25659.0,24641.166666666668,25044.64583333333,23095.73809523809,0,6091,28732,0.2119862179375631,5075.0,6817.0,0.2419520851818988,0.0,0.04,0,0,0.5833230452692199,0.3320444137215934,1,MODERATE,0.6862061701852677,0.5833230452692199,84.72,0.3426495526221737,1.08,1.0824845595405783,1.1299034608933676,Moderate
2026-04-10,20,27070,28020,24077,615,6606,6766,22126,0,5,500,930,705,-160,-35,-37,demanddata_2026.csv,1397.0,999.0,1420.0,-213.0,1204.0,2026-04-10 09:30:00,2026,4,10,9,30,4,Friday,0,0.5276486760895036,0.2568823304214666,100,0.7071067811865476,-0.7071067811865475,0.8660254037844387,-0.4999999999999998,28174.0,26458.0,25720.0,25193.916666666668,25057.39583333333,23099.75595238096,0,7381,28732,0.2568823304214666,5506.0,6396.0,0.2362675926267962,0.0,0.0444756381367515,0,0,0.5483472904509231,0.3081958005702929,1,MODERATE,0.6693540732626525,0.5483472904509231,82.86,0.3804991037901465,1.08,1.089489652183335,1.122016986494099,Moderate
2026-04-10,21,26246,26843,23241,620,6606,7911,22126,0,5,499,930,991,-23,59,519,demanddata_2026.csv,1397.0,998.0,1273.0,-69.0,1060.0,2026-04-10 10:00:00,2026,4,10,10,0,4,Friday,0,0.3416483588804276,0.2969059965892875,100,0.4999999999999999,-0.8660254037844387,0.8660254037844387,-0.4999999999999998,27070.0,26177.0,25693.0,25680.08333333333,25058.83333333333,23101.401785714286,0,8531,28732,0.2969059965892875,6574.0,6758.0,0.2574770449956185,0.0,0.0403855678744237,0,0,0.5222190420555597,0.2903957487254817,0,MODERATE,0.2391538512162993,0.5222190420555597,70.41,0.2344463166404682,0.95,1.1068479791960126,1.1161254835619028,Low
2026-04-10,22,25471,25976,22508,625,6606,8640,22126,0,5,500,930,1003,9,12,545,demanddata_2026.csv,1397.0,999.0,1251.0,60.0,974.0,2026-04-10 10:30:00,2026,4,10,10,30,4,Friday,0,0.3193847464607525,0.322451536560749,100,0.4999999999999999,-0.8660254037844387,0.8660254037844387,-0.4999999999999998,26246.0,25813.0,25640.0,26098.416666666668,25051.70833333333,23100.89880952381,0,9265,28732,0.322451536560749,6706.0,6706.0,0.263269472361809,0.0,0.0382380653266331,0,0,0.5000906991341233,0.2736541951093061,0,MODERATE,0.2235693225225267,0.5000906991341233,70.48,0.30259270978941,0.95,1.1089933903998266,1.11113589546424,Low
2026-04-10,23,24872,25379,21974,602,6606,9449,22126,0,7,499,930,1003,0,64,575,demanddata_2026.csv,1397.0,999.0,813.0,100.0,1139.0,2026-04-10 11:00:00,2026,4,10,11,0,4,Friday,0,0.2971621522296859,0.3498068423067553,100,0.258819045102521,-0.9659258262890682,0.8660254037844387,-0.4999999999999998,25471.0,25562.0,25452.0,26434.33333333333,25037.33333333333,23099.17261904762,0,10051,28732,0.3498068423067553,6380.0,6380.0,0.2565030354199332,0.0,0.0457926265428376,0,0,0.4755165641757951,0.2607145943143524,0,LOW,0.2080135065607801,0.4755165641757951,67.32,0.2826678070315662,0.95,1.1036948748510131,1.1055948203040369,Low
2026-04-10,24,23845,24355,20997,579,6606,10039,22126,0,10,500,930,1003,0,104,577,demanddata_2026.csv,1397.0,999.0,784.0,100.0,998.0,2026-04-10 11:30:00,2026,4,10,11,30,4,Friday,0,0.2576324601819454,0.3695402498868896,100,0.258819045102521,-0.9659258262890682,0.8660254037844387,-0.4999999999999998,24872.0,25560.0,25295.0,26612.58333333333,25001.604166666668,23094.85714285714,0,10618,28732,0.3695402498868896,6394.0,6394.0,0.268137213788476,0.0,0.0418518829153736,0,0,0.4520393244688706,0.2385293355223364,0,LOW,0.1803427221273618,0.4520393244688706,67.23,0.1582495932500675,0.95,1.1039224184635388,1.1003010775134654,Low
2026-04-10,25,23091,23599,20402,648,6606,10823,22126,0,8,499,930,1002,0,104,869,demanddata_2026.csv,1397.0,999.0,827.0,100.0,1071.0,2026-04-10 12:00:00,2026,4,10,12,0,4,Friday,0,0.2809222980941976,0.3992273692270212,100,1.2246467991473532e-16,-1.0,0.8660254037844387,-0.4999999999999998,23845.0,25643.0,25137.0,26568.0,24948.4375,23088.76785714286,0,11471,28732,0.3992273692270212,6727.0,6727.0,0.2913130088342283,0.0,0.0463796985969166,0,0,0.4271076725112311,0.2222414240041476,0,LOW,0.1966456086659383,0.4271076725112311,66.43,0.12942045254224,0.95,1.1093347058186152,1.0946793879769026,Low
2026-04-10,26,22133,22641,19676,716,6606,11596,22126,0,8,499,930,1003,0,104,881,demanddata_2026.csv,1397.0,998.0,831.0,100.0,1181.0,2026-04-10 12:30:00,2026,4,10,12,30,4,Friday,0,0.2507040178760794,0.4284968503114885,100,1.2246467991473532e-16,-1.0,0.8660254037844387,-0.4999999999999998,23091.0,25416.0,24780.0,26299.08333333333,24880.041666666668,23080.88988095238,0,12312,28732,0.4284968503114885,6743.0,6743.0,0.3046444384205295,0.0,0.0533568266016083,0,0,0.3951625931970364,0.2015467035340879,0,LOW,0.1754928125132556,0.3951625931970364,63.63,0.0903936865560424,0.95,1.1095947556615018,1.0874762825256314,Low
2026-04-10,27,21205,21722,18825,792,6606,11759,22126,0,17,499,930,1003,69,104,888,demanddata_2026.csv,1397.0,998.0,831.0,100.0,1147.0,2026-04-10 13:00:00,2026,4,10,13,0,4,Friday,0,0.2602859514534725,0.4368148122368009,100,-0.2588190451025208,-0.9659258262890684,0.8660254037844387,-0.4999999999999998,22133.0,25235.0,24677.0,25751.5,24796.08333333333,23070.55654761905,0,12551,28732,0.4368148122368009,6819.0,6819.0,0.3215599358672074,0.0,0.0540884655286239,0,0,0.3760284697694502,0.1815000432040093,0,LOW,0.1822001660174307,0.3760284697694502,69.69,0.2623091020808571,0.95,1.110829992415213,1.0831618431275951,Low
2026-04-10,28,20598,21285,18253,868,6606,11512,22126,0,187,499,930,1003,157,104,889,demanddata_2026.csv,1368.0,998.0,831.0,100.0,1286.0,2026-04-10 13:30:00,2026,4,10,13,30,4,Friday,0,0.2328753964365668,0.4308634670935857,100,-0.2588190451025208,-0.9659258262890684,0.8660254037844387,-0.4999999999999998,21205.0,24933.0,24323.0,25083.5,24705.77083333333,23059.47023809524,0,12380,28732,0.4308634670935857,6879.0,6879.0,0.3339482499150444,0.0,0.0624302150589834,0,0,0.370855078532512,0.1683876263717273,0,LOW,0.1630127775055967,0.370855078532512,57.9,0.1309017276873389,0.95,1.1118051793260375,1.0819953259856645,Very Low
2026-04-10,29,20662,21475,18336,1063,6606,10660,22126,0,313,499,930,1003,182,103,992,demanddata_2026.csv,994.0,998.0,851.0,100.0,1658.0,2026-04-10 14:00:00,2026,4,10,14,0,4,Friday,0,0.2439349435691606,0.4079977725959698,100,-0.4999999999999997,-0.8660254037844388,0.8660254037844387,-0.4999999999999998,20598.0,25048.0,24052.0,24357.166666666668,24614.39583333333,23049.38095238096,0,11723,28732,0.4079977725959698,6652.0,6652.0,0.3219280840149058,0.0,0.0802400425882011,0,0,0.3856046681911186,0.1697701546703534,0,LOW,0.1707544604984124,0.3856046681911186,62.74,0.2717534851870206,0.95,1.1081157221800846,1.0853211230083917,Very Low
2026-04-10,30,21382,22497,19031,1258,6606,9329,22126,0,615,499,930,1003,233,104,991,demanddata_2026.csv,918.0,998.0,850.0,100.0,2167.0,2026-04-10 14:30:00,2026,4,10,14,30,4,Friday,0,0.2494165391367294,0.3684613510597571,100,-0.4999999999999997,-0.8660254037844388,0.8660254037844387,-0.4999999999999998,20662.0,25047.0,23725.0,23729.08333333333,24538.041666666668,23042.40773809524,0,10587,28732,0.3684613510597571,6626.0,6626.0,0.3098723284852452,0.0,0.1013421877192162,0,0,0.4229634132295429,0.1853235980298971,0,LOW,0.1745915773957105,0.4229634132295429,60.97,0.0910083603422312,0.95,1.107693141185394,1.0937449236630157,Very Low
2026-04-10,31,21738,22905,19695,1484,6606,8038,22126,0,667,500,930,944,200,104,453,demanddata_2026.csv,545.0,998.0,724.0,100.0,2915.0,2026-04-10 15:00:00,2026,4,10,15,0,4,Friday,0,0.2822015761458822,0.3313959558695576,100,-0.7071067811865471,-0.7071067811865479,0.8660254037844387,-0.4999999999999998,21382.0,24793.0,23195.0,23192.75,24474.39583333333,23038.071428571428,0,9522,28732,0.3313959558695576,5498.0,5498.0,0.2529095174571047,0.0,0.1340908045448272,0,0,0.4419272359887577,0.1930139116910049,0,LOW,0.1975411033021175,0.4419272359887577,67.93,0.1061915599868611,0.95,1.089359627261892,1.0980209629788154,Low
2026-04-10,32,22913,23747,20989,1710,6606,6341,22126,0,334,500,930,829,215,104,429,demanddata_2026.csv,507.0,998.0,700.0,100.0,3617.0,2026-04-10 15:30:00,2026,4,10,15,30,4,Friday,0,0.2704453266117635,0.2802004663627188,100,-0.7071067811865471,-0.7071067811865479,0.8660254037844387,-0.4999999999999998,21738.0,25071.0,22815.0,22846.33333333333,24429.4375,23038.36309523809,0,8051,28732,0.2802004663627188,5312.0,5312.0,0.2318233394431352,0.0,0.157851095400192,0,0,0.4870035607269276,0.2183962671735937,0,LOW,0.1893117286282344,0.4870035607269276,72.54,0.259642750091703,0.95,1.0863365478383358,1.1081849546612688,Low
2026-04-10,33,23998,24519,22184,1927,6606,4890,22126,0,21,499,930,4,173,104,834,demanddata_2026.csv,620.0,998.0,171.0,100.0,4212.0,2026-04-10 16:00:00,2026,4,10,16,0,4,Friday,0,0.3166086237869517,0.2372533324052483,100,-0.8660254037844385,-0.5000000000000004,0.8660254037844387,-0.4999999999999998,22913.0,25049.0,22759.0,22659.0,24407.541666666668,23042.05059523809,0,6817,28732,0.2372533324052483,4433.0,4433.0,0.1847160298345764,0.0,0.1755073128047002,1,0,0.5167419591165334,0.2418344422362395,0,MODERATE,0.2216260366508661,0.5167419591165334,92.36,0.4441648775881711,1.3,1.0720500595947555,1.1148904887889322,High
2026-04-10,34,25804,26308,24023,2143,6606,3427,22126,0,4,499,932,0,159,103,850,demanddata_2026.csv,622.0,998.0,84.0,100.0,4486.0,2026-04-10 16:30:00,2026,4,10,16,30,4,Friday,0,0.3950811366056003,0.1938537570041416,100,-0.8660254037844385,-0.5000000000000004,0.8660254037844387,-0.4999999999999998,23998.0,25344.0,23578.0,22686.75,24417.125,23048.67559523809,0,5570,28732,0.1938537570041416,4347.0,4347.0,0.1684557256345669,0.0,0.1738422786281728,1,0,0.5567599618269783,0.2808476626630951,0,MODERATE,0.2765567956239201,0.5567599618269783,89.95,0.223819729030413,1.3,1.0706522916892405,1.1239139095993012,High
2026-04-10,35,26629,28888,24888,2275,6606,2629,22126,0,1,500,988,-759,82,104,587,demanddata_2026.csv,465.0,998.0,-999.0,100.0,4698.0,2026-04-10 17:00:00,2026,4,10,17,0,4,Friday,0,0.5987736238360536,0.1706748338147774,100,-0.9659258262890684,-0.2588190451025206,0.8660254037844387,-0.4999999999999998,25804.0,25900.0,24956.0,22833.166666666668,24432.3125,23053.654761904763,0,4904,28732,0.1706748338147774,2066.0,5582.0,0.2096132181749906,0.0,0.1764175741644761,1,0,0.585027776491376,0.2986693165125724,1,MODERATE,0.7191415366852375,0.585027776491376,86.84,0.0727142925544353,1.3,1.033578935962726,1.1302878505716178,High
2026-04-10,36,27344,29882,25670,2407,6606,1976,22126,0,0,500,992,-944,0,74,499,demanddata_2026.csv,417.0,998.0,-1094.0,100.0,4593.0,2026-04-10 17:30:00,2026,4,10,17,30,4,Friday,0,0.604488424078397,0.1525423728813559,100,-0.9659258262890684,-0.2588190451025206,0.8660254037844387,-0.4999999999999998,26629.0,26436.0,25991.0,23124.75,24451.229166666668,23057.68154761905,0,4383,28732,0.1525423728813559,1542.0,5618.0,0.2054488937648564,0.0,0.1679648930334613,1,0,0.5997585821785976,0.3141147498487859,1,HIGH,0.7231418968548778,0.5997585821785976,99.88,0.0470365531702182,1.3,1.0250623036081916,1.1336094121086429,High
2026-04-10,37,27870,31393,26160,2543,6606,1382,22126,0,0,503,992,-1012,-32,0,-885,demanddata_2026.csv,43.0,998.0,-1094.0,100.0,4646.0,2026-04-10 18:00:00,2026,4,10,18,0,4,Friday,0,0.5867323836531525,0.1366025127901715,100,-1.0,-1.8369701987210287e-16,0.8660254037844387,-0.4999999999999998,27344.0,26968.0,26775.0,23523.0,24470.02083333333,23060.94047619048,0,3925,28732,0.1366025127901715,-387.0,5659.0,0.2030425890710774,0.0,0.1666965663234186,1,0,0.6116764831283341,0.3254774043031193,1,MODERATE,0.7107126685572067,0.6116764831283341,91.38,0.2476214386963752,1.3,1.0062899555748186,1.1362967085293036,High
2026-04-10,38,28323,31987,26543,2679,6606,722,22126,0,0,519,992,-1015,0,0,-1021,demanddata_2026.csv,-34.0,998.0,-1094.0,100.0,4772.0,2026-04-10 18:30:00,2026,4,10,18,30,4,Friday,0,0.6456999618325268,0.118365642292834,100,-1.0,-1.8369701987210287e-16,0.8660254037844387,-0.4999999999999998,27870.0,27501.0,26935.0,24038.83333333333,24487.14583333333,23065.071428571428,0,3401,28732,0.118365642292834,-555.0,5773.0,0.2038200819093348,0.0,0.1684790283858212,1,0,0.6245078972844866,0.3352631124168322,1,HIGH,0.7519899732827686,0.6245078972844866,90.82,0.0579867408337678,1.3,1.0090204789251274,1.1391899875957492,High
2026-04-10,39,28899,32944,27090,2817,6606,215,22126,0,4,1432,992,-1015,0,0,-1021,demanddata_2026.csv,-411.0,997.0,-1094.0,98.0,4753.0,2026-04-10 19:00:00,2026,4,10,19,0,4,Friday,0,0.6128367967730236,0.1055232659311593,100,-0.9659258262890684,0.2588190451025203,0.8660254037844387,-0.4999999999999998,28323.0,28672.0,28335.0,24680.0,24491.875,23066.75,0,3032,28732,0.1055232659311593,-22.0,7060.0,0.2442906574394463,0.0,0.1644636678200692,1,0,0.6431067448519634,0.3477058671044672,1,HIGH,0.7289857577411165,0.6431067448519634,95.03,0.0122692762586879,1.3,1.000357568533969,1.1433837308318515,High
2026-04-10,40,29145,33256,27404,2954,6606,16,22126,0,5,1509,992,-1014,0,0,-1022,demanddata_2026.csv,-476.0,996.0,-1094.0,68.0,4834.0,2026-04-10 19:30:00,2026,4,10,19,30,4,Friday,0,0.6546160193991797,0.1033654682768941,100,-0.9659258262890684,0.2588190451025203,0.8660254037844387,-0.4999999999999998,28899.0,28954.0,28428.0,25392.25,24495.854166666668,23068.883928571428,0,2970,28732,0.1033654682768941,-41.0,7171.0,0.2460371920675221,0.0,0.1658546627324504,1,0,0.6462112269658016,0.3530199602523114,1,HIGH,0.7582312135794258,0.6462112269658016,99.05,0.0451073320400397,1.3,1.0006663777223967,1.1440837419921814,High
2026-04-10,41,28960,33295,27258,3120,6606,0,22126,0,5,1470,992,-1014,-1,0,-959,demanddata_2026.csv,-694.0,978.0,-1094.0,-68.0,4878.0,2026-04-10 20:00:00,2026,4,10,20,0,4,Friday,0,0.4347586042749193,0.1085859464726969,100,-0.8660254037844386,0.5000000000000001,0.8660254037844387,-0.4999999999999998,29145.0,29596.0,28583.0,26083.75,24482.604166666668,23070.00595238096,0,3120,28732,0.1085859464726969,-390.0,7270.0,0.2510272435344083,0.0,0.1684334104485342,1,0,0.643354931787733,0.3490235893890953,0,MODERATE,0.3043310229924434,0.643354931787733,93.75,0.3617137509836076,1.3,1.0063387149203598,1.1434396930241,High
2026-04-10,42,28581,33169,26852,3285,6606,0,22126,0,7,1467,992,-1014,-46,0,-957,demanddata_2026.csv,-752.0,976.0,-1094.0,-218.0,4600.0,2026-04-10 20:30:00,2026,4,10,20,30,4,Friday,0,0.4316237420457177,0.1143284724880799,100,-0.8660254037844386,0.5000000000000001,0.8660254037844387,-0.4999999999999998,28960.0,29174.0,28139.0,26683.666666666668,24470.25,23071.321428571428,0,3285,28732,0.1143284724880799,-646.0,7516.0,0.2629627037995941,0.0,0.1609404520327478,1,0,0.6402173415783364,0.3408364296206688,0,MODERATE,0.3021366194320024,0.6402173415783364,94.82,0.2869899174421643,1.3,1.0104995124065446,1.1427322165167209,High
2026-04-10,43,28026,32906,26300,3509,6606,0,22126,0,9,1467,992,-1022,0,0,-815,demanddata_2026.csv,-1142.0,996.0,-1094.0,-298.0,4453.0,2026-04-10 21:00:00,2026,4,10,21,0,4,Friday,0,0.3989162056368064,0.1221243865938119,100,-0.7071067811865477,0.7071067811865474,0.8660254037844387,-0.4999999999999998,28581.0,28211.0,27416.0,27207.666666666668,24466.39583333333,23073.136904761905,0,3509,28732,0.1221243865938119,-916.0,7826.0,0.2792307417847076,0.0,0.1588825061547793,0,0,0.6355193874310867,0.3288473170310205,0,MODERATE,0.2792413439457645,0.6355193874310867,78.07,0.1198091318446504,1.0,1.0148878535052552,1.14167290284919,Moderate
2026-04-10,44,26372,31357,24791,3732,6606,0,22126,0,9,1460,987,-1015,0,0,-810,demanddata_2026.csv,-1209.0,994.0,-1094.0,-348.0,4519.0,2026-04-10 21:30:00,2026,4,10,21,30,4,Friday,0,0.3934258439309817,0.129885497511572,100,-0.7071067811865477,0.7071067811865474,0.8660254037844387,-0.4999999999999998,28026.0,27073.0,27079.0,27495.916666666668,24451.791666666668,23071.03273809524,0,3732,28732,0.129885497511572,-1035.0,7917.0,0.3001933795927653,0.0,0.1713494862169643,0,0,0.6231615768659128,0.2931176013134018,0,MODERATE,0.2753980907516871,0.6231615768659128,67.35,0.1880667003832314,1.0,1.016821974211724,1.1388864138324537,Low
2026-04-10,45,24941,30076,23542,3918,6606,0,22126,0,9,965,814,-1013,-17,0,-860,demanddata_2026.csv,-1424.0,875.0,-1094.0,-218.0,4608.0,2026-04-10 22:00:00,2026,4,10,22,0,4,Friday,0,0.3479351833806693,0.1363588904743674,100,-0.5000000000000004,0.8660254037844384,0.8660254037844387,-0.4999999999999998,26372.0,25662.0,25623.0,27574.5,24436.77083333333,23069.00297619048,0,3918,28732,0.1363588904743674,-1972.0,7280.0,0.291877154999599,0.0,0.184748616790955,0,0,0.6064458433507527,0.2622051326363086,0,MODERATE,0.2435546283664685,0.6064458433507527,69.74,0.1147120335903719,1.0,1.0320511431357675,1.1351172827553069,Low
2026-04-10,46,23963,29179,22557,4104,6606,0,22126,0,10,919,790,-1014,0,0,-862,demanddata_2026.csv,-1451.0,849.0,-1094.0,-285.0,4549.0,2026-04-10 22:30:00,2026,4,10,22,30,4,Friday,0,0.3424985846014217,0.1428322834371628,100,-0.5000000000000004,0.8660254037844384,0.8660254037844387,-0.4999999999999998,24941.0,24478.0,24685.0,27421.08333333333,24426.041666666668,23066.854166666668,0,4104,28732,0.1428322834371628,-2148.0,7264.0,0.3031213486897012,0.0,0.1898264062760808,0,0,0.5966436543380569,0.2410783720729283,0,MODERATE,0.2397490092209952,0.5966436543380569,70.74,0.0905423744642952,1.0,1.0349116914075198,1.132907045603685,Low
2026-04-10,47,22301,27934,21023,4289,6606,0,22126,0,81,573,353,-1015,-68,0,-1016,demanddata_2026.csv,-1452.0,231.0,-1094.0,-407.0,4522.0,2026-04-10 23:00:00,2026,4,10,23,0,4,Friday,0,0.341880082862935,0.1492708732119862,100,-0.2588190451025215,0.965925826289068,0.8660254037844387,-0.4999999999999998,23963.0,22972.0,23256.0,27060.416666666668,24412.0625,23064.011904761905,0,4289,28732,0.1492708732119862,-3895.0,6209.0,0.278405524168236,0.0,0.2027620841180163,0,0,0.572734517524351,0.2051758403179815,0,MODERATE,0.2393160580040545,0.572734517524351,72.5,0.1315390097095095,1.0,1.0633058836276954,1.1275159169098372,Low
2026-04-10,48,21225,27240,20272,4473,6606,0,22126,0,255,534,323,-1014,-168,0,-1022,demanddata_2026.csv,-1452.0,196.0,-1094.0,-510.0,4388.0,2026-04-10 23:30:00,2026,4,10,23,30,4,Friday,0,0.2850427019144023,0.1556746597988375,100,-0.2588190451025215,0.965925826289068,0.8660254037844387,-0.4999999999999998,22301.0,22110.0,22778.0,26550.5,24393.625,23059.38988095238,0,4473,28732,0.1556746597988375,-4207.0,6313.0,0.2974182606237633,0.0,0.2067275982285875,0,0,0.5618660010007114,0.18193208329733,0,LOW,0.1995298913400816,0.5618660010007114,73.6,0.2100590430994976,1.0,1.068376855563983,1.1250652399261092,Low
2026-04-11,1,20963,27066,19928,4613,6606,0,22126,0,322,-1,319,-1016,-183,0,-1022,demanddata_2026.csv,-1452.0,317.0,-1094.0,-513.0,4390.0,2026-04-11 00:00:00,2026,4,11,0,0,5,Saturday,1,0.3009079686776305,0.1605471061149201,101,0.0,1.0,0.8660254037844387,-0.4999999999999998,21225.0,22135.0,22755.0,25974.916666666668,24369.20833333333,23054.05654761905,0,4613,28732,0.1605471061149201,-4645.0,5917.0,0.2822457546269796,0.0,0.2094066017935508,0,1,0.5528455786576391,0.1762723580748293,0,MODERATE,0.2106355780743413,0.5528455786576391,54.65,0.0288874541576017,0.82,1.0754957200130024,1.123031278679274,Very Low
2026-04-11,2,20510,26959,19363,4752,6606,0,22126,0,593,-37,313,-1016,-282,63,-1022,demanddata_2026.csv,-1453.0,322.0,-1092.0,-454.0,3908.0,2026-04-11 00:30:00,2026,4,11,0,30,5,Saturday,1,0.2921653557450049,0.1653847492430306,101,0.0,1.0,0.8660254037844387,-0.4999999999999998,20963.0,21997.0,22648.0,25323.83333333333,24338.229166666668,23047.69345238096,0,4752,28732,0.1653847492430306,-4658.0,6054.0,0.2951586953342109,0.0,0.1905319097069865,0,1,0.5473101803212476,0.1664866499611164,0,LOW,0.2045157490215034,0.5473101803212476,55.06,0.1542581463546841,0.82,1.075707010510348,1.1217831347150766,Very Low
2026-04-11,3,20429,26951,19428,4839,6606,0,22126,0,966,-15,102,-1014,-159,81,-1022,demanddata_2026.csv,-1453.0,211.0,-1090.0,-303.0,4251.0,2026-04-11 01:00:00,2026,4,11,1,0,5,Saturday,1,0.3193468018855389,0.1684126265965962,101,0.2588190451025207,0.9659258262890684,0.8660254037844387,-0.4999999999999998,20510.0,22097.0,22711.0,24618.0,24303.479166666668,23040.901785714286,0,4839,28732,0.1684126265965962,-4662.0,5450.0,0.2667645619187469,0.0,0.2080763582966226,0,1,0.5386316579157959,0.1647368875831677,0,MODERATE,0.2235427613198772,0.5386316579157959,55.97,0.3063071092003928,0.82,1.0757720229710694,1.1198262664464818,Very Low
2026-04-11,4,20697,27256,19785,4926,6606,0,22126,0,1252,-14,90,-1015,-23,1,-1022,demanddata_2026.csv,-1453.0,204.0,-1090.0,-190.0,4625.0,2026-04-11 01:30:00,2026,4,11,1,30,5,Saturday,1,0.2941206512332712,0.1714405039501618,101,0.2588190451025207,0.9659258262890684,0.8660254037844387,-0.4999999999999998,20429.0,21825.0,22896.0,23914.0,24279.979166666668,23034.35714285714,0,4926,28732,0.1714405039501618,-4512.0,5102.0,0.2464972461107353,0.0,0.2234515412117112,0,1,0.5353704695892687,0.1705262248336645,0,LOW,0.2058844558632898,0.5353704695892687,60.06,0.1692461424020699,0.82,1.073334055694008,1.119090920536666,Very Low
2026-04-11,5,20277,29139,19334,4926,6606,0,22126,0,1190,191,164,-1014,0,0,-1022,demanddata_2026.csv,-1453.0,230.0,-1090.0,-213.0,4327.0,2026-04-11 02:00:00,2026,4,11,2,0,5,Saturday,1,0.2883607730644915,0.1714405039501618,101,0.4999999999999999,0.8660254037844387,0.8660254037844387,-0.4999999999999998,20697.0,21760.0,22336.0,23190.416666666668,24249.08333333333,23028.229166666668,0,4926,28732,0.1714405039501618,-4207.0,5377.0,0.2651642173784397,0.0,0.2133839629154749,0,1,0.5345070617709893,0.1614533828739307,0,LOW,0.201852541145144,0.5345070617709893,59.01,0.3518523430006414,0.82,1.068376855563983,1.118896235856082,Very Low
2026-04-11,6,19508,27898,18543,4925,6606,0,22126,0,1044,221,182,-1015,0,0,-1022,demanddata_2026.csv,-1453.0,233.0,-1090.0,-178.0,4377.0,2026-04-11 02:30:00,2026,4,11,2,30,5,Saturday,1,0.2908050989818759,0.1714057007621898,101,0.4999999999999999,0.8660254037844387,0.8660254037844387,-0.4999999999999998,20277.0,21068.0,21628.0,22434.33333333333,24216.58333333333,23021.91964285714,0,4925,28732,0.1714057007621898,-4122.0,5394.0,0.2764877748731355,0.0,0.2243579886206366,0,1,0.5281058442180744,0.1448414412857513,0,LOW,0.2035635692873131,0.5281058442180744,55.04,0.2825927819673091,0.82,1.0669953407736483,1.1174528634794891,Very Low
2026-04-11,7,18872,27968,17952,4816,6606,0,22126,0,1292,364,639,-1015,-40,-64,-1022,demanddata_2026.csv,-1453.0,279.0,-1090.0,-36.0,4122.0,2026-04-11 03:00:00,2026,4,11,3,0,5,Saturday,1,0.278655548088088,0.1676121532732398,101,0.7071067811865476,0.7071067811865476,0.8660254037844387,-0.4999999999999998,19508.0,20711.0,21332.0,21671.5,24178.27083333333,23014.59821428572,0,4816,28732,0.1676121532732398,-3438.0,6002.0,0.318020452498278,0.0,0.2184072484501669,0,1,0.531817850596132,0.1311025663181543,0,LOW,0.1950588836616616,0.531817850596132,55.77,0.1793456571932642,0.82,1.0558782099902482,1.11828986166359,Very Low
2026-04-11,8,18623,27872,17737,4707,6606,0,22126,0,1304,376,662,-1015,-42,-215,-1022,demanddata_2026.csv,-1453.0,282.0,-1090.0,62.0,4049.0,2026-04-11 03:30:00,2026,4,11,3,30,5,Saturday,1,0.2756900562708803,0.1638186057842898,101,0.7071067811865476,0.7071067811865476,0.8660254037844387,-0.4999999999999998,18872.0,20437.0,20848.0,21025.75,24140.479166666668,23007.97619047619,0,4707,28732,0.1638186057842898,-3455.0,6219.0,0.3339239690721649,0.0,0.2174076460481099,0,1,0.534954986312678,0.1257236671563121,0,LOW,0.1929830393896162,0.534954986312678,52.92,0.015971809042297,0.82,1.0561545129483152,1.1189972356900866,Very Low
2026-04-11,9,18397,27760,17464,4638,6606,0,22126,0,1306,456,375,-1014,16,-366,-1022,demanddata_2026.csv,-1453.0,286.0,-1090.0,100.0,4207.0,2026-04-11 04:00:00,2026,4,11,4,0,5,Saturday,1,0.2774613138411049,0.1614171858142205,101,0.8660254037844386,0.5000000000000001,0.8660254037844387,-0.4999999999999998,18623.0,20412.0,20445.0,20480.416666666668,24098.5,23001.88095238096,0,4638,28732,0.1614171858142205,-3712.0,6178.0,0.3357973692792695,0.0,0.2286661593651484,0,1,0.5345052722312695,0.1208416141017886,0,LOW,0.1942229196887734,0.5345052722312695,55.48,0.0765816777094282,0.82,1.0603315635496804,1.1188958323434413,Very Low
2026-04-11,10,18024,27486,17070,4569,6606,0,22126,0,1293,462,359,-1014,112,-504,-1022,demanddata_2026.csv,-1453.0,290.0,-1090.0,100.0,4143.0,2026-04-11 04:30:00,2026,4,11,4,30,5,Saturday,1,0.2956094335033148,0.1590157658441513,101,0.8660254037844386,0.5000000000000001,0.8660254037844387,-0.4999999999999998,18397.0,20451.0,20046.0,19985.5,24047.9375,22995.86309523809,0,4569,28732,0.1590157658441513,-3760.0,6406.0,0.3553952843273231,0.0,0.2298474341192787,0,1,0.5358369974466897,0.1127840663613583,0,LOW,0.2069266034523203,0.5358369974466897,57.81,0.3456892888414308,0.82,1.06111171307834,1.1191961151214067,Very Low
2026-04-11,11,18306,27597,17296,4411,6606,0,22126,0,1246,443,479,-1015,23,-473,-1022,demanddata_2026.csv,-1453.0,440.0,-1090.0,100.0,4033.0,2026-04-11 05:00:00,2026,4,11,5,0,5,Saturday,1,0.2843380513965064,0.1535168621445724,101,0.9659258262890684,0.2588190451025207,0.8660254037844387,-0.4999999999999998,18024.0,20841.0,20231.0,19652.58333333333,23995.125,22990.133928571428,0,4411,28732,0.1535168621445724,-3568.0,6538.0,0.3571311520183536,0.0,0.2202982465723493,0,1,0.5438833348619204,0.1188758316771796,0,LOW,0.1990366359775544,0.5438833348619204,53.04,0.2386072548808656,0.82,1.0579911149637014,1.121010435766172,Very Low
2026-04-11,12,18327,27625,17244,4252,6606,0,22126,0,1236,449,492,-1014,0,-525,-1022,demanddata_2026.csv,-1439.0,450.0,-1090.0,84.0,3811.0,2026-04-11 05:30:00,2026,4,11,5,30,5,Saturday,1,0.269395000530346,0.1479831552570215,101,0.9659258262890684,0.2588190451025207,0.8660254037844387,-0.4999999999999998,18306.0,21706.0,20407.0,19411.08333333333,23924.729166666668,22983.94345238096,0,4252,28732,0.1479831552570215,-3615.0,6565.0,0.3581951113051069,0.0,0.2079332169358358,0,1,0.5486783949613135,0.1193294737751663,0,LOW,0.1885765003712422,0.5486783949613135,58.5,0.2786119954273912,0.82,1.0587550113771806,1.1220916452758247,Very Low
2026-04-11,13,19337,28095,18066,4133,6606,0,22126,0,1091,812,626,-1015,-68,-530,-1020,demanddata_2026.csv,-1262.0,501.0,-1090.0,100.0,3271.0,2026-04-11 06:00:00,2026,4,11,6,0,5,Saturday,1,0.2983785150969368,0.1438415758883513,101,1.0,6.123233995736766e-17,0.8660254037844387,-0.4999999999999998,18327.0,23626.0,21318.0,19275.58333333333,23835.375,22978.04761904762,0,4133,28732,0.1438415758883513,-2946.0,7024.0,0.3632226703899059,0.0,0.1691488261454131,0,0,0.5639464016842978,0.1411474984878596,0,LOW,0.2088649605678557,0.5639464016842978,77.36,0.0216729529946321,1.08,1.0478816773214863,1.125534337071162,Moderate
2026-04-11,14,20005,28555,18572,4013,6606,17,22126,0,1020,840,637,-1015,-96,-530,-1020,demanddata_2026.csv,-1239.0,505.0,-1090.0,100.0,3610.0,2026-04-11 06:30:00,2026,4,11,6,30,5,Saturday,1,0.3008337596487513,0.1402568475272335,101,1.0,6.123233995736766e-17,0.8660254037844387,-0.4999999999999998,19337.0,25360.0,22029.0,19233.5,23723.8125,22972.02380952381,0,4030,28732,0.1402568475272335,-2908.0,7072.0,0.3534939518144556,0.0,0.1804458662401279,0,0,0.5715341030897717,0.1555776376047697,0,MODERATE,0.2105836317541259,0.5715341030897717,78.06,0.1249533672399047,1.08,1.0472640589446311,1.127245242616859,Moderate
2026-04-11,15,20945,27361,19383,3874,6606,98,22126,0,931,547,692,-1014,-94,-531,-1017,demanddata_2026.csv,-1239.0,552.0,-1090.0,100.0,3895.0,2026-04-11 07:00:00,2026,4,11,7,0,5,Saturday,1,0.521590262811108,0.1382382626248564,101,0.9659258262890684,-0.2588190451025206,0.8660254037844387,-0.4999999999999998,20005.0,27776.0,22906.0,19276.5,23581.5,22966.1875,0,3972,28732,0.1382382626248564,-3094.0,6876.0,0.3282727012317387,0.0,0.185954358827461,0,0,0.5771662944265936,0.1758835219908407,1,MODERATE,0.6651131839677755,0.5771662944265936,75.64,0.0474176087604922,1.08,1.050287138368187,1.1285152118575623,Moderate
2026-04-11,16,22151,27879,20579,3734,6606,369,22126,0,396,531,699,-1005,-3,-490,-1007,demanddata_2026.csv,-1239.0,558.0,-1088.0,99.0,4253.0,2026-04-11 07:30:00,2026,4,11,7,30,5,Saturday,1,0.5212426344467671,0.1427974802491908,101,0.9659258262890684,-0.2588190451025206,0.8660254037844387,-0.4999999999999998,20945.0,28614.0,23750.0,19397.666666666668,23446.854166666668,22961.42857142857,0,4103,28732,0.1427974802491908,-2945.0,6719.0,0.3033134705669917,0.0,0.1919916937522571,0,0,0.5805017811883222,0.2019355396180765,1,MODERATE,0.664869844112737,0.5805017811883222,84.21,0.3081728129700389,1.08,1.047865424206306,1.1292673108785023,Moderate
2026-04-11,17,24105,28471,22238,3708,6606,837,22126,0,325,1101,821,-365,-77,-514,-348,demanddata_2026.csv,-1239.0,655.0,-998.0,29.0,3951.0,2026-04-11 08:00:00,2026,4,11,8,0,5,Saturday,1,0.5619029760912577,0.1581804893328229,101,0.8660254037844387,-0.4999999999999998,0.8660254037844387,-0.4999999999999998,22151.0,29378.0,24682.0,19716.666666666668,23337.0,22959.71130952381,0,4545,28732,0.1581804893328229,-935.0,6147.0,0.2549987554965569,0.0,0.1639011034597195,0,0,0.5790973035185927,0.244145856735505,1,MODERATE,0.6933320832638803,0.5790973035185927,68.09,0.3031317504965411,1.08,1.015196662693683,1.128950623583426,Low
2026-04-11,18,24500,28767,22417,3682,6606,1476,22126,0,321,1144,827,-321,-229,-417,-300,demanddata_2026.csv,-1239.0,665.0,-940.0,62.0,3846.0,2026-04-11 08:30:00,2026,4,11,8,30,5,Saturday,1,0.5675714359879509,0.17951484355967,101,0.8660254037844387,-0.4999999999999998,0.8660254037844387,-0.4999999999999998,24105.0,28919.0,25072.0,20132.666666666668,23244.9375,22958.008928571428,0,5158,28732,0.17951484355967,-748.0,6144.0,0.2507652748867393,0.0,0.1569731847679686,0,0,0.5692659453174052,0.252678648578588,1,MODERATE,0.6973000051915657,0.5692659453174052,71.84,0.1992253228573928,1.08,1.0121573301549465,1.1267338092454222,Low
2026-04-11,19,25246,28842,23034,3777,6606,2429,22126,0,967,1024,745,775,-381,-507,411,demanddata_2026.csv,-1239.0,769.0,144.0,-2.0,4314.0,2026-04-11 09:00:00,2026,4,11,9,0,5,Saturday,1,0.5587970211553565,0.2159885845543451,101,0.7071067811865476,-0.7071067811865475,0.8660254037844387,-0.4999999999999998,24500.0,28174.0,25559.0,20663.83333333333,23183.9375,22957.07738095238,0,6206,28732,0.2159885845543451,1739.0,5997.0,0.23753317225809,0.0,0.1708717867469402,0,0,0.5527619011267633,0.2687937440594487,1,MODERATE,0.6911579148087494,0.5527619011267633,79.2,0.1884397276926049,1.08,1.0282641672987325,1.1230124107317925,Moderate
2026-04-11,20,24858,28795,22650,3872,6606,3617,22126,0,1234,1014,742,972,-405,-530,451,demanddata_2026.csv,-1239.0,776.0,233.0,-29.0,4889.0,2026-04-11 09:30:00,2026,4,11,9,30,5,Saturday,1,0.5471332700467026,0.2606410747224446,101,0.7071067811865476,-0.7071067811865475,0.8660254037844387,-0.4999999999999998,25246.0,27070.0,25161.0,21183.416666666668,23137.854166666668,22956.17559523809,0,7489,28732,0.2606410747224446,1985.0,6391.0,0.2570899875296673,0.0,0.1966692143690414,0,0,0.5269797288220386,0.2604121662490279,1,MODERATE,0.6829932890326917,0.5269797288220386,65.77,0.1244321077908245,1.08,1.032262433633113,1.1171989424336792,Low
2026-04-11,21,24471,28648,22368,3962,6606,4580,22126,0,1203,888,825,1002,-424,-531,464,demanddata_2026.csv,-1239.0,780.0,-114.0,-166.0,4703.0,2026-04-11 10:00:00,2026,4,11,10,0,5,Saturday,1,0.3243364809652038,0.2972888316569798,101,0.4999999999999999,-0.8660254037844387,0.8660254037844387,-0.4999999999999998,24858.0,26246.0,25049.0,21689.58333333333,23100.875,22954.45535714286,0,8542,28732,0.2972888316569798,1485.0,6433.0,0.2628718535469107,0.0,0.1921788166067342,0,0,0.5022750638330602,0.2520521904432731,0,MODERATE,0.2270355366756426,0.5022750638330602,65.28,0.0560350715507981,0.95,1.0241358760429082,1.1116284348351937,Low
2026-04-11,22,23672,28018,21778,4051,6606,5592,22126,0,1214,874,816,1003,-408,-530,466,demanddata_2026.csv,-1239.0,782.0,-139.0,-316.0,4848.0,2026-04-11 10:30:00,2026,4,11,10,30,5,Saturday,1,0.301195545426087,0.3356071416141719,101,0.4999999999999999,-0.8660254037844387,0.8660254037844387,-0.4999999999999998,24471.0,25471.0,24832.0,22160.25,23063.39583333333,22951.00297619048,0,9643,28732,0.3356071416141719,1309.0,6573.0,0.2776580914966417,0.0,0.2047902673932328,0,0,0.4720313395733214,0.2347921887151127,0,MODERATE,0.2108368817982609,0.4720313395733214,60.57,0.0106079887180787,0.95,1.021275327771156,1.1048089577902496,Very Low
2026-04-11,23,22677,27077,20805,4177,6606,6938,22126,0,1116,456,265,1003,-451,-462,335,demanddata_2026.csv,-1239.0,854.0,-169.0,-463.0,4719.0,2026-04-11 11:00:00,2026,4,11,11,0,5,Saturday,1,0.260173548167766,0.3868374343089827,101,0.258819045102521,-0.9659258262890682,0.8660254037844387,-0.4999999999999998,23672.0,24872.0,24098.0,22524.5,23017.666666666668,22946.77380952381,0,11115,28732,0.3868374343089827,129.0,5697.0,0.2512126289796278,0.0,0.2080871329041361,0,0,0.4203006995435225,0.2132981940724099,0,LOW,0.1821214837174362,0.4203006995435225,56.69,0.5223201776588792,0.95,1.0020966518582728,1.0931445242312812,Very Low
2026-04-11,24,21913,26301,20061,4303,6606,8053,22126,0,1122,424,229,1002,-452,-382,330,demanddata_2026.csv,-1239.0,859.0,-179.0,-514.0,4470.0,2026-04-11 11:30:00,2026,4,11,11,30,5,Saturday,1,0.230143325887432,0.4300281905822573,101,0.258819045102521,-0.9659258262890682,0.8660254037844387,-0.4999999999999998,22677.0,23845.0,23643.0,22823.33333333333,22977.416666666668,22941.625,0,12356,28732,0.4300281905822573,78.0,5610.0,0.2560007301268595,0.0,0.203979191384503,0,0,0.3805209439266748,0.1967942625075607,0,LOW,0.1611003281212024,0.3805209439266748,54.54,0.190250719644259,0.95,1.001267742984072,1.084174824337419,Very Low
2026-04-11,25,20809,27584,19178,4449,6606,9056,22126,0,1043,404,310,1004,-451,-505,535,demanddata_2026.csv,-1239.0,840.0,-438.0,-513.0,4389.0,2026-04-11 12:00:00,2026,4,11,12,0,5,Saturday,1,0.2536630953969928,0.4700170535621062,101,1.2246467991473532e-16,-1.0,0.8660254037844387,-0.4999999999999998,21913.0,23091.0,23194.0,22946.0,22929.875,22934.526785714286,0,13505,28732,0.4700170535621062,-53.0,6239.0,0.2998077847188851,0.0,0.2109082172032676,0,0,0.3411147268208296,0.1729456493562602,0,LOW,0.1775641667778949,0.3411147268208296,57.88,0.0443040121536892,0.95,1.0008614151045616,1.0752893514150534,Very Low
2026-04-11,26,19579,26623,18139,4595,6606,10311,22126,0,1118,398,315,1003,-451,-530,539,demanddata_2026.csv,-1239.0,830.0,-456.0,-514.0,4296.0,2026-04-11 12:30:00,2026,4,11,12,30,5,Saturday,1,0.2141401586693581,0.5187763199109039,101,1.2246467991473532e-16,-1.0,0.8660254037844387,-0.4999999999999998,20809.0,22133.0,22546.0,22910.5,22876.666666666668,22925.696428571428,0,14906,28732,0.5187763199109039,-105.0,6275.0,0.3204800817160367,0.0,0.2194075587334014,0,0,0.2828450164293538,0.1463751836170396,0,LOW,0.1498981110685507,0.2828450164293538,53.96,0.1534830279590421,0.95,1.001706577093943,1.0621504618716384,Very Low
2026-04-11,27,18221,23074,16968,4725,6606,10232,22126,0,1104,-58,302,1003,-452,-530,107,demanddata_2026.csv,-1239.0,514.0,-456.0,-514.0,4048.0,2026-04-11 13:00:00,2026,4,11,13,0,5,Saturday,1,0.1857770337143075,0.5205512824974767,101,-0.2588190451025208,-0.9659258262890684,0.8660254037844387,-0.4999999999999998,19579.0,21205.0,22303.0,22683.5,22814.5,22913.54761904762,0,14957,28732,0.5205512824974767,-1323.0,5175.0,0.2839973658215344,0.0,0.222149050598178,0,0,0.2388876266238941,0.1170396612805668,0,LOW,0.1300439236000152,0.2388876266238941,48.08,0.0707763566920637,0.95,1.0215028713836818,1.0522387721551356,Very Low
2026-04-11,28,17578,22454,16432,4854,6606,10773,22126,0,1092,-89,299,1001,-452,-530,87,demanddata_2026.csv,-1239.0,488.0,-460.0,-514.0,4137.0,2026-04-11 13:30:00,2026,4,11,13,30,5,Saturday,1,0.1628584587990423,0.5438694184387289,101,-0.2588190451025208,-0.9659258262890684,0.8660254037844387,-0.4999999999999998,18221.0,20598.0,22044.0,22302.416666666668,22751.58333333333,22900.25595238096,0,15627,28732,0.5438694184387289,-1409.0,5159.0,0.2934751692360202,0.0,0.2353376187496444,0,0,0.2034502916548231,0.1031495722803076,0,LOW,0.1140009211593296,0.2034502916548231,57.22,0.3710087267381887,0.95,1.022900639289197,1.044248218799996,Very Low
2026-04-11,29,16580,21852,15412,4932,6606,10485,22126,0,841,-292,224,597,-451,-530,-296,demanddata_2026.csv,-1239.0,271.0,-610.0,-513.0,4000.0,2026-04-11 14:00:00,2026,4,11,14,0,5,Saturday,1,0.179923741364226,0.5365607489646051,101,-0.4999999999999997,-0.8660254037844388,0.8660254037844387,-0.4999999999999998,17578.0,20662.0,21405.0,21675.33333333333,22666.541666666668,22885.89583333333,0,15417,28732,0.5365607489646051,-2839.0,5023.0,0.3029370966769193,0.0,0.2412399734636029,0,0,0.1798559686813233,0.0815907716236066,0,LOW,0.1259466189549582,0.1798559686813233,51.29,0.0880287791189546,0.95,1.046142593997183,1.038928075601793,Very Low
2026-04-11,30,16067,21610,14845,5009,6606,9929,22126,0,1088,-308,208,543,-452,-519,-314,demanddata_2026.csv,-1239.0,254.0,-609.0,-514.0,4004.0,2026-04-11 14:30:00,2026,4,11,14,30,5,Saturday,1,0.1461027429383889,0.5198900219260084,101,-0.4999999999999997,-0.8660254037844388,0.8660254037844387,-0.4999999999999998,16580.0,21382.0,21381.0,20972.58333333333,22555.8125,22870.08035714286,0,14938,28732,0.5198900219260084,-2950.0,4960.0,0.3086880756783669,0.0,0.2491909385113268,0,0,0.1784645681769631,0.0705089432299317,0,LOW,0.1022719200568722,0.1784645681769631,54.74,0.1232682037252022,0.95,1.0479466897822085,1.0386143369987586,Very Low
2026-04-11,31,16094,21476,14954,5068,6606,9791,22126,0,642,-571,-181,3,-452,-395,-778,demanddata_2026.csv,-1239.0,85.0,-110.0,-514.0,4085.0,2026-04-11 15:00:00,2026,4,11,15,0,5,Saturday,1,0.1724834058320426,0.5171405700762189,101,-0.7071067811865471,-0.7071067811865479,0.8660254037844387,-0.4999999999999998,16067.0,21738.0,21117.0,20209.916666666668,22438.229166666668,22855.13095238096,0,14859,28732,0.5171405700762189,-4152.0,4328.0,0.2689033861447654,0.0,0.2538055296675986,0,0,0.1738786560842782,0.0710921973559146,0,LOW,0.1207383840824298,0.1738786560842782,52.34,0.0500434799698882,0.95,1.0674829342290606,1.0375802870260231,Very Low
2026-04-11,32,16799,21635,15636,5126,6606,8735,22126,0,287,-584,-187,0,-406,-244,-798,demanddata_2026.csv,-1239.0,83.0,-78.0,-513.0,4254.0,2026-04-11 15:30:00,2026,4,11,15,30,5,Saturday,1,0.1860857008257433,0.4824069884801448,101,-0.7071067811865471,-0.7071067811865479,0.8660254037844387,-0.4999999999999998,16094.0,22913.0,21738.0,19538.33333333333,22310.854166666668,22840.43154761905,0,13861,28732,0.4824069884801448,-3966.0,4132.0,0.2459523809523809,0.0,0.2532142857142857,0,0,0.2219405978649751,0.0863216106454679,0,LOW,0.1302599905780203,0.2219405978649751,54.2,0.3787686816520127,0.95,1.0644598548055044,1.0484174876926495,Very Low
2026-04-11,33,17618,22512,16500,5165,6606,6933,22126,0,11,-87,557,-805,-429,-159,-994,demanddata_2026.csv,-1239.0,388.0,-175.0,-495.0,4123.0,2026-04-11 16:00:00,2026,4,11,16,0,5,Saturday,1,0.2115274680770608,0.4210489680854766,101,-0.8660254037844385,-0.5000000000000004,0.8660254037844387,-0.4999999999999998,16799.0,23998.0,22260.0,18967.25,22177.9375,22826.61607142857,0,12098,28732,0.4210489680854766,-3438.0,5328.0,0.3024008172995062,0.0,0.2340087405641636,1,0,0.3065951393219257,0.1040136524669489,0,LOW,0.1480692276539425,0.3065951393219257,68.69,0.2472836548511575,1.3,1.0558782099902482,1.0675057354645836,Low
2026-04-11,34,18987,23889,17834,5203,6606,6652,22126,0,7,-9,618,-1015,-299,-265,-1001,demanddata_2026.csv,-1239.0,423.0,-205.0,-362.0,4068.0,2026-04-11 16:30:00,2026,4,11,16,30,5,Saturday,1,0.2275762456777415,0.4125917934082762,101,-0.8660254037844385,-0.5000000000000004,0.8660254037844387,-0.4999999999999998,17618.0,25804.0,23710.0,18576.83333333333,22035.916666666668,22812.559523809523,0,11855,28732,0.4125917934082762,-3354.0,5436.0,0.2862860754160522,0.0,0.2142405729934695,1,0,0.3414736046697423,0.1335867968547481,0,LOW,0.1593033719744191,0.3414736046697423,84.83,0.0526984911969084,1.3,1.0545129483150937,1.0753702726412748,Moderate
2026-04-11,35,21408,26747,20107,5218,6606,5049,22126,0,2,1206,950,-1014,-148,-167,-1021,demanddata_2026.csv,-1239.0,925.0,-1038.0,-210.0,3899.0,2026-04-11 17:00:00,2026,4,11,17,0,5,Saturday,1,0.4945245703413199,0.3573243309087112,101,-0.9659258262890684,-0.2588190451025206,0.8660254037844387,-0.4999999999999998,18987.0,26629.0,25261.0,18471.08333333333,21927.14583333333,22801.092261904763,0,10267,28732,0.3573243309087112,-1756.0,7918.0,0.3698444579382502,0.0,0.1821196692979588,1,0,0.4428639633096743,0.185885250151214,1,MODERATE,0.646167199238924,0.4428639633096743,82.51,0.1997988343143258,1.3,1.0285404702567993,1.098232180036857,Moderate
2026-04-11,36,23048,27995,21663,5233,6606,3851,22126,0,1,1360,972,-1014,-6,-28,-1022,demanddata_2026.csv,-1239.0,958.0,-1077.0,-60.0,4139.0,2026-04-11 17:30:00,2026,4,11,17,30,5,Saturday,1,0.5122544847337127,0.3161521595378136,101,-0.9659258262890684,-0.2588190451025206,0.8660254037844387,-0.4999999999999998,21408.0,27344.0,26265.0,18565.666666666668,21837.64583333333,22791.51785714286,0,9084,28732,0.3161521595378136,-1156.0,7736.0,0.3356327823332899,0.0,0.1795739511475552,1,0,0.4870709585853971,0.2213125378035081,1,MODERATE,0.6585781393135989,0.4870709585853971,83.28,0.238677732851598,1.3,1.0187886011485534,1.1082001518024929,Moderate
2026-04-11,37,24752,29090,23393,5158,6606,2699,22126,0,1,832,954,-1015,-21,-53,-1022,demanddata_2026.csv,-1239.0,996.0,-442.0,-45.0,4320.0,2026-04-11 18:00:00,2026,4,11,18,0,5,Saturday,1,0.5361026586401264,0.2734486478961473,101,-1.0,-1.8369701987210287e-16,0.8660254037844387,-0.4999999999999998,23048.0,27870.0,26961.0,18894.25,21772.6875,22784.94345238096,0,7857,28732,0.2734486478961473,-1055.0,6619.0,0.2674019310790611,0.0,0.1745243000848382,1,0,0.5204255253218982,0.2581223537544284,1,MODERATE,0.6752718610480885,0.5204255253218982,88.59,0.1496895796431586,1.3,1.017147036515332,1.1157210741680768,High
2026-04-11,38,26431,30777,25053,5082,6606,1504,22126,0,0,789,951,-1014,0,-4,-1022,demanddata_2026.csv,-1239.0,997.0,-399.0,-168.0,4380.0,2026-04-11 18:30:00,2026,4,11,18,30,5,Saturday,1,0.5602874529055607,0.2292137959837121,101,-1.0,-1.8369701987210287e-16,0.8660254037844387,-0.4999999999999998,24752.0,28323.0,27012.0,19465.25,21733.27083333333,22783.214285714286,0,6586,28732,0.2292137959837121,-1109.0,6583.0,0.2490541767554479,0.0,0.1657082324455205,1,0,0.5594035915952079,0.2943921195886978,1,MODERATE,0.6922012170338925,0.5594035915952079,90.54,0.0069541372876718,1.3,1.018024704735074,1.124510005912207,High
2026-04-11,39,27449,31794,26037,5071,6606,427,22126,0,0,883,868,-1015,0,0,-1022,demanddata_2026.csv,-1239.0,945.0,-439.0,-130.0,4339.0,2026-04-11 19:00:00,2026,4,11,19,0,5,Saturday,1,0.5773707061349702,0.1913479274701562,101,-0.9659258262890684,0.2588190451025203,0.8660254037844387,-0.4999999999999998,26431.0,28899.0,27369.0,20234.25,21703.0625,22783.45238095238,0,5498,28732,0.1913479274701562,-1149.0,6541.0,0.238287795992714,0.0,0.1580692167577413,1,0,0.5868562961861568,0.3163829603387194,1,MODERATE,0.7041594942944791,0.5868562961861568,100.28,0.0790231436860643,1.3,1.0186748293422907,1.1307001525744298,High
2026-04-11,40,27851,32201,26401,5059,6606,25,22126,0,0,892,860,-1014,0,0,-1022,demanddata_2026.csv,-1239.0,936.0,-432.0,-143.0,4425.0,2026-04-11 19:30:00,2026,4,11,19,30,5,Saturday,1,0.5837605692161765,0.1769394076497407,101,-0.9659258262890684,0.2588190451025203,0.8660254037844387,-0.4999999999999998,27449.0,29145.0,27215.0,21090.33333333333,21676.104166666668,22785.34523809524,0,5084,28732,0.1769394076497407,-1162.0,6538.0,0.2347407726554645,0.0,0.1588754847048686,1,0,0.5970652267148947,0.3250669662144647,1,MODERATE,0.7086323984513234,0.5970652267148947,89.31,0.1911482636136555,1.3,1.018886119839636,1.133002103445171,High
2026-04-11,41,28083,32194,26467,5136,6606,0,22126,0,0,910,795,-1015,-52,0,-1022,demanddata_2026.csv,-1239.0,744.0,-30.0,-253.0,4219.0,2026-04-11 20:00:00,2026,4,11,20,0,5,Saturday,1,0.3553352248667343,0.1787491734242856,101,-0.8660254037844386,0.5000000000000001,0.8660254037844387,-0.4999999999999998,27851.0,28960.0,27469.0,22048.916666666668,21657.83333333333,22787.17261904762,0,5136,28732,0.1787491734242856,-1162.0,6060.0,0.2157812277453354,0.0,0.1502278877652756,1,0,0.5942792281551369,0.3300786312969843,0,MODERATE,0.248734657406714,0.5942792281551369,87.39,0.2716484986977098,1.3,1.018886119839636,1.1323739052423851,High
2026-04-11,42,27689,31828,25988,5213,6606,0,22126,0,1,910,783,-1015,-4,0,-1022,demanddata_2026.csv,-1239.0,725.0,-12.0,-346.0,4045.0,2026-04-11 20:30:00,2026,4,11,20,30,5,Saturday,1,0.3615702850674588,0.181429018898131,101,-0.8660254037844386,0.5000000000000001,0.8660254037844387,-0.4999999999999998,28083.0,28581.0,26498.0,23017.416666666668,21639.25,22790.717261904763,0,5213,28732,0.181429018898131,-1220.0,6056.0,0.2187071144817623,0.0,0.1460816179126038,1,0,0.5901727805472441,0.3215674414585673,0,MODERATE,0.2530991995472211,0.5901727805472441,97.26,0.4563012661142294,1.3,1.0198288005200995,1.1314479668573574,High
2026-04-11,43,26443,31020,24933,5276,6606,0,22126,0,1,844,495,-1014,0,0,-1022,demanddata_2026.csv,-1240.0,481.0,-379.0,-421.0,4437.0,2026-04-11 21:00:00,2026,4,11,21,0,5,Saturday,1,0.3794957540729092,0.1836216197403682,101,-0.7071067811865477,0.7071067811865474,0.8660254037844387,-0.4999999999999998,27689.0,28026.0,25539.0,23879.83333333333,21606.27083333333,22793.40773809524,0,5276,28732,0.1836216197403682,-2256.0,5896.0,0.2229617304492512,0.0,0.16778853426108,0,0,0.579071878809284,0.2946513436446902,0,MODERATE,0.2656470278510364,0.579071878809284,70.72,0.3887374463708629,1.0,1.036667027847004,1.1289448907173272,Low
2026-04-11,44,25499,30070,23919,5339,6606,0,22126,0,3,832,468,-1014,0,0,-1022,demanddata_2026.csv,-1239.0,463.0,-409.0,-384.0,4232.0,2026-04-11 21:30:00,2026,4,11,21,30,5,Saturday,1,0.3505215987031208,0.1858142205826053,101,-0.7071067811865477,0.7071067811865474,0.8660254037844387,-0.4999999999999998,26443.0,26372.0,24697.0,24604.83333333333,21588.08333333333,22795.79464285714,0,5339,28732,0.1858142205826053,-2305.0,5831.0,0.2286666666666666,0.0,0.1659607843137255,0,0,0.5704923681507258,0.2742590512399551,0,MODERATE,0.2453651190921845,0.5704923681507258,71.9,0.0714791147740002,1.0,1.037463430490844,1.1270103480171487,Low
2026-04-11,45,23963,28705,22490,5347,6606,0,22126,0,8,237,232,-1014,0,0,-1022,demanddata_2026.csv,-1239.0,379.0,-643.0,-316.0,4332.0,2026-04-11 22:00:00,2026,4,11,22,0,5,Saturday,1,0.3446563271819596,0.1860926460863815,101,-0.5000000000000004,0.8660254037844384,0.8660254037844387,-0.4999999999999998,25499.0,24941.0,23879.0,25133.58333333333,21567.70833333333,22796.04464285714,0,5347,28732,0.1860926460863815,-3386.0,5082.0,0.2120681021532298,0.0,0.1807711567351026,0,0,0.5524982695942746,0.2410783720729283,0,MODERATE,0.2412594290273717,0.5524982695942746,72.81,0.1787703788100142,1.0,1.0550330480008667,1.122952966029523,Low
2026-04-11,46,22647,27366,21300,5355,6606,0,22126,0,8,184,202,-1015,0,0,-1022,demanddata_2026.csv,-1253.0,362.0,-670.0,-251.0,4073.0,2026-04-11 22:30:00,2026,4,11,22,30,5,Saturday,1,0.3323754884614996,0.1863710715901576,101,-0.5000000000000004,0.8660254037844384,0.8660254037844387,-0.4999999999999998,23963.0,23963.0,22720.0,25438.58333333333,21540.291666666668,22795.82738095238,0,5355,28732,0.1863710715901576,-3463.0,4959.0,0.2189597315436241,0.0,0.1798392794065701,0,0,0.5405367587774966,0.2126501339324289,0,MODERATE,0.2326628419230497,0.5405367587774966,76.5,0.1480932678614982,1.0,1.0562845378697585,1.1202558362799817,Moderate
2026-04-11,47,21163,27168,19860,5357,6606,0,22126,0,71,-302,-286,-1014,0,0,-1022,demanddata_2026.csv,-1430.0,-39.0,-1067.0,-274.0,4331.0,2026-04-11 23:00:00,2026,4,11,23,0,5,Saturday,1,0.2823263586870445,0.1864406779661017,101,-0.2588190451025215,0.965925826289068,0.8660254037844387,-0.4999999999999998,22647.0,22301.0,21346.0,25418.166666666668,21516.58333333333,22795.28273809524,0,5357,28732,0.1864406779661017,-5434.0,5434.0,0.2567567567567567,0.0,0.2046399546399546,0,0,0.5322257670453826,0.1805927590080359,0,LOW,0.1976284510809311,0.5322257670453826,74.2,0.0242079798274982,1.0,1.0883194278903456,1.1183818403113923,Moderate
2026-04-11,48,20559,27101,19346,5358,6606,0,22126,0,450,-356,-324,-1014,0,0,-1022,demanddata_2026.csv,-1453.0,-79.0,-1095.0,-249.0,4122.0,2026-04-11 23:30:00,2026,4,11,23,30,5,Saturday,1,0.3180825932596248,0.1864754811540737,101,-0.2588190451025215,0.965925826289068,0.8660254037844387,-0.4999999999999998,21163.0,21225.0,20122.0,25210.75,21502.70833333333,22796.58333333333,0,5358,28732,0.1864754811540737,-5592.0,5592.0,0.2719844357976653,0.0,0.2004863813229572,0,0,0.5284628006188177,0.167545148189752,0,MODERATE,0.2226578152817373,0.5284628006188177,70.63,0.3962604899769758,1.0,1.0908874200888503,1.11753335144982,Low
2026-04-12,1,20244,27130,19004,5316,6606,0,22126,0,218,-276,-479,-1014,0,0,-1022,demanddata_2026.csv,-1453.0,-558.0,-1091.0,-275.0,3978.0,2026-04-12 00:00:00,2026,4,12,0,0,6,Sunday,1,0.3120176773081071,0.1850137472592489,102,0.0,1.0,0.8660254037844387,-0.4999999999999998,20559.0,20963.0,19837.0,24835.08333333333,21487.729166666668,22797.79464285714,0,5316,28732,0.1850137472592489,-6168.0,6168.0,0.3046678192146209,0.0,0.1964929612249938,0,1,0.5324102637639505,0.1607405167199516,0,MODERATE,0.218412374115675,0.5324102637639505,61.08,0.1095324856713142,0.82,1.1002492144327662,1.1184234413763383,Very Low
2026-04-12,2,20130,26778,18870,5273,6606,0,22126,0,69,-268,-488,-1014,0,0,-1022,demanddata_2026.csv,-1453.0,-581.0,-1091.0,-162.0,4152.0,2026-04-12 00:30:00,2026,4,12,0,30,6,Sunday,1,0.3010731312296355,0.1835172101764521,102,0.0,1.0,0.8660254037844387,-0.4999999999999998,20244.0,20510.0,19726.0,24310.0,21479.8125,22798.997023809523,0,5273,28732,0.1835172101764521,-6079.0,6079.0,0.3019720828572848,0.0,0.2062490686006656,0,1,0.5316169090090879,0.1582778881880238,0,MODERATE,0.2107511918607448,0.5316169090090879,58.69,0.3430191454531919,0.82,1.0988026871817098,1.1182445525433091,Very Low
2026-04-12,3,19847,26076,18654,5208,6606,0,22126,0,71,-195,-442,-1016,0,0,-1022,demanddata_2026.csv,-1453.0,-315.0,-1094.0,-121.0,4142.0,2026-04-12 01:00:00,2026,4,12,1,0,6,Sunday,1,0.3085022804654012,0.181255002958271,102,0.2588190451025207,0.9659258262890684,0.8660254037844387,-0.4999999999999998,20130.0,20429.0,19569.0,23676.5,21467.6875,22799.824404761905,0,5208,28732,0.181255002958271,-5658.0,5658.0,0.2850665054413543,0.0,0.2086860137041515,0,1,0.5265692151920863,0.1521645208675365,0,MODERATE,0.2159515963257808,0.5265692151920863,60.26,0.2084314524419357,0.82,1.0919601256907574,1.1171063781630868,Very Low
2026-04-12,4,20018,26133,18928,5143,6606,0,22126,0,71,-194,-440,-1015,0,0,-1022,demanddata_2026.csv,-1453.0,-303.0,-1095.0,-22.0,4277.0,2026-04-12 01:30:00,2026,4,12,1,30,6,Sunday,1,0.2925903146379941,0.1789927957400898,102,0.2588190451025207,0.9659258262890684,0.8660254037844387,-0.4999999999999998,19847.0,20697.0,19954.0,23023.75,21453.541666666668,22800.01488095238,0,5143,28732,0.1789927957400898,-5544.0,5544.0,0.2769369099355612,0.0,0.2136470353164493,0,1,0.5285555034143041,0.1558584636654281,0,LOW,0.2048132202465958,0.5285555034143041,58.92,0.0025126041851906,0.82,1.0901072705601906,1.117554254450403,Very Low
2026-04-12,5,19654,26537,18586,5089,6606,0,22126,0,310,-514,-456,-1014,0,0,-1022,demanddata_2026.csv,-1453.0,-491.0,-1095.0,-28.0,4268.0,2026-04-12 02:00:00,2026,4,12,2,0,6,Sunday,1,0.2876605786492007,0.1771134235896008,102,0.4999999999999999,0.8660254037844387,0.8660254037844387,-0.4999999999999998,20018.0,20277.0,19431.0,22321.33333333333,21440.5625,22800.67857142857,0,5089,28732,0.1771134235896008,-6073.0,6073.0,0.3089799033324854,0.0,0.2171457644365301,0,1,0.5321110778293919,0.1479953339669921,0,LOW,0.2013624050544404,0.5321110778293919,56.15,0.0025593938484863,0.82,1.0987051684906273,1.1183559797239515,Very Low
2026-04-12,6,18849,25826,17861,5034,6606,0,22126,0,354,-538,-454,-1014,0,0,-1022,demanddata_2026.csv,-1453.0,-502.0,-1095.0,-45.0,4165.0,2026-04-12 02:30:00,2026,4,12,2,30,6,Sunday,1,0.2887712756351229,0.1751992482511398,102,0.4999999999999999,0.8660254037844387,0.8660254037844387,-0.4999999999999998,19654.0,19508.0,18862.0,21584.666666666668,21426.83333333333,22800.63988095238,0,5034,28732,0.1751992482511398,-6123.0,6123.0,0.3248275862068965,0.0,0.2209549071618037,0,1,0.527124345083969,0.1306057202108355,0,LOW,0.202139892944586,0.527124345083969,65.46,0.1467359120105612,0.82,1.099517824249648,1.1172315510922586,Low
2026-04-12,7,18234,25055,17388,5083,6606,0,22126,0,349,-565,-363,-1015,0,0,-1022,demanddata_2026.csv,-1453.0,-459.0,-1095.0,62.0,4387.0,2026-04-12 03:00:00,2026,4,12,3,0,6,Sunday,1,0.2452577293719776,0.1769046044617687,102,0.7071067811865476,0.7071067811865476,0.8660254037844387,-0.4999999999999998,18849.0,18872.0,18393.0,20900.58333333333,21413.541666666668,22800.166666666668,0,5083,28732,0.1769046044617687,-5910.0,6034.0,0.3309021113243762,0.0,0.2405812996983822,0,1,0.5193702342234182,0.1173204873412252,0,LOW,0.1716804105603843,0.5193702342234182,56.86,0.0361608665260146,0.82,1.0960559107162209,1.1154831228708086,Very Low
2026-04-12,8,18015,24828,17125,5132,6606,0,22126,0,348,-565,-356,-1015,0,0,-1022,demanddata_2026.csv,-1453.0,-459.0,-1095.0,100.0,4214.0,2026-04-12 03:30:00,2026,4,12,3,30,6,Sunday,1,0.2684902025750384,0.1786099606723976,102,0.7071067811865476,0.7071067811865476,0.8660254037844387,-0.4999999999999998,18234.0,18623.0,17825.0,20276.916666666668,21400.875,22800.73214285714,0,5132,28732,0.1786099606723976,-5865.0,6065.0,0.3366452042628774,0.0,0.2339031971580817,0,1,0.5163529790224822,0.112589648319364,0,LOW,0.1879431418025269,0.5163529790224822,60.25,0.0095338504217209,0.82,1.095324520533102,1.114802779986949,Very Low
2026-04-12,9,17772,24550,16949,5127,6606,0,22126,0,351,-430,-350,-1014,0,0,-1022,demanddata_2026.csv,-1453.0,-564.0,-1094.0,100.0,4098.0,2026-04-12 04:00:00,2026,4,12,4,0,6,Sunday,1,0.2899224593259862,0.1784359447325375,102,0.8660254037844386,0.5000000000000001,0.8660254037844387,-0.4999999999999998,18015.0,18397.0,17663.0,19761.0,21387.854166666668,22801.05654761905,0,5127,28732,0.1784359447325375,-5827.0,6027.0,0.3391098857818038,0.0,0.2305744668879761,0,1,0.5138056430115844,0.107340361185518,0,LOW,0.2029457215281903,0.5138056430115844,58.83,0.0864327994595076,0.82,1.0947069021562466,1.1142283963792,Very Low
2026-04-12,10,17307,24097,16548,5121,6606,0,22126,0,352,-424,-354,-1014,0,0,-1022,demanddata_2026.csv,-1453.0,-576.0,-1095.0,100.0,3941.0,2026-04-12 04:30:00,2026,4,12,4,30,6,Sunday,1,0.2527497186699928,0.1782271256047053,102,0.8660254037844386,0.5000000000000001,0.8660254037844387,-0.4999999999999998,17772.0,18024.0,17342.0,19316.0,21372.916666666668,22800.95238095238,0,5121,28732,0.1782271256047053,-5838.0,6038.0,0.3488560203374162,0.0,0.2276981742546799,0,1,0.509692572389255,0.0972954290158126,0,LOW,0.1769248030689949,0.509692572389255,53.93,0.1501642029551058,0.82,1.094885686423231,1.113300964610139,Very Low
2026-04-12,11,17047,24398,16313,4994,6606,0,22126,0,294,-727,-511,-1014,0,0,-1022,demanddata_2026.csv,-1453.0,-735.0,-1095.0,100.0,3862.0,2026-04-12 05:00:00,2026,4,12,5,0,6,Sunday,1,0.2711632749668574,0.173807120732259,102,0.9659258262890684,0.2588190451025207,0.8660254037844387,-0.4999999999999998,17307.0,18306.0,17138.0,18973.0,21346.6875,22800.68154761905,0,4994,28732,0.173807120732259,-6457.0,6657.0,0.390485687470671,0.0,0.2265368371656499,0,1,0.5181671955380669,0.091678907802644,0,LOW,0.1898142924768002,0.5181671955380669,58.25,0.2186843429869597,0.82,1.1049463647199047,1.115211856851172,Very Low
2026-04-12,12,16953,24209,16162,4867,6606,0,22126,0,289,-744,-520,-887,0,0,-1022,demanddata_2026.csv,-1453.0,-746.0,-1095.0,100.0,3576.0,2026-04-12 05:30:00,2026,4,12,5,30,6,Sunday,1,0.2496831211595775,0.1693871158598127,102,0.9659258262890684,0.2588190451025207,0.8660254037844387,-0.4999999999999998,17047.0,18327.0,17235.0,18672.5,21318.0625,22799.842261904763,0,4867,28732,0.1693871158598127,-6367.0,6567.0,0.3873422201250442,0.0,0.210923675828713,0,1,0.5199946575432397,0.0896483193640369,0,LOW,0.1747781848117042,0.5199946575432397,54.52,0.2117996975410884,0.82,1.103483584353668,1.115623920361861,Very Low
2026-04-12,13,17562,23533,16661,4760,6606,3,22126,0,292,-393,-444,-3,0,0,-1022,demanddata_2026.csv,-1453.0,-770.0,-1094.0,99.0,3488.0,2026-04-12 06:00:00,2026,4,12,6,0,6,Sunday,1,0.2561215095098706,0.1657675843107228,102,1.0,6.123233995736766e-17,0.8660254037844387,-0.4999999999999998,16953.0,19337.0,18066.0,18449.0,21281.08333333333,22798.342261904763,0,4763,28732,0.1657675843107228,-5080.0,5278.0,0.3005181347150259,0.0,0.1985993281330069,0,0,0.5136593060665142,0.102803940205651,0,LOW,0.1792850566569094,0.5136593060665142,78.5,0.1021269067312657,1.08,1.0825658251164807,1.1141953997340397,Moderate
2026-04-12,14,17934,23865,17086,4652,6606,291,22126,0,292,-367,-436,0,0,0,-1022,demanddata_2026.csv,-1453.0,-770.0,-1091.0,52.0,3991.0,2026-04-12 06:30:00,2026,4,12,6,30,6,Sunday,1,0.2889540362266325,0.1720321581456861,102,1.0,6.123233995736766e-17,0.8660254037844387,-0.4999999999999998,17562.0,20005.0,18395.0,18266.0,21237.9375,22796.97023809524,0,4943,28732,0.1720321581456861,-5087.0,5191.0,0.2894340674658489,0.0,0.2225257875662113,0,0,0.5111253302192397,0.1108398859414153,0,LOW,0.2022678253586427,0.5111253302192397,68.98,0.1147896475990416,1.08,1.0826795969227436,1.1136240286299215,Low
2026-04-12,15,18478,24635,17548,4542,6606,1189,22126,0,290,-763,-320,0,0,0,-1022,demanddata_2026.csv,-1453.0,-718.0,-1091.0,99.0,3852.0,2026-04-12 07:00:00,2026,4,12,7,0,6,Sunday,1,0.4614051001783164,0.1994570702676365,102,0.9659258262890684,-0.2588190451025206,0.8660254037844387,-0.4999999999999998,17934.0,20945.0,19263.0,18151.916666666668,21186.541666666668,22794.633928571428,0,5731,28732,0.1994570702676365,-5268.0,5466.0,0.2957952270144488,0.0,0.2084528383570539,0,0,0.4978944335724687,0.1225913764797373,1,MODERATE,0.6229835701248214,0.4978944335724687,72.98,0.2322874169147307,1.08,1.0856214107703976,1.110640672638715,Low
2026-04-12,16,18604,24979,17475,4431,6606,2352,22126,0,511,-784,-307,0,0,0,-1022,demanddata_2026.csv,-1453.0,-707.0,-1091.0,100.0,3794.0,2026-04-12 07:30:00,2026,4,12,7,30,6,Sunday,1,0.4763147468775298,0.2360700240141997,102,0.9659258262890684,-0.2588190451025206,0.8660254037844387,-0.4999999999999998,18478.0,22151.0,19614.0,18034.08333333333,21112.64583333333,22791.62797619048,0,6783,28732,0.2360700240141997,-5264.0,5464.0,0.2936844934157485,0.0,0.2039236764310669,0,0,0.4708901319156852,0.1253132290676575,1,MODERATE,0.6334203228142707,0.4708901319156852,72.97,0.1473002736894606,1.08,1.085556398309676,1.1045516336803638,Low
2026-04-12,17,19138,24643,17884,4481,6606,3712,22126,0,583,-253,-110,0,0,0,-1022,demanddata_2026.csv,-1453.0,-493.0,-1091.0,100.0,3829.0,2026-04-12 08:00:00,2026,4,12,8,0,6,Sunday,1,0.4674305608114491,0.2851425190547454,102,0.8660254037844387,-0.4999999999999998,0.8660254037844387,-0.4999999999999998,18604.0,24105.0,19909.0,17991.083333333332,21009.166666666668,22789.33333333333,0,8193,28732,0.2851425190547454,-4322.0,4522.0,0.2362714875385339,0.0,0.2000626992005852,0,0,0.4303686851840276,0.1368486995593191,1,MODERATE,0.6272013925680144,0.4303686851840276,69.03,0.2210597588013221,1.08,1.07024596380973,1.095414694279606,Low
2026-04-12,18,18649,24144,17462,4530,6606,4843,22126,0,637,-216,-97,0,0,0,-1021,demanddata_2026.csv,-1453.0,-480.0,-1091.0,73.0,3952.0,2026-04-12 08:30:00,2026,4,12,8,30,6,Sunday,1,0.4771448469742158,0.3262102808617269,102,0.8660254037844387,-0.4999999999999998,0.8660254037844387,-0.4999999999999998,19138.0,24500.0,19305.0,17974.416666666668,20887.27083333333,22787.38095238096,0,9373,28732,0.3262102808617269,-4285.0,4431.0,0.2375871313672922,0.0,0.2119034852546917,0,0,0.3909019451605258,0.1262853192776289,1,MODERATE,0.634001392881951,0.3909019451605258,72.85,0.0352223821941427,1.08,1.069644598548055,1.0865155744054265,Low
2026-04-12,19,18545,24381,17473,4569,6606,5976,22126,0,587,-847,-120,114,0,0,-686,demanddata_2026.csv,-1453.0,-504.0,-1091.0,-48.0,3766.0,2026-04-12 09:00:00,2026,4,12,9,0,6,Sunday,1,0.4129013014268393,0.3669996171649323,102,0.7071067811865476,-0.7071067811865475,0.8660254037844387,-0.4999999999999998,18649.0,25246.0,19726.0,18000.333333333332,20747.666666666668,22783.86607142857,0,10545,28732,0.3669996171649323,-4635.0,4863.0,0.2622128760918796,0.0,0.2030626550199503,0,0,0.3622928938353277,0.1240387107923615,1,MODERATE,0.5890309109987875,0.3622928938353277,74.24,0.2582910260557667,1.08,1.0753331888611983,1.0800646900132045,Moderate
2026-04-12,20,18695,24345,17642,4608,6606,6852,22126,0,385,-896,-129,124,0,0,-674,demanddata_2026.csv,-1453.0,-505.0,-1091.0,-17.0,3940.0,2026-04-12 09:30:00,2026,4,12,9,30,6,Sunday,1,0.4025453592403034,0.3988445341593289,102,0.7071067811865476,-0.7071067811865475,0.8660254037844387,-0.4999999999999998,18545.0,24858.0,19178.0,18057.0,20619.27083333333,22782.42857142857,0,11460,28732,0.3988445341593289,-4641.0,4889.0,0.261499786050492,0.0,0.2107402652973898,0,0,0.3407221876211195,0.1272790114922664,1,MODERATE,0.5817817514682124,0.3407221876211195,71.57,0.0728995862083406,1.08,1.0754307075522809,1.0752008400915578,Low
2026-04-12,21,18718,25299,17580,4578,6606,7041,22126,0,656,-870,-392,732,0,0,-1008,demanddata_2026.csv,-1453.0,-481.0,-1091.0,-130.0,3702.0,2026-04-12 10:00:00,2026,4,12,10,0,6,Sunday,1,0.2124939408139799,0.4043782410468799,102,0.4999999999999999,-0.8660254037844387,0.8660254037844387,-0.4999999999999998,18695.0,24471.0,18921.0,18135.83333333333,20499.416666666668,22781.824404761905,0,11619,28732,0.4043782410468799,-4693.0,6157.0,0.3289171430097761,0.0,0.1977669747315561,0,0,0.3504519711206585,0.1277758575995852,0,LOW,0.1487457585697859,0.3504519711206585,63.11,0.0723037186816864,0.95,1.076275869541662,1.0773947509557602,Low
2026-04-12,22,18578,25219,17396,4547,6606,8337,22126,0,688,-868,-403,783,0,0,-1022,demanddata_2026.csv,-1453.0,-473.0,-1091.0,-143.0,3751.0,2026-04-12 10:30:00,2026,4,12,10,30,6,Sunday,1,0.2232166522208167,0.4484042738314829,102,0.4999999999999999,-0.8660254037844387,0.8660254037844387,-0.4999999999999998,18718.0,23672.0,18353.0,18241.75,20393.291666666668,22782.49404761905,0,12884,28732,0.4484042738314829,-4670.0,6236.0,0.3356477743689111,0.0,0.201894612196566,0,0,0.3147049448900055,0.1247515769463406,0,LOW,0.1562516565545716,0.3147049448900055,60.71,0.1153233598076832,0.95,1.0759020478925128,1.0693343671646849,Very Low
2026-04-12,23,19258,25456,18088,4538,6606,8409,22126,0,688,-888,-144,771,0,0,-1021,demanddata_2026.csv,-1453.0,-274.0,-1091.0,-139.0,3890.0,2026-04-12 11:00:00,2026,4,12,11,0,6,Sunday,1,0.2087974959649217,0.4505968746737201,102,0.258819045102521,-0.9659258262890682,0.8660254037844387,-0.4999999999999998,18578.0,22677.0,17932.0,18426.0,20322.0625,22786.44047619048,0,12947,28732,0.4505968746737201,-4239.0,5781.0,0.30017134846046,0.0,0.2019834882392647,0,0,0.3216686683831714,0.139440940119243,0,LOW,0.1461582471754452,0.3216686683831714,56.66,0.1564637508971373,0.95,1.0688969552497565,1.0709045756516138,Very Low
2026-04-12,24,19012,25167,17914,4529,6606,8843,22126,0,632,-880,-115,702,43,0,-1022,demanddata_2026.csv,-1453.0,-253.0,-1091.0,-209.0,4061.0,2026-04-12 11:30:00,2026,4,12,11,30,6,Sunday,1,0.1980390535058089,0.4653882295618278,102,0.258819045102521,-0.9659258262890682,0.8660254037844387,-0.4999999999999998,19258.0,21913.0,17507.0,18597.58333333333,20261.625,22790.91964285714,0,13372,28732,0.4653882295618278,-4278.0,5768.0,0.3033713774785673,0.0,0.2135907010992478,0,0,0.305534290585458,0.1341268469713989,0,LOW,0.1386273374540662,0.305534290585458,60.92,0.307506823899891,0.95,1.0695308267417922,1.067266531008665,Very Low
2026-04-12,25,19400,24478,18328,4446,6606,9056,22126,0,574,-80,326,3,1,0,-1022,demanddata_2026.csv,-1453.0,58.0,-1091.0,-358.0,3856.0,2026-04-12 12:00:00,2026,4,12,12,0,6,Sunday,1,0.2108665172245699,0.4699126439981902,102,1.2246467991473532e-16,-1.0,0.8660254037844387,-0.4999999999999998,19012.0,20809.0,17328.0,18750.75,20232.27083333333,22797.08630952381,0,13502,28732,0.4699126439981902,-3616.0,4392.0,0.2263800835008504,0.0,0.1987526416164115,0,0,0.295788085599051,0.1425084247818197,0,LOW,0.1476065620571989,0.295788085599051,57.54,0.2129744865038176,0.95,1.058771264492361,1.0650689173613077,Very Low
2026-04-12,26,19230,24402,18226,4363,6606,9676,22126,0,680,-40,357,0,0,0,-1021,demanddata_2026.csv,-1453.0,76.0,-1091.0,-387.0,3961.0,2026-04-12 12:30:00,2026,4,12,12,30,6,Sunday,1,0.2263534491437817,0.488601955939164,102,1.2246467991473532e-16,-1.0,0.8660254037844387,-0.4999999999999998,19400.0,19579.0,17528.0,18858.75,20225.0,22802.151785714286,0,14039,28732,0.488601955939164,-3559.0,4425.0,0.230097238833134,0.0,0.2059695283656596,0,0,0.2786306482421575,0.1388360839885941,0,LOW,0.1584474144006472,0.2786306482421575,58.33,0.1067640033719221,0.95,1.0578448369270776,1.0612001891186962,Very Low
2026-04-12,27,18941,24013,17836,4318,6606,9212,22126,0,688,174,401,0,0,0,-1022,demanddata_2026.csv,-1453.0,35.0,-1091.0,-318.0,3722.0,2026-04-12 13:00:00,2026,4,12,13,0,6,Sunday,1,0.1884866582868622,0.4708871332614067,102,-0.2588190451025208,-0.9659258262890684,0.8660254037844387,-0.4999999999999998,19230.0,18221.0,17226.0,18897.33333333333,20240.0,22807.25595238096,0,13530,28732,0.4708871332614067,-3274.0,4494.0,0.237250554323725,0.0,0.1964945623482208,0,0,0.2864609697094336,0.1325931046401106,0,LOW,0.1319406608008035,0.2864609697094336,54.71,0.0803675842604383,0.95,1.053212699100661,1.062965801615425,Very Low
2026-04-12,28,18851,23884,17744,4272,6606,9669,22126,0,673,212,394,0,0,0,-1021,demanddata_2026.csv,-1452.0,46.0,-1091.0,-296.0,3940.0,2026-04-12 13:30:00,2026,4,12,13,30,6,Sunday,1,0.1757003055067665,0.4851912435179062,102,-0.2588190451025208,-0.9659258262890684,0.8660254037844387,-0.4999999999999998,18941.0,17578.0,16666.0,18917.916666666668,20266.52083333333,22813.758928571428,0,13941,28732,0.4851912435179062,-3208.0,4512.0,0.2393380012730744,0.0,0.2089963929556546,0,0,0.273815864736311,0.1306489242201676,0,LOW,0.1229902138547365,0.273815864736311,59.38,0.1890003678850854,0.95,1.052139993498754,1.0601145322957295,Very Low
2026-04-12,29,18967,24193,17853,4151,6606,9165,22126,0,821,655,66,0,-51,0,-1021,demanddata_2026.csv,-1453.0,456.0,-1091.0,-289.0,3783.0,2026-04-12 14:00:00,2026,4,12,14,0,6,Sunday,1,0.2057383990317067,0.4634392510353948,102,-0.4999999999999997,-0.8660254037844388,0.8660254037844387,-0.4999999999999998,18851.0,16580.0,16415.0,18903.666666666668,20316.25,22821.354166666668,0,13316,28732,0.4634392510353948,-2728.0,5082.0,0.2679249261914804,0.0,0.199441164065795,0,0,0.2988584587284066,0.1331547567614274,0,LOW,0.1440168793221946,0.2988584587284066,59.95,0.1268650377338239,0.95,1.0443384982121573,1.0657612374901126,Very Low
2026-04-12,30,19287,24458,18113,4030,6606,9035,22126,0,832,682,51,0,-77,0,-1022,demanddata_2026.csv,-1453.0,483.0,-1089.0,-198.0,3792.0,2026-04-12 14:30:00,2026,4,12,14,30,6,Sunday,1,0.2259169496493696,0.4547036508544183,102,-0.4999999999999997,-0.8660254037844388,0.8660254037844387,-0.4999999999999998,18967.0,16067.0,16290.0,18956.83333333333,20383.33333333333,22830.27380952381,0,13065,28732,0.4547036508544183,-2623.0,5055.0,0.2620800497718789,0.0,0.1965989216092907,0,0,0.3116441078768024,0.140067398254558,0,LOW,0.1581418647545587,0.3116441078768024,54.1,0.1113959981908509,0.95,1.0426319211182142,1.0686441972778484,Very Low
2026-04-12,31,19650,24911,18428,3858,6606,8892,22126,0,837,177,344,0,-145,0,-1022,demanddata_2026.csv,-1453.0,488.0,-1088.0,-216.0,3802.0,2026-04-12 15:00:00,2026,4,12,15,0,6,Sunday,1,0.2585330450533245,0.4437406466432325,102,-0.7071067811865471,-0.7071067811865479,0.8660254037844387,-0.4999999999999998,19287.0,16094.0,16472.0,19048.916666666668,20457.416666666668,22839.73214285714,0,12750,28732,0.4437406466432325,-2915.0,4933.0,0.2510304819093176,0.0,0.193476158974098,0,0,0.3255480692917455,0.147908925948328,0,LOW,0.1809731315373271,0.3255480692917455,58.81,0.4501539286811721,0.95,1.047377830750894,1.0717793186302549,Very Low
2026-04-12,32,20057,25232,18832,3686,6606,7958,22126,0,812,176,380,0,-109,0,-1021,demanddata_2026.csv,-1453.0,503.0,-1088.0,-192.0,4094.0,2026-04-12 15:30:00,2026,4,12,15,30,6,Sunday,1,0.2444442551357895,0.4052483207461803,102,-0.7071067811865471,-0.7071067811865479,0.8660254037844387,-0.4999999999999998,19650.0,16799.0,16637.0,19162.416666666668,20525.291666666668,22849.91071428572,0,11644,28732,0.4052483207461803,-2804.0,4922.0,0.2453883737162229,0.0,0.2041080865490079,0,0,0.3606384977203581,0.1567009418474034,0,LOW,0.1711109785950526,0.3606384977203581,56.08,0.5375182697712636,0.95,1.0455737349658685,1.0796916500981335,Very Low
2026-04-12,33,21498,27394,20181,3551,6606,6731,22126,0,487,1374,952,-805,-245,0,-1021,demanddata_2026.csv,-1453.0,968.0,-1091.0,-294.0,3820.0,2026-04-12 16:00:00,2026,4,12,16,0,6,Sunday,1,0.2675119037827864,0.3578463787282915,102,-0.8660254037844385,-0.5000000000000004,0.8660254037844387,-0.4999999999999998,20057.0,17618.0,17230.0,19394.08333333333,20606.125,22862.61309523809,0,10282,28732,0.3578463787282915,-1615.0,8203.0,0.3815526303549002,0.0,0.1776826829154844,1,0,0.4463174147653664,0.187829430571157,0,LOW,0.1872583326479505,0.4463174147653664,92.19,0.0010938196752148,1.3,1.0262487810163614,1.0990108782132344,High
2026-04-12,34,22647,28303,21262,3416,6606,6225,22126,0,112,1498,991,-1015,-244,0,-1022,demanddata_2026.csv,-1421.0,997.0,-1095.0,-247.0,4192.0,2026-04-12 16:30:00,2026,4,12,16,30,6,Sunday,1,0.2801527436107697,0.3355375352382278,102,-0.8660254037844385,-0.5000000000000004,0.8660254037844387,-0.4999999999999998,21498.0,18987.0,18871.0,19733.166666666668,20682.375,22873.85119047619,0,9641,28732,0.3355375352382278,-1558.0,8530.0,0.3766336983398092,0.0,0.1850936064994701,1,0,0.477449510455349,0.2126501339324289,0,LOW,0.1961069205275387,0.477449510455349,81.27,0.1306028166184658,1.3,1.025322353451078,1.1060306688347703,Moderate
2026-04-12,35,24210,29377,22720,3174,6606,5345,22126,0,12,1508,992,-1014,-324,0,-937,demanddata_2026.csv,-1027.0,997.0,-1088.0,-265.0,4224.0,2026-04-12 17:00:00,2026,4,12,17,0,6,Sunday,1,0.5318393995812931,0.2964883583336233,102,-0.9659258262890684,-0.2588190451025206,0.8660254037844387,-0.4999999999999998,22647.0,21408.0,20662.0,20145.83333333333,20740.75,22884.41071428572,0,8519,28732,0.2964883583336233,-1158.0,8152.0,0.3367064557432572,0.0,0.1744661517492049,1,0,0.5143105829761191,0.2464140672254385,1,MODERATE,0.6722875797069052,0.5143105829761191,86.86,0.26814107798728,1.3,1.0188211073789142,1.1143422522809283,High
2026-04-12,36,25619,30566,23980,2931,6606,3524,22126,0,7,1507,989,-1015,-265,0,-934,demanddata_2026.csv,-948.0,997.0,-1087.0,-191.0,4064.0,2026-04-12 17:30:00,2026,4,12,17,30,6,Sunday,1,0.572992910864895,0.2246545783593777,102,-0.9659258262890684,-0.2588190451025206,0.8660254037844387,-0.4999999999999998,24210.0,23048.0,21960.0,20696.416666666668,20794.3125,22895.30059523809,0,6455,28732,0.2246545783593777,-947.0,7933.0,0.3096409055425448,0.0,0.1586260733801717,1,0,0.5660068685657558,0.276851291799879,1,MODERATE,0.7010950376054265,0.5660068685657558,93.59,0.5010659896257912,1.3,1.015391700075848,1.1259989394620349,High
2026-04-12,37,26756,31069,25077,2738,6606,2411,22126,0,9,1368,877,-988,-145,36,-930,demanddata_2026.csv,-560.0,997.0,-1090.0,-91.0,4068.0,2026-04-12 18:00:00,2026,4,12,18,0,6,Sunday,1,0.5679682088426462,0.1792016148679219,102,-1.0,-1.8369701987210287e-16,0.8660254037844387,-0.4999999999999998,25619.0,24752.0,23912.0,21309.416666666668,20836.0625,22903.76488095238,0,5149,28732,0.1792016148679219,-526.0,7082.0,0.2646784019135179,0.0,0.1520349815001681,1,0,0.5925443200963153,0.3014127711051586,1,MODERATE,0.6975777461898522,0.5925443200963153,92.76,0.0868805496765456,1.3,1.0085491385848957,1.1319827111691747,High
2026-04-12,38,27271,31776,25612,2545,6606,1455,22126,0,10,1359,872,-987,-251,-65,-924,demanddata_2026.csv,-482.0,998.0,-1081.0,-205.0,3686.0,2026-04-12 18:30:00,2026,4,12,18,30,6,Sunday,1,0.5855406230013278,0.1392127518880729,102,-1.0,-1.8369701987210287e-16,0.8660254037844387,-0.4999999999999998,26756.0,26431.0,24872.0,21979.5,20853.5625,22910.904761904763,0,4000,28732,0.1392127518880729,-766.0,7224.0,0.2648870636550308,0.0,0.1351569375183338,1,0,0.6180829658097322,0.3125378035081655,1,MODERATE,0.7098784361009294,0.6180829658097322,86.03,0.0163890021053694,1.3,1.0124498862281937,1.137741268108323,High
2026-04-12,39,28320,31757,26640,2339,6606,614,22126,0,7,1497,984,-762,-399,-214,-378,demanddata_2026.csv,-104.0,997.0,-718.0,-355.0,3410.0,2026-04-12 19:00:00,2026,4,12,19,0,6,Sunday,1,0.6101718546433987,0.1027738140813698,102,-0.9659258262890684,0.2588190451025203,0.8660254037844387,-0.4999999999999998,27271.0,27449.0,26483.0,22761.08333333333,20871.70833333333,22916.372023809523,0,2953,28732,0.1027738140813698,548.0,6408.0,0.2262631969210126,0.0,0.1204053529183291,1,0,0.6368842563933033,0.3351983064028341,1,HIGH,0.727120298250379,0.6368842563933033,88.36,0.0032161127189048,1.3,1.0089067071188644,1.1419806590129895,High
2026-04-12,40,28432,32001,26810,2133,6606,73,22126,0,3,1507,992,-749,-450,-358,-346,demanddata_2026.csv,-27.0,997.0,-677.0,-459.0,3333.0,2026-04-12 19:30:00,2026,4,12,19,30,6,Sunday,1,0.6296437060174378,0.0767758326662722,102,-0.9659258262890684,0.2588190451025203,0.8660254037844387,-0.4999999999999998,28320.0,27851.0,27393.0,23559.5,20883.8125,22919.464285714286,0,2206,28732,0.0767758326662722,430.0,6562.0,0.2307881686772412,0.0,0.1172229451693454,1,0,0.6516993238222674,0.3376177309254299,1,HIGH,0.7407505942122063,0.6516993238222674,83.38,0.116734689685977,1.3,1.006988839527576,1.1453212202277214,Moderate
2026-04-12,41,28937,31093,27270,2047,6606,0,22126,0,7,1506,992,-267,-449,-361,241,demanddata_2026.csv,348.0,997.0,-101.0,-471.0,2912.0,2026-04-12 20:00:00,2026,4,12,20,0,6,Sunday,1,0.4064275176761468,0.0712421257787213,102,-0.8660254037844386,0.5000000000000001,0.8660254037844387,-0.4999999999999998,28432.0,28083.0,28246.0,24390.33333333333,20901.604166666668,22921.52083333333,0,2047,28732,0.0712421257787213,2435.0,5733.0,0.1981132075471698,0.0,0.10062893081761,1,0,0.6511521894046587,0.3485267432817766,0,MODERATE,0.2844992623733027,0.6511521894046587,101.3,0.3733521203432987,1.3,1.0395763354642973,1.145197850150368,High
2026-04-12,42,29051,31308,27176,1961,6606,0,22126,0,7,1506,991,-243,-450,-487,270,demanddata_2026.csv,423.0,997.0,-57.0,-513.0,2718.0,2026-04-12 20:30:00,2026,4,12,20,30,6,Sunday,1,0.4252682654511364,0.0682490516131277,102,-0.8660254037844386,0.5000000000000001,0.8660254037844387,-0.4999999999999998,28937.0,27689.0,28112.0,25204.0,20929.979166666668,22924.31547619048,0,1961,28732,0.0682490516131277,2437.0,5937.0,0.2043577034283354,0.0,0.0935563816604708,1,0,0.6545986993889356,0.3509893718137043,0,MODERATE,0.2976877858157954,0.6545986993889356,96.25,0.3145038194306527,1.3,1.039608841694658,1.1459749831357469,High
2026-04-12,43,28412,30776,26497,1860,6606,0,22126,0,7,1507,981,-365,-450,-528,154,demanddata_2026.csv,797.0,997.0,58.0,-514.0,2828.0,2026-04-12 21:00:00,2026,4,12,21,0,6,Sunday,1,0.4428223375823379,0.0647339296279539,102,-0.7071067811865477,0.7071067811865474,0.8660254037844387,-0.4999999999999998,29051.0,26443.0,27560.0,25934.166666666668,20971.0,22926.85119047619,0,1860,28732,0.0647339296279539,2637.0,6351.0,0.2235244430366381,0.0,0.0995319044099531,0,0,0.6562065046853749,0.3371856908321092,0,MODERATE,0.3099756363076366,0.6562065046853749,74.09,0.5999725851931508,1.0,1.04285946473074,1.1463375175649608,Moderate
2026-04-12,44,27762,30130,25871,1758,6606,0,22126,0,7,1507,980,-370,-450,-527,150,demanddata_2026.csv,826.0,998.0,63.0,-514.0,2825.0,2026-04-12 21:30:00,2026,4,12,21,30,6,Sunday,1,0.4220283002995423,0.061184004454808,102,-0.7071067811865477,0.7071067811865474,0.8660254037844387,-0.4999999999999998,28412.0,25499.0,26997.0,26576.25,21018.14583333333,22929.12797619048,0,1758,28732,0.061184004454808,2663.0,6385.0,0.2299823506105248,0.0,0.1017541331988618,0,0,0.6552690230607042,0.3231443877991877,0,MODERATE,0.2954198102096796,0.6552690230607042,75.69,0.3197916378450688,1.0,1.0432820457254306,1.1461261304234631,Moderate
2026-04-12,45,26263,28743,24473,1644,6606,0,22126,0,10,1507,969,-376,-450,-527,162,demanddata_2026.csv,602.0,997.0,-103.0,-514.0,2778.0,2026-04-12 22:00:00,2026,4,12,22,0,6,Sunday,1,0.3889061587576646,0.0572164410259979,102,-0.5000000000000004,0.8660254037844384,0.8660254037844387,-0.4999999999999998,27762.0,23963.0,26190.0,26973.33333333333,21066.0625,22929.34523809524,0,1644,28732,0.0572164410259979,2267.0,6207.0,0.2363310996040207,0.0,0.1057721596101127,0,0,0.6492923706723385,0.2907629828048043,0,MODERATE,0.2722343111303652,0.6492923706723385,71.71,0.2879519488672071,1.0,1.0368458121139883,1.144778490714212,Low
2026-04-12,46,25142,27637,23425,1529,6606,0,22126,0,10,1501,961,-376,-450,-528,162,demanddata_2026.csv,544.0,989.0,-117.0,-514.0,2846.0,2026-04-12 22:30:00,2026,4,12,22,30,6,Sunday,1,0.3970480598448003,0.0532140744092158,102,-0.5000000000000004,0.8660254037844384,0.8660254037844387,-0.4999999999999998,26263.0,22647.0,24970.0,27181.25,21118.041666666668,22929.85714285714,0,1529,28732,0.0532140744092158,2172.0,6142.0,0.2442827029391878,0.0,0.1131925386787575,0,0,0.6460834672754557,0.2665471355741813,0,MODERATE,0.2779336418913601,0.6460834672754557,73.36,0.0631138900071251,1.0,1.0353017661718495,1.1440549342214157,Low
2026-04-12,47,23819,26472,22151,1482,6606,0,22126,0,11,1174,736,-366,-450,-473,-152,demanddata_2026.csv,170.0,695.0,-187.0,-514.0,2935.0,2026-04-12 23:00:00,2026,4,12,23,0,6,Sunday,1,0.3795727773475367,0.051578324574531,102,-0.2588190451025215,0.965925826289068,0.8660254037844387,-0.4999999999999998,25142.0,21163.0,23842.0,27148.666666666668,21173.375,22929.78869047619,0,1482,28732,0.051578324574531,633.0,4917.0,0.2064231738035264,0.0,0.1232157850545759,0,0,0.6310931357388345,0.2379676834010196,0,MODERATE,0.2657009441432757,0.6310931357388345,71.46,0.3871044435023454,1.0,1.010288221909199,1.1406748537481195,Low
2026-04-12,48,22982,25644,21332,1435,6606,0,22126,0,12,1152,727,-366,-400,-514,-164,demanddata_2026.csv,119.0,681.0,-192.0,-514.0,2934.0,2026-04-12 23:30:00,2026,4,12,23,30,6,Sunday,1,0.3469691162371002,0.0499425747398461,102,-0.2588190451025215,0.965925826289068,0.8660254037844387,-0.4999999999999998,23819.0,20559.0,23037.0,26928.916666666668,21223.854166666668,22929.625,0,1435,28732,0.0499425747398461,529.0,4829.0,0.2101118217813166,0.0,0.1276595744680851,0,0,0.6274714322457784,0.2198868054955499,0,MODERATE,0.2428783813659701,0.6274714322457784,76.18,0.0585501040262321,1.0,1.0085978979304366,1.1398582174230962,Moderate
2026-04-13,1,22764,25605,21005,1420,6606,0,22126,0,12,1468,974,-595,-380,-424,-224,demanddata_2026.csv,59.0,822.0,-192.0,-514.0,2683.0,2026-04-13 00:00:00,2026,4,13,0,0,0,Monday,0,0.3427131462594594,0.0494205269202659,103,0.0,1.0,0.8660254037844387,-0.4999999999999998,22982.0,20244.0,23324.0,26596.25,21276.354166666668,22927.95833333333,0,1420,28732,0.0494205269202659,994.0,5652.0,0.2482758620689655,0.0,0.1178563584449813,0,1,0.63402806575956,0.2151775684783547,0,MODERATE,0.2398992023816215,0.63402806575956,55.27,0.0239312396268992,0.82,1.0161555964893272,1.1413366336179849,Very Low
2026-04-13,2,22689,25450,20866,1404,6606,0,22126,0,12,1493,991,-604,-380,-335,-225,demanddata_2026.csv,81.0,836.0,-191.0,-514.0,2588.0,2026-04-13 00:30:00,2026,4,13,0,30,0,Monday,0,0.355163353457947,0.0488636759127136,103,0.0,1.0,0.8660254037844387,-0.4999999999999998,22764.0,20130.0,22919.0,26214.416666666668,21329.666666666668,22927.27380952381,0,1404,28732,0.0488636759127136,1152.0,5650.0,0.249008373732922,0.0,0.1140590568532393,0,1,0.6340433196729356,0.2135574181284023,0,MODERATE,0.2486143474205628,0.6340433196729356,61.5,0.5228456375714194,0.82,1.018723588687832,1.1413400731319554,Very Low
2026-04-13,3,22842,25330,21035,1378,6606,0,22126,0,12,1506,992,-592,-380,-324,129,demanddata_2026.csv,453.0,988.0,-166.0,-514.0,2805.0,2026-04-13 01:00:00,2026,4,13,1,0,0,Monday,0,0.3800937690100142,0.0479587930254411,103,0.2588190451025207,0.9659258262890684,0.8660254037844387,-0.4999999999999998,22689.0,19847.0,22538.0,25757.916666666668,21392.0625,22928.17857142857,0,1378,28732,0.0479587930254411,2092.0,6044.0,0.2645887142669527,0.0,0.1227947292387164,0,1,0.6387124166344137,0.2168625248423053,0,MODERATE,0.2660656383070099,0.6387124166344137,63.12,0.0025646174495705,0.82,1.0340015169574168,1.1423928799647372,Low
2026-04-13,4,22845,25175,21243,1351,6606,0,22126,0,12,1507,992,-591,-380,-173,143,demanddata_2026.csv,529.0,998.0,-161.0,-513.0,3014.0,2026-04-13 01:30:00,2026,4,13,1,30,0,Monday,0,0.3462662680474429,0.0470191069501966,103,0.2588190451025207,0.9659258262890684,0.8660254037844387,-0.4999999999999998,22842.0,20018.0,22965.0,25292.33333333333,21450.95833333333,22927.821428571428,0,1351,28732,0.0470191069501966,2351.0,5987.0,0.2620590037643351,0.0,0.1319268143219819,0,1,0.638816577808736,0.2169273308563034,0,MODERATE,0.24238638763321,0.638816577808736,64.41,0.1043020566950262,0.82,1.038211073789143,1.142416366646839,Low
2026-04-13,5,22831,24994,21171,1304,6606,0,22126,0,12,1506,992,-599,-380,-144,325,demanddata_2026.csv,903.0,997.0,-14.0,-514.0,2735.0,2026-04-13 02:00:00,2026,4,13,2,0,0,Monday,0,0.3417683222188197,0.0453833571155117,103,0.4999999999999999,0.8660254037844387,0.8660254037844387,-0.4999999999999998,22845.0,19654.0,22522.0,24783.5,21517.14583333333,22928.74107142857,0,1304,28732,0.0453833571155117,3072.0,6374.0,0.2791695865451997,0.0,0.1197880168185003,0,1,0.6431787506869442,0.216624902790979,0,MODERATE,0.2392378255531738,0.6431787506869442,59.76,0.2842814225585807,0.82,1.049929569834218,1.1433999669982222,Very Low
2026-04-13,6,22142,24221,20479,1256,6606,0,22126,0,12,1505,992,-599,-380,-69,331,demanddata_2026.csv,968.0,997.0,-5.0,-514.0,2633.0,2026-04-13 02:30:00,2026,4,13,2,30,0,Monday,0,0.3448878771983907,0.0437128040928549,103,0.4999999999999999,0.8660254037844387,0.8660254037844387,-0.4999999999999998,22831.0,18849.0,22002.0,24207.75,21585.75,22929.15773809524,0,1256,28732,0.0437128040928549,3226.0,6360.0,0.2872239533938491,0.0,0.118908910265095,0,1,0.6414872301024304,0.2017411215760822,0,MODERATE,0.2414215140388734,0.6414872301024304,61.97,0.1965797474462857,0.82,1.0524325495720013,1.143018556107881,Very Low
2026-04-13,7,22158,24196,20411,1181,6606,0,22126,0,11,1506,992,-431,-380,-82,327,demanddata_2026.csv,1203.0,997.0,-120.0,-514.0,2514.0,2026-04-13 03:00:00,2026,4,13,3,0,0,Monday,0,0.349550987063465,0.0411025649949535,103,0.7071067811865476,0.7071067811865476,0.8660254037844387,-0.4999999999999998,22142.0,18234.0,21830.0,23686.58333333333,21667.5,22930.133928571428,0,1181,28732,0.0411025649949535,3498.0,6552.0,0.2956812130511305,0.0,0.1134527731395821,0,1,0.6449726986984482,0.2020867536507387,0,MODERATE,0.2446856909444254,0.6449726986984482,59.64,0.1046090130550064,0.82,1.0568533969010727,1.1438044736383175,Very Low
2026-04-13,8,21970,23955,20113,1106,6606,0,22126,0,13,1506,992,-424,-380,-25,325,demanddata_2026.csv,1219.0,997.0,-129.0,-514.0,2327.0,2026-04-13 03:30:00,2026,4,13,3,30,0,Monday,0,0.3457525521469864,0.0384923258970521,103,0.7071067811865476,0.7071067811865476,0.8660254037844387,-0.4999999999999998,22158.0,18015.0,21627.0,23203.916666666668,21749.89583333333,22931.154761904763,0,1106,28732,0.0384923258970521,3567.0,6511.0,0.2963451822857403,0.0,0.105912338992308,0,1,0.6456298860164177,0.1980255767735246,0,MODERATE,0.2420267865028904,0.6456298860164177,60.43,0.0079752039831959,0.82,1.057974861848521,1.1439526588879458,Very Low
2026-04-13,9,21887,24183,20031,1038,6606,0,22126,0,13,1507,992,-628,-380,-59,24,demanddata_2026.csv,1045.0,997.0,-202.0,-514.0,2481.0,2026-04-13 04:00:00,2026,4,13,4,0,0,Monday,0,0.3318627510085878,0.0361257091149549,103,0.8660254037844386,0.5000000000000001,0.8660254037844387,-0.4999999999999998,21970.0,17772.0,21386.0,22839.25,21835.625,22932.64583333333,0,1038,28732,0.0361257091149549,2782.0,6348.0,0.2900219298245614,0.0,0.1133497807017543,0,1,0.6454018060711207,0.1962326103862438,0,MODERATE,0.2323039257060114,0.6454018060711207,59.16,0.0389473047192322,0.82,1.0452161664318995,1.1439012305010845,Very Low
2026-04-13,10,21873,24141,19860,970,6606,0,22126,0,13,1507,990,-637,-379,0,0,demanddata_2026.csv,1047.0,995.0,-225.0,-514.0,2256.0,2026-04-13 04:30:00,2026,4,13,4,30,0,Monday,0,0.3360670964292472,0.0337590923328576,103,0.8660254037844386,0.5000000000000001,0.8660254037844387,-0.4999999999999998,21887.0,17307.0,21215.0,22566.83333333333,21930.75,22934.604166666668,0,970,28732,0.0337590923328576,2784.0,6294.0,0.28773886806254,0.0,0.1031361433665539,0,1,0.6464133035568949,0.1959301823209193,0,MODERATE,0.235246967500473,0.6464133035568949,60.84,0.152401866812736,0.82,1.0452486726622603,1.1441293070377574,Very Low
2026-04-13,11,22252,26048,20138,920,6606,0,22126,0,9,1460,935,-947,-318,0,-697,demanddata_2026.csv,1342.0,909.0,-870.0,-455.0,2343.0,2026-04-13 05:00:00,2026,4,13,5,0,0,Monday,0,0.3694288968461748,0.0320189329342567,103,0.9659258262890684,0.2588190451025207,0.8660254037844387,-0.4999999999999998,21873.0,17047.0,21649.0,22436.25,22039.1875,22936.39880952381,0,920,28732,0.0320189329342567,1359.0,7933.0,0.3564912596054465,0.0,0.1052891744933267,0,1,0.6635888419691023,0.2041173420893459,0,MODERATE,0.2586002277923224,0.6635888419691023,62.4,0.0208082902325403,0.82,1.0220879835301766,1.148002116779398,Very Low
2026-04-13,12,23186,27201,20937,869,6606,0,22126,0,5,1457,931,-962,-402,0,-735,demanddata_2026.csv,1380.0,902.0,-904.0,-507.0,2001.0,2026-04-13 05:30:00,2026,4,13,5,30,0,Monday,0,0.3858432652208773,0.0302439703476838,103,0.9659258262890684,0.2588190451025207,0.8660254037844387,-0.4999999999999998,22252.0,16953.0,21607.0,22453.25,22169.041666666668,22941.09821428572,0,869,28732,0.0302439703476838,1160.0,8180.0,0.352783887523181,0.0,0.0862983568378833,0,1,0.6695212268169878,0.2242936144474207,0,MODERATE,0.2700902856546141,0.6695212268169878,53.26,0.0906094577890806,0.82,1.0188536136092752,1.1493397748649063,Very Low
2026-04-13,13,25207,28633,22835,816,6606,4,22126,0,3,1418,936,-928,-330,0,-543,demanddata_2026.csv,1396.0,847.0,-608.0,-514.0,1796.0,2026-04-13 06:00:00,2026,4,13,6,0,0,Monday,0,0.3719073015948012,0.0285386141370549,103,1.0,6.123233995736766e-17,0.8660254037844387,-0.4999999999999998,23186.0,17562.0,22614.0,22656.83333333333,22328.3125,22948.81547619048,0,820,28732,0.0285386141370549,1674.0,7520.0,0.2983179942875277,0.0,0.0712472231037765,0,0,0.671361896474963,0.2679512658774734,0,MODERATE,0.2603351111163609,0.671361896474963,75.41,0.0431300674729241,1.08,1.0272077148120056,1.149754816490471,Moderate
2026-04-13,14,27067,30512,24483,762,6606,330,22126,0,3,1406,929,-927,-312,-83,-536,demanddata_2026.csv,1397.0,833.0,-570.0,-514.0,1848.0,2026-04-13 06:30:00,2026,4,13,6,30,0,Monday,0,0.3930474602101332,0.0380050812654439,103,1.0,6.123233995736766e-17,0.8660254037844387,-0.4999999999999998,25207.0,17934.0,23287.0,23021.666666666668,22518.58333333333,22960.06547619048,0,1092,28732,0.0380050812654439,1623.0,7507.0,0.2773385547509975,0.0,0.0682724988916802,0,0,0.6727015297563733,0.3081309945562948,0,MODERATE,0.2751332221470932,0.6727015297563733,84.46,0.1657272304326767,1.08,1.0263788059378047,1.1500568824110815,Moderate
2026-04-13,15,28442,31399,25718,702,6606,1378,22126,0,2,647,661,-636,-437,-235,-633,demanddata_2026.csv,1397.0,500.0,94.0,-514.0,1786.0,2026-04-13 07:00:00,2026,4,13,7,0,0,Monday,0,0.6286407174382248,0.0723906309817979,103,0.9659258262890684,-0.2588190451025206,0.8660254037844387,-0.4999999999999998,27067.0,18478.0,24120.0,23488.33333333333,22726.166666666668,22972.92857142857,0,2080,28732,0.0723906309817979,844.0,5754.0,0.2022993355131315,0.0,0.0627922511690046,0,0,0.6482809171146056,0.3378337509720902,1,HIGH,0.7400485022067573,0.6482809171146056,72.45,0.1175020794206755,1.08,1.0137176292122656,1.1445504240826112,Low
2026-04-13,16,28667,31721,25834,642,6606,2795,22126,0,2,599,650,-606,-451,-346,-635,demanddata_2026.csv,1397.0,489.0,140.0,-514.0,1677.0,2026-04-13 07:30:00,2026,4,13,7,30,0,Monday,0,0.6237114860440499,0.1196185570598266,103,0.9659258262890684,-0.2588190451025206,0.8660254037844387,-0.4999999999999998,28442.0,18604.0,24747.0,23973.5,22935.8125,22984.59523809524,0,3437,28732,0.1196185570598266,723.0,5827.0,0.2032579880005581,0.0,0.0584972791963164,0,0,0.6262343273980595,0.3426942020219476,1,HIGH,0.736598040230835,0.6262343273980595,79.03,0.3067577977127706,1.08,1.011751002275436,1.139579270027638,Moderate
2026-04-13,17,29154,31789,26080,572,6606,4288,22126,0,5,1290,888,-607,-452,-230,-327,demanddata_2026.csv,1397.0,859.0,170.0,-514.0,1329.0,2026-04-13 08:00:00,2026,4,13,8,0,0,Monday,0,0.6055648703747785,0.1691434935440086,103,0.8660254037844387,-0.4999999999999998,0.8660254037844387,-0.4999999999999998,28667.0,19138.0,24926.0,24500.416666666668,23144.479166666668,22997.17857142857,0,4860,28732,0.1691434935440086,2474.0,6734.0,0.2309723889555822,0.0,0.0455839478648602,0,0,0.6108467176539726,0.3532143782943057,1,HIGH,0.7238954092623449,0.6108467176539726,83.26,0.1903668740022025,1.08,1.0402102069563333,1.1361096096602457,Moderate
2026-04-13,18,28213,30674,25102,502,6606,5836,22126,0,7,1346,905,-597,-451,-77,-315,demanddata_2026.csv,1397.0,885.0,175.0,-514.0,1090.0,2026-04-13 08:30:00,2026,4,13,8,30,0,Monday,0,0.5889037315434318,0.2205826053666515,103,0.8660254037844387,-0.4999999999999998,0.8660254037844387,-0.4999999999999998,29154.0,18649.0,24223.0,25006.33333333333,23343.729166666668,23009.05357142857,0,6338,28732,0.2205826053666515,2754.0,6662.0,0.2361239101155454,0.0,0.0386333026157226,0,0,0.578127548828617,0.3328868919035686,1,MODERATE,0.7122326120804022,0.578127548828617,77.91,0.0089093644908887,1.08,1.044761079206848,1.128731959380872,Moderate
2026-04-13,19,28022,29858,24988,480,6606,7339,22126,0,7,1106,949,-121,-452,0,-242,demanddata_2026.csv,1397.0,960.0,264.0,-514.0,1211.0,2026-04-13 09:00:00,2026,4,13,9,0,0,Monday,0,0.5459114635149765,0.2721261267532106,103,0.7071067811865476,-0.7071067811865475,0.8660254037844387,-0.4999999999999998,28213.0,18545.0,23559.0,25495.0,23541.166666666668,23022.33630952381,0,7819,28732,0.2721261267532106,3347.0,6005.0,0.2142882632123612,0.0,0.0432145023730507,0,0,0.5456005332669236,0.3287609090123563,1,MODERATE,0.6821380244604835,0.5456005332669236,77.45,0.0510497567957277,1.08,1.0543991765088307,1.121397636595143,Moderate
2026-04-13,20,27115,28943,24129,457,6606,8693,22126,0,12,1080,950,-109,-452,0,-241,demanddata_2026.csv,1397.0,954.0,270.0,-514.0,1238.0,2026-04-13 09:30:00,2026,4,13,9,30,0,Monday,0,0.541737629892542,0.3184491699439669,103,0.7071067811865476,-0.7071067811865475,0.8660254037844387,-0.4999999999999998,28022.0,18695.0,22158.0,25923.75,23716.58333333333,23037.089285714286,0,9150,28732,0.3184491699439669,3335.0,5967.0,0.2200545803215813,0.0,0.0456557014308895,0,0,0.5129402511534709,0.3091678907802644,1,MODERATE,0.6792163409247793,0.5129402511534709,78.99,0.1466946865928713,1.08,1.054204139126666,1.1140332643293045,Moderate
2026-04-13,21,25497,27732,22623,497,6606,9709,22126,0,12,554,830,-106,-451,0,-653,demanddata_2026.csv,1397.0,603.0,217.0,-513.0,1594.0,2026-04-13 10:00:00,2026,4,13,10,0,0,Monday,0,0.331271197016253,0.3552013364424181,103,0.4999999999999999,-0.8660254037844387,0.8660254037844387,-0.4999999999999998,27115.0,18718.0,20751.0,26224.58333333333,23857.8125,23051.214285714286,0,10206,28732,0.3552013364424181,1878.0,5324.0,0.2088006902502157,0.0,0.0625147070358459,0,0,0.4710619506141333,0.274215847230623,0,MODERATE,0.2318898379113771,0.4710619506141333,61.68,0.4727424949250725,0.95,1.0305233503088091,1.1045903760541502,Very Low
2026-04-13,22,25118,27368,22357,536,6606,10396,22126,0,12,513,822,-105,-452,0,-667,demanddata_2026.csv,1397.0,587.0,211.0,-514.0,1799.0,2026-04-13 10:30:00,2026,4,13,10,30,0,Monday,0,0.3001580417167573,0.3804684509101033,103,0.4999999999999999,-0.8660254037844387,0.8660254037844387,-0.4999999999999998,25497.0,18578.0,19027.0,26495.0,23994.0625,23069.342261904763,0,10932,28732,0.3804684509101033,1792.0,5268.0,0.2097217245909471,0.0,0.0716190931167642,0,0,0.451851309197757,0.2660286874621965,0,MODERATE,0.2101106292017301,0.451851309197757,60.89,0.0461822796577338,0.95,1.029125582403294,1.100258683071086,Very Low
2026-04-13,23,25320,26990,22515,564,6606,10438,22126,0,12,941,834,222,-451,0,-193,demanddata_2026.csv,1397.0,776.0,134.0,-514.0,1802.0,2026-04-13 11:00:00,2026,4,13,11,0,0,Monday,0,0.3070073918337754,0.3829046740681446,103,0.258819045102521,-0.9659258262890682,0.8660254037844387,-0.4999999999999998,25118.0,19258.0,17898.0,26750.666666666668,24120.354166666668,23091.43154761905,0,11002,28732,0.3829046740681446,3146.0,5462.0,0.2157102800047391,0.0,0.0711662256624935,0,0,0.4544281708499793,0.2703922924047351,0,MODERATE,0.2149051742836428,0.4544281708499793,63.23,0.0776491579391053,0.95,1.0511323003575683,1.100839724239641,Low
2026-04-13,24,25053,26697,22173,591,6606,10639,22126,0,12,974,836,243,-452,0,-167,demanddata_2026.csv,1397.0,787.0,127.0,-513.0,1378.0,2026-04-13 11:30:00,2026,4,13,11,30,0,Monday,0,0.2917056690615959,0.3908398009257648,103,0.258819045102521,-0.9659258262890682,0.8660254037844387,-0.4999999999999998,25320.0,19012.0,16764.0,26906.25,24246.20833333333,23116.10119047619,0,11230,28732,0.3908398009257648,3232.0,5496.0,0.2193661690747984,0.0,0.0550011974135866,0,0,0.4469385208766716,0.2646245571589043,0,LOW,0.2041939683431171,0.4469385208766716,60.84,0.1666996190639456,0.95,1.0525300682630838,1.0991509277267184,Very Low
2026-04-13,25,25153,26474,22283,600,6606,10449,22126,0,11,1002,888,463,-382,0,309,demanddata_2026.csv,1397.0,752.0,66.0,-428.0,1345.0,2026-04-13 12:00:00,2026,4,13,12,0,0,Monday,0,0.2968028877251343,0.3845404239028295,103,1.2246467991473532e-16,-1.0,0.8660254037844387,-0.4999999999999998,25053.0,19400.0,16164.0,26901.75,24366.0625,23142.854166666668,0,11049,28732,0.3845404239028295,4067.0,5687.0,0.226087302218335,0.0,0.0534706209747952,0,0,0.4532792086304073,0.2667847576255076,0,LOW,0.207762021407594,0.4532792086304073,62.35,0.1976440348037221,0.95,1.0661014194387255,1.1005806515998235,Very Low
2026-04-13,26,24809,26022,21944,609,6606,10444,22126,0,6,1007,892,471,-296,0,330,demanddata_2026.csv,1397.0,750.0,55.0,-411.0,1189.0,2026-04-13 12:30:00,2026,4,13,12,30,0,Monday,0,0.2822689718601339,0.3846796366547175,103,1.2246467991473532e-16,-1.0,0.8660254037844387,-0.4999999999999998,25153.0,19230.0,15731.0,26713.58333333333,24482.291666666668,23169.872023809523,0,11053,28732,0.3846796366547175,4195.0,5609.0,0.2260781942765014,0.0,0.0479242241031842,0,0,0.448405250828184,0.2593536680203923,0,LOW,0.1975882803020937,0.448405250828184,64.7,0.2827492962449874,0.95,1.068181818181818,1.099481651917614,Low
2026-04-13,27,24538,25861,21673,674,6606,10563,22126,0,6,1267,941,363,-298,0,280,demanddata_2026.csv,1397.0,783.0,-171.0,-348.0,1347.0,2026-04-13 13:00:00,2026,4,13,13,0,0,Monday,0,0.2783972652292721,0.3910834232415689,103,-0.2588190451025208,-0.9659258262890684,0.8660254037844387,-0.4999999999999998,24809.0,18941.0,15411.0,26388.25,24598.89583333333,23197.03571428572,0,11237,28732,0.3910834232415689,4214.0,5848.0,0.2383145197440808,0.0,0.0548922123965931,0,0,0.443267650107208,0.2534995247558973,0,LOW,0.1948780856604904,0.443267650107208,60.61,0.2765385534232364,0.95,1.068490627370246,1.0983232049657143,Very Low
2026-04-13,28,24497,25849,21716,738,6606,10374,22126,0,6,1287,946,349,-294,0,265,demanddata_2026.csv,1392.0,791.0,-192.0,-360.0,1533.0,2026-04-13 13:30:00,2026,4,13,13,30,0,Monday,0,0.28493170407426,0.3867330247450666,103,-0.2588190451025208,-0.9659258262890684,0.8660254037844387,-0.4999999999999998,24538.0,18851.0,14976.0,26040.75,24716.52083333333,23225.372023809523,0,11112,28732,0.3867330247450666,4184.0,5876.0,0.2398563148012082,0.0,0.0625765368601518,0,0,0.4455359095958889,0.25261384256459,0,LOW,0.1994521928519819,0.4455359095958889,59.86,0.0615197067583593,0.95,1.0680030339148336,1.0988346612725566,Very Low
2026-04-13,29,23909,26082,21238,816,6606,10100,22126,0,6,1494,989,-95,-211,0,-471,demanddata_2026.csv,1325.0,986.0,-398.0,-492.0,1997.0,2026-04-13 14:00:00,2026,4,13,14,0,0,Monday,0,0.278820304609166,0.3799115999025511,103,-0.4999999999999997,-0.8660254037844388,0.8660254037844387,-0.4999999999999998,24497.0,18967.0,14785.0,25603.666666666668,24819.479166666668,23252.526785714286,0,10916,28732,0.3799115999025511,3127.0,6461.0,0.2702216645754914,0.0,0.0835215391049769,0,0,0.4471453406990714,0.2399118638209625,0,LOW,0.1951742132264162,0.4471453406990714,63.06,0.191089993753159,0.95,1.0508234911691408,1.0991975622952386,Low
2026-04-13,30,24167,26441,21475,893,6606,9128,22126,0,6,1509,992,-104,-264,0,-513,demanddata_2026.csv,1287.0,998.0,-400.0,-487.0,2001.0,2026-04-13 14:30:00,2026,4,13,14,30,0,Monday,0,0.3035507451657877,0.3487627466675947,103,-0.4999999999999997,-0.8660254037844388,0.8660254037844387,-0.4999999999999998,23909.0,19287.0,14966.0,25266.5,24921.14583333333,23279.91071428572,0,10021,28732,0.3487627466675947,3018.0,6554.0,0.2711850380668653,0.0,0.0827954319761668,0,0,0.4696008418037772,0.2454851810247991,0,MODERATE,0.2124855216160514,0.4696008418037772,62.84,0.0040146528140479,0.95,1.049051901614476,1.104260919340856,Low
2026-04-13,31,24224,26310,21731,934,6606,7664,22126,0,6,1509,992,-347,-344,0,-500,demanddata_2026.csv,915.0,998.0,56.0,-389.0,2748.0,2026-04-13 15:00:00,2026,4,13,15,0,0,Monday,0,0.3047645937953339,0.2992378101834128,103,-0.7071067811865471,-0.7071067811865479,0.8660254037844387,-0.4999999999999998,24167.0,19650.0,15101.0,24950.0,25016.4375,23307.0625,0,8598,28732,0.2992378101834128,2890.0,6050.0,0.2497420020639834,0.0,0.1134365325077399,0,0,0.4954598901397499,0.2467164952907629,0,MODERATE,0.2133352156567337,0.4954598901397499,63.67,0.197718141614981,0.95,1.0469715028713835,1.110091721956856,Low
2026-04-13,32,24726,26811,22410,974,6606,7440,22126,0,12,1509,992,-370,-323,0,-499,demanddata_2026.csv,880.0,998.0,85.0,-381.0,2800.0,2026-04-13 15:30:00,2026,4,13,15,30,0,Monday,0,0.3266009430930859,0.2928340235965614,103,-0.7071067811865471,-0.7071067811865479,0.8660254037844387,-0.4999999999999998,24224.0,20057.0,16211.0,24750.916666666668,25113.70833333333,23332.404761904763,0,8414,28732,0.2928340235965614,2891.0,6037.0,0.2441460751405346,0.0,0.1132365430501071,0,0,0.5042124949623846,0.2575607016331115,0,MODERATE,0.2286206601651601,0.5042124949623846,62.52,0.2368151739488098,0.95,1.046987755986564,1.11206529462796,Very Low
2026-04-13,33,25994,28309,23710,903,6606,6708,22126,0,10,1508,992,-607,-438,-17,-323,demanddata_2026.csv,1027.0,998.0,1.0,-420.0,2922.0,2026-04-13 16:00:00,2026,4,13,16,0,0,Monday,0,0.3542139039479662,0.2648870636550308,103,-0.8660254037844385,-0.5000000000000004,0.8660254037844387,-0.4999999999999998,24726.0,21498.0,17677.0,24792.33333333333,25207.375,23357.15773809524,0,7611,28732,0.2648870636550308,2721.0,6331.0,0.2435468359299865,0.0,0.1124062319676861,1,0,0.5342739997249838,0.2849520435496414,0,MODERATE,0.2479497327635763,0.5342739997249838,94.25,0.0912603902369708,1.3,1.0442247264058944,1.118843684085039,High
2026-04-13,34,27084,29490,24644,832,6606,5421,22126,0,12,1509,992,-617,-450,0,-317,demanddata_2026.csv,1068.0,998.0,0.0,-510.0,2897.0,2026-04-13 16:30:00,2026,4,13,16,30,0,Monday,0,0.3627064136093417,0.21762433438903,103,-0.8660254037844385,-0.5000000000000004,0.8660254037844387,-0.4999999999999998,25994.0,22647.0,19700.0,24956.166666666668,25299.8125,23379.133928571428,0,6253,28732,0.21762433438903,2673.0,6461.0,0.2385453202879822,0.0,0.1069595717186634,1,0,0.5697677068109238,0.3084982286356174,0,MODERATE,0.2538944895265391,0.5697677068109238,90.39,0.0733226560787504,1.3,1.043444576877235,1.126846948452674,High
2026-04-13,35,28121,30835,25544,781,6606,4714,22126,0,14,1483,984,-693,-450,0,-543,demanddata_2026.csv,1360.0,998.0,38.0,-514.0,2470.0,2026-04-13 17:00:00,2026,4,13,17,0,0,Monday,0,0.5842103356199116,0.1912435179062402,103,-0.9659258262890684,-0.2588190451025206,0.8660254037844387,-0.4999999999999998,27084.0,24210.0,22349.0,25189.58333333333,25381.291666666668,23396.3125,0,5495,28732,0.1912435179062402,2663.0,7063.0,0.2511556788279638,0.0,0.0878315909252542,1,0,0.5952876804971496,0.3308995074742936,1,MODERATE,0.7089472349339381,0.5952876804971496,96.2,0.0527868066164791,1.3,1.0432820457254306,1.132601295147749,High
2026-04-13,36,29469,32196,26884,730,6606,3632,22126,0,15,1473,980,-696,-450,0,-552,demanddata_2026.csv,1397.0,996.0,64.0,-514.0,2535.0,2026-04-13 17:30:00,2026,4,13,17,30,0,Monday,0,0.61602395022682,0.1518115059339435,103,-0.9659258262890684,-0.2588190451025206,0.8660254037844387,-0.4999999999999998,28121.0,25619.0,24603.0,25557.58333333333,25461.5,23410.79464285714,0,4362,28732,0.1518115059339435,2698.0,7122.0,0.2416694944010858,0.0,0.0860196810315575,1,0,0.6239253912896164,0.3600190097641061,1,HIGH,0.731216765158774,0.6239253912896164,95.71,0.1156139769103075,1.3,1.043850904756745,1.1390586417923538,High
2026-04-13,37,30715,33260,27779,703,6606,2348,22126,0,12,977,833,-708,-450,0,-361,demanddata_2026.csv,1397.0,961.0,774.0,-514.0,2452.0,2026-04-13 18:00:00,2026,4,13,18,0,0,Monday,0,0.6348746392453267,0.1061845265026276,103,-1.0,-1.8369701987210287e-16,0.8660254037844387,-0.4999999999999998,29469.0,26756.0,25983.0,26021.08333333333,25543.979166666668,23424.87797619048,0,3051,28732,0.1061845265026276,2909.0,6975.0,0.2270803490037765,0.0,0.0798281026175283,1,0,0.6516756587549499,0.3869351075779832,1,HIGH,0.7444122474717287,0.6516756587549499,95.88,0.2529629400702179,1.3,1.0472803120598115,1.1453158841328028,High
2026-04-13,38,31333,33854,28512,676,6606,1389,22126,0,8,937,824,-708,-450,0,-341,demanddata_2026.csv,1397.0,960.0,831.0,-514.0,2297.0,2026-04-13 18:30:00,2026,4,13,18,30,0,Monday,0,0.6387598897015289,0.0718685831622176,103,-1.0,-1.8369701987210287e-16,0.8660254037844387,-0.4999999999999998,30715.0,27271.0,27069.0,26564.75,25628.604166666668,23437.56845238096,0,2065,28732,0.0718685831622176,2936.0,6962.0,0.2221867619837876,0.0,0.0733069509159379,1,0,0.6705474528382692,0.4002851464615916,1,HIGH,0.7471319227910702,0.6705474528382692,106.94,0.323225334238501,1.3,1.0477191461696824,1.149571172451227,High
2026-04-13,39,32648,34697,29714,663,6606,594,22126,0,7,949,907,-578,-450,0,368,demanddata_2026.csv,1397.0,949.0,1141.0,-514.0,1897.0,2026-04-13 19:00:00,2026,4,13,19,0,0,Monday,0,0.6772582662422784,0.0437476072808269,103,-0.9659258262890684,0.2588190451025203,0.8660254037844387,-0.4999999999999998,31333.0,28320.0,28202.0,27240.58333333333,25718.77083333333,23450.80059523809,0,1257,28732,0.0437476072808269,4169.0,7253.0,0.2221507550001531,0.0,0.0581028515421605,1,0,0.6909170499818427,0.428691782597425,1,HIGH,0.7740807863695949,0.6909170499818427,106.69,0.3276792664407005,1.3,1.0677592371871276,1.1541641914505532,High
2026-04-13,40,32793,34805,29626,649,6606,86,22126,0,6,954,915,-541,-451,0,410,demanddata_2026.csv,1397.0,950.0,1165.0,-514.0,1656.0,2026-04-13 19:30:00,2026,4,13,19,30,0,Monday,0,0.6925796104704411,0.0255803431594334,103,-0.9659258262890684,0.2588190451025203,0.8660254037844387,-0.4999999999999998,32648.0,28432.0,29157.0,27931.916666666668,25809.625,23461.622023809523,0,735,28732,0.0255803431594334,4285.0,7297.0,0.2225102152832835,0.0,0.0504970421418552,1,0,0.6997689209831206,0.4318240732739998,1,HIGH,0.7848057273293088,0.6997689209831206,110.19,0.1229661853752488,1.3,1.069644598548055,1.1561601470603713,High
2026-04-13,41,32880,34355,29813,658,6606,0,22126,0,7,1355,969,-3,-451,0,864,demanddata_2026.csv,1397.0,975.0,1232.0,-514.0,1517.0,2026-04-13 20:00:00,2026,4,13,20,0,0,Monday,0,0.4983197859946797,0.022900497685588,103,-0.8660254037844386,0.5000000000000001,0.8660254037844387,-0.4999999999999998,32793.0,28937.0,29644.0,28679.5,25891.77083333333,23471.25297619048,0,658,28732,0.022900497685588,5824.0,7760.0,0.2360025546668288,0.0,0.0461360664213375,1,0,0.704109582933188,0.4337034476799447,0,MODERATE,0.3488238501962757,0.704109582933188,106.56,0.100781496470692,1.3,1.0946581428107054,1.1571388970408345,High
2026-04-13,42,32547,34020,29601,666,6606,0,22126,0,7,1381,972,0,-452,0,884,demanddata_2026.csv,1397.0,977.0,1237.0,-514.0,1344.0,2026-04-13 20:30:00,2026,4,13,20,30,0,Monday,0,0.4532971352497647,0.0231789231893641,103,-0.8660254037844386,0.5000000000000001,0.8660254037844387,-0.4999999999999998,32880.0,29051.0,29133.0,29377.83333333333,25964.604166666668,23481.41369047619,0,666,28732,0.0231789231893641,5882.0,7814.0,0.2400761951579206,0.0,0.0412928597763303,1,0,0.7030085763182446,0.4265099801261557,0,MODERATE,0.3173079946748353,0.7030085763182446,113.43,0.2635104498546842,1.3,1.0956008234911692,1.1568906376243533,High
2026-04-13,43,31629,33101,28709,680,6606,0,22126,0,6,1061,955,184,-452,0,601,demanddata_2026.csv,1397.0,979.0,1243.0,-514.0,1338.0,2026-04-13 21:00:00,2026,4,13,21,0,0,Monday,0,0.4714574250116039,0.0236661678209724,103,-0.7071067811865477,0.7071067811865474,0.8660254037844387,-0.4999999999999998,32547.0,28412.0,28334.0,29994.916666666668,26031.625,23491.22023809524,0,680,28732,0.0236661678209724,5454.0,7386.0,0.2335124881441669,0.0,0.0423016123932975,0,0,0.6965173757582951,0.4066793398427374,0,MODERATE,0.3300201975081227,0.6965173757582951,82.81,0.1259772412489647,1.0,1.0886444901939538,1.1554269755160582,Moderate
2026-04-13,44,30892,32364,28005,694,6606,0,22126,0,6,1033,948,196,-452,0,587,demanddata_2026.csv,1397.0,972.0,1236.0,-514.0,1336.0,2026-04-13 21:30:00,2026,4,13,21,30,0,Monday,0,0.4549565187099526,0.0241534124525806,103,-0.7071067811865477,0.7071067811865474,0.8660254037844387,-0.4999999999999998,31629.0,27762.0,27114.0,30508.75,26096.83333333333,23502.464285714286,0,694,28732,0.0241534124525806,5403.0,7335.0,0.2374324280581361,0.0,0.0432460427928656,0,0,0.693076964415984,0.3907586624038711,0,MODERATE,0.3184695630969668,0.693076964415984,86.61,0.471991022257269,1.0,1.087815581319753,1.154651217677091,High
2026-04-13,45,28889,30663,26127,706,6606,0,22126,0,6,950,739,-318,-452,0,143,demanddata_2026.csv,1397.0,731.0,950.0,-498.0,1275.0,2026-04-13 22:00:00,2026,4,13,22,0,0,Monday,0,0.4076084571386566,0.0245710507082448,103,-0.5000000000000004,0.8660254037844384,0.8660254037844387,-0.4999999999999998,30892.0,26263.0,25691.0,30750.0,26151.541666666668,23511.98214285714,0,706,28732,0.0245710507082448,3642.0,6178.0,0.2138456213222568,0.0,0.0441329179646936,0,0,0.6772049593592965,0.3474898470578069,0,MODERATE,0.2853259199970596,0.6772049593592965,77.49,0.1321406977061778,1.0,1.0591938454870518,1.1510723338990303,Moderate
2026-04-13,46,27014,28666,24342,718,6606,0,22126,0,7,946,716,-354,-422,0,124,demanddata_2026.csv,1387.0,705.0,919.0,-369.0,891.0,2026-04-13 22:30:00,2026,4,13,22,30,0,Monday,0,0.411117345048906,0.024988688963909,103,-0.5000000000000004,0.8660254037844384,0.8660254037844387,-0.4999999999999998,28889.0,25142.0,24225.0,30744.166666666668,26190.541666666668,23520.28273809524,0,718,28732,0.024988688963909,3652.0,5942.0,0.2199518785859707,0.0,0.0329816768461965,0,0,0.6678376473408559,0.3069860883089951,0,MODERATE,0.2877821415342342,0.6678376473408559,80.57,0.2283981204159515,1.0,1.0593563766388558,1.1489601545677426,Moderate
2026-04-13,47,25418,27145,23113,744,6606,0,22126,0,7,1260,441,-529,-336,0,160,demanddata_2026.csv,1264.0,349.0,515.0,-355.0,1461.0,2026-04-13 23:00:00,2026,4,13,23,0,0,Monday,0,0.4033949234189927,0.0258935718511815,103,-0.2588190451025215,0.965925826289068,0.8660254037844387,-0.4999999999999998,27014.0,23819.0,22859.0,30518.916666666668,26223.854166666668,23527.89880952381,0,744,28732,0.0258935718511815,2769.0,5209.0,0.2049254494669342,0.0,0.0574766906644635,0,0,0.6553844818191099,0.2725092888620063,0,MODERATE,0.2823764463932948,0.6553844818191099,74.89,0.2816808052291977,1.0,1.045004875934554,1.146152164530435,Moderate
2026-04-13,48,24934,26708,22664,769,6606,0,22126,0,7,1285,423,-535,-242,0,162,demanddata_2026.csv,1219.0,323.0,482.0,-490.0,1849.0,2026-04-13 23:30:00,2026,4,13,23,30,0,Monday,0,0.380713307560971,0.026763651550482,103,-0.2588190451025215,0.965925826289068,0.8660254037844387,-0.4999999999999998,25418.0,22982.0,21929.0,30141.0,26264.52083333333,23536.842261904763,0,769,28732,0.026763651550482,2627.0,5161.0,0.2069781431722478,0.0,0.0741527972729095,0,0,0.6525526312910657,0.2620539186036464,0,MODERATE,0.2664993152926797,0.6525526312910657,73.17,0.0586425699696424,1.0,1.042696933578936,1.1455136274407278,Low
2026-04-14,1,24475,26091,22112,755,6606,0,22126,0,7,1288,456,-501,-94,0,-18,demanddata_2026.csv,845.0,218.0,315.0,-496.0,2056.0,2026-04-14 00:00:00,2026,4,14,0,0,1,Tuesday,0,0.3839011357154812,0.0262764069188737,104,0.0,1.0,0.8660254037844387,-0.4999999999999998,24934.0,22764.0,21748.0,29621.0,26300.166666666668,23544.95833333333,0,755,28732,0.0262764069188737,2013.0,4231.0,0.1728632129432913,0.0,0.0840006537015852,0,1,0.6433963587640315,0.2521385984619372,0,MODERATE,0.2687307950008368,0.6433963587640315,60.85,0.2127769388842177,0.82,1.0327175208581645,1.143449034145963,Very Low
2026-04-14,2,24162,25561,21801,740,6606,0,22126,0,7,1288,463,-500,-1,0,-24,demanddata_2026.csv,769.0,221.0,302.0,-367.0,2014.0,2026-04-14 00:30:00,2026,4,14,0,30,1,Tuesday,0,0.3726730974522453,0.0257543590992934,104,0.0,1.0,0.8660254037844387,-0.4999999999999998,24475.0,22689.0,22003.0,29023.416666666668,26330.854166666668,23551.383928571428,0,740,28732,0.0257543590992934,2151.0,3935.0,0.1628522948309398,0.0,0.083350577328974,0,1,0.6399158387592556,0.2453771710014689,0,MODERATE,0.2608711682165717,0.6399158387592556,61.19,0.1814524114899353,0.82,1.034960450753061,1.1426642324438585,Very Low
2026-04-14,3,23945,25322,21617,734,6606,0,22126,0,7,1291,675,-530,-36,0,67,demanddata_2026.csv,396.0,564.0,243.0,-304.0,1845.0,2026-04-14 01:00:00,2026,4,14,1,0,1,Tuesday,0,0.3793162883113448,0.0255455399714613,104,0.2588190451025207,0.9659258262890684,0.8660254037844387,-0.4999999999999998,24162.0,22842.0,21867.0,28298.166666666668,26353.83333333333,23557.56845238096,0,734,28732,0.0255455399714613,2366.0,4106.0,0.171469138895849,0.0,0.0770483588073164,0,1,0.640524127795052,0.2406895359889397,0,MODERATE,0.2655214018179413,0.640524127795052,63.87,0.1512456328963371,0.82,1.038454870516849,1.142801391911412,Low
2026-04-14,4,24340,25566,22002,727,6606,0,22126,0,7,1292,696,-531,0,0,70,demanddata_2026.csv,328.0,589.0,237.0,-188.0,1685.0,2026-04-14 01:30:00,2026,4,14,1,30,1,Tuesday,0,0.3711342411148339,0.0253019176556572,104,0.2588190451025207,0.9659258262890684,0.8660254037844387,-0.4999999999999998,23945.0,22845.0,22407.0,27593.75,26384.979166666668,23563.321428571428,0,727,28732,0.0253019176556572,2493.0,3931.0,0.1614970625693274,0.0,0.0692247648001314,0,1,0.6409274238522693,0.2492223278320228,0,MODERATE,0.2597939687803837,0.6409274238522693,59.94,0.1732483986246643,0.82,1.040519016144761,1.1428923287345654,Very Low
2026-04-14,5,24177,25451,21872,727,6606,0,22126,0,62,1400,927,-473,0,0,38,demanddata_2026.csv,68.0,706.0,194.0,-239.0,1316.0,2026-04-14 02:00:00,2026,4,14,2,0,1,Tuesday,0,0.3883767638508237,0.0253019176556572,104,0.4999999999999999,0.8660254037844387,0.8660254037844387,-0.4999999999999998,24340.0,22831.0,21788.0,26868.5,26413.02083333333,23570.43154761905,0,727,28732,0.0253019176556572,2621.0,4045.0,0.1673008520142278,0.0,0.0544296467863346,0,1,0.6411600368820468,0.2457012010714594,0,MODERATE,0.2718637346955766,0.6411600368820468,57.93,0.0686919145095844,0.82,1.0425994148878537,1.1429447792596164,Very Low
2026-04-14,6,23928,25093,21582,726,6606,0,22126,0,63,1406,942,-471,0,0,37,demanddata_2026.csv,33.0,716.0,183.0,-131.0,1024.0,2026-04-14 02:30:00,2026,4,14,2,30,1,Tuesday,0,0.3924227759621613,0.0252671144676852,104,0.4999999999999999,0.8660254037844387,0.8660254037844387,-0.4999999999999998,24177.0,22142.0,20983.0,26150.25,26450.229166666668,23579.196428571428,0,726,28732,0.0252671144676852,2715.0,3919.0,0.1637761711730536,0.0,0.0427932634042375,0,1,0.639055506944156,0.2403223019096172,0,MODERATE,0.2746959431735129,0.639055506944156,59.64,0.0858526584221559,0.82,1.044127207714812,1.1424702413528895,Very Low
2026-04-14,7,22696,24281,20319,727,6606,0,22126,0,63,1332,907,-645,0,0,-162,demanddata_2026.csv,-1.0,805.0,-96.0,-118.0,694.0,2026-04-14 03:00:00,2026,4,14,3,0,1,Tuesday,0,0.357504929465971,0.0253019176556572,104,0.7071067811865476,0.7071067811865476,0.8660254037844387,-0.4999999999999998,23928.0,22158.0,20410.0,25405.83333333333,26461.4375,23586.0,0,727,28732,0.0253019176556572,2022.0,4066.0,0.1791426179671322,0.0,0.030576728201965,0,1,0.6350291110298515,0.2137086321610645,0,MODERATE,0.2502534506261797,0.6350291110298515,65.32,0.2465408204785465,0.82,1.0328637988947882,1.1415623533469137,Low
2026-04-14,8,22619,24142,20280,727,6606,0,22126,0,63,1325,896,-652,0,0,-170,demanddata_2026.csv,8.0,803.0,-121.0,-17.0,744.0,2026-04-14 03:30:00,2026,4,14,3,30,1,Tuesday,0,0.3689329522871731,0.0253019176556572,104,0.7071067811865476,0.7071067811865476,0.8660254037844387,-0.4999999999999998,22696.0,21970.0,20024.0,24716.416666666668,26474.95833333333,23593.72321428572,0,727,28732,0.0253019176556572,2072.0,3992.0,0.1764809902740937,0.0,0.0328912466843501,0,1,0.6340513788231936,0.21204527780178,0,MODERATE,0.2582530666010211,0.6340513788231936,61.13,0.0142882307406672,0.82,1.0336764546538086,1.1413418903416916,Very Low
2026-04-14,9,22470,24487,20162,741,6606,0,22126,0,55,1231,604,-826,0,0,-335,demanddata_2026.csv,178.0,507.0,-301.0,26.0,995.0,2026-04-14 04:00:00,2026,4,14,4,0,1,Tuesday,0,0.3676932752089123,0.0257891622872655,104,0.8660254037844386,0.5000000000000001,0.8660254037844387,-0.4999999999999998,22619.0,21887.0,19923.0,24181.5,26487.104166666668,23601.30357142857,0,741,28732,0.0257891622872655,1084.0,4008.0,0.1783632237105602,0.0,0.0442792933113791,0,1,0.6332533610683522,0.2088265791065411,0,MODERATE,0.2573852926462386,0.6332533610683522,58.78,0.0021173872423503,0.82,1.017618376855564,1.141161950076602,Very Low
2026-04-14,10,22595,24606,20288,754,6606,0,22126,0,3,1221,580,-832,0,0,-348,demanddata_2026.csv,228.0,486.0,-328.0,35.0,980.0,2026-04-14 04:30:00,2026,4,14,4,30,1,Tuesday,0,0.370739194659852,0.0262416037309017,104,0.8660254037844386,0.5000000000000001,0.8660254037844387,-0.4999999999999998,22470.0,21873.0,19954.0,23813.25,26502.14583333333,23609.16369047619,0,754,28732,0.0262416037309017,1042.0,4058.0,0.1795893078420959,0.0,0.0433705080545229,0,1,0.6339366874552456,0.2115268296897952,0,MODERATE,0.2595174362618964,0.6339366874552456,61.86,0.1620148786714027,0.82,1.0169357460179869,1.141316029269019,Very Low
2026-04-14,11,22338,25600,19994,761,6606,0,22126,0,12,999,442,-952,0,0,-942,demanddata_2026.csv,602.0,387.0,-856.0,100.0,1160.0,2026-04-14 05:00:00,2026,4,14,5,0,1,Tuesday,0,0.3384840409139796,0.0264852260467058,104,0.9659258262890684,0.2588190451025207,0.8660254037844387,-0.4999999999999998,22595.0,22252.0,20281.0,23556.58333333333,26503.9375,23615.28571428572,0,761,28732,0.0264852260467058,-220.0,5280.0,0.2363579390303953,0.0,0.0519271229687989,0,1,0.6436371341492026,0.2059751144906247,0,MODERATE,0.2369388286397857,0.6436371341492026,65.06,0.4420372769975195,0.82,1.0035756853396902,1.1435033251518614,Low
2026-04-14,12,22950,26165,20574,768,6606,0,22126,0,15,975,421,-841,27,0,-971,demanddata_2026.csv,677.0,380.0,-888.0,100.0,1171.0,2026-04-14 05:30:00,2026,4,14,5,30,1,Tuesday,0,0.3942922659981431,0.02672884836251,104,0.9659258262890684,0.2588190451025207,0.8660254037844387,-0.4999999999999998,22338.0,23186.0,21171.0,23391.25,26499.02083333333,23620.58035714286,0,768,28732,0.02672884836251,-120.0,5280.0,0.2300553352795085,0.0,0.0510217419720273,0,1,0.6457851171762878,0.2191955413462369,0,MODERATE,0.2760045861987001,0.6457851171762878,54.75,0.0903897178022392,0.82,1.001950373821649,1.143987661036567,Very Low
2026-04-14,13,24754,26685,22314,821,6606,11,22126,0,8,440,27,-3,72,0,-681,demanddata_2026.csv,1050.0,370.0,-739.0,100.0,1164.0,2026-04-14 06:00:00,2026,4,14,6,0,1,Tuesday,0,0.3725763640443725,0.0289562523927191,104,1.0,6.123233995736766e-17,0.8660254037844387,-0.4999999999999998,22950.0,25207.0,22841.0,23414.5,26489.58333333333,23626.27380952381,0,832,28732,0.0289562523927191,636.0,3482.0,0.1406584528378105,0.0,0.0470208038780044,0,0,0.6369903321126983,0.2581655577637605,0,MODERATE,0.2608034548310607,0.6369903321126983,75.37,0.0795225249112829,1.08,1.0103369812547405,1.142004577394444,Moderate
2026-04-14,14,26380,28280,23851,874,6606,377,22126,0,3,404,20,0,29,0,-670,demanddata_2026.csv,1112.0,372.0,-727.0,100.0,1242.0,2026-04-14 06:30:00,2026,4,14,6,30,1,Tuesday,0,0.4406414520850291,0.0435387881529948,104,1.0,6.123233995736766e-17,0.8660254037844387,-0.4999999999999998,24754.0,27067.0,24391.0,23599.33333333333,26475.27083333333,23632.19345238096,0,1251,28732,0.0435387881529948,640.0,3434.0,0.1301694401273644,0.0,0.047079337401918,0,0,0.6362413352599763,0.2932904173507301,0,MODERATE,0.3084490164595203,0.6362413352599763,77.27,0.2689390593307568,1.08,1.010401993715462,1.1418356905602696,Moderate
2026-04-14,15,28094,29864,25371,917,6606,1296,22126,0,7,952,736,194,0,0,-595,demanddata_2026.csv,1315.0,453.0,-668.0,30.0,1004.0,2026-04-14 07:00:00,2026,4,14,7,0,1,Tuesday,0,0.6333758145556326,0.0770194549820763,104,0.9659258262890684,-0.2588190451025206,0.8660254037844387,-0.4999999999999998,26380.0,28442.0,26594.0,23945.08333333333,26468.02083333333,23636.65773809524,0,2213,28732,0.0770194549820763,2417.0,4943.0,0.1759387791421961,0.0,0.0357358960669158,0,0,0.6384223135244806,0.3303162533483107,1,HIGH,0.7433630701889429,0.6384223135244806,80.99,0.0792180639259578,1.08,1.03928377939105,1.1423274663443157,Moderate
2026-04-14,16,28619,30465,25731,959,6606,2370,22126,0,8,1005,790,209,-68,0,-562,demanddata_2026.csv,1313.0,473.0,-641.0,-67.0,767.0,2026-04-14 07:30:00,2026,4,14,7,30,1,Tuesday,0,0.6387605681790053,0.1158598127588487,104,0.9659258262890684,-0.2588190451025206,0.8660254037844387,-0.4999999999999998,28094.0,28667.0,26823.0,24301.666666666668,26467.02083333333,23642.00297619048,0,3329,28732,0.1158598127588487,2452.0,5128.0,0.1791754018169112,0.0,0.0267994409503843,0,0,0.622960394802776,0.341657305797978,1,HIGH,0.7471323977253037,0.622960394802776,84.94,0.041880188733591,1.08,1.0398526384223643,1.1388410504886526,Moderate
2026-04-14,17,29558,30499,26422,958,6606,3444,22126,0,8,1470,979,418,-220,0,397,demanddata_2026.csv,961.0,966.0,141.0,-213.0,193.0,2026-04-14 08:00:00,2026,4,14,8,0,1,Tuesday,0,0.6389937254227489,0.1532036334528242,104,0.8660254037844387,-0.4999999999999998,0.8660254037844387,-0.4999999999999998,28619.0,29154.0,27460.0,24750.08333333333,26475.4375,23648.247023809523,0,4402,28732,0.1532036334528242,4899.0,5765.0,0.1950336614905781,0.0,0.0065293142528502,0,0,0.6145962501577669,0.361941588179383,1,HIGH,0.7472956077959242,0.6145962501577669,85.08,0.3053233705862804,1.08,1.0796240112688265,1.1369550693866768,High
2026-04-14,18,29210,30414,26080,956,6606,4856,22126,0,13,1506,992,450,-333,0,463,demanddata_2026.csv,888.0,997.0,210.0,-358.0,266.0,2026-04-14 08:30:00,2026,4,14,8,30,1,Tuesday,0,0.5994931467480029,0.2022761284933699,104,0.8660254037844387,-0.4999999999999998,0.8660254037844387,-0.4999999999999998,29558.0,28213.0,26593.0,25190.25,26496.20833333333,23656.03571428572,0,5812,28732,0.2022761284933699,4815.0,6197.0,0.212146109342371,0.0,0.0091061586388689,0,0,0.59123029825005,0.3544240905556035,1,MODERATE,0.719645202723602,0.59123029825005,78.15,0.0042934362748395,1.08,1.0782587495936722,1.131686420218358,Moderate
2026-04-14,19,28879,30222,25739,975,6606,6243,22126,0,13,1505,992,858,-340,0,727,demanddata_2026.csv,515.0,998.0,739.0,-490.0,399.0,2026-04-14 09:00:00,2026,4,14,9,0,1,Tuesday,0,0.5968896988180116,0.2512094107820276,104,0.7071067811865476,-0.7071067811865475,0.8660254037844387,-0.4999999999999998,29210.0,28022.0,25510.0,25705.5,26514.0625,23666.0625,0,7218,28732,0.2512094107820276,5504.0,7164.0,0.2480609418282548,0.0,0.0138157894736842,0,0,0.5712506454589874,0.3472738270111466,1,MODERATE,0.7178227891726081,0.5712506454589874,80.45,0.1986176391790324,1.08,1.0894571459529745,1.127181327445905,Moderate
2026-04-14,20,27701,29007,24563,993,6606,7094,22126,0,10,1505,992,857,-283,0,737,demanddata_2026.csv,439.0,998.0,780.0,-513.0,546.0,2026-04-14 09:30:00,2026,4,14,9,30,1,Tuesday,0,0.5687602185540737,0.2814533811297114,104,0.7071067811865476,-0.7071067811865475,0.8660254037844387,-0.4999999999999998,28879.0,27115.0,23956.0,26129.0,26526.27083333333,23677.20833333333,0,8087,28732,0.2814533811297114,5512.0,7104.0,0.256443578081005,0.0,0.0197097682477799,0,0,0.5459482561836025,0.3218266655145597,1,MODERATE,0.6981321529878515,0.5459482561836025,76.86,0.0427373804802834,1.08,1.0895871708744176,1.12147604256221,Moderate
2026-04-14,21,26519,27789,23559,1152,6606,7808,22126,0,7,1506,992,998,-249,0,490,demanddata_2026.csv,65.0,998.0,960.0,-514.0,868.0,2026-04-14 10:00:00,2026,4,14,10,0,1,Tuesday,0,0.3184461728914719,0.3118365642292834,104,0.4999999999999999,-0.8660254037844387,0.8660254037844387,-0.4999999999999998,27701.0,25497.0,22171.0,26466.416666666668,26547.5625,23690.14880952381,0,8960,28732,0.3118365642292834,5246.0,6772.0,0.2553544494720965,0.0,0.0327300150829562,0,0,0.5167651045485516,0.2962930959993087,0,MODERATE,0.2229123210240303,0.5167651045485516,66.18,0.0412917982352085,0.95,1.085263842236429,1.1148957077143855,Low
2026-04-14,22,25780,27054,22904,1310,6606,8488,22126,0,7,1504,992,1003,-254,0,480,demanddata_2026.csv,17.0,997.0,967.0,-513.0,1254.0,2026-04-14 10:30:00,2026,4,14,10,30,1,Tuesday,0,0.328846199246149,0.3410016357498346,104,0.4999999999999999,-0.8660254037844387,0.8660254037844387,-0.4999999999999998,26519.0,25118.0,20651.0,26731.83333333333,26561.354166666668,23705.41369047619,0,9798,28732,0.3410016357498346,5193.0,6727.0,0.2609285908226988,0.0,0.0486404716651797,0,0,0.4930338591430382,0.2803292145511103,0,MODERATE,0.2301923394723043,0.4930338591430382,67.28,0.0396987175446182,0.95,1.0844024271318669,1.1095446906934336,Low
2026-04-14,23,24985,26337,22211,1489,6606,8814,22126,0,7,1505,992,1003,-329,0,387,demanddata_2026.csv,-2.0,997.0,762.0,-514.0,1653.0,2026-04-14 11:00:00,2026,4,14,11,0,1,Tuesday,0,0.2968075801092358,0.3585772456757038,104,0.258819045102521,-0.9659258262890682,0.8660254037844387,-0.4999999999999998,25780.0,25320.0,19007.0,26952.416666666668,26554.375,23723.20535714286,0,10303,28732,0.3585772456757038,4801.0,6491.0,0.2597854798687264,0.0,0.0661570479468502,0,0,0.4726176333851871,0.2631556208416141,0,LOW,0.2077653060764651,0.4726176333851871,66.69,0.0208339048101304,0.95,1.0780312059811463,1.104941157685913,Low
2026-04-14,24,24803,26160,22125,1668,6606,8808,22126,0,7,1505,992,1003,-331,0,383,demanddata_2026.csv,-5.0,998.0,751.0,-514.0,2351.0,2026-04-14 11:30:00,2026,4,14,11,30,1,Tuesday,0,0.3207792083300233,0.364598197194863,104,0.258819045102521,-0.9659258262890682,0.8660254037844387,-0.4999999999999998,24985.0,25053.0,18182.0,27106.83333333333,26549.166666666668,23742.91071428572,0,10476,28732,0.364598197194863,4782.0,6482.0,0.2613288179325915,0.0,0.0947830995000806,0,0,0.4670022220178857,0.2592240559923961,0,MODERATE,0.2245454458310163,0.4670022220178857,67.78,0.0060072226096049,0.95,1.0777223967927183,1.1036749720604804,Low
2026-04-14,25,25029,26468,22416,1877,6606,8669,22126,0,89,1506,992,955,-331,0,335,demanddata_2026.csv,-5.0,998.0,931.0,-514.0,2635.0,2026-04-14 12:00:00,2026,4,14,12,0,1,Tuesday,0,0.2921922678882455,0.3670344203529043,104,1.2246467991473532e-16,-1.0,0.8660254037844387,-0.4999999999999998,24803.0,25153.0,17594.0,27129.75,26546.58333333333,23765.03869047619,0,10546,28732,0.3670344203529043,4867.0,6567.0,0.262365161805833,0.0,0.1052736715940871,0,0,0.4688651940400638,0.2641061090469195,0,LOW,0.2045345875217718,0.4688651940400638,70.3,0.1227658199079786,0.95,1.0791039115830534,1.1040950425131637,Low
2026-04-14,26,24741,26261,22216,2086,6606,8574,22126,0,165,1505,992,953,-331,0,333,demanddata_2026.csv,-11.0,998.0,943.0,-513.0,2685.0,2026-04-14 12:30:00,2026,4,14,12,30,1,Tuesday,0,0.2929170493877872,0.3710019837817144,104,1.2246467991473532e-16,-1.0,0.8660254037844387,-0.4999999999999998,25029.0,24809.0,17400.0,26993.166666666668,26545.166666666668,23786.886904761905,0,10660,28732,0.3710019837817144,4869.0,6579.0,0.2659041306280818,0.0,0.1085199256325276,0,0,0.4633549921941423,0.257884731703102,0,LOW,0.205041934571451,0.4633549921941423,66.62,0.2539456580634909,0.95,1.0791364178134142,1.1028525799553597,Low
2026-04-14,27,24858,26470,22437,2218,6606,7681,22126,0,170,1505,992,953,-331,0,287,demanddata_2026.csv,-98.0,998.0,903.0,-513.0,2879.0,2026-04-14 13:00:00,2026,4,14,13,0,1,Tuesday,0,0.326858754619772,0.3445167577350085,104,-0.2588190451025208,-0.9659258262890684,0.8660254037844387,-0.4999999999999998,24741.0,24538.0,16914.0,26723.5,26551.83333333333,23810.529761904763,0,9899,28732,0.3445167577350085,4696.0,6580.0,0.2646928677742468,0.0,0.1158131863711331,0,0,0.4800269149518105,0.2604121662490279,0,MODERATE,0.2288011282338403,0.4800269149518105,70.27,0.2773281778091538,0.95,1.0763246288872033,1.106611832406036,Low
2026-04-14,28,25030,26685,22756,2349,6606,6912,22126,0,172,1505,992,953,-331,0,285,demanddata_2026.csv,-138.0,998.0,875.0,-514.0,2920.0,2026-04-14 13:30:00,2026,4,14,13,30,1,Tuesday,0,0.3203072793256115,0.3223123238088609,104,-0.2588190451025208,-0.9659258262890684,0.8660254037844387,-0.4999999999999998,24858.0,24497.0,16771.0,26424.416666666668,26562.9375,23835.11011904762,0,9261,28732,0.3223123238088609,4625.0,6591.0,0.2633134912708241,0.0,0.1166553473692621,0,0,0.4947365241379827,0.2641277110515856,0,MODERATE,0.224215095527928,0.4947365241379827,66.67,0.3278108826066832,0.95,1.0751706577093942,1.1099286144704306,Low
2026-04-14,29,24936,27099,22698,2395,6606,5927,22126,0,276,1505,992,930,-331,0,222,demanddata_2026.csv,-517.0,997.0,-26.0,-513.0,3117.0,2026-04-14 14:00:00,2026,4,14,14,0,1,Tuesday,0,0.3115700524331456,0.2896321303031358,104,-0.4999999999999997,-0.8660254037844388,0.8660254037844387,-0.4999999999999998,25030.0,23909.0,16387.0,26039.25,26584.33333333333,23860.55357142857,0,8322,28732,0.2896321303031358,3259.0,6033.0,0.2419296627501303,0.0,0.1249949873681677,0,0,0.5081126919870563,0.2620971226129784,0,MODERATE,0.2180990367032019,0.5081126919870563,63.07,0.093395834526846,0.95,1.0529689023729547,1.1129447267988155,Low
2026-04-14,30,25157,27459,22969,2440,6606,5535,22126,0,276,1505,992,921,-331,0,219,demanddata_2026.csv,-576.0,997.0,-105.0,-514.0,3075.0,2026-04-14 14:30:00,2026,4,14,14,30,1,Tuesday,0,0.3363948757994498,0.2775554240768454,104,-0.4999999999999997,-0.8660254037844388,0.8660254037844387,-0.4999999999999998,24936.0,24167.0,16367.0,25701.5,26604.95833333333,23886.714285714286,0,7975,28732,0.2775554240768454,3108.0,6160.0,0.244852531997774,0.0,0.1222275220605771,0,0,0.5181813668090122,0.2668711656441718,0,MODERATE,0.2354764130596148,0.5181813668090122,59.96,0.0228204202995221,0.95,1.050514681980713,1.1152150522465565,Very Low
2026-04-14,31,25467,28276,23256,2449,6606,5094,22126,0,24,1507,992,322,-331,0,-16,demanddata_2026.csv,-714.0,997.0,-710.0,-514.0,3278.0,2026-04-14 15:00:00,2026,4,14,15,0,1,Tuesday,0,0.3219614107733683,0.2625204468729336,104,-0.7071067811865471,-0.7071067811865479,0.8660254037844387,-0.4999999999999998,25157.0,24224.0,16778.0,25417.166666666668,26630.854166666668,23912.574404761905,0,7543,28732,0.2625204468729336,1533.0,6103.0,0.2396340505732684,0.0,0.1287105387152505,0,0,0.5291218754484216,0.273567787090642,0,MODERATE,0.2253729875413578,0.5291218754484216,64.9,0.1053906334743446,0.95,1.024916025571568,1.117681962303192,Low
2026-04-14,32,26623,29513,24375,2458,6606,4027,22126,0,5,1506,992,288,-374,0,-25,demanddata_2026.csv,-713.0,997.0,-760.0,-513.0,3214.0,2026-04-14 15:30:00,2026,4,14,15,30,1,Tuesday,0,0.3637765689385437,0.2256986739985382,104,-0.7071067811865471,-0.7071067811865479,0.8660254037844387,-0.4999999999999998,25467.0,24726.0,17615.0,25327.33333333333,26670.375,23939.383928571428,0,6485,28732,0.2256986739985382,1398.0,6168.0,0.231670673076923,0.0,0.1207181490384615,0,0,0.5596968021109394,0.2985397044845762,0,MODERATE,0.2546435982569806,0.5596968021109394,69.86,0.0259856456232852,0.95,1.0227218550222126,1.124576120203033,Low
2026-04-14,33,27384,30544,25098,2396,6606,3398,22126,0,60,1507,992,105,-451,0,-78,demanddata_2026.csv,-487.0,998.0,-1070.0,-514.0,3192.0,2026-04-14 16:00:00,2026,4,14,16,0,1,Tuesday,0,0.3646662038659615,0.2016496711098736,104,-0.8660254037844385,-0.5000000000000004,0.8660254037844387,-0.4999999999999998,26623.0,25994.0,19413.0,25399.416666666668,26699.33333333333,23963.10714285714,0,5794,28732,0.2016496711098736,1002.0,6202.0,0.2264743472704035,0.0,0.1165601606719006,1,0,0.5785215143015703,0.3149788300354273,0,MODERATE,0.255266342706173,0.5785215143015703,95.34,0.0126204924774494,1.3,1.0162856214107705,1.1288207923062166,High
2026-04-14,34,28696,31945,26338,2333,6606,2746,22126,0,161,1507,992,102,-452,0,-101,demanddata_2026.csv,-429.0,998.0,-1092.0,-514.0,2957.0,2026-04-14 16:30:00,2026,4,14,16,30,1,Tuesday,0,0.4066136349132244,0.1767653917098806,104,-0.8660254037844385,-0.5000000000000004,0.8660254037844387,-0.4999999999999998,27384.0,27084.0,21242.0,25642.416666666668,26732.916666666668,23985.291666666668,0,5079,28732,0.1767653917098806,1011.0,6187.0,0.2155974492107188,0.0,0.103042129839356,1,0,0.6003007532537519,0.3433206601572626,0,MODERATE,0.284629544439257,0.6003007532537519,92.86,0.0846449658403888,1.3,1.016431899447394,1.133731663031502,High
2026-04-14,35,30027,33759,27384,2310,6606,1954,22126,0,159,1509,992,2,-451,0,-966,demanddata_2026.csv,-51.0,998.0,-1091.0,-514.0,2780.0,2026-04-14 17:00:00,2026,4,14,17,0,1,Tuesday,0,0.6077416654625017,0.1484007935126857,104,-0.9659258262890684,-0.2588190451025206,0.8660254037844387,-0.4999999999999998,28696.0,28121.0,23605.0,26062.58333333333,26772.625,24004.404761904763,0,4264,28732,0.1484007935126857,428.0,6574.0,0.218928999600373,0.0,0.0925802584254695,1,0,0.6252170369520553,0.3720729283677525,1,HIGH,0.7254191658237512,0.6252170369520553,99.61,0.0698966630223615,1.3,1.0069563332972151,1.1393498872709054,High
2026-04-14,36,31297,35040,28563,2287,6606,1266,22126,0,160,1508,990,0,-451,0,-1021,demanddata_2026.csv,-5.0,996.0,-1092.0,-514.0,2935.0,2026-04-14 17:30:00,2026,4,14,17,30,1,Tuesday,0,0.613372223226455,0.1236557268645807,104,-0.9659258262890684,-0.2588190451025206,0.8660254037844387,-0.4999999999999998,30027.0,29469.0,25575.0,26603.75,26810.70833333333,24021.434523809523,0,3553,28732,0.1236557268645807,411.0,6577.0,0.210141223081347,0.0,0.0937759601252476,1,0,0.6441462027497552,0.3995074742936144,1,HIGH,0.7293605562585185,0.6441462027497552,88.41,0.1494735201433444,1.3,1.0066800303391483,1.143618111995107,High
2026-04-14,37,32331,35928,29629,2323,6606,693,22126,0,15,1369,919,0,-451,0,-1021,demanddata_2026.csv,-5.0,910.0,-1091.0,-514.0,3094.0,2026-04-14 18:00:00,2026,4,14,18,0,1,Tuesday,0,0.6556686803687316,0.104966414923607,104,-1.0,-1.8369701987210287e-16,0.8660254037844387,-0.4999999999999998,31297.0,30715.0,27323.0,27212.25,26844.375,24036.339285714286,0,3016,28732,0.104966414923607,116.0,6280.0,0.1942348138067549,0.0,0.0956946678213534,1,0,0.6563337239129681,0.4218439471182926,1,HIGH,0.7589680762581121,0.6563337239129681,90.79,0.4300196186225559,1.3,1.0018853613609275,1.1463662034700033,High
2026-04-14,38,32338,35947,29713,2358,6606,292,22126,0,3,1358,913,0,-452,0,-1022,demanddata_2026.csv,-26.0,903.0,-1092.0,-514.0,2939.0,2026-04-14 18:30:00,2026,4,14,18,30,1,Tuesday,0,0.6734517957519022,0.0922284481258483,104,-1.0,-1.8369701987210287e-16,0.8660254037844387,-0.4999999999999998,32331.0,31333.0,28342.0,27845.33333333333,26865.3125,24048.23214285714,0,2650,28732,0.0922284481258483,68.0,6280.0,0.1941927703392189,0.0,0.090880979622128,1,0,0.6620297484731695,0.4219951611509548,1,HIGH,0.7714162570263314,0.6620297484731695,97.37,0.1044936934528506,1.3,1.001105211832268,1.1476505660836196,High
2026-04-14,39,32503,37068,30033,2386,6606,75,22126,0,2,1328,861,-805,-451,0,-902,demanddata_2026.csv,-299.0,855.0,-1092.0,-514.0,3171.0,2026-04-14 19:00:00,2026,4,14,19,0,1,Tuesday,0,0.6339557840687955,0.0856506455991368,104,-0.9659258262890684,0.2588190451025203,0.8660254037844387,-0.4999999999999998,32338.0,32648.0,29241.0,28482.416666666668,26862.291666666668,24057.94047619048,0,2461,28732,0.0856506455991368,-1019.0,7107.0,0.2186500123061777,0.0,0.0975572237263106,1,0,0.6708741386050443,0.4255594919208502,1,HIGH,0.7437690488481568,0.6708741386050443,91.38,0.203001478894928,1.3,1.0165619243688373,1.1496448348768034,High
2026-04-14,40,32355,37113,29910,2413,6606,4,22126,0,10,1313,847,-1013,-390,0,-898,demanddata_2026.csv,-341.0,843.0,-1092.0,-514.0,3088.0,2026-04-14 19:30:00,2026,4,14,19,30,1,Tuesday,0,0.6413681143016133,0.084119305328368,104,-0.9659258262890684,0.2588190451025203,0.8660254037844387,-0.4999999999999998,32503.0,32793.0,29435.0,29092.83333333333,26853.166666666668,24066.63095238096,0,2417,28732,0.084119305328368,-1245.0,7251.0,0.2241006304858449,0.0,0.0954382494745951,1,0,0.6717197164270517,0.4223623952302773,1,HIGH,0.7489576800111293,0.6717197164270517,95.1,0.1546575380746909,1.3,1.0202351283996098,1.1498354991778454,High
2026-04-14,41,31585,36766,29148,2553,6606,0,22126,0,157,589,461,-1014,-441,0,-1018,demanddata_2026.csv,-445.0,525.0,-1092.0,-514.0,3004.0,2026-04-14 20:00:00,2026,4,14,20,0,1,Tuesday,0,0.4477075067140451,0.0888525388925625,104,-0.8660254037844386,0.5000000000000001,0.8660254037844387,-0.4999999999999998,32355.0,32880.0,30160.0,29646.916666666668,26826.1875,24070.872023809523,0,2553,28732,0.0888525388925625,-2949.0,6099.0,0.1930918761476603,0.0,0.0951054264547584,1,0,0.6585457023133431,0.4057288516374319,0,MODERATE,0.3133952546998316,0.6585457023133431,101.08,0.0705622329364788,1.3,1.047930436667028,1.146864969289838,High
2026-04-14,42,31176,36383,28654,2693,6606,0,22126,0,159,526,423,-1014,-421,0,-1022,demanddata_2026.csv,-487.0,502.0,-1091.0,-513.0,2942.0,2026-04-14 20:30:00,2026,4,14,20,30,1,Tuesday,0,0.4611157683608929,0.0937249852086451,104,-0.8660254037844386,0.5000000000000001,0.8660254037844387,-0.4999999999999998,31585.0,32547.0,29569.0,30148.5,26797.625,24075.654761904763,0,2693,28732,0.0937249852086451,-3097.0,5999.0,0.1924174872502165,0.0,0.0943644353209096,1,0,0.6535591269539203,0.3968936317290245,0,MODERATE,0.3227810378526251,0.6535591269539203,102.52,0.134412995550704,1.3,1.0503358977137285,1.1457405761461756,High
2026-04-14,43,30162,35695,27698,2753,6606,0,22126,0,162,291,52,-1014,-355,0,-1022,demanddata_2026.csv,-874.0,420.0,-1092.0,-514.0,3230.0,2026-04-14 21:00:00,2026,4,14,21,0,1,Tuesday,0,0.4474119617417258,0.0958131764869662,104,-0.7071067811865477,0.7071067811865474,0.8660254037844387,-0.4999999999999998,31176.0,31629.0,28881.0,30539.75,26767.0625,24079.467261904763,0,2753,28732,0.0958131764869662,-4108.0,5634.0,0.1867851341046978,0.0,0.1070848390412094,0,0,0.644838607955841,0.374989198997667,0,MODERATE,0.3131883732192081,0.644838607955841,83.27,0.0535330892876273,1.0,1.0667677971611225,1.1437742383163283,Moderate
2026-04-14,44,28487,34195,26175,2813,6606,0,22126,0,169,280,30,-1015,-445,0,-1022,demanddata_2026.csv,-952.0,411.0,-1092.0,-513.0,3454.0,2026-04-14 21:30:00,2026,4,14,21,30,1,Tuesday,0,0.4057836877035572,0.0979013677652873,104,-0.7071067811865477,0.7071067811865474,0.8660254037844387,-0.4999999999999998,30162.0,30892.0,27495.0,30695.08333333333,26716.95833333333,24082.41964285714,0,2813,28732,0.0979013677652873,-4318.0,5760.0,0.2021903959561921,0.0,0.1212440325751193,0,0,0.6356802625817108,0.3388058411820617,0,MODERATE,0.28404858139249,0.6356802625817108,76.61,0.0434986080280058,1.0,1.0701809513490086,1.1417091776276322,Moderate
2026-04-14,45,26903,32990,24729,2799,6606,0,22126,0,168,726,132,-1014,-432,0,-1022,demanddata_2026.csv,-1345.0,293.0,-1092.0,-514.0,3662.0,2026-04-14 22:00:00,2026,4,14,22,0,1,Tuesday,0,0.4146554258393196,0.097414123133679,104,-0.5000000000000004,0.8660254037844384,0.8660254037844387,-0.4999999999999998,28487.0,28889.0,25861.0,30655.0,26675.58333333333,24085.52083333333,0,2799,28732,0.097414123133679,-4268.0,6570.0,0.2442016057091882,0.0,0.1361135890573892,0,0,0.633394729173789,0.3045882657910654,0,MODERATE,0.2902587980875237,0.633394729173789,72.38,0.0660606406595599,1.0,1.069368295589988,1.141193826327742,Low
2026-04-14,46,25242,31238,23167,2784,6606,0,22126,0,169,766,141,-1014,-301,0,-1022,demanddata_2026.csv,-1398.0,292.0,-1092.0,-500.0,3863.0,2026-04-14 22:30:00,2026,4,14,22,30,1,Tuesday,0,0.3756558972437746,0.0968920753140987,104,-0.5000000000000004,0.8660254037844384,0.8660254037844387,-0.4999999999999998,26903.0,27014.0,24868.0,30367.166666666668,26638.666666666668,24086.633928571428,0,2784,28732,0.0968920753140987,-4128.0,6526.0,0.2585271164283167,0.0,0.153032523868003,0,0,0.6247020754663748,0.2687073360407845,0,MODERATE,0.2629591280706422,0.6247020754663748,79.75,0.1487702474592185,1.0,1.0670928594647306,1.1392337716761305,Moderate
2026-04-14,47,23539,29478,21496,2783,6606,0,22126,0,167,1085,197,-1013,-278,0,-1022,demanddata_2026.csv,-1445.0,537.0,-1092.0,-422.0,3791.0,2026-04-14 23:00:00,2026,4,14,23,0,1,Tuesday,0,0.3771428727405299,0.0968572721261267,104,-0.2588190451025215,0.965925826289068,0.8660254037844387,-0.4999999999999998,25242.0,25418.0,23253.0,29826.5,26599.52083333333,24087.48511904762,0,2783,28732,0.0968572721261267,-3453.0,7091.0,0.301231945624469,0.0,0.1610450297366185,0,0,0.6206296369117991,0.2319191220945303,0,MODERATE,0.2640000109183709,0.6206296369117991,72.88,0.324075755327764,1.0,1.0561220067179542,1.1383155017897446,Low
2026-04-14,48,22677,28540,20759,2782,6606,0,22126,0,174,1104,194,-1014,-302,0,-1022,demanddata_2026.csv,-1451.0,545.0,-1092.0,-308.0,3839.0,2026-04-14 23:30:00,2026,4,14,23,30,1,Tuesday,0,0.3235388117271956,0.0968224689381547,104,-0.2588190451025215,0.965925826289068,0.8660254037844387,-0.4999999999999998,23539.0,24934.0,22869.0,29108.166666666668,26552.5,24086.91369047619,0,2782,28732,0.0968224689381547,-3346.0,7032.0,0.3100802539906517,0.0,0.1692830055560455,0,0,0.6157985388591588,0.2132981940724099,0,MODERATE,0.2264771682090369,0.6157985388591588,73.09,0.1117127158053805,1.0,1.0543829233936504,1.1372261662969028,Low
2026-04-15,1,22258,28206,20296,2821,6606,0,22126,0,282,628,-45,-1015,-302,0,-1022,demanddata_2026.csv,-1452.0,297.0,-1092.0,-238.0,3714.0,2026-04-15 00:00:00,2026,4,15,0,0,2,Wednesday,0,0.3416380496899583,0.0981797932690634,105,0.0,1.0,0.8660254037844387,-0.4999999999999998,22677.0,24475.0,22580.0,28268.75,26506.3125,24085.95535714286,0,2821,28732,0.0981797932690634,-4241.0,6091.0,0.273642122287614,0.0,0.1668538568668853,0,1,0.6043532169941703,0.2042469541173421,0,MODERATE,0.2391466347829708,0.6043532169941703,64.7,0.3011523374410324,0.82,1.068929461480117,1.13464542891615,Low
2026-04-15,2,22289,28201,20342,2860,6606,0,22126,0,283,589,-60,-1015,-288,0,-1022,demanddata_2026.csv,-1452.0,285.0,-1092.0,-200.0,3668.0,2026-04-15 00:30:00,2026,4,15,0,30,2,Wednesday,0,0.3364812745203261,0.0995371175999721,105,0.0,1.0,0.8660254037844387,-0.4999999999999998,22258.0,24162.0,22761.0,27431.33333333333,26467.291666666668,24084.55059523809,0,2860,28732,0.0995371175999721,-4255.0,6003.0,0.2693135935397039,0.0,0.1645580978017048,0,1,0.6028581795842162,0.2049166162619891,0,MODERATE,0.2355368921642282,0.6028581795842162,63.16,0.3233897981348931,0.82,1.0691570050926429,1.1343083218452432,Low
2026-04-15,3,22043,27902,20149,2918,6606,0,22126,0,285,587,-7,-1014,-286,0,-1022,demanddata_2026.csv,-1453.0,387.0,-1092.0,-200.0,3780.0,2026-04-15 01:00:00,2026,4,15,1,0,2,Wednesday,0,0.3395631737370591,0.1015557025023492,105,0.2588190451025207,0.9659258262890684,0.8660254037844387,-0.4999999999999998,22289.0,23945.0,23024.0,26559.666666666668,26427.666666666668,24081.63095238096,0,2918,28732,0.1015557025023492,-4100.0,6048.0,0.2743603701687534,0.0,0.1714752313554708,0,1,0.6005872385212223,0.199602523114145,0,MODERATE,0.2376942216159413,0.6005872385212223,59.63,0.5484814655565149,0.82,1.0666377722396794,1.1337962608861991,Very Low
2026-04-15,4,21932,28067,20179,2976,6606,0,22126,0,554,588,0,-1015,-299,0,-1022,demanddata_2026.csv,-1453.0,396.0,-1092.0,-200.0,3869.0,2026-04-15 01:30:00,2026,4,15,1,30,2,Wednesday,0,0.344951245572613,0.1035742874047262,105,0.2588190451025207,0.9659258262890684,0.8660254037844387,-0.4999999999999998,22043.0,24340.0,22882.0,25691.08333333333,26377.5,24078.80357142857,0,2976,28732,0.1035742874047262,-4097.0,6065.0,0.2765239593306889,0.0,0.1764008571558838,0,1,0.5987993002996542,0.1972047005962153,0,MODERATE,0.241465871900829,0.5987993002996542,59.2,0.2534164781921667,0.82,1.066589012894138,1.133393109357801,Very Low
2026-04-15,5,21665,27870,20025,3006,6606,0,22126,0,581,702,109,-1015,-303,0,-1022,demanddata_2026.csv,-1453.0,482.0,-1092.0,-239.0,3862.0,2026-04-15 02:00:00,2026,4,15,2,0,2,Wednesday,0,0.3389133766543686,0.1046183830438868,105,0.4999999999999999,0.8660254037844387,0.8660254037844387,-0.4999999999999998,21932.0,24177.0,22908.0,24864.416666666668,26325.166666666668,24075.104166666668,0,3006,28732,0.1046183830438868,-3831.0,6417.0,0.2961783439490446,0.0,0.1782516385119542,0,1,0.5998463666008271,0.1914369653503845,0,MODERATE,0.237239363658058,0.5998463666008271,56.39,0.3431247956329971,0.82,1.062265684256149,1.1336292060945672,Very Low
2026-04-15,6,21039,27477,19441,3035,6606,0,22126,0,804,706,111,-1015,-302,0,-1022,demanddata_2026.csv,-1453.0,488.0,-1092.0,-250.0,3632.0,2026-04-15 02:30:00,2026,4,15,2,30,2,Wednesday,0,0.3370992436621144,0.1056276754950753,105,0.4999999999999999,0.8660254037844387,0.8660254037844387,-0.4999999999999998,21665.0,23928.0,22011.0,24019.666666666668,26264.979166666668,24072.21130952381,0,3035,28732,0.1056276754950753,-3829.0,6439.0,0.3060361216730038,0.0,0.1726235741444867,0,1,0.5958868826440037,0.1779141104294478,0,MODERATE,0.2359694705634801,0.5958868826440037,59.95,0.4450654011027291,0.82,1.0622331780257883,1.1327364056668987,Very Low
2026-04-15,7,20590,27207,19054,3045,6606,0,22126,0,870,377,-73,-1015,-302,0,-1022,demanddata_2026.csv,-1453.0,481.0,-1092.0,-290.0,3830.0,2026-04-15 03:00:00,2026,4,15,3,0,2,Wednesday,0,0.3149751183828032,0.1059757073747955,105,0.7071067811865476,0.7071067811865476,0.8660254037844387,-0.4999999999999998,21039.0,22696.0,21506.0,23222.0,26221.104166666668,24069.48511904762,0,3045,28732,0.1059757073747955,-4389.0,6105.0,0.2964887572240299,0.0,0.1860035938031178,0,1,0.5898825214768225,0.168214810334399,0,MODERATE,0.2204825828679622,0.5898825214768225,61.16,0.0894492607186749,0.82,1.0713349225268176,1.1313825180703354,Very Low
2026-04-15,8,20247,26888,18765,3054,6606,0,22126,0,872,350,-85,-1015,-302,0,-1022,demanddata_2026.csv,-1453.0,475.0,-1092.0,-300.0,3746.0,2026-04-15 03:30:00,2026,4,15,3,30,2,Wednesday,0,0.3213180328445652,0.1062889360665437,105,0.7071067811865476,0.7071067811865476,0.8660254037844387,-0.4999999999999998,20590.0,22619.0,21011.0,22535.33333333333,26171.6875,24067.21130952381,0,3054,28732,0.1062889360665437,-4444.0,6094.0,0.300967996839194,0.0,0.1850059265112603,0,1,0.5875623499150671,0.1608053227339497,0,MODERATE,0.2249226229911956,0.5875623499150671,59.33,0.1894265672329208,0.82,1.0722288438617402,1.130859356419679,Very Low
2026-04-15,9,19847,26560,18463,3058,6606,0,22126,0,865,317,-103,-1015,-302,0,-1022,demanddata_2026.csv,-1453.0,297.0,-1092.0,-361.0,3762.0,2026-04-15 04:00:00,2026,4,15,4,0,2,Wednesday,0,0.3057072266968783,0.1064281488184317,105,0.8660254037844386,0.5000000000000001,0.8660254037844387,-0.4999999999999998,20247.0,22470.0,20762.0,21947.33333333333,26117.041666666668,24064.48809523809,0,3058,28732,0.1064281488184317,-4734.0,5962.0,0.3003829101168883,0.0,0.1895405078597339,0,1,0.5837941245028481,0.1521645208675365,0,MODERATE,0.2139950586878148,0.5837941245028481,61.12,0.21968797377152,0.82,1.0769422472640588,1.13000968174079,Very Low
2026-04-15,10,19796,26537,18380,3062,6606,0,22126,0,851,315,-105,-1016,-302,0,-1022,demanddata_2026.csv,-1453.0,283.0,-1092.0,-400.0,3818.0,2026-04-15 04:30:00,2026,4,15,4,30,2,Wednesday,0,0.3180308872536257,0.1065673615703198,105,0.8660254037844386,0.5000000000000001,0.8660254037844387,-0.4999999999999998,19847.0,22595.0,20782.0,21493.5,26058.729166666668,24061.55357142857,0,3062,28732,0.1065673615703198,-4792.0,5988.0,0.3024700712229126,0.0,0.192857503662171,0,1,0.58365317578129,0.1510628186295688,0,MODERATE,0.222621621077538,0.58365317578129,55.38,0.01716605223712,0.82,1.0778849279445226,1.12997790005402,Very Low
2026-04-15,11,20193,26379,18844,3122,6606,0,22126,0,277,263,-125,-1015,-302,0,-1022,demanddata_2026.csv,-1453.0,161.0,-1092.0,-400.0,3925.0,2026-04-15 05:00:00,2026,4,15,5,0,2,Wednesday,0,0.3148545191324285,0.1086555528486409,105,0.9659258262890684,0.2588190451025207,0.8660254037844387,-0.4999999999999998,19796.0,22338.0,21100.0,21214.666666666668,26014.041666666668,24058.854166666668,0,3122,28732,0.1086555528486409,-4985.0,5833.0,0.2888481727245716,0.0,0.1943646627711201,0,1,0.5829789224768829,0.1596388144819839,0,MODERATE,0.2203981633926999,0.5829789224768829,62.23,0.0016878813636415,0.82,1.0810217791743415,1.1298258666968717,Very Low
2026-04-15,12,20688,26761,19342,3182,6606,0,22126,0,167,266,-123,-1013,-302,0,-1022,demanddata_2026.csv,-1453.0,157.0,-1092.0,-401.0,4092.0,2026-04-15 05:30:00,2026,4,15,5,30,2,Wednesday,0,0.2867346021925313,0.110743744126962,105,0.9659258262890684,0.2588190451025207,0.8660254037844387,-0.4999999999999998,20193.0,22950.0,22006.0,21048.916666666668,25966.916666666668,24054.93154761905,0,3182,28732,0.110743744126962,-4983.0,5829.0,0.2817439218908599,0.0,0.197786263231669,0,1,0.5844703523909953,0.1703318067916702,0,LOW,0.2007142215347719,0.5844703523909953,59.75,0.0354374458442159,0.82,1.080989272943981,1.1301621603350518,Very Low
2026-04-15,13,22597,28577,21087,3256,6606,1,22126,0,166,764,-20,-1014,-318,0,-1022,demanddata_2026.csv,-1453.0,315.0,-1092.0,-395.0,4062.0,2026-04-15 06:00:00,2026,4,15,6,0,2,Wednesday,0,0.3530590964889936,0.1133539832248634,105,1.0,6.123233995736766e-17,0.8660254037844387,-0.4999999999999998,20688.0,24754.0,23593.0,21077.166666666668,25921.979166666668,24051.967261904763,0,3257,28732,0.1133539832248634,-4235.0,6393.0,0.2829011416939552,0.0,0.179750420391185,0,0,0.5992296766517768,0.2115700336991272,0,MODERATE,0.2471413675422955,0.5992296766517768,73.56,0.4437603955964327,1.08,1.0688319427890345,1.1334901523551772,Low
2026-04-15,14,24096,30261,22549,3330,6606,88,22126,0,161,799,-16,-1015,-430,0,-1022,demanddata_2026.csv,-1427.0,329.0,-1091.0,-503.0,4206.0,2026-04-15 06:30:00,2026,4,15,6,30,2,Wednesday,0,0.3540018933662966,0.1189572964883583,105,1.0,6.123233995736766e-17,0.8660254037844387,-0.4999999999999998,22597.0,26380.0,24746.0,21227.75,25874.39583333333,24050.03273809524,0,3418,28732,0.1189572964883583,-4376.0,6632.0,0.2752209818649624,0.0,0.1745445491139975,0,0,0.6064455047407528,0.2439514386935107,0,MODERATE,0.2478013253564076,0.6064455047407528,74.48,0.2103591893307006,1.08,1.0711236320294724,1.135117206404157,Moderate
2026-04-15,15,25994,31889,24374,3450,6606,435,22126,0,158,433,-158,-1014,-452,0,-971,demanddata_2026.csv,-1103.0,460.0,-1025.0,-514.0,4454.0,2026-04-15 07:00:00,2026,4,15,7,0,2,Wednesday,0,0.5587703510131484,0.1352103852712908,105,0.9659258262890684,-0.2588190451025206,0.8660254037844387,-0.4999999999999998,24096.0,28094.0,26937.0,21557.0,25830.64583333333,24047.22619047619,0,3885,28732,0.1352103852712908,-4344.0,6130.0,0.2358145797268705,0.0,0.1713406424312367,0,0,0.6043951768744357,0.2849520435496414,1,MODERATE,0.6911392457092038,0.6043951768744357,84.88,0.2198618818910506,1.08,1.070603532343699,1.1346548901993512,Moderate
2026-04-15,16,27214,32814,25433,3569,6606,835,22126,0,127,424,-134,-890,-452,0,-916,demanddata_2026.csv,-1073.0,483.0,-995.0,-513.0,4392.0,2026-04-15 07:30:00,2026,4,15,7,30,2,Wednesday,0,0.5960222381345446,0.1532732398287683,105,0.9659258262890684,-0.2588190451025206,0.8660254037844387,-0.4999999999999998,25994.0,28619.0,27751.0,21997.166666666668,25801.375,24045.62797619048,0,4404,28732,0.1532732398287683,-4066.0,5880.0,0.2160573213301488,0.0,0.161381591034356,0,0,0.6004516844282629,0.3113064892422016,1,MODERATE,0.7172155666941812,0.6004516844282629,83.12,0.0191747115779489,1.08,1.066085166323545,1.1337656956020643,Moderate
2026-04-15,17,29177,31996,27152,3622,6606,1389,22126,0,28,1414,866,-3,-452,0,275,demanddata_2026.csv,-1221.0,964.0,-102.0,-513.0,4161.0,2026-04-15 08:00:00,2026,4,15,8,0,2,Wednesday,0,0.5745189776143198,0.1743987749277833,105,0.8660254037844387,-0.4999999999999998,0.8660254037844387,-0.4999999999999998,27214.0,29558.0,27966.0,22623.166666666668,25793.4375,24049.23214285714,0,5011,28732,0.1743987749277833,1228.0,5810.0,0.1991226266365069,0.0,0.1426074439646308,0,0,0.602071658413686,0.3537112244016244,1,MODERATE,0.7021632843300238,0.602071658413686,81.12,0.1996745199505773,1.08,1.019958825441543,1.1341309738763974,Moderate
2026-04-15,18,28851,31767,26820,3675,6606,1883,22126,0,165,1506,942,0,-452,0,379,demanddata_2026.csv,-1239.0,995.0,-46.0,-514.0,4231.0,2026-04-15 08:30:00,2026,4,15,8,30,2,Wednesday,0,0.5967645153118301,0.1934361187484773,105,0.8660254037844387,-0.4999999999999998,0.8660254037844387,-0.4999999999999998,29177.0,29210.0,26865.0,23274.166666666668,25785.95833333333,24055.14285714286,0,5558,28732,0.1934361187484773,1571.0,6073.0,0.2104880077637598,0.0,0.1466449466241508,0,0,0.5922401450207856,0.3466689708804977,1,MODERATE,0.717735160718281,0.5922401450207856,79.16,0.2730376935778997,1.08,1.0255336439484235,1.1319141245451396,Moderate
2026-04-15,19,29094,32093,26838,3757,6606,2798,22126,0,159,1504,988,587,-452,0,903,demanddata_2026.csv,-1239.0,996.0,-135.0,-514.0,3684.0,2026-04-15 09:00:00,2026,4,15,9,0,2,Wednesday,0,0.5906311891946227,0.2281348971565795,105,0.7071067811865476,-0.7071067811865475,0.8660254037844387,-0.4999999999999998,28851.0,28879.0,25715.0,23982.83333333333,25790.4375,24065.199404761905,0,6555,28732,0.2281348971565795,2638.0,7318.0,0.2515208798762674,0.0,0.1266196941055164,0,0,0.5853512301153383,0.3519182580143437,1,MODERATE,0.7134418324362358,0.5853512301153383,80.38,0.2146884659702616,1.08,1.0428757178459205,1.130360784200584,Moderate
2026-04-15,20,28050,31089,25849,3839,6606,3433,22126,0,169,1504,992,694,-452,0,928,demanddata_2026.csv,-1239.0,997.0,-165.0,-514.0,3968.0,2026-04-15 09:30:00,2026,4,15,9,30,2,Wednesday,0,0.5906966455294288,0.2530887829325166,105,0.7071067811865476,-0.7071067811865475,0.8660254037844387,-0.4999999999999998,29094.0,27701.0,24562.0,24633.08333333333,25797.70833333333,24075.58035714286,0,7272,28732,0.2530887829325166,2745.0,7485.0,0.2668354069373641,0.0,0.141456632562119,0,0,0.5661414584036888,0.3293657651430052,1,MODERATE,0.7134876518706001,0.5661414584036888,80.05,0.150245617835945,1.08,1.0446148011702243,1.126029287322053,Moderate
2026-04-15,21,27115,31291,24852,3922,6606,4127,22126,0,436,1504,992,630,-452,0,975,demanddata_2026.csv,-1239.0,997.0,-1035.0,-514.0,4151.0,2026-04-15 10:00:00,2026,4,15,10,0,2,Wednesday,0,0.3360357893356699,0.2801308599867748,105,0.4999999999999999,-0.8660254037844387,0.8660254037844387,-0.4999999999999998,28050.0,26519.0,23062.0,25238.75,25810.125,24087.64285714286,0,8049,28732,0.2801308599867748,1858.0,8338.0,0.3074937306387372,0.0,0.1530830505974332,0,0,0.5507297481294259,0.3091678907802644,0,MODERATE,0.2352250525349689,0.5507297481294259,70.15,0.1755287296655877,0.95,1.030198288005201,1.1225541926698188,Low
2026-04-15,22,26515,30914,24213,4005,6606,5218,22126,0,605,1503,992,628,-452,0,977,demanddata_2026.csv,-1239.0,996.0,-1090.0,-513.0,4231.0,2026-04-15 10:30:00,2026,4,15,10,30,2,Wednesday,0,0.3254662530828498,0.3209898026659242,105,0.4999999999999999,-0.8660254037844387,0.8660254037844387,-0.4999999999999998,27115.0,25780.0,21778.0,25798.666666666668,25825.4375,24101.74107142857,0,9223,28732,0.3209898026659242,1802.0,8390.0,0.3164127319354352,0.0,0.159564036807965,0,0,0.5239717018761253,0.2962066879806446,0,MODERATE,0.2278263771579948,0.5239717018761253,57.76,0.049885417546753,0.95,1.029288113555098,1.1165206803740182,Very Low
2026-04-15,23,26113,30096,23891,4131,6606,5919,22126,0,326,1503,992,727,-452,0,1015,demanddata_2026.csv,-1239.0,997.0,-953.0,-513.0,4129.0,2026-04-15 11:00:00,2026,4,15,11,0,2,Wednesday,0,0.3364391580272114,0.3497720391187833,105,0.258819045102521,-0.9659258262890682,0.8660254037844387,-0.4999999999999998,26515.0,24985.0,20999.0,26292.0,25848.9375,24116.96130952381,0,10050,28732,0.3497720391187833,2077.0,8391.0,0.3213218963008348,0.0,0.1581144213831661,0,0,0.5044011319395473,0.2875226821048993,0,MODERATE,0.2355074106190479,0.5044011319395473,63.37,0.0244813881901422,0.95,1.0337577202297108,1.1121078292551287,Low
2026-04-15,24,25495,29842,23419,4256,6606,5174,22126,0,697,1503,992,730,-452,0,1016,demanddata_2026.csv,-1239.0,997.0,-945.0,-514.0,4040.0,2026-04-15 11:30:00,2026,4,15,11,30,2,Wednesday,0,0.3271323128968986,0.328194062576132,105,0.258819045102521,-0.9659258262890682,0.8660254037844387,-0.4999999999999998,26113.0,24803.0,20401.0,26692.58333333333,25863.354166666668,24132.122023809523,0,9430,28732,0.328194062576132,2088.0,8388.0,0.3289927831816756,0.0,0.1584562284279887,0,0,0.5102925904568059,0.2741726432212909,0,MODERATE,0.228992619027829,0.5102925904568059,61.88,0.15721444918983,0.95,1.0339365044966953,1.113436259106381,Very Low
2026-04-15,25,25722,29857,23791,4260,6606,5753,22126,0,514,1503,992,601,-452,0,1016,demanddata_2026.csv,-1239.0,996.0,-985.0,-445.0,4001.0,2026-04-15 12:00:00,2026,4,15,12,0,2,Wednesday,0,0.3330891436511835,0.3484843211638186,105,1.2246467991473532e-16,-1.0,0.8660254037844387,-0.4999999999999998,25495.0,25029.0,20168.0,26953.0,25877.791666666668,24148.651785714286,0,10013,28732,0.3484843211638186,1987.0,8229.0,0.3199082533141546,0.0,0.1555417330793453,0,0,0.4999277524557023,0.2790762982804804,0,MODERATE,0.2331624005558284,0.4999277524557023,60.01,0.4749317206435089,0.95,1.0322949398634738,1.1110991535893473,Very Low
2026-04-15,26,25786,30035,23777,4264,6606,5948,22126,0,751,1500,991,558,-451,0,981,demanddata_2026.csv,-1239.0,996.0,-991.0,-317.0,3753.0,2026-04-15 12:30:00,2026,4,15,12,30,2,Wednesday,0,0.3185391936407377,0.3554101555702502,105,1.2246467991473532e-16,-1.0,0.8660254037844387,-0.4999999999999998,25722.0,24741.0,19709.0,27093.83333333333,25899.5625,24166.73809523809,0,10212,28732,0.3554101555702502,2028.0,8024.0,0.3111645402722302,0.0,0.1455384496063908,0,0,0.4951284211967596,0.2804588265791065,0,MODERATE,0.2229774355485163,0.4951284211967596,63.05,0.1250247470150313,0.95,1.0329613175858707,1.1100169810013962,Low
2026-04-15,27,25605,30223,23609,4311,6606,5697,22126,0,775,1199,976,-377,-361,0,-37,demanddata_2026.csv,-1239.0,998.0,-1029.0,-300.0,4150.0,2026-04-15 13:00:00,2026,4,15,13,0,2,Wednesday,0,0.2997025692927003,0.3483103052239585,105,-0.2588190451025208,-0.9659258262890684,0.8660254037844387,-0.4999999999999998,25786.0,24858.0,19103.0,27061.416666666668,25915.125,24186.089285714286,0,10008,28732,0.3483103052239585,-170.0,6516.0,0.2544716082168242,0.0,0.1620713895180817,0,0,0.4854547907100636,0.2765488637345545,0,LOW,0.2097917985048902,0.4854547907100636,65.02,0.4070765518892709,0.95,1.0027630295806695,1.1078357317452283,Low
2026-04-15,28,25421,29644,23473,4357,6606,5649,22126,0,308,1177,976,-430,-308,0,-112,demanddata_2026.csv,-1239.0,998.0,-1033.0,-293.0,4081.0,2026-04-15 13:30:00,2026,4,15,13,30,2,Wednesday,0,0.3430547565473289,0.3482406988480144,105,-0.2588190451025208,-0.9659258262890684,0.8660254037844387,-0.4999999999999998,25605.0,25030.0,18764.0,26912.0,25923.27083333333,24205.901785714286,0,10006,28732,0.3482406988480144,-264.0,6566.0,0.2582802297222877,0.0,0.1605302493902918,0,0,0.4839073404516438,0.2725740948760045,0,MODERATE,0.2401383295831302,0.4839073404516438,67.25,0.0484480538905734,0.95,1.004290822407628,1.1074868064136505,Low
2026-04-15,29,25460,30193,23353,4391,6606,4750,22126,0,378,1438,991,-903,-166,0,-285,demanddata_2026.csv,-1239.0,997.0,-1086.0,-176.0,3878.0,2026-04-15 14:00:00,2026,4,15,14,0,2,Wednesday,0,0.3221146885936798,0.3181359412522187,105,-0.4999999999999997,-0.8660254037844388,0.8660254037844387,-0.4999999999999998,25421.0,24936.0,18556.0,26602.25,25934.1875,24226.449404761905,0,9141,28732,0.3181359412522187,-429.0,7281.0,0.2859667727112053,0.0,0.1523113781862456,0,0,0.5069308423497829,0.2734165730579798,0,MODERATE,0.2254802820155758,0.5069308423497829,64.1,0.0688140330522986,0.95,1.0069725864123955,1.1126782385712832,Low
2026-04-15,30,25813,30529,23633,4424,6606,4900,22126,0,502,1457,992,-926,-120,0,-293,demanddata_2026.csv,-1253.0,997.0,-1089.0,-33.0,3695.0,2026-04-15 14:30:00,2026,4,15,14,30,2,Wednesday,0,0.3005950408137225,0.324504924651098,105,-0.4999999999999997,-0.8660254037844388,0.8660254037844387,-0.4999999999999998,25460.0,25157.0,18600.0,26349.08333333333,25947.854166666668,24247.916666666668,0,9324,28732,0.324504924651098,-268.0,7160.0,0.2773688696056403,0.0,0.1431393817308437,0,0,0.5059134251686438,0.2810420807050894,0,MODERATE,0.2104165285696057,0.5059134251686438,65.57,0.2673436025187002,0.95,1.0043558348683497,1.1124488272378006,Low
2026-04-15,31,25590,30782,23595,4399,6606,4324,22126,0,545,1505,992,-1011,-15,0,-667,demanddata_2026.csv,-1429.0,997.0,-1025.0,63.0,4417.0,2026-04-15 15:00:00,2026,4,15,15,0,2,Wednesday,0,0.3060736005617763,0.3035882086799151,105,-0.7071067811865471,-0.7071067811865479,0.8660254037844387,-0.4999999999999998,25813.0,25467.0,19379.0,26057.08333333333,25950.416666666668,24266.401785714286,0,8723,28732,0.3035882086799151,-590.0,7704.0,0.3010433355476534,0.0,0.1725997420968309,0,0,0.5196849257348087,0.2762248336645641,0,MODERATE,0.2142515203932433,0.5196849257348087,67.09,0.0570354647816696,0.95,1.0095893379564416,1.1155540807832582,Low
2026-04-15,32,25904,30890,24075,4374,6606,4200,22126,0,318,1509,992,-1014,14,0,-682,demanddata_2026.csv,-1451.0,998.0,-1021.0,71.0,4680.0,2026-04-15 15:30:00,2026,4,15,15,30,2,Wednesday,0,0.3227553851252508,0.2984025336720843,105,-0.7071067811865471,-0.7071067811865479,0.8660254037844387,-0.4999999999999998,25590.0,26623.0,20297.0,25878.25,25935.4375,24283.089285714286,0,8574,28732,0.2984025336720843,-584.0,7752.0,0.2992472495657209,0.0,0.1806601042269832,0,0,0.5258614481739113,0.2830078631296984,0,MODERATE,0.2259287695876756,0.5258614481739113,63.2,0.2898937024554714,0.95,1.0094918192653592,1.1169467879984576,Low
2026-04-15,33,25849,30328,24047,4290,6606,3683,22126,0,26,1508,992,-996,3,0,-421,demanddata_2026.csv,-1451.0,997.0,-1085.0,0.0,4470.0,2026-04-15 16:00:00,2026,4,15,16,0,2,Wednesday,0,0.3374864002892076,0.2774858177009014,105,-0.8660254037844385,-0.5000000000000004,0.8660254037844387,-0.4999999999999998,25904.0,27384.0,21375.0,25772.75,25903.45833333333,24296.404761904763,0,7973,28732,0.2774858177009014,-453.0,7453.0,0.2883172147001934,0.0,0.1729206963249516,1,0,0.5346688878391884,0.2818197528730666,0,MODERATE,0.2362404802024453,0.5346688878391884,84.62,0.1663818017696207,1.3,1.0073626611767257,1.1189327250512575,Moderate
2026-04-15,34,26773,31302,24860,4205,6606,3660,22126,0,10,1508,992,-997,-60,0,-417,demanddata_2026.csv,-1452.0,997.0,-1093.0,0.0,4442.0,2026-04-15 16:30:00,2026,4,15,16,30,2,Wednesday,0,0.3476615318205457,0.2737270733999234,105,-0.8660254037844385,-0.5000000000000004,0.8660254037844387,-0.4999999999999998,25849.0,28696.0,23214.0,25794.25,25863.39583333333,24306.997023809523,0,7865,28732,0.2737270733999234,-522.0,7516.0,0.2807201015910958,0.0,0.1659072234257115,1,0,0.5451792046606965,0.3017800051844811,0,MODERATE,0.243363072274382,0.5451792046606965,87.6,0.1934889856278564,1.3,1.0084841261241737,1.1213026337200385,High
2026-04-15,35,26895,31939,24926,4203,6606,3570,22126,0,10,1509,992,-1014,1,0,-963,demanddata_2026.csv,-1452.0,997.0,-1093.0,-12.0,4481.0,2026-04-15 17:00:00,2026,4,15,17,0,2,Wednesday,0,0.557105241997825,0.2705251801064977,105,-0.9659258262890684,-0.2588190451025206,0.8660254037844387,-0.4999999999999998,26773.0,30027.0,25140.0,25859.416666666668,25798.14583333333,24312.22023809524,0,7773,28732,0.2705251801064977,-1035.0,8033.0,0.2986689470553242,0.0,0.1666046995835812,1,0,0.5517648317538077,0.3044154497537371,1,MODERATE,0.6899736693984775,0.5517648317538077,87.26,0.1927749926506391,1.3,1.016821974211724,1.122787587504246,High
2026-04-15,36,27996,33227,26031,4200,6606,2693,22126,0,5,1509,991,-1014,-38,0,-988,demanddata_2026.csv,-1452.0,997.0,-1093.0,-141.0,4182.0,2026-04-15 17:30:00,2026,4,15,17,30,2,Wednesday,0,0.5925700886813501,0.2398983746911217,105,-0.9659258262890684,-0.2588190451025206,0.8660254037844387,-0.4999999999999998,26895.0,31297.0,27061.0,26067.83333333333,25729.375,24315.00297619048,0,6893,28732,0.2398983746911217,-1229.0,8223.0,0.2937100403614673,0.0,0.149373147122906,1,0,0.5777608269725122,0.3281992568910395,1,MODERATE,0.7147990620769451,0.5777608269725122,91.5,0.2659600164129697,1.3,1.0199750785567234,1.128649269456241,High
2026-04-15,37,28160,33528,26027,4107,6606,2202,22126,0,9,1509,949,-1015,0,0,-1021,demanddata_2026.csv,-1453.0,970.0,-1093.0,-277.0,3863.0,2026-04-15 18:00:00,2026,4,15,18,0,2,Wednesday,0,0.5702961340081454,0.219573312915463,105,-1.0,-1.8369701987210287e-16,0.8660254037844387,-0.4999999999999998,27996.0,32331.0,28211.0,26271.0,25642.479166666668,24314.85119047619,0,6309,28732,0.219573312915463,-1431.0,8287.0,0.2942722204467171,0.0,0.1371755264372714,1,0,0.5897916631845181,0.3317419856562689,1,MODERATE,0.6992072938057017,0.5897916631845181,96.38,0.0376579544844255,1.3,1.023258207823166,1.1313620309757768,High
2026-04-15,38,28860,34247,26605,4014,6606,1381,22126,0,7,1508,946,-1014,0,0,-1022,demanddata_2026.csv,-1450.0,968.0,-1093.0,-301.0,3909.0,2026-04-15 18:30:00,2026,4,15,18,30,2,Wednesday,0,0.5977129593582106,0.1877631991090383,105,-1.0,-1.8369701987210287e-16,0.8660254037844387,-0.4999999999999998,28160.0,32338.0,29301.0,26527.166666666668,25570.02083333333,24313.53869047619,0,5395,28732,0.1877631991090383,-1458.0,8302.0,0.2876546204220228,0.0,0.1354422923668618,1,0,0.6105730720153009,0.346863388922492,1,MODERATE,0.7183990715507473,0.6105730720153009,88.79,0.5647036310555882,1.3,1.0236970419330371,1.1360479069368858,High
2026-04-15,39,29831,35182,27581,3883,6606,492,22126,0,2,1444,931,-1016,0,0,-1022,demanddata_2026.csv,-1418.0,949.0,-1093.0,-300.0,4212.0,2026-04-15 19:00:00,2026,4,15,19,0,2,Wednesday,0,0.6453082987284401,0.1522639473775797,105,-0.9659258262890684,0.2588190451025203,0.8660254037844387,-0.4999999999999998,28860.0,32503.0,30050.0,26879.33333333333,25514.354166666668,24312.886904761905,0,4375,28732,0.1522639473775797,-1525.0,8173.0,0.2739675516224188,0.0,0.1411906677393403,1,0,0.6329028562386075,0.36783893545321,1,HIGH,0.7517158091099081,0.6329028562386075,95.78,0.0532505128364453,1.3,1.0247860006501246,1.1410829168325458,High
2026-04-15,40,29837,35151,27453,3751,6606,116,22126,0,2,1438,920,-1014,0,0,-1022,demanddata_2026.csv,-1383.0,947.0,-1093.0,-300.0,3874.0,2026-04-15 19:30:00,2026,4,15,19,30,2,Wednesday,0,0.6150589921707057,0.1345839278877945,105,-0.9659258262890684,0.2588190451025203,0.8660254037844387,-0.4999999999999998,29831.0,32355.0,31162.0,27247.33333333333,25461.89583333333,24308.94345238096,0,3867,28732,0.1345839278877945,-1507.0,8117.0,0.2720356592264897,0.0,0.1298344393055834,1,0,0.6410743166521897,0.3679685474812063,1,HIGH,0.730541294519494,0.6410743166521897,104.43,0.4583277385484764,1.3,1.0244934445768772,1.1429254507161215,High
2026-04-15,41,29711,34631,27449,3712,6606,0,22126,0,2,1319,555,-1014,0,0,-1022,demanddata_2026.csv,-989.0,939.0,-1093.0,-300.0,3912.0,2026-04-15 20:00:00,2026,4,15,20,0,2,Wednesday,0,0.4200678601022494,0.1291894337521316,105,-0.8660254037844386,0.5000000000000001,0.8660254037844387,-0.4999999999999998,29837.0,31585.0,31493.0,27601.58333333333,25422.854166666668,24303.63988095238,0,3712,28732,0.1291894337521316,-1605.0,7231.0,0.2433696822832525,0.0,0.1316639741518578,1,0,0.6370350600638199,0.3652466948932861,0,MODERATE,0.2940475020715746,0.6370350600638199,95.23,0.1249103537121024,1.3,1.026086249864557,1.1420146628334369,High
2026-04-15,42,29451,34325,27182,3673,6606,0,22126,0,2,1314,542,-1015,0,0,-1022,demanddata_2026.csv,-942.0,940.0,-1093.0,-300.0,3670.0,2026-04-15 20:30:00,2026,4,15,20,30,2,Wednesday,0,0.4116007504868436,0.1278321094212229,105,-0.8660254037844386,0.5000000000000001,0.8660254037844387,-0.4999999999999998,29711.0,31176.0,30632.0,27904.75,25386.916666666668,24300.125,0,3673,28732,0.1278321094212229,-1576.0,7168.0,0.2433790574494092,0.0,0.1246095341572728,1,0,0.6358276949692724,0.3596301736801175,0,MODERATE,0.2881205253407904,0.6358276949692724,96.96,0.1117685554636911,1.3,1.0256149095243254,1.1417424212775882,High
2026-04-15,43,29071,34042,26906,3694,6606,0,22126,0,2,1494,963,-1014,-72,0,-1022,demanddata_2026.csv,-974.0,994.0,-1093.0,-294.0,3731.0,2026-04-15 21:00:00,2026,4,15,21,0,2,Wednesday,0,0.4343381353463887,0.1285629763686353,105,-0.7071067811865477,0.7071067811865474,0.8660254037844387,-0.4999999999999998,29451.0,30162.0,29565.0,28194.83333333333,25364.1875,24298.654761904763,0,3694,28732,0.1285629763686353,-1018.0,7920.0,0.2724270776004402,0.0,0.1283365437534397,0,0,0.6385320110840422,0.3514214119070249,0,MODERATE,0.3040366947424721,0.6385320110840422,66.8,0.0328217364518865,1.0,1.016545671253657,1.1423522013929126,Low
2026-04-15,44,27566,32481,25469,3714,6606,0,22126,0,11,1509,982,-1015,-85,0,-1022,demanddata_2026.csv,-1009.0,990.0,-1093.0,-180.0,3725.0,2026-04-15 21:30:00,2026,4,15,21,30,2,Wednesday,0,0.3842464075074923,0.1292590401280757,105,-0.7071067811865477,0.7071067811865474,0.8660254037844387,-0.4999999999999998,29071.0,28487.0,28311.0,28333.33333333333,25345.0,24296.4375,0,3714,28732,0.1292590401280757,-923.0,7885.0,0.2860303986650706,0.0,0.1351253310117169,0,0,0.6297813334453364,0.3189103948846453,0,MODERATE,0.2689724852552446,0.6297813334453364,71.56,0.3663418109539477,1.0,1.015001625311518,1.1403790632710211,Low
2026-04-15,45,26036,31116,24156,3711,6606,0,22126,0,9,1446,627,-1014,-1,0,-1022,demanddata_2026.csv,-1402.0,730.0,-1093.0,-39.0,3977.0,2026-04-15 22:00:00,2026,4,15,22,0,2,Wednesday,0,0.3692485941983588,0.1291546305641596,105,-0.5000000000000004,0.8660254037844384,0.8660254037844387,-0.4999999999999998,27566.0,26903.0,26538.0,28348.916666666668,25326.9375,24294.94345238096,0,3711,28732,0.1291546305641596,-1768.0,7374.0,0.2832123516534163,0.0,0.1527441717555786,0,0,0.6175498819850139,0.2858593277456148,0,MODERATE,0.2584740159388511,0.6175498819850139,69.2,0.2196299006049328,1.0,1.0287355076389642,1.137621066215379,Low
2026-04-15,46,24495,29599,22646,3708,6606,0,22126,0,15,1400,592,-1015,0,0,-1022,demanddata_2026.csv,-1452.0,697.0,-1100.0,35.0,3798.0,2026-04-15 22:30:00,2026,4,15,22,30,2,Wednesday,0,0.3424779971564377,0.1290502210002436,105,-0.5000000000000004,0.8660254037844384,0.8660254037844387,-0.4999999999999998,26036.0,25242.0,25018.0,28159.08333333333,25311.375,24293.386904761905,0,3708,28732,0.1290502210002436,-1865.0,7313.0,0.2985385369039843,0.0,0.1550457217504898,0,0,0.6083703987896191,0.2525706385552579,0,MODERATE,0.2397345980095063,0.6083703987896191,72.42,0.0446543723031673,1.0,1.030312059811464,1.1355512392854072,Low
2026-04-15,47,22599,28142,21011,3761,6606,0,22126,0,276,194,185,-964,0,0,-1020,demanddata_2026.csv,-1452.0,173.0,-1331.0,72.0,4264.0,2026-04-15 23:00:00,2026,4,15,23,0,2,Wednesday,0,0.3290887185297649,0.1308947899627605,105,-0.2588190451025215,0.965925826289068,0.8660254037844387,-0.4999999999999998,24495.0,23539.0,23956.0,27801.08333333333,25291.791666666668,24289.34821428572,0,3761,28732,0.1308947899627605,-4143.0,5391.0,0.2385398230088495,0.0,0.1886725663716814,0,0,0.5792235007445512,0.2116132377084593,0,MODERATE,0.2303621029708354,0.5792235007445512,75.7,0.0798914583019056,1.0,1.067336656192437,1.1289790790434138,Moderate
2026-04-15,48,21800,27378,20339,3814,6606,0,22126,0,296,76,155,-962,0,0,-1020,demanddata_2026.csv,-1453.0,138.0,-1347.0,116.0,3918.0,2026-04-15 23:30:00,2026,4,15,23,30,2,Wednesday,0,0.3173820454636022,0.1327393589252775,105,-0.2588190451025215,0.965925826289068,0.8660254037844387,-0.4999999999999998,22599.0,22677.0,23012.0,27284.75,25273.52083333333,24285.74107142857,0,3814,28732,0.1327393589252775,-4297.0,5267.0,0.2415944222742076,0.0,0.1797165267648273,0,0,0.5715132214157117,0.1943532359802989,0,MODERATE,0.2221674318245215,0.5715132214157117,79.3,0.3144482844774805,1.0,1.06983963593022,1.1272405341326892,Moderate
2026-04-16,1,21428,27058,19949,3885,6606,0,22126,0,299,-45,104,-965,0,0,-1022,demanddata_2026.csv,-1452.0,17.0,-1347.0,62.0,3577.0,2026-04-16 00:00:00,2026,4,16,0,0,3,Thursday,0,0.3280178118700725,0.1352103852712908,106,0.0,1.0,0.8660254037844387,-0.4999999999999998,21800.0,22258.0,22866.0,26723.75,25256.229166666668,24281.46130952381,0,3885,28732,0.1352103852712908,-4648.0,5014.0,0.2339819870269261,0.0,0.1669233282001026,0,1,0.5649271463377195,0.1863172902445347,0,MODERATE,0.2296124683090507,0.5649271463377195,63.2,0.1049893377803502,0.82,1.0755444793585438,1.125755479335042,Low
2026-04-16,2,21364,27235,19721,3955,6606,0,22126,0,530,-51,103,-965,24,0,-1022,demanddata_2026.csv,-1453.0,16.0,-1350.0,174.0,3655.0,2026-04-16 00:30:00,2026,4,16,0,30,3,Thursday,0,0.3069087479362713,0.1376466084293321,106,0.0,1.0,0.8660254037844387,-0.4999999999999998,21428.0,22289.0,22583.0,26099.08333333333,25236.95833333333,24277.83333333333,0,3955,28732,0.1376466084293321,-4524.0,5158.0,0.2414228879007723,0.0,0.171074186754037,0,1,0.5641806966280096,0.1849347619459085,0,MODERATE,0.2148361235553899,0.5641806966280096,52.67,0.0923177147131276,0.82,1.073529093076173,1.1255871668409572,Very Low
2026-04-16,3,21084,27403,19508,3972,6606,0,22126,0,736,-157,182,-1009,12,0,-1022,demanddata_2026.csv,-1453.0,251.0,-1442.0,177.0,3701.0,2026-04-16 01:00:00,2026,4,16,1,0,3,Thursday,0,0.3523746129103223,0.1382382626248564,106,0.2588190451025207,0.9659258262890684,0.8660254037844387,-0.4999999999999998,21364.0,22043.0,22426.0,25370.166666666668,25216.979166666668,24273.839285714286,0,3972,28732,0.1382382626248564,-4461.0,5705.0,0.2705714963244012,0.0,0.1755276262746028,0,1,0.5669567415521676,0.1788862006394193,0,MODERATE,0.2466622290372256,0.5669567415521676,55.38,0.0291201217894298,0.82,1.072505146819807,1.1262131206578032,Very Low
2026-04-16,4,21174,27505,19724,3989,6606,0,22126,0,744,-152,194,-1011,96,0,-1022,demanddata_2026.csv,-1453.0,259.0,-1449.0,83.0,4168.0,2026-04-16 01:30:00,2026,4,16,1,30,3,Thursday,0,0.2890644963548986,0.1388299168203807,106,0.2588190451025207,0.9659258262890684,0.8660254037844387,-0.4999999999999998,21084.0,21932.0,22584.0,24648.25,25201.1875,24269.64285714286,0,3989,28732,0.1388299168203807,-4455.0,5719.0,0.2700826446280991,0.0,0.1968358913813459,0,1,0.56731477423963,0.1808303810593623,0,LOW,0.202345147448429,0.56731477423963,59.35,0.1374321674044919,0.82,1.0724076281287247,1.126293851313609,Very Low
2026-04-16,5,20933,27301,19609,4037,6606,0,22126,0,922,526,409,-1013,11,0,-1022,demanddata_2026.csv,-1453.0,24.0,-1448.0,-10.0,4128.0,2026-04-16 02:00:00,2026,4,16,2,0,3,Thursday,0,0.2961626268038445,0.1405004698430376,106,0.4999999999999999,0.8660254037844387,0.8660254037844387,-0.4999999999999998,21174.0,21665.0,21982.0,23916.75,25185.9375,24266.52083333333,0,4037,28732,0.1405004698430376,-3976.0,5916.0,0.2826024648896532,0.0,0.1971911722556606,0,1,0.5663644800475179,0.1756242979348483,0,LOW,0.2073138387626911,0.5663644800475179,63.63,0.0985059219040442,0.82,1.0646223859573083,1.1260795751426784,Low
2026-04-16,6,20179,26685,18971,4084,6606,0,22126,0,943,602,428,-1015,0,0,-1022,demanddata_2026.csv,-1453.0,15.0,-1449.0,-124.0,4055.0,2026-04-16 02:30:00,2026,4,16,2,30,3,Thursday,0,0.3187656687077979,0.1421362196777224,106,0.4999999999999999,0.8660254037844387,0.8660254037844387,-0.4999999999999998,20933.0,21039.0,21343.0,23144.08333333333,25168.02083333333,24263.05654761905,0,4084,28732,0.1421362196777224,-4018.0,6108.0,0.3026759167492567,0.0,0.2009415262636273,0,1,0.561784292323468,0.1593363864166594,0,MODERATE,0.2231359680954585,0.561784292323468,52.21,0.2843846144381035,0.82,1.0653050167948857,1.1250468159236933,Very Low
2026-04-16,7,20130,26592,18888,3990,6606,0,22126,0,846,688,614,-995,0,0,-1022,demanddata_2026.csv,-1453.0,209.0,-1449.0,-197.0,3877.0,2026-04-16 03:00:00,2026,4,16,3,0,3,Thursday,0,0.3064479260048212,0.1388647200083527,106,0.7071067811865476,0.7071067811865476,0.8660254037844387,-0.4999999999999998,20179.0,20590.0,20938.0,22399.0,25158.4375,24260.651785714286,0,3990,28732,0.1388647200083527,-3605.0,6627.0,0.329193780736178,0.0,0.1925885450300531,0,1,0.5689275244777678,0.1582778881880238,0,MODERATE,0.2145135482033748,0.5689275244777678,56.91,0.1576195765692132,0.82,1.0585924802253766,1.1266575007482404,Very Low
2026-04-16,8,19829,26325,18618,3895,6606,0,22126,0,927,694,622,-994,0,0,-1022,demanddata_2026.csv,-1453.0,217.0,-1448.0,-152.0,3794.0,2026-04-16 03:30:00,2026,4,16,3,30,3,Thursday,0,0.3189327634506123,0.135558417151011,106,0.7071067811865476,0.7071067811865476,0.8660254037844387,-0.4999999999999998,20130.0,20247.0,20333.0,21754.25,25149.729166666668,24259.151785714286,0,3895,28732,0.135558417151011,-3536.0,6602.0,0.3329299041855774,0.0,0.1913262733232476,0,1,0.5690378329855483,0.1517756847835479,0,MODERATE,0.2232529344154286,0.5690378329855483,62.34,0.0683863326528928,0.82,1.0574710152779283,1.1266823735559082,Very Low
2026-04-16,9,19367,26002,18047,3820,6606,0,22126,0,874,628,464,-1014,-65,0,-1022,demanddata_2026.csv,-1453.0,29.0,-1448.0,-259.0,3553.0,2026-04-16 04:00:00,2026,4,16,4,0,3,Thursday,0,0.2806607300834884,0.1329481780531096,106,0.8660254037844386,0.5000000000000001,0.8660254037844387,-0.4999999999999998,19829.0,19847.0,20042.0,21198.5,25139.729166666668,24257.14285714286,0,3820,28732,0.1329481780531096,-4140.0,6382.0,0.3295125980999587,0.0,0.1834469227591904,0,1,0.5656025442566389,0.1417955586278406,0,LOW,0.1964625110584419,0.5656025442566389,54.69,0.3736200917870096,0.82,1.0672878968468955,1.1259077707844918,Very Low
2026-04-16,10,19276,25727,18063,3744,6606,0,22126,0,566,610,438,-1015,-38,0,-1022,demanddata_2026.csv,-1453.0,6.0,-1449.0,-408.0,3818.0,2026-04-16 04:30:00,2026,4,16,4,30,3,Thursday,0,0.285474364346621,0.1303031357672363,106,0.8660254037844386,0.5000000000000001,0.8660254037844387,-0.4999999999999998,19367.0,19796.0,19826.0,20763.58333333333,25128.89583333333,24255.50595238096,0,3744,28732,0.1303031357672363,-4331.0,6439.0,0.3340250038906469,0.0,0.1980598640867354,0,1,0.5675487932344339,0.1398297762032316,0,LOW,0.1998320550426347,0.5675487932344339,51.23,0.0269487230323814,0.82,1.0703922418463538,1.12634661886133,Very Low
2026-04-16,11,19555,26111,18544,3615,6606,0,22126,0,73,-96,-94,-1013,0,0,-1022,demanddata_2026.csv,-1453.0,-378.0,-1448.0,-479.0,4103.0,2026-04-16 05:00:00,2026,4,16,5,0,3,Thursday,0,0.3046175871017166,0.1258135245188459,106,0.9659258262890684,0.2588190451025207,0.8660254037844387,-0.4999999999999998,19276.0,20193.0,19975.0,20509.916666666668,25115.604166666668,24254.25595238096,0,3615,28732,0.1258135245188459,-5983.0,5983.0,0.305941910411127,0.0,0.2098077316424626,0,1,0.5680321836388234,0.1458567355050548,0,MODERATE,0.2132323109712016,0.5680321836388234,59.09,0.2218853157911978,0.82,1.0972423881243905,1.126455615681238,Very Low
2026-04-16,12,20182,27163,19015,3485,6606,0,22126,0,381,-174,-124,-1014,-15,0,-1022,demanddata_2026.csv,-1422.0,-392.0,-1449.0,-488.0,3795.0,2026-04-16 05:30:00,2026,4,16,5,30,3,Thursday,0,0.3022552086678786,0.1212891100824835,106,0.9659258262890684,0.2588190451025207,0.8660254037844387,-0.4999999999999998,19555.0,20688.0,20748.0,20375.08333333333,25105.0625,24252.571428571428,0,3485,28732,0.1212891100824835,-6100.0,6100.0,0.3022345538324332,0.0,0.1880295298023089,0,1,0.5765655110953404,0.1594011924306575,0,MODERATE,0.211578646067515,0.5765655110953404,61.01,0.1074282382301144,0.82,1.0991440026004984,1.128379744806571,Very Low
2026-04-16,13,22066,28260,20758,3300,6606,16,22126,0,580,87,107,-1014,-144,0,-1022,demanddata_2026.csv,-1027.0,-89.0,-1449.0,-369.0,3819.0,2026-04-16 06:00:00,2026,4,16,6,0,3,Thursday,0,0.3453297692551088,0.1154073713152124,106,1.0,6.123233995736766e-17,0.8660254037844387,-0.4999999999999998,20182.0,22597.0,22225.0,20428.25,25094.0,24252.09821428572,0,3316,28732,0.1154073713152124,-4920.0,5308.0,0.2405401731091675,0.0,0.1730638509992296,0,0,0.5849909517839971,0.2000993692214637,0,MODERATE,0.2417308384785761,0.5849909517839971,76.18,0.3137759960027538,1.08,1.079965326687615,1.1302795471879308,Moderate
2026-04-16,14,23535,29574,22173,3115,6606,328,22126,0,370,123,129,-1013,-296,0,-1021,demanddata_2026.csv,-948.0,-52.0,-1445.0,-394.0,3546.0,2026-04-16 06:30:00,2026,4,16,6,30,3,Thursday,0,0.3373465499499291,0.1198273761876587,106,1.0,6.123233995736766e-17,0.8660254037844387,-0.4999999999999998,22066.0,24096.0,23839.0,20609.166666666668,25082.3125,24251.19345238096,0,3443,28732,0.1198273761876587,-4917.0,5421.0,0.2303280081577158,0.0,0.1506628144119646,0,0,0.5923974231238537,0.2318327140758662,0,MODERATE,0.2361425849649503,0.5923974231238537,80.17,0.3243263420476917,1.08,1.079916567342074,1.131949588246777,Moderate
2026-04-16,15,25720,30517,24267,2932,6606,1018,22126,0,123,546,353,-696,-431,0,-673,demanddata_2026.csv,-560.0,556.0,-1308.0,-506.0,3181.0,2026-04-16 07:00:00,2026,4,16,7,0,3,Thursday,0,0.5799610923583484,0.137472592489472,106,0.9659258262890684,-0.2588190451025206,0.8660254037844387,-0.4999999999999998,23535.0,25994.0,25718.0,20995.5,25076.604166666668,24251.199404761905,0,3950,28732,0.137472592489472,-2719.0,5629.0,0.2188484118035846,0.0,0.1236732630924147,0,0,0.5975513890248603,0.2790330942711483,1,MODERATE,0.7059727646508438,0.5975513890248603,79.26,0.1657803044261783,1.08,1.0441922201755336,1.1331117252855387,Moderate
2026-04-16,16,26620,31206,24914,2749,6606,2062,22126,0,15,592,384,-629,-452,0,-649,demanddata_2026.csv,-537.0,605.0,-1290.0,-514.0,3329.0,2026-04-16 07:30:00,2026,4,16,7,30,3,Thursday,0,0.5663374614146746,0.1674381373333797,106,0.9659258262890684,-0.2588190451025206,0.8660254037844387,-0.4999999999999998,25720.0,27214.0,26427.0,21449.33333333333,25064.229166666668,24251.77380952381,0,4811,28732,0.1674381373333797,-2490.0,5652.0,0.2123135870177679,0.0,0.1250516509522557,0,0,0.5872377740199436,0.298474898470578,1,MODERATE,0.6964362229902721,0.5872377740199436,68.74,0.206486534561459,1.08,1.04047025679922,1.1307861697364805,Low
2026-04-16,17,27390,30672,25525,2813,6606,3118,22126,0,14,1435,953,572,-452,0,4,demanddata_2026.csv,-856.0,974.0,-946.0,-514.0,3387.0,2026-04-16 08:00:00,2026,4,16,8,0,3,Thursday,0,0.5453664860944255,0.2064177078620401,106,0.8660254037844387,-0.4999999999999998,0.8660254037844387,-0.4999999999999998,26620.0,29177.0,27277.0,21987.416666666668,25027.0,24252.11011904762,0,5931,28732,0.2064177078620401,1170.0,6706.0,0.2448249424993611,0.0,0.1236537548829907,0,0,0.5797444436559371,0.3151084420634235,1,MODERATE,0.6817565402660979,0.5797444436559371,73.91,0.0870661674780194,1.08,1.0190161447610793,1.1290965433542048,Moderate
2026-04-16,18,26642,29962,24653,2877,6606,4410,22126,0,18,1507,992,678,-451,0,39,demanddata_2026.csv,-926.0,997.0,-911.0,-514.0,3417.0,2026-04-16 08:30:00,2026,4,16,8,30,3,Thursday,0,0.561440034564778,0.2536108307520969,106,0.8660254037844387,-0.4999999999999998,0.8660254037844387,-0.4999999999999998,27390.0,28851.0,27129.0,22526.0,24980.979166666668,24250.66071428572,0,7287,28732,0.2536108307520969,1411.0,7015.0,0.2632961753556281,0.0,0.1282513230492061,0,0,0.5511543496257423,0.2989501425732307,1,MODERATE,0.6930080241953446,0.5511543496257423,69.71,0.0212176080365854,1.08,1.0229331455195578,1.1226499335293938,Low
2026-04-16,19,26113,29623,23987,2937,6606,5276,22126,0,272,1506,992,895,-452,0,320,demanddata_2026.csv,-1319.0,997.0,-454.0,-513.0,3316.0,2026-04-16 09:00:00,2026,4,16,9,0,3,Thursday,0,0.5373442860722049,0.2858385828141858,106,0.7071067811865476,-0.7071067811865475,0.8660254037844387,-0.4999999999999998,26642.0,29094.0,26777.0,23024.58333333333,24918.875,24248.684523809523,0,8213,28732,0.2858385828141858,1972.0,7448.0,0.2852109979321436,0.0,0.1269816956421842,0,0,0.5323516565623551,0.2875226821048993,1,MODERATE,0.6761410002505434,0.5323516565623551,82.39,0.1746169235814116,1.08,1.0320511431357675,1.118410226387916,Moderate
2026-04-16,20,25154,28836,23227,2997,6606,6383,22126,0,415,1506,992,903,-451,0,331,demanddata_2026.csv,-1374.0,997.0,-428.0,-514.0,3631.0,2026-04-16 09:30:00,2026,4,16,9,30,3,Thursday,0,0.5190984759725553,0.326453903177531,106,0.7071067811865476,-0.7071067811865475,0.8660254037844387,-0.4999999999999998,26113.0,28050.0,26458.0,23468.33333333333,24858.541666666668,24244.80357142857,0,9380,28732,0.326453903177531,1962.0,7496.0,0.2979924468296561,0.0,0.1443450606241303,0,0,0.5008483642112015,0.2668063596301737,1,MODERATE,0.6633689331807887,0.5008483642112015,72.08,0.1465414989431873,1.08,1.0318886119839636,1.1113067368446374,Low
2026-04-16,21,24095,28445,22291,2965,6606,7531,22126,0,779,1506,992,999,-451,0,487,demanddata_2026.csv,-1443.0,997.0,-663.0,-514.0,3738.0,2026-04-16 10:00:00,2026,4,16,10,0,3,Thursday,0,0.2983721697226012,0.3652942609543034,106,0.4999999999999999,-0.8660254037844387,0.8660254037844387,-0.4999999999999998,25154.0,27115.0,26177.0,23862.33333333333,24795.625,24238.60714285714,0,10496,28732,0.3652942609543034,1910.0,8052.0,0.3341633466135458,0.0,0.1551294820717131,0,0,0.4713551079738624,0.2439298366888447,0,LOW,0.2088605188058208,0.4713551079738624,57.51,0.3140624443626764,0.95,1.0310434499945822,1.104656478359146,Very Low
2026-04-16,22,23533,28027,21779,2932,6606,7975,22126,0,920,1505,992,1003,-452,0,480,demanddata_2026.csv,-1453.0,997.0,-655.0,-514.0,3767.0,2026-04-16 10:30:00,2026,4,16,10,30,3,Thursday,0,0.2683608293797516,0.3795983712108029,106,0.4999999999999999,-0.8660254037844387,0.8660254037844387,-0.4999999999999998,24095.0,26515.0,25813.0,24217.08333333333,24733.5,24231.821428571428,0,10907,28732,0.3795983712108029,1903.0,8051.0,0.3421007903458825,0.0,0.1600662870740205,0,0,0.4561565335442545,0.2317895100665341,0,LOW,0.1878525805658261,0.4561565335442545,58.58,0.3344313689082878,0.95,1.0309296781883197,1.1012294424376288,Very Low
2026-04-16,23,23347,27617,21760,2853,6606,8101,22126,0,1110,1507,992,1003,-452,0,-241,demanddata_2026.csv,-1453.0,997.0,213.0,-514.0,3625.0,2026-04-16 11:00:00,2026,4,16,11,0,3,Thursday,0,0.2967267096868307,0.3812341210454877,106,0.258819045102521,-0.9659258262890682,0.8660254037844387,-0.4999999999999998,23533.0,26113.0,25562.0,24533.08333333333,24675.875,24225.229166666668,0,10954,28732,0.3812341210454877,2052.0,7372.0,0.3157443892410485,0.0,0.1552595511392838,0,0,0.4470884694713583,0.227771537198652,0,LOW,0.2077086967807815,0.4470884694713583,59.08,0.0747517766927786,0.95,1.0333513923502005,1.0991847387412153,Very Low
2026-04-16,24,22891,27206,21310,2773,6606,8479,22126,0,1124,1507,991,1003,-451,0,-280,demanddata_2026.csv,-1453.0,998.0,289.0,-507.0,3499.0,2026-04-16 11:30:00,2026,4,16,11,30,3,Thursday,0,0.2919556812562389,0.3916054710611492,106,0.258819045102521,-0.9659258262890682,0.8660254037844387,-0.4999999999999998,23347.0,25495.0,25560.0,24758.83333333333,24621.625,24217.28571428572,0,11252,28732,0.3916054710611492,2097.0,7479.0,0.3267080202690896,0.0,0.1528481565612441,0,0,0.4357847267636632,0.217921023070941,0,LOW,0.2043689768793672,0.4357847267636632,63.56,0.153875653768672,0.95,1.034082782533319,1.0966359252004274,Low
2026-04-16,25,22675,26615,21216,2683,6606,8961,22126,0,1051,1507,991,1003,-452,0,-10,demanddata_2026.csv,-1453.0,997.0,934.0,-474.0,3357.0,2026-04-16 12:00:00,2026,4,16,12,0,3,Thursday,0,0.2681583915879051,0.4052483207461803,106,1.2246467991473532e-16,-1.0,0.8660254037844387,-0.4999999999999998,22891.0,25722.0,25643.0,24809.58333333333,24558.14583333333,24208.45238095238,0,11644,28732,0.4052483207461803,3043.0,7821.0,0.34490209913565,0.0,0.1480419827130005,0,0,0.427342511754033,0.2132549900630778,0,LOW,0.1877108741115335,0.427342511754033,59.99,0.0553993854715685,0.95,1.0494582294939865,1.094732340477454,Very Low
2026-04-16,26,22490,26433,21002,2593,6606,9654,22126,0,1115,1506,991,1003,-451,0,13,demanddata_2026.csv,-1453.0,997.0,990.0,-424.0,3142.0,2026-04-16 12:30:00,2026,4,16,12,30,3,Thursday,0,0.2487910390849407,0.4262346430933073,106,1.2246467991473532e-16,-1.0,0.8660254037844387,-0.4999999999999998,22675.0,25786.0,25416.0,24722.5,24489.479166666668,24199.74404761905,0,12247,28732,0.4262346430933073,3172.0,7828.0,0.3480503312436085,0.0,0.1397003245742741,0,0,0.4115157687099026,0.2092586191998617,0,LOW,0.1741537273594585,0.4115157687099026,57.63,0.0142363093458368,0.95,1.0515548813522593,1.0911636625607148,Very Low
2026-04-16,27,22424,26346,20853,2549,6606,9238,22126,0,1106,1504,991,1003,-451,0,706,demanddata_2026.csv,-1453.0,997.0,1378.0,-412.0,2961.0,2026-04-16 13:00:00,2026,4,16,13,0,3,Thursday,0,0.2822935240130056,0.4102251766261789,106,-0.2588190451025208,-0.9659258262890684,0.8660254037844387,-0.4999999999999998,22490.0,25605.0,25235.0,24447.83333333333,24423.20833333333,24191.37797619048,0,11787,28732,0.4102251766261789,4263.0,8895.0,0.3966555183946488,0.0,0.1320401337792642,0,0,0.4303568548743091,0.2078328868919035,0,LOW,0.1976054668091039,0.4303568548743091,62.26,0.0212804772668389,0.95,1.069287030014086,1.0954120267336098,Very Low
2026-04-16,28,22342,26292,20660,2505,6606,9050,22126,0,1115,1504,991,1003,-451,0,743,demanddata_2026.csv,-1453.0,997.0,1396.0,-431.0,2753.0,2026-04-16 13:30:00,2026,4,16,13,30,3,Thursday,0,0.274431546711184,0.4021508370166707,106,-0.2588190451025208,-0.9659258262890684,0.8660254037844387,-0.4999999999999998,22424.0,25421.0,24933.0,24091.33333333333,24359.0625,24183.666666666668,0,11555,28732,0.4021508370166707,4299.0,8969.0,0.401423264557132,0.0,0.1232153247102,0,0,0.4351213905738946,0.2060615225092888,0,LOW,0.1921020826978288,0.4351213905738946,61.61,0.155329285020596,0.95,1.0698721421605808,1.0964863534783618,Very Low
2026-04-16,29,22026,25664,20425,2477,6606,8901,22126,0,989,1504,991,893,-375,0,930,demanddata_2026.csv,-1452.0,997.0,1063.0,-322.0,2901.0,2026-04-16 14:00:00,2026,4,16,14,0,3,Thursday,0,0.275470272146009,0.3959906727456235,106,-0.4999999999999997,-0.8660254037844388,0.8660254037844387,-0.4999999999999998,22342.0,25460.0,25048.0,23644.33333333333,24287.52083333333,24174.67261904762,0,11378,28732,0.3959906727456235,4229.0,8527.0,0.3871158124120398,0.0,0.1317020020883461,0,0,0.4309639003780198,0.1992352890348224,0,LOW,0.1928291905022063,0.4309639003780198,61.45,0.0224083515123324,0.95,1.0687344240979522,1.0955489058045282,Very Low
2026-04-16,30,21946,25528,20285,2448,6606,7774,22126,0,1053,1503,991,885,-294,0,937,demanddata_2026.csv,-1452.0,997.0,1000.0,-283.0,3025.0,2026-04-16 14:30:00,2026,4,16,14,30,3,Thursday,0,0.2672700179586407,0.3557581874499704,106,-0.4999999999999997,-0.8660254037844388,0.8660254037844387,-0.4999999999999998,22026.0,25813.0,25047.0,23253.0,24206.95833333333,24165.44345238096,0,10222,28732,0.3557581874499704,4284.0,8342.0,0.3800975076320226,0.0,0.1378320499384882,0,0,0.454548848093493,0.1975071286615398,0,LOW,0.1870890125710484,0.454548848093493,63.85,0.0921361686803694,0.95,1.0696283454328743,1.1008669350317022,Low
2026-04-16,31,22106,25234,20310,2376,6606,6994,22126,0,613,1504,991,683,-297,0,994,demanddata_2026.csv,-1452.0,997.0,-29.0,-237.0,3255.0,2026-04-16 15:00:00,2026,4,16,15,0,3,Thursday,0,0.2661469692859262,0.3261058712978109,106,-0.7071067811865471,-0.7071067811865479,0.8660254037844387,-0.4999999999999998,21946.0,25590.0,24793.0,22919.08333333333,24134.375,24157.446428571428,0,9370,28732,0.3261058712978109,3154.0,7184.0,0.3249649432306509,0.0,0.1472384312661148,0,0,0.4652899568988367,0.200963449408105,0,LOW,0.1863028785001483,0.4652899568988367,65.15,0.4664385994049569,0.95,1.051262325279012,1.103288883608743,Low
2026-04-16,32,23451,26419,21722,2304,6606,6014,22126,0,345,1503,992,674,-200,0,996,demanddata_2026.csv,-1427.0,997.0,-132.0,-364.0,3422.0,2026-04-16 15:30:00,2026,4,16,15,30,3,Thursday,0,0.3181926714868939,0.2894929175512477,106,-0.7071067811865471,-0.7071067811865479,0.8660254037844387,-0.4999999999999998,22106.0,25904.0,25071.0,22777.166666666668,24083.27083333333,24152.625,0,8318,28732,0.2894929175512477,3039.0,7285.0,0.3106344874637557,0.0,0.1459150605492069,0,0,0.5038346123379736,0.2300181456839194,0,MODERATE,0.2227348700408257,0.5038346123379736,68.55,0.0030451856997456,0.95,1.0493932170332647,1.1119800881282338,Low
2026-04-16,33,24583,28053,22719,2214,6606,5008,22126,0,370,1503,991,335,-252,0,996,demanddata_2026.csv,-1104.0,996.0,-925.0,-319.0,3452.0,2026-04-16 16:00:00,2026,4,16,16,0,3,Thursday,0,0.3353140788424033,0.2513486235339157,106,-0.8660254037844385,-0.5000000000000004,0.8660254037844387,-0.4999999999999998,23451.0,25849.0,25049.0,22817.83333333333,24056.89583333333,24151.23809523809,0,7222,28732,0.2513486235339157,2221.0,7421.0,0.3018630003254149,0.0,0.1404165310771233,1,0,0.5382836961802757,0.2544716149658688,0,MODERATE,0.2347198551896822,0.5382836961802757,83.37,0.1246254406474587,1.3,1.0360981688156896,1.1197478066295783,Moderate
2026-04-16,34,26552,29911,24570,2123,6606,4188,22126,0,11,1503,991,318,-400,0,986,demanddata_2026.csv,-1060.0,996.0,-980.0,-408.0,3421.0,2026-04-16 16:30:00,2026,4,16,16,30,3,Thursday,0,0.333781524478461,0.219642919291407,106,-0.8660254037844385,-0.5000000000000004,0.8660254037844387,-0.4999999999999998,24583.0,26773.0,25344.0,23069.416666666668,24052.291666666668,24154.83333333333,0,6311,28732,0.219642919291407,1946.0,7642.0,0.2878017549806048,0.0,0.1288366662900613,1,0,0.5735134036786317,0.2970059621532878,0,MODERATE,0.2336470671349226,0.5735134036786317,87.08,0.1450122423323084,1.3,1.031628562141077,1.1276915433043952,High
2026-04-16,35,27886,31389,25851,2070,6606,3242,22126,0,12,1505,991,105,-451,0,352,demanddata_2026.csv,-1013.0,997.0,-1083.0,-444.0,3496.0,2026-04-16 17:00:00,2026,4,16,17,0,3,Thursday,0,0.5756757529397925,0.1848745345073608,106,-0.9659258262890684,-0.2588190451025206,0.8660254037844387,-0.4999999999999998,26552.0,26895.0,25900.0,23447.666666666668,24072.9375,24160.74404761905,0,5312,28732,0.1848745345073608,959.0,6941.0,0.2488973356761215,0.0,0.1253630723993258,1,0,0.5961008374904719,0.3258230363777759,1,MODERATE,0.7029730270578547,0.5961008374904719,86.22,0.0656634314728042,1.3,1.0155867374580128,1.132784649069451,High
2026-04-16,36,29344,32782,27164,2017,6606,2594,22126,0,12,1505,991,102,-429,0,317,demanddata_2026.csv,-977.0,997.0,-1080.0,-440.0,3541.0,2026-04-16 17:30:00,2026,4,16,17,30,3,Thursday,0,0.6210182567567986,0.1604774997389761,106,-0.9659258262890684,-0.2588190451025206,0.8660254037844387,-0.4999999999999998,27886.0,27996.0,26436.0,23985.416666666668,24101.02083333333,24169.39880952381,0,4611,28732,0.1604774997389761,986.0,6838.0,0.2330209575736923,0.0,0.1206679161697052,1,0,0.6170032450988775,0.357318759180852,1,HIGH,0.734712779729759,0.6170032450988775,95.61,0.2751305971726037,1.3,1.016025571567884,1.1374978083234306,High
2026-04-16,37,30280,33144,28109,1927,6606,1713,22126,0,11,1507,992,-363,-301,0,-77,demanddata_2026.csv,-591.0,997.0,-643.0,-378.0,3792.0,2026-04-16 18:00:00,2026,4,16,18,0,3,Thursday,0,0.5959679157338705,0.1266836042181464,106,-1.0,-1.8369701987210287e-16,0.8660254037844387,-0.4999999999999998,29344.0,28160.0,26968.0,24619.166666666668,24145.1875,24179.25595238096,0,3640,28732,0.1266836042181464,1143.0,5849.0,0.1931574254483009,0.0,0.1252270400581222,1,0,0.6322437772488025,0.3775382355482589,1,MODERATE,0.7171775410137093,0.6322437772488025,99.77,0.1113783810963446,1.3,1.0185773106512082,1.140934305041115,High
2026-04-16,38,30645,33396,28292,1837,6606,949,22126,0,10,1501,992,-410,-281,0,-93,demanddata_2026.csv,-514.0,997.0,-634.0,-309.0,3547.0,2026-04-16 18:30:00,2026,4,16,18,30,3,Thursday,0,0.6436567930117718,0.0969616816900428,106,-1.0,-1.8369701987210287e-16,0.8660254037844387,-0.4999999999999998,30280.0,28860.0,27501.0,25298.75,24182.375,24188.61309523809,0,2786,28732,0.0969616816900428,1249.0,5731.0,0.1870064608758076,0.0,0.1157410428767212,1,0,0.6475156515534305,0.3854229672513609,1,HIGH,0.7505597551082402,0.6475156515534305,91.21,0.0885465459809715,1.3,1.0203001408603316,1.144377868914375,High
2026-04-16,39,31570,34959,29252,1759,6606,394,22126,0,1,1148,982,-865,-144,0,-125,demanddata_2026.csv,-149.0,987.0,-1400.0,-205.0,3655.0,2026-04-16 19:00:00,2026,4,16,19,0,3,Thursday,0,0.6608932726284568,0.0749312637037552,106,-0.9659258262890684,0.2588190451025203,0.8660254037844387,-0.4999999999999998,30645.0,29831.0,28672.0,26060.916666666668,24218.604166666668,24197.23809523809,0,2153,28732,0.0749312637037552,229.0,6005.0,0.1902062018941433,0.0,0.1157708023185835,1,0,0.6642081465677053,0.4054048215674414,1,HIGH,0.7626252908399197,0.6642081465677053,103.51,0.2831226792228423,1.3,1.0037219633763137,1.1481417600805248,High
2026-04-16,40,31474,34829,29223,1680,6606,52,22126,0,3,1119,979,-887,-8,0,-130,demanddata_2026.csv,-97.0,981.0,-1450.0,-280.0,3252.0,2026-04-16 19:30:00,2026,4,16,19,30,3,Thursday,0,0.65468037308006,0.0602791215675355,106,-0.9659258262890684,0.2588190451025203,0.8660254037844387,-0.4999999999999998,31570.0,29837.0,28954.0,26821.916666666668,24252.70833333333,24204.73809523809,0,1732,28732,0.0602791215675355,227.0,5931.0,0.1884352660841938,0.0,0.103320095313741,1,0,0.6699504647894305,0.4033310291195023,1,HIGH,0.758276261156042,0.6699504647894305,97.53,0.1870016164449326,1.3,1.003689457145953,1.1494365611758366,High
2026-04-16,41,31046,34916,28941,1689,6606,0,22126,0,3,1246,840,-1010,0,0,-629,demanddata_2026.csv,-15.0,816.0,-1403.0,-310.0,3298.0,2026-04-16 20:00:00,2026,4,16,20,0,3,Thursday,0,0.432256629743404,0.0587825844847388,106,-0.8660254037844386,0.5000000000000001,0.8660254037844387,-0.4999999999999998,31474.0,29711.0,29596.0,27573.58333333333,24280.52083333333,24209.05357142857,0,1689,28732,0.0587825844847388,-465.0,6269.0,0.2019196701774728,0.0,0.1062260443843205,1,0,0.6707878139218953,0.3940853711224402,0,MODERATE,0.3025796408203828,0.6707878139218953,93.99,0.1047389132343119,1.3,1.0075576985588903,1.14962537003874,High
2026-04-16,42,30389,34239,28117,1697,6606,0,22126,0,3,1254,833,-1014,-6,0,-652,demanddata_2026.csv,-5.0,807.0,-1400.0,-270.0,3083.0,2026-04-16 20:30:00,2026,4,16,20,30,3,Thursday,0,0.4356937872311185,0.0590610099885149,106,-0.8660254037844386,0.5000000000000001,0.8660254037844387,-0.4999999999999998,31046.0,29451.0,29174.0,28277.166666666668,24300.0625,24212.66964285714,0,1697,28732,0.0590610099885149,-453.0,6241.0,0.2053636064494899,0.0,0.1014478446857519,1,0,0.6674216772365815,0.3798928540568564,0,MODERATE,0.304985651061783,0.6674216772365815,97.77,0.1503510684625795,1.3,1.0073626611767257,1.1488663599492914,High
2026-04-16,43,29601,33300,27435,1757,6606,0,22126,0,8,1178,927,-972,-61,0,-584,demanddata_2026.csv,-5.0,846.0,-1400.0,-169.0,3447.0,2026-04-16 21:00:00,2026,4,16,21,0,3,Thursday,0,0.4147549375748353,0.061149201266836,106,-0.7071067811865477,0.7071067811865474,0.8660254037844387,-0.4999999999999998,30389.0,29071.0,28211.0,28901.75,24311.104166666668,24216.80654761905,0,1757,28732,0.061149201266836,-240.0,6142.0,0.2074859806769813,0.0,0.1164448348084589,0,0,0.6620892010304076,0.3628704743800224,0,MODERATE,0.2903284563023847,0.6620892010304076,82.93,0.0827020104904755,1.0,1.0039007476432984,1.1476639716862451,Moderate
2026-04-16,44,28522,32049,26428,1816,6606,0,22126,0,9,1172,931,-972,55,0,-581,demanddata_2026.csv,-34.0,846.0,-1401.0,-30.0,3453.0,2026-04-16 21:30:00,2026,4,16,21,30,3,Thursday,0,0.4086393934919567,0.0632025893571851,106,-0.7071067811865477,0.7071067811865474,0.8660254037844387,-0.4999999999999998,29601.0,27566.0,27073.0,29324.33333333333,24331.02083333333,24221.11904761905,0,1816,28732,0.0632025893571851,-14.0,6022.0,0.2111278617256249,0.0,0.1210601970339725,0,0,0.6551831394385408,0.3395619113453728,0,MODERATE,0.2860475754443697,0.6551831394385408,73.4,0.268127608310776,1.0,1.0002275436125256,1.1461067650376118,Low
2026-04-16,45,27149,31166,25176,1898,6606,0,22126,0,9,1213,862,-825,148,0,-827,demanddata_2026.csv,-412.0,750.0,-1444.0,47.0,3846.0,2026-04-16 22:00:00,2026,4,16,22,0,3,Thursday,0,0.4115639349852361,0.0660564507708906,106,-0.5000000000000004,0.8660254037844384,0.8660254037844387,-0.4999999999999998,28522.0,26036.0,25662.0,29538.166666666668,24354.20833333333,24225.54464285714,0,1898,28732,0.0660564507708906,-488.0,6528.0,0.2404419889502762,0.0,0.1416574585635359,0,0,0.6509559490678587,0.3099023589389095,0,MODERATE,0.2880947544896652,0.6509559490678587,71.16,0.0379913396804333,1.0,1.00793152020804,1.1451536010869718,Low
2026-04-16,46,25824,29844,23918,1979,6606,0,22126,0,9,1216,852,-820,150,0,-837,demanddata_2026.csv,-430.0,740.0,-1424.0,100.0,4011.0,2026-04-16 22:30:00,2026,4,16,22,30,3,Thursday,0,0.3956512190441863,0.068875508996624,106,-0.5000000000000004,0.8660254037844384,0.8660254037844387,-0.4999999999999998,27149.0,24495.0,24478.0,29477.5,24381.89583333333,24229.55059523809,0,1979,28732,0.068875508996624,-453.0,6569.0,0.2543659244917715,0.0,0.1553146176185866,0,0,0.643652766411153,0.2812797027564158,0,MODERATE,0.2769558533309304,0.643652766411153,73.81,0.1125451584226603,1.0,1.0073626611767257,1.143506849977396,Moderate
2026-04-16,47,24076,26729,22347,2060,6606,0,22126,0,9,1320,682,-787,150,0,-723,demanddata_2026.csv,-68.0,627.0,-566.0,100.0,4026.0,2026-04-16 23:00:00,2026,4,16,23,0,3,Thursday,0,0.3519511595878228,0.0716945672223575,106,-0.2588190451025215,0.965925826289068,0.8660254037844387,-0.4999999999999998,25824.0,22599.0,22972.0,29160.0,24412.666666666668,24232.83630952381,0,2060,28732,0.0716945672223575,735.0,5023.0,0.2086223366698509,0.0,0.1672135232794783,0,0,0.6211665214440297,0.2435193986001901,0,MODERATE,0.2463658117114759,0.6211665214440297,73.02,0.1858058387744329,1.0,1.011946039657601,1.1384365606815623,Low
2026-04-16,48,23033,25589,21574,2141,6606,0,22126,0,9,1329,678,-785,150,0,-719,demanddata_2026.csv,-33.0,628.0,-510.0,100.0,3898.0,2026-04-16 23:30:00,2026,4,16,23,30,3,Thursday,0,0.3719332452018189,0.074513625448091,106,-0.2588190451025215,0.965925826289068,0.8660254037844387,-0.4999999999999998,24076.0,21800.0,22110.0,28634.08333333333,24438.354166666668,24235.58333333333,0,2141,28732,0.074513625448091,838.0,4932.0,0.2141182599635321,0.0,0.1692280975948597,0,0,0.6132755711214665,0.2209885077335176,0,MODERATE,0.2603532716412732,0.6132755711214665,73.13,0.094977637737771,1.0,1.0136201105211833,1.1366572773457748,Low
2026-04-17,1,23044,25873,21464,2166,6606,0,22126,0,8,1488,947,-834,150,0,-851,demanddata_2026.csv,-163.0,922.0,-473.0,100.0,3680.0,2026-04-17 00:00:00,2026,4,17,0,0,4,Friday,0,0.3399417193827643,0.0753837051473915,107,0.0,1.0,0.8660254037844387,-0.4999999999999998,23033.0,21428.0,22135.0,28031.08333333333,24472.02083333333,24238.28869047619,0,2166,28732,0.0753837051473915,1286.0,5928.0,0.2572358429160338,0.0,0.1596875678021262,0,1,0.6214346957088301,0.221226129784844,0,MODERATE,0.2379592035679349,0.6214346957088301,56.19,0.2002869557407112,0.82,1.0209015061220068,1.138497029697453,Very Low
2026-04-17,2,22832,25687,21220,2190,6606,0,22126,0,6,1501,966,-836,150,0,-856,demanddata_2026.csv,-186.0,941.0,-471.0,100.0,3911.0,2026-04-17 00:30:00,2026,4,17,0,30,4,Friday,0,0.3703756515660826,0.0762189816587199,107,0.0,1.0,0.8660254037844387,-0.4999999999999998,23044.0,21364.0,21997.0,27380.0,24502.604166666668,24240.77380952381,0,2190,28732,0.0762189816587199,1309.0,6007.0,0.2630841326150747,0.0,0.1712871720755047,0,1,0.6205662439595385,0.216646504795645,0,MODERATE,0.2592629560962578,0.6205662439595385,62.75,0.1626878208141821,0.82,1.021275327771156,1.1383012076909411,Very Low
2026-04-17,3,22726,25524,21210,2301,6606,0,22126,0,5,1508,957,-765,150,0,-731,demanddata_2026.csv,-259.0,932.0,-538.0,97.0,4133.0,2026-04-17 01:00:00,2026,4,17,1,0,4,Friday,0,0.357766164128371,0.0800821355236139,107,0.2588190451025207,0.9659258262890684,0.8660254037844387,-0.4999999999999998,22832.0,21084.0,22097.0,26643.0,24536.8125,24242.64583333333,0,2301,28732,0.0800821355236139,1351.0,5937.0,0.2612311347736172,0.0,0.181854182250187,0,1,0.6169918339141905,0.2143566923010455,0,MODERATE,0.2504363148898597,0.6169918339141905,64.12,0.0315930103248587,0.82,1.0219579586087333,1.1374952352834384,Low
2026-04-17,4,22622,25459,21227,2412,6606,0,22126,0,5,1509,955,-762,150,0,-726,demanddata_2026.csv,-287.0,932.0,-557.0,100.0,4169.0,2026-04-17 01:30:00,2026,4,17,1,30,4,Friday,0,0.3407462883948739,0.0839452893885079,107,0.2588190451025207,0.9659258262890684,0.8660254037844387,-0.4999999999999998,22726.0,21174.0,21825.0,25905.33333333333,24566.979166666668,24245.01785714286,0,2412,28732,0.0839452893885079,1314.0,5978.0,0.264244353091986,0.0,0.1842814834460504,0,1,0.6143805507705089,0.2121100838157781,0,MODERATE,0.2385224018764117,0.6143805507705089,54.14,0.3900463567700823,0.82,1.021356593347058,1.1369064326180245,Very Low
2026-04-17,5,22066,25514,20779,2489,6606,0,22126,0,5,1493,906,-761,150,0,-571,demanddata_2026.csv,-528.0,957.0,-1083.0,100.0,4161.0,2026-04-17 02:00:00,2026,4,17,2,0,4,Friday,0,0.3264649151808365,0.0866251348623533,107,0.4999999999999999,0.8660254037844387,0.8660254037844387,-0.4999999999999998,22622.0,20933.0,21760.0,25157.0,24590.58333333333,24245.92857142857,0,2489,28732,0.0866251348623533,663.0,6549.0,0.2967779942901165,0.0,0.1885621063125934,0,1,0.6149769036578359,0.2000993692214637,0,MODERATE,0.2285254406265855,0.6149769036578359,59.69,0.0902575773516946,0.82,1.0107758153646116,1.137040900674633,Very Low
2026-04-17,6,21422,24973,20189,2566,6606,0,22126,0,8,1491,900,-761,150,0,-568,demanddata_2026.csv,-588.0,954.0,-1126.0,100.0,4207.0,2026-04-17 02:30:00,2026,4,17,2,30,4,Friday,0,0.34550960675194,0.0893049803361988,107,0.4999999999999999,0.8660254037844387,0.8660254037844387,-0.4999999999999998,22066.0,20179.0,21068.0,24409.75,24616.479166666668,24246.98214285714,0,2566,28732,0.0893049803361988,552.0,6638.0,0.3098538953461233,0.0,0.1963777248751342,0,1,0.6108303516750193,0.1861876782165385,0,MODERATE,0.241856724726358,0.6108303516750193,57.74,0.6145047657502668,0.82,1.008971719579586,1.1361059193932392,Very Low
2026-04-17,7,20445,25344,19329,2642,6606,0,22126,0,9,1389,812,-1000,150,0,-984,demanddata_2026.csv,-975.0,769.0,-1431.0,100.0,3989.0,2026-04-17 03:00:00,2026,4,17,3,0,4,Friday,0,0.3242705685148676,0.0919500226220721,107,0.7071067811865476,0.7071067811865476,0.8660254037844387,-0.4999999999999998,21422.0,20130.0,20711.0,23646.75,24623.041666666668,24246.19047619048,0,2642,28732,0.0919500226220721,-1170.0,7610.0,0.3721999413088134,0.0,0.195099285923897,0,1,0.6136195242531245,0.1650825196578242,0,MODERATE,0.2269893979604073,0.6136195242531245,60.73,0.1430177683212432,0.82,1.0190161447610793,1.136734833286496,Very Low
2026-04-17,8,20059,25081,19035,2718,6606,0,22126,0,8,1374,799,-1009,150,0,-1001,demanddata_2026.csv,-1051.0,751.0,-1453.0,100.0,4024.0,2026-04-17 03:30:00,2026,4,17,3,30,4,Friday,0,0.2922479280063362,0.0945950649079455,107,0.7071067811865476,0.7071067811865476,0.8660254037844387,-0.4999999999999998,20445.0,19829.0,20437.0,22941.5,24627.83333333333,24245.06547619048,0,2718,28732,0.0945950649079455,-1340.0,7688.0,0.3832502492522432,0.0,0.2005982053838484,0,1,0.6107325171500525,0.1567441458567355,0,LOW,0.2045735496044353,0.6107325171500525,54.95,0.0095610321906773,0.82,1.0217791743417488,1.1360838592695757,Very Low
2026-04-17,9,19400,24801,18683,2794,6606,0,22126,0,7,876,529,-1014,150,0,-1021,demanddata_2026.csv,-1406.0,580.0,-1453.0,100.0,4557.0,2026-04-17 04:00:00,2026,4,17,4,0,4,Friday,0,0.2864893420898571,0.0972401071938189,107,0.8660254037844386,0.5000000000000001,0.8660254037844387,-0.4999999999999998,20059.0,19367.0,20412.0,22295.75,24628.52083333333,24242.05357142857,0,2794,28732,0.0972401071938189,-2659.0,7129.0,0.3674552858100098,0.0,0.23488479975259,0,1,0.5999682824961182,0.1425084247818197,0,LOW,0.2005425394628999,0.5999682824961182,54.87,0.0873925400789945,0.82,1.043217033264709,1.1336566961828318,Very Low
2026-04-17,10,19416,24863,18646,2869,6606,0,22126,0,7,829,504,-1013,150,0,-1022,demanddata_2026.csv,-1451.0,562.0,-1454.0,100.0,4778.0,2026-04-17 04:30:00,2026,4,17,4,30,4,Friday,0,0.3133608014904896,0.0998503462917203,107,0.8660254037844386,0.5000000000000001,0.8660254037844387,-0.4999999999999998,19400.0,19276.0,20451.0,21761.75,24631.4375,24238.97321428572,0,2869,28732,0.0998503462917203,-2795.0,7085.0,0.364886439717773,0.0,0.2460730287892053,0,1,0.5976637746225026,0.1428540568564762,0,MODERATE,0.2193525610433427,0.5976637746225026,58.49,0.1182402917211146,0.82,1.0454274569292448,1.133137066443814,Very Low
2026-04-17,11,19875,25322,18884,2960,6606,0,22126,0,6,477,268,-1014,150,0,-1022,demanddata_2026.csv,-1452.0,309.0,-1453.0,100.0,4758.0,2026-04-17 05:00:00,2026,4,17,5,0,4,Friday,0,0.3180310078532012,0.1030174363971739,107,0.9659258262890684,0.2588190451025207,0.8660254037844387,-0.4999999999999998,19416.0,19555.0,20841.0,21411.666666666668,24638.104166666668,24236.09821428572,0,2960,28732,0.1030174363971739,-3637.0,6245.0,0.3141980277721876,0.0,0.2393841819279533,0,1,0.5892730968964395,0.1527693769981854,0,MODERATE,0.2226217054972408,0.5892730968964395,61.51,0.1301815615792768,0.82,1.0591125799111496,1.1312451025556038,Very Low
2026-04-17,12,20309,25743,19186,3051,6606,0,22126,0,6,453,261,-1015,150,0,-1022,demanddata_2026.csv,-1443.0,294.0,-1448.0,100.0,4712.0,2026-04-17 05:30:00,2026,4,17,5,30,4,Friday,0,0.3069100817246559,0.1061845265026276,107,0.9659258262890684,0.2588190451025207,0.8660254037844387,-0.4999999999999998,19875.0,20182.0,21706.0,21184.666666666668,24640.75,24231.94047619048,0,3051,28732,0.1061845265026276,-3670.0,6186.0,0.3045790251107829,0.0,0.2320039389463318,0,1,0.5889033706065527,0.1621446470232437,0,MODERATE,0.2148370572072591,0.5889033706065527,60.04,0.101902345290255,0.82,1.0596489327121033,1.1311617351791148,Very Low
2026-04-17,13,21844,27164,20673,3098,6606,12,22126,0,6,1036,589,-1014,150,0,-1022,demanddata_2026.csv,-1331.0,349.0,-1447.0,100.0,4623.0,2026-04-17 06:00:00,2026,4,17,6,0,4,Friday,0,0.3191350302961329,0.1082379145929767,107,1.0,6.123233995736766e-17,0.8660254037844387,-0.4999999999999998,20309.0,22066.0,23626.0,21084.666666666668,24636.125,24226.636904761905,0,3110,28732,0.1082379145929767,-2590.0,7038.0,0.3221789883268482,0.0,0.2116273746852826,0,0,0.6041432145446263,0.1953037241856044,0,MODERATE,0.223394521207293,0.6041432145446263,75.84,0.194890224725581,1.08,1.0420955683172608,1.1345980767160126,Moderate
2026-04-17,14,23104,28339,21801,3144,6606,260,22126,0,6,1084,620,-1015,143,0,-1015,demanddata_2026.csv,-1287.0,368.0,-1412.0,100.0,4748.0,2026-04-17 06:30:00,2026,4,17,6,30,4,Friday,0,0.3434169276390205,0.11847005185675,107,1.0,6.123233995736766e-17,0.8660254037844387,-0.4999999999999998,21844.0,23535.0,25360.0,21107.33333333333,24627.14583333333,24219.92261904762,0,3404,28732,0.11847005185675,-2414.0,7044.0,0.3048690759575849,0.0,0.2054966457476736,0,0,0.604597232069873,0.222522250064806,0,MODERATE,0.2403918493473143,0.604597232069873,79.21,0.1251078451792683,1.08,1.0392350200455087,1.1347004504205482,Moderate
2026-04-17,15,25705,28772,24266,3226,6606,807,22126,0,6,1479,956,-778,47,0,-432,demanddata_2026.csv,-894.0,886.0,-457.0,99.0,4414.0,2026-04-17 07:00:00,2026,4,17,7,0,4,Friday,0,0.58425070450464,0.1403612570911495,107,0.9659258262890684,-0.2588190451025206,0.8660254037844387,-0.4999999999999998,23104.0,25720.0,27776.0,21355.58333333333,24626.83333333333,24213.758928571428,0,4033,28732,0.1403612570911495,906.0,6028.0,0.2344977826188438,0.0,0.171710884618377,0,0,0.5989459008321134,0.2787090642011579,1,MODERATE,0.7089754931532479,0.5989459008321134,80.86,0.3314592985060108,1.08,1.0147253223534511,1.1334261654377102,Moderate
2026-04-17,16,26598,29504,25004,3308,6606,1327,22126,0,6,1509,980,-768,-53,0,-401,demanddata_2026.csv,-815.0,921.0,-363.0,21.0,4346.0,2026-04-17 07:30:00,2026,4,17,7,30,4,Friday,0,0.5615166415937781,0.1613127762503045,107,0.9659258262890684,-0.2588190451025206,0.8660254037844387,-0.4999999999999998,25705.0,26620.0,28614.0,21686.916666666668,24626.375,24207.758928571428,0,4635,28732,0.1613127762503045,1031.0,5831.0,0.2192187676228429,0.0,0.1633896011128238,0,0,0.5917407850418949,0.2979996543679253,1,MODERATE,0.6930616491156447,0.5917407850418949,71.56,0.3357278083263966,1.08,1.0167569617510024,1.1318015268411017,Low
2026-04-17,17,27994,29547,26048,3378,6606,2078,22126,0,12,1507,990,-525,-7,0,18,demanddata_2026.csv,-430.0,993.0,316.0,-79.0,3779.0,2026-04-17 08:00:00,2026,4,17,8,0,4,Friday,0,0.5802627595435045,0.1898861935753315,107,0.8660254037844387,-0.4999999999999998,0.8660254037844387,-0.4999999999999998,26598.0,27390.0,29378.0,22180.916666666668,24638.95833333333,24203.63988095238,0,5456,28732,0.1898861935753315,2783.0,4865.0,0.1737810323272013,0.0,0.1349883907840685,0,0,0.5794213751643413,0.3281560528817074,1,MODERATE,0.7061839316804531,0.5794213751643413,84.66,0.2080857293298239,1.08,1.04523241954708,1.1290236965664395,Moderate
2026-04-17,18,27863,29329,26006,3447,6606,2779,22126,0,13,1508,991,-489,0,0,50,demanddata_2026.csv,-408.0,998.0,367.0,-56.0,3970.0,2026-04-17 08:30:00,2026,4,17,8,30,4,Friday,0,0.5927332092363132,0.2166846483137855,107,0.8660254037844387,-0.4999999999999998,0.8660254037844387,-0.4999999999999998,27994.0,26642.0,28919.0,22717.666666666668,24664.39583333333,24200.497023809523,0,6226,28732,0.2166846483137855,2961.0,4867.0,0.1746698248636233,0.0,0.1424777490668963,0,0,0.5646588691962635,0.3253261902704571,1,MODERATE,0.7149132464654192,0.5646588691962635,70.29,0.1421855435644219,1.08,1.0481254740491928,1.1256949871221078,Low
2026-04-17,19,27787,29027,25825,3518,6606,3464,22126,0,11,1505,991,407,0,0,780,demanddata_2026.csv,-729.0,997.0,537.0,52.0,3966.0,2026-04-17 09:00:00,2026,4,17,9,0,4,Friday,0,0.5770029797367581,0.2429958584206313,107,0.7071067811865476,-0.7071067811865475,0.8660254037844387,-0.4999999999999998,27863.0,26113.0,28174.0,23329.5,24699.27083333333,24199.34523809524,0,6982,28732,0.2429958584206313,4540.0,5998.0,0.2158485677270764,0.0,0.1427234777601842,0,0,0.5586002539504612,0.3236844379158385,1,MODERATE,0.7039020858157305,0.5586002539504612,76.32,0.0387575028892332,1.08,1.0737891429190596,1.1243288660968642,Moderate
2026-04-17,20,27145,28711,25235,3589,6606,3915,22126,0,266,1505,991,466,10,0,821,demanddata_2026.csv,-800.0,997.0,564.0,100.0,4356.0,2026-04-17 09:30:00,2026,4,17,9,30,4,Friday,0,0.5394078872044907,0.2611631225420248,107,0.7071067811865476,-0.7071067811865475,0.8660254037844387,-0.4999999999999998,27787.0,25154.0,27070.0,23920.0,24740.75,24199.56845238096,0,7504,28732,0.2611631225420248,4654.0,6254.0,0.2303838502910189,0.0,0.1604656302954394,0,0,0.5456623998388012,0.3098159509202454,1,MODERATE,0.6775855210431434,0.5456623998388012,77.45,0.0146571464921657,1.08,1.075641998049626,1.121411586519535,Moderate
2026-04-17,21,26373,28823,24521,3637,6606,4607,22126,0,760,1506,992,978,0,0,633,demanddata_2026.csv,-1190.0,998.0,1131.0,100.0,4300.0,2026-04-17 10:00:00,2026,4,17,10,0,4,Friday,0,0.3385345142346636,0.2869174816413183,107,0.4999999999999999,-0.8660254037844387,0.8660254037844387,-0.4999999999999998,27145.0,24095.0,26246.0,24501.08333333333,24788.20833333333,24199.946428571428,0,8244,28732,0.2869174816413183,5148.0,7528.0,0.2854326230378403,0.0,0.1630393569424433,0,0,0.534678396564814,0.2931392033180679,0,MODERATE,0.2369741599642645,0.534678396564814,68.44,0.1656946428444011,0.95,1.0836710369487486,1.1189348691171002,Low
2026-04-17,22,25590,28272,23848,3685,6606,5230,22126,0,943,1506,991,1003,9,0,627,demanddata_2026.csv,-1239.0,998.0,1176.0,100.0,4668.0,2026-04-17 10:30:00,2026,4,17,10,30,4,Friday,0,0.315602566974038,0.3102704207705425,107,0.4999999999999999,-0.8660254037844387,0.8660254037844387,-0.4999999999999998,26373.0,23533.0,25471.0,25015.58333333333,24831.0625,24200.30059523809,0,8915,28732,0.3102704207705425,5171.0,7649.0,0.2988941424719628,0.0,0.1824078777695283,0,0,0.5155037682966469,0.2762248336645641,0,MODERATE,0.2209217968818266,0.5155037682966469,56.89,0.1070265316751664,0.95,1.084044858597898,1.1146112965240853,Very Low
2026-04-17,23,24992,27727,23296,3728,6606,6052,22126,0,962,1504,992,1003,-34,0,979,demanddata_2026.csv,-1239.0,998.0,1380.0,100.0,4881.0,2026-04-17 11:00:00,2026,4,17,11,0,4,Friday,0,0.3073288459561231,0.3403751783663383,107,0.258819045102521,-0.9659258262890682,0.8660254037844387,-0.4999999999999998,25590.0,23347.0,24872.0,25442.0,24865.33333333333,24200.65773809524,0,9780,28732,0.3403751783663383,5683.0,8229.0,0.3292521906133717,0.0,0.1952946825111031,0,0,0.4970671858514319,0.2633068348742763,0,MODERATE,0.2151301921692862,0.4970671858514319,70.11,0.3335529590574876,0.95,1.0923664535702675,1.1104541414828415,Low
2026-04-17,24,24919,27616,23310,3771,6606,6297,22126,0,958,1504,991,1002,0,0,993,demanddata_2026.csv,-1239.0,997.0,1394.0,100.0,5095.0,2026-04-17 11:30:00,2026,4,17,11,30,4,Friday,0,0.3435304312869039,0.3503984965022796,107,0.258819045102521,-0.9659258262890682,0.8660254037844387,-0.4999999999999998,24992.0,22891.0,23845.0,25826.166666666668,24907.58333333333,24203.854166666668,0,10068,28732,0.3503984965022796,5742.0,8220.0,0.3298555377207062,0.0,0.2044542536115569,0,0,0.4904656346090623,0.2617298885336559,0,MODERATE,0.2404713019008327,0.4904656346090623,66.67,0.3241821558622498,0.95,1.093325387365912,1.1089655970571706,Low
2026-04-17,25,24620,27312,23015,3805,6606,6386,22126,0,953,1504,991,1003,0,0,915,demanddata_2026.csv,-1239.0,998.0,1398.0,100.0,4926.0,2026-04-17 12:00:00,2026,4,17,12,0,4,Friday,0,0.3094331334007859,0.3546792886228379,107,1.2246467991473532e-16,-1.0,0.8660254037844387,-0.4999999999999998,24919.0,22675.0,23091.0,26057.5,24948.104166666668,24208.404761904763,0,10191,28732,0.3546792886228379,5670.0,8148.0,0.3309370049957353,0.0,0.200073108322164,0,0,0.4842130040541452,0.255270889138512,0,MODERATE,0.2166031933805501,0.4842130040541452,58.43,0.3234136345804978,0.95,1.0921551630729225,1.1075557286767563,Very Low
2026-04-17,26,24582,27271,22992,3838,6606,6448,22126,0,950,1504,991,1003,0,0,885,demanddata_2026.csv,-1239.0,997.0,1395.0,100.0,4760.0,2026-04-17 12:30:00,2026,4,17,12,30,4,Friday,0,0.3374401704151776,0.3579855914801796,107,1.2246467991473532e-16,-1.0,0.8660254037844387,-0.4999999999999998,24620.0,22490.0,22133.0,26180.666666666668,24991.6875,24215.69345238096,0,10286,28732,0.3579855914801796,5636.0,8114.0,0.3300654924134564,0.0,0.1936297441321238,0,0,0.4815936540047626,0.2544500129612028,0,MODERATE,0.2362081192906243,0.4815936540047626,63.33,0.3479477050970961,0.95,1.0916025571567884,1.1069651070528772,Low
2026-04-17,27,24267,26982,22776,3880,6606,6146,22126,0,937,1507,991,1001,68,0,-39,demanddata_2026.csv,-1239.0,998.0,1300.0,100.0,4640.0,2026-04-17 13:00:00,2026,4,17,13,0,4,Friday,0,0.3175571498610792,0.3489367626074548,107,-0.2588190451025208,-0.9659258262890684,0.8660254037844387,-0.4999999999999998,24582.0,22424.0,21205.0,26060.83333333333,25030.08333333333,24224.80654761905,0,10026,28732,0.3489367626074548,4687.0,7243.0,0.2984588758859403,0.0,0.191198285808472,0,0,0.4763145336776645,0.2476453814914024,0,MODERATE,0.2222900049027554,0.4763145336776645,63.23,0.3073570696161331,0.95,1.0761783508505798,1.1057747496888517,Low
2026-04-17,28,24351,27132,22828,3922,6606,5362,22126,0,939,1507,991,989,147,0,-103,demanddata_2026.csv,-1239.0,998.0,1269.0,100.0,4561.0,2026-04-17 13:30:00,2026,4,17,13,30,4,Friday,0,0.3055452502064825,0.3231127971322173,107,-0.2588190451025208,-0.9659258262890684,0.8660254037844387,-0.4999999999999998,24267.0,22342.0,20598.0,25873.58333333333,25071.9375,24235.97619047619,0,9284,28732,0.3231127971322173,4659.0,7343.0,0.3015358081471748,0.0,0.1872946780551905,0,0,0.4933037717910873,0.2494599498833491,0,MODERATE,0.2138816751445377,0.4933037717910873,64.46,0.1447008253765288,0.95,1.0757232636255285,1.1096055516869974,Low
2026-04-17,29,23793,26934,22427,3984,6606,5249,22126,0,936,1508,992,282,150,0,-466,demanddata_2026.csv,-1239.0,997.0,402.0,100.0,4493.0,2026-04-17 14:00:00,2026,4,17,14,0,4,Friday,0,0.2904985598891343,0.3213378345456444,107,-0.4999999999999997,-0.8660254037844388,0.8660254037844387,-0.4999999999999998,24351.0,22026.0,20662.0,25523.5,25108.75,24245.29464285714,0,9233,28732,0.3213378345456444,2726.0,6136.0,0.2578801378498781,0.0,0.1888291165840127,0,0,0.4783413515475364,0.2374060312797027,0,LOW,0.203348991922394,0.4783413515475364,61.02,0.3171365894876882,0.95,1.0443059919817963,1.1062317647647453,Very Low
2026-04-17,30,23719,26874,22357,4046,6606,5275,22126,0,935,1508,992,236,150,0,-481,demanddata_2026.csv,-1239.0,998.0,327.0,100.0,4446.0,2026-04-17 14:30:00,2026,4,17,14,30,4,Friday,0,0.3203284980386642,0.324400515087182,107,-0.4999999999999997,-0.8660254037844388,0.8660254037844387,-0.4999999999999998,23793.0,21946.0,21382.0,25178.166666666668,25145.6875,24252.25,0,9321,28732,0.324400515087182,2591.0,6031.0,0.2542580101180438,0.0,0.1874367622259696,0,0,0.4747810028601817,0.2358074829344163,0,MODERATE,0.2242299486270649,0.4747810028601817,62.56,0.0346557307561377,0.95,1.0421118214324412,1.105428962969011,Very Low
2026-04-17,31,23160,26666,21791,4001,6606,5081,22126,0,801,1508,992,-475,150,0,-399,demanddata_2026.csv,-1239.0,997.0,-92.0,100.0,4368.0,2026-04-17 15:00:00,2026,4,17,15,0,4,Friday,0,0.2664276879822554,0.3160825531618696,107,-0.7071067811865471,-0.7071067811865479,0.8660254037844387,-0.4999999999999998,23719.0,22106.0,21738.0,24792.58333333333,25167.64583333333,24256.48214285714,0,9082,28732,0.3160825531618696,1542.0,5952.0,0.2569837226371918,0.0,0.1885928932256811,0,0,0.4729058075744758,0.2237319623261038,0,LOW,0.1864993815875788,0.4729058075744758,62.81,0.0204478430546152,0.95,1.0250623036081916,1.10500613636552,Low
2026-04-17,32,23470,26944,22071,3956,6606,4617,22126,0,632,1508,992,-548,150,0,-396,demanddata_2026.csv,-1253.0,997.0,-145.0,100.0,4326.0,2026-04-17 15:30:00,2026,4,17,15,30,4,Friday,0,0.2928592575373643,0.2983677304841123,107,-0.7071067811865471,-0.7071067811865479,0.8660254037844387,-0.4999999999999998,23160.0,23451.0,22913.0,24486.33333333333,25168.041666666668,24258.13988095238,0,8573,28732,0.2983677304841123,1405.0,6089.0,0.259426526351668,0.0,0.1843125559200716,0,0,0.4884007970237584,0.2304285837725741,0,LOW,0.205001480276155,0.4884007970237584,61.44,0.1614763722313838,0.95,1.0228356268284755,1.1085000091423494,Very Low
2026-04-17,33,23528,28029,22118,3941,6606,4608,22126,0,213,1508,992,-865,127,0,-506,demanddata_2026.csv,-1429.0,997.0,-988.0,100.0,4226.0,2026-04-17 16:00:00,2026,4,17,16,0,4,Friday,0,0.302764702355839,0.2975324539727839,107,-0.8660254037844385,-0.5000000000000004,0.8660254037844387,-0.4999999999999998,23470.0,24583.0,23998.0,24249.25,25146.0625,24256.74107142857,0,8549,28732,0.2975324539727839,-64.0,7512.0,0.3192655871477751,0.0,0.179608143142505,1,0,0.5016232441912596,0.231681500043204,0,MODERATE,0.2119352916490873,0.5016232441912596,85.89,0.0880342678461387,1.3,1.0010401993715463,1.111481459910858,High
2026-04-17,34,24380,28754,22866,3925,6606,4716,22126,0,9,1508,992,-879,99,0,-512,demanddata_2026.csv,-1420.0,998.0,-1054.0,100.0,3883.0,2026-04-17 16:30:00,2026,4,17,16,30,4,Friday,0,0.3294455183351036,0.3007343472662095,107,-0.8660254037844385,-0.5000000000000004,0.8660254037844387,-0.4999999999999998,23528.0,26552.0,25804.0,24148.416666666668,25100.8125,24252.50297619048,0,8641,28732,0.3007343472662095,-168.0,7562.0,0.310159550469628,0.0,0.1592633608137484,1,0,0.5085889701987225,0.2500864080186641,0,MODERATE,0.2306118628345725,0.5085889701987225,91.97,0.3786569502464032,1.3,1.0027305233503088,1.1130521199327952,High
2026-04-17,35,25185,30105,23618,3775,6606,3999,22126,0,12,1509,991,-1067,106,0,-903,demanddata_2026.csv,-1027.0,998.0,-1411.0,100.0,3937.0,2026-04-17 17:00:00,2026,4,17,17,0,4,Friday,0,0.5358498603382098,0.2705599832944698,107,-0.9659258262890684,-0.2588190451025206,0.8660254037844387,-0.4999999999999998,24380.0,27886.0,26629.0,24164.5,25044.541666666668,24248.20535714286,0,7774,28732,0.2705599832944698,-704.0,8112.0,0.3220836972921464,0.0,0.1563170015087747,1,0,0.537936260650972,0.2674760217748207,1,MODERATE,0.6750949022367468,0.537936260650972,93.8,0.0426759528161736,1.3,1.0114421930870083,1.1196694654637769,High
2026-04-17,36,26204,31088,24644,3625,6606,3047,22126,0,8,1509,991,-1074,130,0,-919,demanddata_2026.csv,-947.0,997.0,-1436.0,72.0,3948.0,2026-04-17 17:30:00,2026,4,17,17,30,4,Friday,0,0.5739379516668436,0.2322068701493057,107,-0.9659258262890684,-0.2588190451025206,0.8660254037844387,-0.4999999999999998,25185.0,29344.0,27344.0,24271.58333333333,24979.125,24244.8125,0,6672,28732,0.2322068701493057,-677.0,8075.0,0.3081473001335623,0.0,0.1506582713222667,1,0,0.5673497421572735,0.2894884645295083,1,MODERATE,0.7017565661667905,0.5673497421572735,82.18,0.0099033164732388,1.3,1.0110033589771372,1.1263017360208505,Moderate
2026-04-17,37,26980,31610,25438,3415,6606,2212,22126,0,4,1509,992,-1074,13,0,-1018,demanddata_2026.csv,-560.0,997.0,-1445.0,-29.0,3700.0,2026-04-17 18:00:00,2026,4,17,18,0,4,Friday,0,0.5677455384024483,0.1958375387185466,107,-1.0,-1.8369701987210287e-16,0.8660254037844387,-0.4999999999999998,26204.0,30280.0,27870.0,24468.25,24910.375,24242.16369047619,0,5627,28732,0.1958375387185466,-615.0,7637.0,0.2830510359141618,0.0,0.1371335384159223,1,0,0.589296707984777,0.3062516201503499,1,MODERATE,0.6974218768817138,0.589296707984777,91.17,0.2307469831185533,1.3,1.009995665835952,1.131250426479124,High
2026-04-17,38,27245,31996,25683,3204,6606,1431,22126,0,5,1509,992,-1075,-68,0,-1022,demanddata_2026.csv,-483.0,998.0,-1446.0,-152.0,3479.0,2026-04-17 18:30:00,2026,4,17,18,30,4,Friday,0,0.5799216664599627,0.1613127762503045,107,-1.0,-1.8369701987210287e-16,0.8660254037844387,-0.4999999999999998,26980.0,30645.0,28323.0,24690.166666666668,24839.541666666668,24238.95535714286,0,4635,28732,0.1613127762503045,-747.0,7745.0,0.2842619100051384,0.0,0.1276884680320047,1,0,0.610102878202074,0.3119761513868487,1,MODERATE,0.7059451665219738,0.610102878202074,87.23,0.1924055196990022,1.3,1.012141077039766,1.1359418857376302,High
2026-04-17,39,27558,32226,25960,3054,6606,672,22126,0,5,1282,992,-1074,-219,0,-1021,demanddata_2026.csv,-103.0,998.0,-1447.0,-299.0,3280.0,2026-04-17 19:00:00,2026,4,17,19,0,4,Friday,0,0.6054205225576226,0.1296766783837399,107,-0.9659258262890684,0.2588190451025203,0.8660254037844387,-0.4999999999999998,27245.0,31570.0,28899.0,24964.416666666668,24755.95833333333,24234.964285714286,0,3726,28732,0.1296766783837399,-891.0,7435.0,0.2697848252839362,0.0,0.1190173808919046,1,0,0.6262543375625342,0.318737578847317,1,HIGH,0.7237943657903358,0.6262543375625342,92.85,0.0506998896423139,1.3,1.014481525625745,1.139583782000308,High
2026-04-17,40,27955,32723,26143,2903,6606,141,22126,0,3,1269,987,-1074,-300,0,-1016,demanddata_2026.csv,-53.0,992.0,-1441.0,-381.0,3354.0,2026-04-17 19:30:00,2026,4,17,19,30,4,Friday,0,0.6218750542260891,0.1059409041868235,107,-0.9659258262890684,0.2588190451025203,0.8660254037844387,-0.4999999999999998,27558.0,31474.0,29145.0,25264.75,24682.64583333333,24231.42261904762,0,3044,28732,0.1059409041868235,-1017.0,7513.0,0.2687437401631135,0.0,0.1199742452425239,1,0,0.6412192106189882,0.3273135746997321,1,HIGH,0.7353125379582623,0.6412192106189882,89.01,0.0145729586357393,1.3,1.0165294181384763,1.142958121992716,High
2026-04-17,41,28228,32153,26292,2831,6606,0,22126,0,4,1435,807,-917,-431,0,-453,demanddata_2026.csv,-10.0,802.0,-1172.0,-438.0,3165.0,2026-04-17 20:00:00,2026,4,17,20,0,4,Friday,0,0.4085140599539473,0.0985278251487836,107,-0.8660254037844386,0.5000000000000001,0.8660254037844387,-0.4999999999999998,27955.0,31046.0,28960.0,25634.33333333333,24623.9375,24229.24404761905,0,2831,28732,0.0985278251487836,-377.0,6465.0,0.2290198023309362,0.0,0.1121187431364908,1,0,0.6389595298364861,0.3332109219735591,0,MODERATE,0.2859598419677631,0.6389595298364861,88.25,0.3767175894482119,1.3,1.0061274244230145,1.1424486000471767,High
2026-04-17,42,28227,32158,26175,2758,6606,0,22126,0,4,1448,799,-902,-452,0,-426,demanddata_2026.csv,-5.0,792.0,-1129.0,-513.0,3129.0,2026-04-17 20:30:00,2026,4,17,20,30,4,Friday,0,0.409702181810843,0.0959871924268263,107,-0.8660254037844386,0.5000000000000001,0.8660254037844387,-0.4999999999999998,28228.0,30389.0,28581.0,26010.0,24578.89583333333,24228.19047619048,0,2758,28732,0.0959871924268263,-388.0,6466.0,0.2290633413631854,0.0,0.1108473855746067,1,0,0.6402544271530558,0.3331893199688931,0,MODERATE,0.2867915272675901,0.6402544271530558,99.8,0.1481072537939357,1.3,1.006306208689999,1.142740578721829,High
2026-04-17,43,28571,31002,26568,2714,6606,0,22126,0,5,1494,943,-259,-452,0,-448,demanddata_2026.csv,-5.0,843.0,-248.0,-514.0,3123.0,2026-04-17 21:00:00,2026,4,17,21,0,4,Friday,0,0.4083997842671108,0.0944558521560575,107,-0.7071067811865477,0.7071067811865474,0.8660254037844387,-0.4999999999999998,28227.0,29601.0,28026.0,26460.916666666668,24557.4375,24229.8125,0,2714,28732,0.0944558521560575,1354.0,5206.0,0.1822063558728825,0.0,0.1093028139437211,0,0,0.633987494508943,0.3406204095740084,0,MODERATE,0.2858798489869775,0.633987494508943,76.77,0.078261371015352,1.0,1.022006717954275,1.141327485448603,Moderate
2026-04-17,44,27355,29728,25476,2670,6606,0,22126,0,5,1494,949,-233,-451,0,-449,demanddata_2026.csv,-27.0,846.0,-195.0,-513.0,3208.0,2026-04-17 21:30:00,2026,4,17,21,30,4,Friday,0,0.399277716820537,0.0929245118852886,107,-0.7071067811865477,0.7071067811865474,0.8660254037844387,-0.4999999999999998,28571.0,28522.0,26372.0,26784.666666666668,24533.125,24232.73809523809,0,2670,28732,0.0929245118852886,1421.0,5157.0,0.1885144026904518,0.0,0.1172686065214212,0,0,0.6277691530607677,0.3143523719001123,0,MODERATE,0.2794944017743758,0.6277691530607677,72.8,0.0337132403003172,1.0,1.023095676671362,1.1399253487144076,Low
2026-04-17,45,25934,29750,24028,2613,6606,0,22126,0,5,1318,788,-898,-451,0,-656,demanddata_2026.csv,-313.0,812.0,-480.0,-513.0,3242.0,2026-04-17 22:00:00,2026,4,17,22,0,4,Friday,0,0.3591550060156493,0.0909407301708836,107,-0.5000000000000004,0.8660254037844384,0.8660254037844387,-0.4999999999999998,27355.0,27149.0,24941.0,26985.166666666668,24507.8125,24235.69345238096,0,2613,28732,0.0909407301708836,-393.0,6229.0,0.2401773664931559,0.0,0.1250048197416618,0,0,0.6293131140636004,0.2836559232696794,0,MODERATE,0.2514085042109545,0.6293131140636004,72.38,0.082250599252622,1.0,1.006387474265901,1.1402734872745492,Low
2026-04-17,46,24851,28821,22986,2555,6606,0,22126,0,6,1305,781,-937,-451,0,-664,demanddata_2026.csv,-378.0,814.0,-520.0,-514.0,3216.0,2026-04-17 22:30:00,2026,4,17,22,30,4,Friday,0,0.353872907102044,0.0889221452685066,107,-0.5000000000000004,0.8660254037844384,0.8660254037844387,-0.4999999999999998,25934.0,25824.0,23963.0,27024.416666666668,24487.541666666668,24238.33630952381,0,2555,28732,0.0889221452685066,-564.0,6364.0,0.2560759697408659,0.0,0.1294060840173829,0,0,0.6259666269938723,0.2602609522163657,0,MODERATE,0.2477110349714308,0.6259666269938723,68.71,0.1951950499195712,1.0,1.009166756961751,1.1395189078597516,Low
2026-04-17,47,23412,28601,21695,2493,6606,0,22126,0,4,1451,930,-854,-406,0,-917,demanddata_2026.csv,-758.0,934.0,-1236.0,-514.0,3419.0,2026-04-17 23:00:00,2026,4,17,23,0,4,Friday,0,0.3407220067387503,0.0867643476142414,107,-0.2588190451025215,0.965925826289068,0.8660254037844387,-0.4999999999999998,24851.0,24076.0,22301.0,26876.666666666668,24473.70833333333,24241.64285714286,0,2493,28732,0.0867643476142414,-1370.0,8000.0,0.3416905138171101,0.0,0.1460299833425874,0,0,0.6339491332127035,0.2291756675019441,0,MODERATE,0.2385054047171252,0.6339491332127035,70.39,0.276735680908045,1.0,1.022266767797161,1.141318835588656,Low
2026-04-17,48,22523,27788,21027,2431,6606,0,22126,0,47,1462,942,-851,-351,0,-923,demanddata_2026.csv,-801.0,943.0,-1278.0,-514.0,3156.0,2026-04-17 23:30:00,2026,4,17,23,30,4,Friday,0,0.3270610600384938,0.0846065499599763,107,-0.2588190451025215,0.965925826289068,0.8660254037844387,-0.4999999999999998,23412.0,23033.0,21225.0,26569.916666666668,24463.08333333333,24245.50595238096,0,2431,28732,0.0846065499599763,-1371.0,8065.0,0.3580625110992719,0.0,0.1401172083111347,0,0,0.6319855301315166,0.2099714853538408,0,MODERATE,0.2289427420269456,0.6319855301315166,71.11,0.0598739894966998,1.0,1.0222830209123417,1.1408760744385236,Low
2026-04-18,1,22185,26701,20679,2371,6606,0,22126,0,160,1506,987,-762,-351,0,-442,demanddata_2026.csv,-744.0,993.0,-1044.0,-513.0,2951.0,2026-04-18 00:00:00,2026,4,18,0,0,5,Saturday,1,0.3305083947052339,0.0825183586816552,108,0.0,1.0,0.8660254037844387,-0.4999999999999998,22523.0,23044.0,20963.0,26170.33333333333,24445.1875,24249.14285714286,0,2371,28732,0.0825183586816552,-370.0,7342.0,0.3309294149463626,0.0,0.133011809249076,0,1,0.6253731202511238,0.2026700077767216,0,MODERATE,0.2313558762936637,0.6253731202511238,54.61,0.2119485172366052,0.82,1.0060136526167516,1.139385081563313,Very Low
2026-04-18,2,21956,26428,20412,2311,6606,0,22126,0,165,1509,991,-759,-351,0,-421,demanddata_2026.csv,-735.0,997.0,-1027.0,-514.0,3086.0,2026-04-18 00:30:00,2026,4,18,0,30,5,Saturday,1,0.3594458022902881,0.0804301674033341,108,0.0,1.0,0.8660254037844387,-0.4999999999999998,22185.0,22832.0,20510.0,25729.58333333333,24426.9375,24253.446428571428,0,2311,28732,0.0804301674033341,-310.0,7304.0,0.3326501798970716,0.0,0.1405474336202578,0,1,0.6253637700338267,0.1977231487082001,0,MODERATE,0.2516120616032017,0.6253637700338267,52.85,0.5353797699952547,0.82,1.005038465705927,1.1393829732385683,Very Low
2026-04-18,3,22055,26129,20378,2292,6606,0,22126,0,164,1508,991,-713,-351,0,-174,demanddata_2026.csv,-704.0,997.0,-954.0,-514.0,3098.0,2026-04-18 01:00:00,2026,4,18,1,0,5,Saturday,1,0.329839672292977,0.0797689068318658,108,0.2588190451025207,0.9659258262890684,0.8660254037844387,-0.4999999999999998,21956.0,22726.0,20429.0,25271.0,24412.95833333333,24258.28571428572,0,2292,28732,0.0797689068318658,86.0,6906.0,0.3131120783460283,0.0,0.1404606456293072,0,1,0.6226256574757908,0.1998617471701373,0,MODERATE,0.2308877706050839,0.6226256574757908,54.35,0.2213156111901955,0.82,1.0013977679055153,1.1387655725647747,Very Low
2026-04-18,4,22276,26335,20607,2273,6606,0,22126,0,163,1508,991,-711,-351,0,-165,demanddata_2026.csv,-704.0,997.0,-951.0,-514.0,3049.0,2026-04-18 01:30:00,2026,4,18,1,30,5,Saturday,1,0.3409870369909927,0.0791076462603974,108,0.2588190451025207,0.9659258262890684,0.8660254037844387,-0.4999999999999998,22055.0,22622.0,20697.0,24797.75,24405.75,24262.98511904762,0,2273,28732,0.0791076462603974,100.0,6892.0,0.3093773847465996,0.0,0.1368676213134623,0,1,0.6239425290801939,0.2046357902013307,0,MODERATE,0.2386909258936948,0.6239425290801939,60.71,0.0148572088941308,0.82,1.001625311518041,1.1390625060905617,Very Low
2026-04-18,5,21599,25885,20098,2275,6606,0,22126,0,165,1508,991,-817,-351,0,-140,demanddata_2026.csv,-756.0,997.0,-1043.0,-514.0,3134.0,2026-04-18 02:00:00,2026,4,18,2,0,5,Saturday,1,0.3145299222201053,0.0791772526363414,108,0.4999999999999999,0.8660254037844387,0.8660254037844387,-0.4999999999999998,22276.0,22066.0,20277.0,24245.33333333333,24396.02083333333,24266.91964285714,0,2275,28732,0.0791772526363414,-125.0,7117.0,0.3294907407407407,0.0,0.1450925925925926,0,1,0.6228831261375087,0.1900112330424263,0,MODERATE,0.2201709455540737,0.6228831261375087,58.23,0.2623292808645545,0.82,1.0020316393975512,1.138823627638062,Very Low
2026-04-18,6,20882,25209,19571,2276,6606,0,22126,0,164,1508,991,-821,-351,0,-139,demanddata_2026.csv,-785.0,997.0,-1054.0,-513.0,3325.0,2026-04-18 02:30:00,2026,4,18,2,30,5,Saturday,1,0.3386311061002419,0.0792120558243135,108,0.4999999999999999,0.8660254037844387,0.8660254037844387,-0.4999999999999998,21599.0,21422.0,19508.0,23633.25,24384.77083333333,24271.008928571428,0,2276,28732,0.0792120558243135,-167.0,7159.0,0.3428147296844323,0.0,0.1592204185222429,0,1,0.6200760346046276,0.1745225956968806,0,MODERATE,0.2370417742701693,0.6200760346046276,58.66,0.0600933226667969,0.82,1.0027142702351284,1.1381906733065406,Very Low
2026-04-18,7,20669,25470,19375,2257,6606,0,22126,0,159,1507,991,-913,-351,0,-70,demanddata_2026.csv,-1081.0,997.0,-1214.0,-513.0,3309.0,2026-04-18 03:00:00,2026,4,18,3,0,5,Saturday,1,0.3172029471841817,0.0785507952528451,108,0.7071067811865476,0.7071067811865476,0.8660254037844387,-0.4999999999999998,20882.0,20445.0,18872.0,22974.75,24389.4375,24276.35714285714,0,2257,28732,0.0785507952528451,-647.0,7637.0,0.3694726656990807,0.0,0.1600870827285921,0,1,0.6242243835504114,0.1699213687030156,0,MODERATE,0.2220420630289271,0.6242243835504114,55.77,0.0042919899601857,0.82,1.010515765521725,1.1391260597743986,Very Low
2026-04-18,8,19917,24773,18646,2238,6606,0,22126,0,163,1508,991,-918,-351,0,-68,demanddata_2026.csv,-1114.0,997.0,-1228.0,-514.0,3072.0,2026-04-18 03:30:00,2026,4,18,3,30,5,Saturday,1,0.31324422957621,0.0778895346813768,108,0.7071067811865476,0.7071067811865476,0.8660254037844387,-0.4999999999999998,20669.0,20059.0,18623.0,22354.916666666668,24386.479166666668,24280.20833333333,0,2238,28732,0.0778895346813768,-697.0,7689.0,0.3860327342102621,0.0,0.1542323526458479,0,1,0.6221345734990107,0.1536766611941588,0,MODERATE,0.219270960703347,0.6221345734990107,56.31,0.1790886159756086,0.82,1.0113284212807454,1.138654840967104,Very Low
2026-04-18,9,19577,24664,18368,2198,6606,0,22126,0,160,1508,991,-1070,-351,0,-110,demanddata_2026.csv,-1062.0,997.0,-1321.0,-513.0,3053.0,2026-04-18 04:00:00,2026,4,18,4,0,5,Saturday,1,0.3302157770947125,0.076497407162496,108,0.8660254037844386,0.5000000000000001,0.8660254037844387,-0.4999999999999998,19917.0,19400.0,18397.0,21825.166666666668,24390.166666666668,24283.72023809524,0,2198,28732,0.076497407162496,-931.0,7923.0,0.4046889365614465,0.0,0.1559403411993053,0,1,0.6241857116040563,0.1463319796077076,0,MODERATE,0.2311510439662987,0.6241857116040563,53.89,0.1028184191456941,0.82,1.0151316502329613,1.1391173398678094,Very Low
2026-04-18,10,19390,24482,18179,2157,6606,0,22126,0,163,1509,991,-1076,-351,0,-113,demanddata_2026.csv,-1047.0,997.0,-1329.0,-513.0,3285.0,2026-04-18 04:30:00,2026,4,18,4,30,5,Saturday,1,0.3047077444679997,0.0750704764556433,108,0.8660254037844386,0.5000000000000001,0.8660254037844387,-0.4999999999999998,19577.0,19416.0,18024.0,21370.08333333333,24389.625,24287.78571428572,0,2157,28732,0.0750704764556433,-932.0,7926.0,0.408746325614976,0.0,0.1694084884740343,0,1,0.62456373725606,0.1422924047351594,0,MODERATE,0.2132954211275997,0.62456373725606,58.4,0.2272990169935147,0.82,1.0151479033481416,1.1392025786179747,Very Low
2026-04-18,11,19380,24788,18140,2108,6606,0,22126,0,168,1509,991,-1069,-351,0,-493,demanddata_2026.csv,-938.0,997.0,-1375.0,-514.0,3270.0,2026-04-18 05:00:00,2026,4,18,5,0,5,Saturday,1,0.3394809794580422,0.0733651202450144,108,0.9659258262890684,0.2588190451025207,0.8660254037844387,-0.4999999999999998,19390.0,19875.0,18306.0,21034.08333333333,24379.3125,24290.98214285714,0,2108,28732,0.0733651202450144,-1243.0,8237.0,0.4250038697693617,0.0,0.1687219441721273,0,1,0.6289999084079498,0.1420763846884991,0,MODERATE,0.2376366856206295,0.6289999084079498,56.42,0.1462815891307729,0.82,1.020202622169249,1.1402028643988509,Very Low
2026-04-18,12,19347,24733,18103,2058,6606,0,22126,0,173,1509,991,-1068,-351,0,-508,demanddata_2026.csv,-894.0,997.0,-1378.0,-514.0,3249.0,2026-04-18 05:30:00,2026,4,18,5,30,5,Saturday,1,0.325949259404703,0.0716249608464135,108,0.9659258262890684,0.2588190451025207,0.8660254037844387,-0.4999999999999998,19380.0,20309.0,18327.0,20769.416666666668,24359.27083333333,24294.01785714286,0,2058,28732,0.0716249608464135,-1216.0,8210.0,0.4243332644200951,0.0,0.1679243332644201,0,1,0.6298976304667675,0.14136351853452,0,MODERATE,0.2281644815832921,0.6298976304667675,56.13,0.0183816043236732,0.82,1.019763788059378,1.1404052863929235,Very Low
2026-04-18,13,20237,25004,18926,2053,6606,39,22126,0,173,1509,991,-902,-351,0,-503,demanddata_2026.csv,-507.0,997.0,-1317.0,-514.0,3083.0,2026-04-18 06:00:00,2026,4,18,6,0,5,Saturday,1,0.2955965075160233,0.0728082692374621,108,1.0,6.123233995736766e-17,0.8660254037844387,-0.4999999999999998,19347.0,21844.0,19337.0,20607.08333333333,24325.791666666668,24296.696428571428,0,2092,28732,0.0728082692374621,-597.0,7591.0,0.3750864709951576,0.0,0.1523371874691175,0,0,0.6260651865716613,0.1605893026872893,0,LOW,0.2069175552612163,0.6260651865716613,79.22,0.1094119726149115,1.08,1.0097031097627045,1.139541131471253,Moderate
2026-04-18,14,20704,25367,19291,2047,6606,513,22126,0,174,1509,991,-896,-351,0,-503,demanddata_2026.csv,-429.0,996.0,-1296.0,-514.0,3138.0,2026-04-18 06:30:00,2026,4,18,6,30,5,Saturday,1,0.3291916818608623,0.0890961612083666,108,1.0,6.123233995736766e-17,0.8660254037844387,-0.4999999999999998,20237.0,23104.0,20005.0,20502.75,24275.791666666668,24298.776785714286,0,2560,28732,0.0890961612083666,-493.0,7485.0,0.3615068823955566,0.0,0.1515575947838686,0,0,0.6155841205597974,0.1706774388663268,0,MODERATE,0.2304341773026036,0.6155841205597974,75.74,0.1029703632534415,1.08,1.0080127857839418,1.137177818393121,Moderate
2026-04-18,15,21487,25357,20008,1983,6606,1572,22126,0,173,1509,990,-627,-351,0,-801,demanddata_2026.csv,-52.0,997.0,-852.0,-514.0,2982.0,2026-04-18 07:00:00,2026,4,18,7,0,5,Saturday,1,0.524312620951652,0.1237253332405248,108,0.9659258262890684,-0.2588190451025206,0.8660254037844387,-0.4999999999999998,20704.0,25705.0,20945.0,20455.416666666668,24187.916666666668,24300.38988095238,0,3555,28732,0.1237253332405248,299.0,6693.0,0.31147617274758,0.0,0.1387751303052866,0,0,0.5886530949401865,0.1875918085198306,1,MODERATE,0.6670188346661563,0.5886530949401865,69.42,0.0969129868748722,1.08,1.0048596814389426,1.1311053020114588,Low
2026-04-18,16,21383,25143,19884,1918,6606,2858,22126,0,170,1510,991,-616,-397,0,-813,demanddata_2026.csv,-31.0,997.0,-719.0,-514.0,2734.0,2026-04-18 07:30:00,2026,4,18,7,30,5,Saturday,1,0.5347758994099687,0.1662200257543591,108,0.9659258262890684,-0.2588190451025206,0.8660254037844387,-0.4999999999999998,21487.0,26598.0,22151.0,20381.0,24079.27083333333,24298.104166666668,0,4776,28732,0.1662200257543591,408.0,6588.0,0.308080808080808,0.0,0.1278526000748223,0,0,0.5584943773884932,0.1853452000345632,1,MODERATE,0.6743431295869781,0.5584943773884932,76.97,0.0683284310915246,1.08,1.0066312709936072,1.1243049926222306,Moderate
2026-04-18,17,21568,24711,19952,1983,6606,4152,22126,0,173,1509,990,-364,-452,0,-788,demanddata_2026.csv,-353.0,998.0,763.0,-513.0,2661.0,2026-04-18 08:00:00,2026,4,18,8,0,5,Saturday,1,0.4987693774127926,0.2135175582083318,108,0.8660254037844387,-0.4999999999999998,0.8660254037844387,-0.4999999999999998,21383.0,27994.0,24105.0,20378.416666666668,23945.39583333333,24290.55357142857,0,6135,28732,0.2135175582083318,1790.0,6730.0,0.3120218832583801,0.0,0.1233715054012703,0,0,0.52967602256805,0.1893415708977793,1,MODERATE,0.6491385641889548,0.52967602256805,70.69,0.0662248827015963,1.08,1.029093076172933,1.1178069136329083,Low
2026-04-18,18,20746,24005,19154,2048,6606,5487,22126,0,246,1509,966,-343,-452,0,-787,demanddata_2026.csv,-418.0,998.0,941.0,-513.0,3163.0,2026-04-18 08:30:00,2026,4,18,8,30,5,Saturday,1,0.4894438876498175,0.2622420213691574,108,0.8660254037844387,-0.4999999999999998,0.8660254037844387,-0.4999999999999998,21568.0,27863.0,24500.0,20367.08333333333,23797.125,24279.38095238096,0,7535,28732,0.2622420213691574,1901.0,6927.0,0.3338795970501759,0.0,0.1524557767388056,0,0,0.4905001727184527,0.1715847230623002,1,MODERATE,0.6426107213548722,0.4905001727184527,71.84,0.1107633842476359,1.08,1.0308971719579587,1.108973384849512,Low
2026-04-18,19,20299,23895,18591,2072,6606,6848,22126,0,486,1508,59,811,-452,0,-915,demanddata_2026.csv,-730.0,998.0,1370.0,-513.0,3418.0,2026-04-18 09:00:00,2026,4,18,9,0,5,Saturday,1,0.4958195531168429,0.3104444367104026,108,0.7071067811865476,-0.7071067811865475,0.8660254037844387,-0.4999999999999998,20746.0,27787.0,25246.0,20336.25,23641.125,24264.65773809524,0,8920,28732,0.3104444367104026,2136.0,7356.0,0.3623645320197044,0.0,0.1683743842364532,0,0,0.4558160564992021,0.1619286269765834,1,MODERATE,0.6470736871817899,0.4558160564992021,71.25,0.4366020393971912,1.08,1.034716654025355,1.101152670298949,Low
2026-04-18,20,19473,23534,17705,2095,6606,7982,22126,0,876,1508,-1,1028,-452,0,-918,demanddata_2026.csv,-800.0,998.0,1399.0,-514.0,3730.0,2026-04-18 09:30:00,2026,4,18,9,30,5,Saturday,1,0.4532787335768646,0.3507117251940277,108,0.7071067811865476,-0.7071067811865475,0.8660254037844387,-0.4999999999999998,20299.0,27145.0,24858.0,20299.25,23481.291666666668,24248.63095238096,0,10077,28732,0.3507117251940277,2248.0,7618.0,0.3911882510013351,0.0,0.1915374345280887,0,0,0.4183624684210298,0.1440853711224401,1,MODERATE,0.6172951135038052,0.4183624684210298,71.0,0.0217688950560367,1.08,1.0365370029255607,1.0927074840528257,Low
2026-04-18,21,18784,23060,17047,2134,6606,9143,22126,0,1105,1507,-1,577,-452,0,-515,demanddata_2026.csv,-1190.0,998.0,1399.0,-513.0,3815.0,2026-04-18 10:00:00,2026,4,18,10,0,5,Saturday,1,0.2161872053135428,0.3924755507604496,108,0.4999999999999999,-0.8660254037844387,0.8660254037844387,-0.4999999999999998,19473.0,26373.0,24471.0,20233.166666666668,23323.1875,24231.70535714286,0,11277,28732,0.3924755507604496,1810.0,7152.0,0.3807293052967793,0.0,0.2030875698695768,0,0,0.3713428668993458,0.1292015899075434,0,LOW,0.1513310437194799,0.3713428668993458,56.84,0.2953597092839893,0.95,1.0294181384765413,1.0821053144758996,Very Low
2026-04-18,22,18433,22708,16717,2173,6606,9315,22126,0,1071,1508,-1,523,-452,0,-499,demanddata_2026.csv,-1239.0,998.0,1393.0,-513.0,3645.0,2026-04-18 10:30:00,2026,4,18,10,30,5,Saturday,1,0.2073000890443413,0.3998190234225455,108,0.4999999999999999,-0.8660254037844387,0.8660254037844387,-0.4999999999999998,18784.0,25590.0,23672.0,20153.416666666668,23174.08333333333,24216.11309523809,0,11488,28732,0.3998190234225455,1718.0,7126.0,0.3865682977107518,0.0,0.1977324509059347,0,0,0.3592903869018318,0.1216192862697658,0,LOW,0.1451100623310389,0.3592903869018318,60.95,0.0161191322717933,0.95,1.0279228518799437,1.0793876726282283,Very Low
2026-04-18,23,17649,22097,15967,2178,6606,10241,22126,0,958,1508,-2,3,-452,0,-783,demanddata_2026.csv,-1239.0,998.0,1161.0,-514.0,3874.0,2026-04-18 11:00:00,2026,4,18,11,0,5,Saturday,1,0.194599757729341,0.4322207914244945,108,0.258819045102521,-0.9659258262890682,0.8660254037844387,-0.4999999999999998,18433.0,24992.0,22677.0,20009.166666666668,23021.104166666668,24201.14880952381,0,12419,28732,0.4322207914244945,680.0,6660.0,0.3773371104815864,0.0,0.2194900849858357,0,0,0.3132492873745355,0.1046833146115959,0,LOW,0.1362198304105387,0.3132492873745355,56.93,0.1629703546036911,0.95,1.0110521183226786,1.0690061396313693,Very Low
2026-04-18,24,17430,21853,15796,2183,6606,10617,22126,0,920,1508,-4,0,-452,0,-794,demanddata_2026.csv,-1239.0,998.0,1143.0,-514.0,4002.0,2026-04-18 11:30:00,2026,4,18,11,30,5,Saturday,1,0.2077692338800743,0.4454808060418334,108,0.258819045102521,-0.9659258262890682,0.8660254037844387,-0.4999999999999998,17649.0,24919.0,21913.0,19849.416666666668,22865.08333333333,24187.80654761905,0,12800,28732,0.4454808060418334,646.0,6652.0,0.3816189547358155,0.0,0.2295909586369112,0,0,0.2976449841719421,0.0999524755897347,0,LOW,0.145438463716052,0.2976449841719421,54.47,0.1052256407353173,0.95,1.0104995124065446,1.065487618348126,Very Low
2026-04-18,25,17528,21734,15914,2308,6606,10799,22126,0,926,1507,-4,417,-452,0,-571,demanddata_2026.csv,-1239.0,997.0,1089.0,-514.0,4410.0,2026-04-18 12:00:00,2026,4,18,12,0,5,Saturday,1,0.1775796112119799,0.456165384749243,108,1.2246467991473532e-16,-1.0,0.8660254037844387,-0.4999999999999998,17430.0,24620.0,20809.0,19623.666666666668,22717.33333333333,24178.041666666668,0,13107,28732,0.456165384749243,1230.0,6790.0,0.3873580923041816,0.0,0.2515830908779736,0,0,0.2925860954871798,0.1020694720470059,0,LOW,0.1243057278483859,0.2925860954871798,58.17,0.1833487639706474,0.95,1.0199913316719038,1.0643469197039253,Very Low
2026-04-18,26,17502,21719,15991,2432,6606,11052,22126,0,944,1508,-4,471,-452,0,-564,demanddata_2026.csv,-1239.0,998.0,1083.0,-514.0,4707.0,2026-04-18 12:30:00,2026,4,18,12,30,5,Saturday,1,0.1938891408835636,0.4692861866146939,108,1.2246467991473532e-16,-1.0,0.8660254037844387,-0.4999999999999998,17528.0,24582.0,19579.0,19356.83333333333,22569.83333333333,24171.86011904762,0,13484,28732,0.4692861866146939,1287.0,6833.0,0.3903902188196309,0.0,0.2689253270867851,0,0,0.2817355867076367,0.1015078199256891,0,LOW,0.1357223986184945,0.2817355867076367,54.72,0.0864299539487063,0.95,1.0209177592371872,1.0619003031790364,Very Low
2026-04-18,27,17266,21820,15845,2509,6606,11111,22126,0,948,1508,-4,376,-451,0,-899,demanddata_2026.csv,-1239.0,998.0,966.0,-513.0,4689.0,2026-04-18 13:00:00,2026,4,18,13,0,5,Saturday,1,0.192194345143179,0.4740194201788884,108,-0.2588190451025208,-0.9659258262890684,0.8660254037844387,-0.4999999999999998,17502.0,24267.0,18221.0,19005.08333333333,22423.979166666668,24169.01785714286,0,13620,28732,0.4740194201788884,742.0,6954.0,0.4027335379625876,0.0,0.2715584641223142,0,0,0.2738033793830561,0.0964097468245053,0,LOW,0.1345360416002253,0.2738033793830561,51.59,0.0267160802261622,0.95,1.012059811463864,1.0601117170478724,Very Low
2026-04-18,28,16835,21398,15354,2585,6606,10759,22126,0,947,1508,21,373,-451,0,-912,demanddata_2026.csv,-1239.0,997.0,949.0,-514.0,4546.0,2026-04-18 13:30:00,2026,4,18,13,30,5,Saturday,1,0.1859521659534546,0.4644137402986114,108,-0.2588190451025208,-0.9659258262890684,0.8660254037844387,-0.4999999999999998,17266.0,24351.0,17578.0,18626.08333333333,22267.39583333333,24166.80654761905,0,13344,28732,0.4644137402986114,732.0,6964.0,0.4136374435732953,0.0,0.2700166310287479,0,0,0.2718964693293101,0.087099282813445,0,LOW,0.1301665161674182,0.2718964693293101,49.63,0.1589878654136941,0.95,1.0118972803120598,1.0596817392704465,Very Low
2026-04-18,29,16777,21285,15256,2636,6606,10620,22126,0,942,1507,929,192,-451,0,-863,demanddata_2026.csv,-1239.0,997.0,591.0,-513.0,4669.0,2026-04-18 14:00:00,2026,4,18,14,0,5,Saturday,1,0.1924884359637312,0.4613510597570737,108,-0.4999999999999997,-0.8660254037844388,0.8660254037844387,-0.4999999999999998,16835.0,23793.0,16580.0,18226.83333333333,22121.229166666668,24167.39285714286,0,13256,28732,0.4613510597570737,1150.0,7282.0,0.4340207414471331,0.0,0.2782810823697699,0,0,0.2769312238997793,0.0858463665428151,0,LOW,0.1347419051746118,0.2769312238997793,50.79,0.2370747436373747,0.95,1.018691082457471,1.0608169960571228,Very Low
2026-04-18,30,16650,21157,15157,2687,6606,10242,22126,0,942,1508,991,177,-451,0,-861,demanddata_2026.csv,-1239.0,997.0,556.0,-514.0,4502.0,2026-04-18 14:30:00,2026,4,18,14,30,5,Saturday,1,0.1850714341458512,0.4499704172902238,108,-0.4999999999999997,-0.8660254037844388,0.8660254037844387,-0.4999999999999998,16777.0,23719.0,16067.0,17885.5,21973.95833333333,24169.12797619048,0,12929,28732,0.4499704172902238,1164.0,7294.0,0.4380517686625428,0.0,0.2703741517026004,0,0,0.2838989000953708,0.0831029119502289,0,LOW,0.1295500039020958,0.2838989000953708,55.04,0.1702153319655497,0.95,1.0189186260699967,1.0623880958153524,Very Low
2026-04-18,31,16700,21738,15524,2700,6606,9417,22126,0,798,1508,991,-520,-451,0,-1016,demanddata_2026.csv,-1239.0,997.0,249.0,-514.0,5215.0,2026-04-18 15:00:00,2026,4,18,15,0,5,Saturday,1,0.1595576515233766,0.4217102286569449,108,-0.7071067811865471,-0.7071067811865479,0.8660254037844387,-0.4999999999999998,16650.0,23160.0,16094.0,17585.583333333332,21839.375,24170.93154761905,0,12117,28732,0.4217102286569449,5.0,7485.0,0.4481767558828812,0.0,0.3122567510927489,0,0,0.3116499538499088,0.0841830121835306,0,LOW,0.1116903560663636,0.3116499538499088,51.67,0.5546399364547066,0.95,1.0000812655759022,1.0686455154514656,Very Low
2026-04-18,32,17348,22038,16133,2713,6606,8501,22126,0,382,1507,991,-605,-451,0,-1021,demanddata_2026.csv,-1218.0,997.0,208.0,-513.0,4981.0,2026-04-18 15:30:00,2026,4,18,15,30,5,Saturday,1,0.208332731280316,0.3902829499182125,108,-0.7071067811865471,-0.7071067811865479,0.8660254037844387,-0.4999999999999998,16700.0,23470.0,16799.0,17408.5,21711.83333333333,24172.56547619048,0,11214,28732,0.3902829499182125,-105.0,7511.0,0.4329356158856418,0.0,0.2871058850654216,0,0,0.3514653410089462,0.09818111120712,0,LOW,0.1458329118962212,0.3514653410089462,55.85,0.0540262491111007,0.95,1.001706577093943,1.0776232496893112,Very Low
2026-04-18,33,18537,23342,17247,2708,6606,7541,22126,0,17,1507,991,-822,-451,0,-1021,demanddata_2026.csv,-955.0,997.0,-526.0,-513.0,5084.0,2026-04-18 16:00:00,2026,4,18,16,0,5,Saturday,1,0.2365236193874355,0.3566978735252149,108,-0.8660254037844385,-0.5000000000000004,0.8660254037844387,-0.4999999999999998,17348.0,23528.0,17618.0,17387.916666666668,21607.854166666668,24175.30059523809,0,10249,28732,0.3566978735252149,-793.0,7783.0,0.4198403279749703,0.0,0.2742474916387959,1,0,0.4016386880197916,0.1238658947550332,0,LOW,0.1655665335712048,0.4016386880197916,81.63,0.1901446335150348,1.3,1.0128887203380648,1.0889365385313194,Moderate
2026-04-18,34,19892,24670,18534,2702,6606,6386,22126,0,12,1507,991,-827,-425,0,-1018,demanddata_2026.csv,-892.0,996.0,-590.0,-514.0,5005.0,2026-04-18 16:30:00,2026,4,18,16,30,5,Saturday,1,0.2531315300765258,0.3162913722897017,108,-0.8660254037844385,-0.5000000000000004,0.8660254037844387,-0.4999999999999998,18537.0,24380.0,18987.0,17509.5,21514.354166666668,24177.99404761905,0,9088,28732,0.3162913722897017,-772.0,7760.0,0.3900869652641632,0.0,0.2515960388076207,1,0,0.4505767889479869,0.153136611077508,0,LOW,0.177192071053568,0.4505767889479869,81.34,0.0265506027811292,1.3,1.0125474049192762,1.0999712990997217,Moderate
2026-04-18,35,21582,25390,20144,2645,6606,5405,22126,0,10,1507,991,-313,-302,0,-570,demanddata_2026.csv,-506.0,997.0,-1113.0,-494.0,4956.0,2026-04-18 17:00:00,2026,4,18,17,0,5,Saturday,1,0.4830104372493657,0.2801656631747468,108,-0.9659258262890684,-0.2588190451025206,0.8660254037844387,-0.4999999999999998,19892.0,25185.0,21408.0,17837.25,21439.291666666668,24178.511904761905,0,8050,28732,0.2801656631747468,197.0,6793.0,0.3147384515590974,0.0,0.2296251679562618,1,0,0.4860190384498637,0.1896439989631037,1,MODERATE,0.6381073060745559,0.4860190384498637,80.1,0.2418201293474176,1.3,1.0032018636905409,1.107962960603559,Moderate
2026-04-18,36,23083,26788,21523,2587,6606,4005,22126,0,11,1507,991,-289,-321,0,-551,demanddata_2026.csv,-429.0,997.0,-1147.0,-457.0,4585.0,2026-04-18 17:30:00,2026,4,18,17,30,5,Saturday,1,0.516726026540186,0.2294226151115442,108,-0.9659258262890684,-0.2588190451025206,0.8660254037844387,-0.4999999999999998,21582.0,26204.0,23048.0,18308.33333333333,21374.27083333333,24178.61607142857,0,6592,28732,0.2294226151115442,301.0,6689.0,0.2897678045399411,0.0,0.1986224224571131,1,0,0.5323512008233002,0.2220686079668193,1,MODERATE,0.6617082185781301,0.5323512008233002,88.72,0.1273301622180224,1.3,1.004892187669303,1.118410123626034,High
2026-04-18,37,24749,28362,22991,2442,6606,2858,22126,0,14,1507,992,-689,-441,0,-383,demanddata_2026.csv,-52.0,997.0,-1095.0,-439.0,4427.0,2026-04-18 18:00:00,2026,4,18,18,0,5,Saturday,1,0.5455932237213025,0.1844568962516966,108,-1.0,-1.8369701987210287e-16,0.8660254037844387,-0.4999999999999998,23083.0,26980.0,24752.0,18910.08333333333,21327.791666666668,24178.60714285714,0,5300,28732,0.1844568962516966,397.0,6595.0,0.2664646464646464,0.0,0.1788686868686868,1,0,0.5718601672608035,0.2580575477404303,1,MODERATE,0.6819152566049117,0.5718601672608035,78.69,0.2177800622770538,1.3,1.006452486726623,1.1273187648825176,Moderate
2026-04-18,38,25983,29527,24155,2297,6606,1874,22126,0,8,1507,992,-708,-451,0,-376,demanddata_2026.csv,26.0,997.0,-1081.0,-420.0,4198.0,2026-04-18 18:30:00,2026,4,18,18,30,5,Saturday,1,0.5806605770462115,0.145164097031288,108,-1.0,-1.8369701987210287e-16,0.8660254037844387,-0.4999999999999998,24749.0,27245.0,26431.0,19616.83333333333,21301.5,24177.27380952381,0,4171,28732,0.145164097031288,486.0,6558.0,0.2523860837438423,0.0,0.161560960591133,1,0,0.6021186153605955,0.284714421498315,1,MODERATE,0.706462403932348,0.6021186153605955,85.8,0.0713505931046147,1.3,1.0078990139776791,1.1341415619183597,High
2026-04-18,39,26776,29989,24886,2136,6606,894,22126,0,8,1507,992,-929,-452,0,-114,demanddata_2026.csv,399.0,997.0,-710.0,-500.0,3821.0,2026-04-18 19:00:00,2026,4,18,19,0,5,Saturday,1,0.5933891805636752,0.1054536595552152,108,-0.9659258262890684,0.2588190451025203,0.8660254037844387,-0.4999999999999998,25983.0,27558.0,27449.0,20409.33333333333,21285.20833333333,24175.27083333333,0,3030,28732,0.1054536595552152,1190.0,6600.0,0.2464801882212346,0.0,0.1426970907868693,1,0,0.6286456123918329,0.3018448111984792,1,MODERATE,0.7153724263945727,0.6286456123918329,91.79,0.2700373022619275,1.3,1.0193412070646874,1.1401229763027858,High
2026-04-18,40,27345,30407,25467,1974,6606,178,22126,0,10,1507,992,-826,-451,0,-102,demanddata_2026.csv,475.0,997.0,-668.0,-505.0,3617.0,2026-04-18 19:30:00,2026,4,18,19,30,5,Saturday,1,0.595601959374728,0.0748964605157832,108,-0.9659258262890684,0.2588190451025203,0.8660254037844387,-0.4999999999999998,26776.0,27955.0,27851.0,21285.166666666668,21272.5,24173.76488095238,0,2152,28732,0.0748964605157832,1419.0,6523.0,0.2385358004827031,0.0,0.1322679733781906,1,0,0.6471760426635588,0.314136351853452,1,MODERATE,0.7169213715623096,0.6471760426635588,103.19,0.0941716243217221,1.3,1.0230631704410011,1.1443012925308305,High
2026-04-18,41,28021,29534,25989,1933,6606,1,22126,0,10,1507,992,186,-451,0,298,demanddata_2026.csv,849.0,997.0,-46.0,-506.0,3072.0,2026-04-18 20:00:00,2026,4,18,20,0,5,Saturday,1,0.4051435886322299,0.0673093655378832,108,-0.8660254037844386,0.5000000000000001,0.8660254037844387,-0.4999999999999998,27345.0,28228.0,28083.0,22222.166666666668,21268.1875,24173.58035714286,0,1934,28732,0.0673093655378832,3826.0,5832.0,0.2081221897080865,0.0,0.1096281493112554,1,0,0.6493640438645853,0.3287393070076903,0,MODERATE,0.2836005120425608,0.6493640438645853,106.77,0.1159656503683843,1.3,1.0621844186802472,1.1447946518749563,High
2026-04-18,42,28014,29483,25897,1892,6606,0,22126,0,11,1507,992,203,-452,0,315,demanddata_2026.csv,895.0,997.0,2.0,-506.0,3002.0,2026-04-18 20:30:00,2026,4,18,20,30,5,Saturday,1,0.4171873007073782,0.0658476316430585,108,-0.8660254037844386,0.5000000000000001,0.8660254037844387,-0.4999999999999998,28021.0,28227.0,27689.0,23169.166666666668,21263.75,24174.54761904762,0,1892,28732,0.0658476316430585,3953.0,5869.0,0.209494913439229,0.0,0.1071568802427271,1,0,0.6503440291093162,0.328588092975028,0,MODERATE,0.2920311104951647,0.6503440291093162,103.69,0.1005667579744841,1.3,1.064248564308159,1.145015622904299,High
2026-04-18,43,27348,28817,25158,1884,6606,0,22126,0,12,1507,992,379,-451,0,580,demanddata_2026.csv,891.0,997.0,205.0,-506.0,2546.0,2026-04-18 21:00:00,2026,4,18,21,0,5,Saturday,1,0.4029306637650028,0.0655692061392823,108,-0.7071067811865477,0.7071067811865474,0.8660254037844387,-0.4999999999999998,28014.0,28571.0,26443.0,24056.5,21238.27083333333,24177.24107142857,0,1884,28732,0.0655692061392823,4594.0,6508.0,0.2379611685984862,0.0,0.0930929832900654,0,0,0.6519802926105993,0.3142011578674501,0,MODERATE,0.2820514646355019,0.6519802926105993,79.48,0.1115438199475627,1.0,1.0746668111388016,1.1453845742044315,Moderate
2026-04-18,44,26474,27947,24281,1876,6606,0,22126,0,15,1506,992,386,-452,0,591,demanddata_2026.csv,862.0,998.0,219.0,-506.0,2538.0,2026-04-18 21:30:00,2026,4,18,21,30,5,Saturday,1,0.40180608694172,0.0652907806355062,108,-0.7071067811865477,0.7071067811865474,0.8660254037844387,-0.4999999999999998,27348.0,27355.0,25499.0,24817.0,21219.916666666668,24180.14285714286,0,1876,28732,0.0652907806355062,4596.0,6512.0,0.2459678942398489,0.0,0.0958640226628895,0,0,0.6481588111365792,0.2953210057893372,0,MODERATE,0.281264260859204,0.6481588111365792,74.48,0.0886421996255365,1.0,1.0746993173691624,1.144522891133724,Moderate
2026-04-18,45,25466,26934,23390,1820,6606,0,22126,0,10,1506,992,388,-452,0,590,demanddata_2026.csv,490.0,998.0,122.0,-506.0,2437.0,2026-04-18 22:00:00,2026,4,18,22,0,5,Saturday,1,0.3814349652265354,0.0633418021090732,108,-0.5000000000000004,0.8660254037844384,0.8660254037844387,-0.4999999999999998,26474.0,25934.0,23963.0,25394.416666666668,21210.166666666668,24184.61607142857,0,1820,28732,0.0633418021090732,4128.0,6044.0,0.2373267365610397,0.0,0.0956924647583146,0,0,0.6410106160206083,0.273546185085976,0,MODERATE,0.2670044756585747,0.6410106160206083,72.64,0.2218214805118461,1.0,1.0670928594647306,1.1429110872405428,Low
2026-04-18,46,24370,25834,22279,1763,6606,0,22126,0,7,1506,992,375,-451,0,588,demanddata_2026.csv,414.0,998.0,105.0,-506.0,2544.0,2026-04-18 22:30:00,2026,4,18,22,30,5,Saturday,1,0.3584526214063165,0.0613580203946681,108,-0.5000000000000004,0.8660254037844384,0.8660254037844387,-0.4999999999999998,25466.0,24851.0,22647.0,25767.58333333333,21200.14583333333,24189.74404761905,0,1763,28732,0.0613580203946681,4021.0,5935.0,0.2435271429157605,0.0,0.1043863608387017,0,0,0.6362493473744448,0.2498703879720038,0,MODERATE,0.2509168349844215,0.6362493473744448,73.3,0.0576337761921639,1.0,1.0653537761404268,1.141837497164186,Low
2026-04-18,47,22752,24604,20795,1707,6606,0,22126,0,7,1507,992,-133,-452,0,212,demanddata_2026.csv,42.0,998.0,-254.0,-506.0,2727.0,2026-04-18 23:00:00,2026,4,18,23,0,5,Saturday,1,0.3236146333068214,0.0594090418682351,108,-0.2588190451025215,0.965925826289068,0.8660254037844387,-0.4999999999999998,24370.0,23412.0,21163.0,25865.08333333333,21186.39583333333,24194.47321428572,0,1707,28732,0.0594090418682351,2406.0,5096.0,0.2239704654331297,0.0,0.1198523271656484,0,0,0.622782759205871,0.2149183444223624,0,MODERATE,0.2265302433147749,0.622782759205871,80.42,0.0216574606000174,1.0,1.0391049951240654,1.1388009964971184,Moderate
2026-04-18,48,22295,24185,20411,1650,6606,0,22126,0,7,1507,992,-144,-452,0,197,demanddata_2026.csv,-5.0,998.0,-276.0,-506.0,2648.0,2026-04-18 23:30:00,2026,4,18,23,30,5,Saturday,1,0.3514284360902514,0.05742526015383,108,-0.2588190451025215,0.965925826289068,0.8660254037844387,-0.4999999999999998,22752.0,22523.0,20559.0,25799.416666666668,21181.64583333333,24199.63988095238,0,1650,28732,0.05742526015383,2311.0,5077.0,0.2277090060997488,0.0,0.1187656978830283,0,0,0.6217198974536527,0.2050462282899853,0,MODERATE,0.2459999052631759,0.6217198974536527,71.42,0.2639044794056245,1.0,1.0375609491819264,1.1385613381382818,Low
2026-04-19,1,21634,23485,19736,1596,6606,0,22126,0,7,1507,992,-229,-451,0,199,demanddata_2026.csv,-6.0,997.0,-152.0,-506.0,2395.0,2026-04-19 00:00:00,2026,4,19,0,0,6,Sunday,1,0.3432327042166335,0.0555458880033411,109,0.0,1.0,0.8660254037844387,-0.4999999999999998,22295.0,22185.0,20244.0,25539.83333333333,21170.166666666668,24203.776785714286,0,1596,28732,0.0555458880033411,2351.0,5039.0,0.232909637162006,0.0,0.1107002542177028,0,1,0.6195219418532029,0.1907673032057374,0,MODERATE,0.2402628929516434,0.6195219418532029,55.55,0.134069090665997,0.82,1.038211073789143,1.1380657342359863,Very Low
2026-04-19,2,21457,23277,19584,1542,6606,0,22126,0,7,1507,992,-232,-428,0,199,demanddata_2026.csv,-5.0,998.0,-142.0,-506.0,2382.0,2026-04-19 00:30:00,2026,4,19,0,30,6,Sunday,1,0.3290475198375203,0.0536665158528521,109,0.0,1.0,0.8660254037844387,-0.4999999999999998,21634.0,21956.0,20130.0,25162.666666666668,21159.77083333333,24207.72619047619,0,1542,28732,0.0536665158528521,2383.0,5009.0,0.2334327523534346,0.0,0.1110075496318389,0,1,0.6196820492916275,0.1869437483798496,0,MODERATE,0.2303332638862641,0.6196820492916275,54.83,0.2864025211879338,0.82,1.038731173474916,1.138101835907582,Very Low
2026-04-19,3,21287,23016,19427,1525,6606,0,22126,0,9,1507,992,-230,-379,0,288,demanddata_2026.csv,-5.0,998.0,-100.0,-506.0,2084.0,2026-04-19 01:00:00,2026,4,19,1,0,6,Sunday,1,0.3391054086936459,0.0530748616573278,109,0.2588190451025207,0.9659258262890684,0.8660254037844387,-0.4999999999999998,21457.0,22055.0,19847.0,24705.25,21143.77083333333,24212.011904761905,0,1525,28732,0.0530748616573278,2565.0,5005.0,0.2351089815858699,0.0,0.0978955279969936,0,1,0.619266646409053,0.183271407586624,0,MODERATE,0.2373737860855521,0.619266646409053,63.13,0.0920958498219089,0.82,1.0416892404377505,1.13800816918857,Low
2026-04-19,4,21467,23195,19572,1508,6606,0,22126,0,12,1507,992,-230,-381,0,291,demanddata_2026.csv,-5.0,997.0,-94.0,-506.0,2228.0,2026-04-19 01:30:00,2026,4,19,1,30,6,Sunday,1,0.3286371965056282,0.0524832074618035,109,0.2588190451025207,0.9659258262890684,0.8660254037844387,-0.4999999999999998,21287.0,22276.0,20018.0,24215.416666666668,21126.916666666668,24216.324404761905,0,1508,28732,0.0524832074618035,2571.0,5003.0,0.2330445313955655,0.0,0.1037823737656046,0,1,0.6204637830815287,0.1871597684265099,0,MODERATE,0.2300460375539397,0.6204637830815287,60.36,0.381323857203632,0.82,1.041786759128833,1.1382781043985162,Very Low
2026-04-19,5,21277,22791,19374,1483,6606,0,22126,0,12,1507,992,-106,-381,0,489,demanddata_2026.csv,-5.0,997.0,-4.0,-506.0,2136.0,2026-04-19 02:00:00,2026,4,19,2,0,6,Sunday,1,0.3482494335324731,0.051613127762503,109,0.4999999999999999,0.8660254037844387,0.8660254037844387,-0.4999999999999998,21467.0,21599.0,19654.0,23653.416666666668,21120.20833333333,24221.154761904763,0,1483,28732,0.051613127762503,2983.0,4987.0,0.2343735313469311,0.0,0.1003853745652787,0,1,0.6200388928757399,0.1830553875399637,0,MODERATE,0.2437746034727311,0.6200388928757399,59.19,0.0931162247858241,0.82,1.0484830425831615,1.1381822984395638,Very Low
2026-04-19,6,20737,22246,18827,1458,6606,0,22126,0,12,1508,992,-104,-381,0,496,demanddata_2026.csv,-6.0,997.0,0.0,-506.0,2067.0,2026-04-19 02:30:00,2026,4,19,2,30,6,Sunday,1,0.3173504992468812,0.0507430480632025,109,0.4999999999999999,0.8660254037844387,0.8660254037844387,-0.4999999999999998,21277.0,20882.0,18849.0,23047.0,21117.1875,24226.77380952381,0,1458,28732,0.0507430480632025,2996.0,4990.0,0.2406210820715594,0.0,0.0996720995274375,0,1,0.6182424412666578,0.1713903050203059,0,MODERATE,0.2221453494728168,0.6182424412666578,60.15,0.2343667784762323,0.82,1.0486943330805072,1.137777227278179,Very Low
2026-04-19,7,20403,21866,18589,1402,6606,0,22126,0,12,1507,992,-2,-381,0,541,demanddata_2026.csv,-14.0,998.0,-48.0,-506.0,2018.0,2026-04-19 03:00:00,2026,4,19,3,0,6,Sunday,1,0.3328011891960414,0.0487940695367695,109,0.7071067811865476,0.7071067811865476,0.8660254037844387,-0.4999999999999998,20737.0,20669.0,18234.0,22468.25,21111.64583333333,24233.229166666668,0,1402,28732,0.0487940695367695,3087.0,4989.0,0.2445108802195648,0.0,0.0989021760439129,0,1,0.6181217055256395,0.1641752354618508,0,MODERATE,0.2329608324372289,0.6181217055256395,56.78,0.1254278187788741,0.82,1.0501733665619244,1.1377500032958645,Very Low
2026-04-19,8,20091,21571,18324,1345,6606,0,22126,0,12,1507,992,0,-381,0,543,demanddata_2026.csv,-25.0,998.0,-56.0,-506.0,1969.0,2026-04-19 03:30:00,2026,4,19,3,30,6,Sunday,1,0.3034231136459653,0.0468102878223645,109,0.7071067811865476,0.7071067811865476,0.8660254037844387,-0.4999999999999998,20403.0,19917.0,18015.0,21936.33333333333,21115.27083333333,24239.40773809524,0,1345,28732,0.0468102878223645,3072.0,5008.0,0.2492534342026677,0.0,0.0979992036631495,0,1,0.6183713281568922,0.1574354100060485,0,MODERATE,0.2123961795521757,0.6183713281568922,59.05,0.0580358948315337,0.82,1.049929569834218,1.1378062892145266,Very Low
2026-04-19,9,19788,21579,18003,1292,6606,0,22126,0,12,1507,992,-99,-381,0,580,demanddata_2026.csv,-156.0,997.0,-137.0,-506.0,2067.0,2026-04-19 04:00:00,2026,4,19,4,0,6,Sunday,1,0.3164760004096599,0.0449657188598475,109,0.8660254037844386,0.5000000000000001,0.8660254037844387,-0.4999999999999998,20091.0,19577.0,17772.0,21463.166666666668,21119.666666666668,24245.40773809524,0,1292,28732,0.0449657188598475,2797.0,5355.0,0.2706048814998231,0.0,0.1044519682651978,0,1,0.621930077287633,0.1508900025922405,0,MODERATE,0.2215332002867619,0.621930077287633,61.44,0.0602221330664371,0.82,1.0454599631596055,1.138608730335778,Very Low
2026-04-19,10,19394,21184,17625,1239,6606,0,22126,0,11,1508,992,-104,-381,0,581,demanddata_2026.csv,-162.0,998.0,-126.0,-506.0,2013.0,2026-04-19 04:30:00,2026,4,19,4,30,6,Sunday,1,0.3081386249568938,0.0431211498973305,109,0.8660254037844386,0.5000000000000001,0.8660254037844387,-0.4999999999999998,19788.0,19390.0,17307.0,21048.5,21119.75,24251.61904761905,0,1239,28732,0.0431211498973305,2800.0,5358.0,0.2762567672080433,0.0,0.1037896365042536,0,1,0.621763495495054,0.1423788127538235,0,MODERATE,0.2156970374698256,0.621763495495054,58.72,0.0827573526426973,0.82,1.045508722505147,1.1385711688006692,Very Low
2026-04-19,11,19376,20798,17601,1233,6606,0,22126,0,13,1507,992,359,-381,0,380,demanddata_2026.csv,-22.0,998.0,458.0,-506.0,1816.0,2026-04-19 05:00:00,2026,4,19,5,0,6,Sunday,1,0.2958054505568033,0.0429123307694984,109,0.9659258262890684,0.2588190451025207,0.8660254037844387,-0.4999999999999998,19394.0,19380.0,17047.0,20767.166666666668,21119.666666666668,24258.55059523809,0,1233,28732,0.0429123307694984,3785.0,5603.0,0.2891572482840481,0.0,0.0937193580017546,0,1,0.6243773663325881,0.1419899766698349,0,LOW,0.2070638153897623,0.6243773663325881,59.92,0.2885470572778679,0.82,1.0615180409578502,1.1391605549497403,Very Low
2026-04-19,12,19363,20768,17529,1226,6606,0,22126,0,13,1507,992,404,-381,0,372,demanddata_2026.csv,-5.0,998.0,515.0,-506.0,1968.0,2026-04-19 05:30:00,2026,4,19,5,30,6,Sunday,1,0.3210013281651839,0.0426687084536943,109,0.9659258262890684,0.2588190451025207,0.8660254037844387,-0.4999999999999998,19376.0,19347.0,16953.0,20522.83333333333,21120.0,24265.72321428572,0,1226,28732,0.0426687084536943,3896.0,5680.0,0.2933278248295806,0.0,0.1016318942367279,0,1,0.6253048754229076,0.1417091506091765,0,MODERATE,0.2247009297156287,0.6253048754229076,60.14,0.0146875856759209,0.82,1.0633221367428758,1.1393696934439312,Very Low
2026-04-19,13,20222,21627,18319,1180,6606,75,22126,0,13,1507,992,754,-381,0,452,demanddata_2026.csv,-5.0,998.0,1093.0,-506.0,1966.0,2026-04-19 06:00:00,2026,4,19,6,0,6,Sunday,1,0.3356496960928699,0.0436780009048828,109,1.0,6.123233995736766e-17,0.8660254037844387,-0.4999999999999998,19363.0,20237.0,17562.0,20405.166666666668,21119.6875,24273.63988095238,0,1255,28732,0.0436780009048828,4904.0,6688.0,0.3307125550116204,0.0,0.0972160411412747,0,0,0.6377701788386952,0.1602652726172989,0,MODERATE,0.2349547872650089,0.6377701788386952,76.02,0.6475474191274093,1.08,1.0797052768447286,1.1421804203825905,Moderate
2026-04-19,14,20200,21614,18223,1133,6606,739,22126,0,13,1507,992,769,-395,0,455,demanddata_2026.csv,20.0,998.0,1140.0,-506.0,1807.0,2026-04-19 06:30:00,2026,4,19,6,30,6,Sunday,1,0.3034348062314761,0.0651515678836181,109,1.0,6.123233995736766e-17,0.8660254037844387,-0.4999999999999998,20222.0,20704.0,17934.0,20300.416666666668,21109.1875,24280.383928571428,0,1872,28732,0.0651515678836181,4980.0,6782.0,0.3357259541606851,0.0,0.0894510172763724,0,0,0.6233558624546738,0.1597900285146461,0,MODERATE,0.2124043643620332,0.6233558624546738,78.92,0.2134099268716741,1.08,1.0809405135984398,1.13893022213137,Moderate
2026-04-19,15,20644,22129,18674,1046,6606,1950,22126,0,27,1507,992,1038,-452,0,277,demanddata_2026.csv,331.0,998.0,1406.0,-506.0,1665.0,2026-04-19 07:00:00,2026,4,19,7,0,6,Sunday,1,0.4974780518435575,0.1042703511641666,109,0.9659258262890684,-0.2588190451025206,0.8660254037844387,-0.4999999999999998,20200.0,21487.0,18478.0,20246.83333333333,21091.625,24286.83035714286,0,2996,28732,0.1042703511641666,5591.0,7507.0,0.3636231533058852,0.0,0.0806490675708404,0,0,0.6049636599521923,0.1693813185863648,1,MODERATE,0.6482346362904903,0.6049636599521923,77.29,0.1241153086236135,1.08,1.09087116697367,1.1347830740587828,Moderate
2026-04-19,16,20439,22304,18396,958,6606,3378,22126,0,407,1507,992,1050,-452,0,281,demanddata_2026.csv,345.0,998.0,1425.0,-506.0,1803.0,2026-04-19 07:30:00,2026,4,19,7,30,6,Sunday,1,0.4925090169158437,0.150906623046671,109,0.9659258262890684,-0.2588190451025206,0.8660254037844387,-0.4999999999999998,20644.0,21383.0,18604.0,20161.166666666668,21071.95833333333,24292.291666666668,0,4336,28732,0.150906623046671,5640.0,7556.0,0.3696673189823874,0.0,0.0882093933463796,0,0,0.5716252191862946,0.164952907629828,1,MODERATE,0.6447563118410906,0.5716252191862946,78.32,0.0924967088957039,1.08,1.09166756961751,1.1272657878421537,Moderate
2026-04-19,17,20343,21914,18222,885,6606,4881,22126,0,113,1507,992,1067,-452,0,939,demanddata_2026.csv,35.0,997.0,1425.0,-506.0,1350.0,2026-04-19 08:00:00,2026,4,19,8,0,6,Sunday,1,0.487591513587374,0.2006751818466571,109,0.8660254037844387,-0.4999999999999998,0.8660254037844387,-0.4999999999999998,20439.0,21568.0,19138.0,20083.33333333333,21046.4375,24295.87797619048,0,5766,28732,0.2006751818466571,6004.0,7920.0,0.3893039716869839,0.0,0.066358631537554,0,0,0.539419199062706,0.1628791151818888,1,MODERATE,0.6413140595111617,0.539419199062706,80.21,0.0479437657117977,1.08,1.097583703543179,1.1200038444037197,Moderate
2026-04-19,18,19636,21357,17527,812,6606,6450,22126,0,228,1507,992,1069,-452,0,974,demanddata_2026.csv,-35.0,998.0,1425.0,-506.0,1180.0,2026-04-19 08:30:00,2026,4,19,8,30,6,Sunday,1,0.4730477399268269,0.2527407510527964,109,0.8660254037844387,-0.4999999999999998,0.8660254037844387,-0.4999999999999998,20343.0,20746.0,18649.0,19991.58333333333,21023.3125,24298.81547619048,0,7262,28732,0.2527407510527964,5972.0,7958.0,0.4052553852421449,0.0,0.0600906452105718,0,0,0.4958269058985774,0.1476064978830035,1,MODERATE,0.6311334179487789,0.4958269058985774,74.38,0.1064187637260565,1.08,1.097063603857406,1.110174478151859,Moderate
2026-04-19,19,19005,21169,16871,830,6606,8030,22126,0,295,1507,992,1059,-451,0,1015,demanddata_2026.csv,-412.0,997.0,1427.0,-506.0,1225.0,2026-04-19 09:00:00,2026,4,19,9,0,6,Sunday,1,0.4574555167532023,0.3083562454320815,109,0.7071067811865476,-0.7071067811865475,0.8660254037844387,-0.4999999999999998,19636.0,20299.0,18545.0,19875.08333333333,20996.354166666668,24300.184523809523,0,8860,28732,0.3083562454320815,5628.0,8366.0,0.4401767862780175,0.0,0.0644533305272019,0,0,0.4514296791572706,0.1339756329387367,1,MODERATE,0.6202188617272415,0.4514296791572706,75.92,0.1702035464400079,1.08,1.0914725322353451,1.100163612227368,Moderate
2026-04-19,20,18600,20648,16549,848,6606,9573,22126,0,119,1507,991,1065,-451,0,1017,demanddata_2026.csv,-472.0,997.0,1428.0,-506.0,1306.0,2026-04-19 09:30:00,2026,4,19,9,30,6,Sunday,1,0.4482468349400629,0.362684021856402,109,0.7071067811865476,-0.7071067811865475,0.8660254037844387,-0.4999999999999998,19005.0,19473.0,18695.0,19750.83333333333,20978.166666666668,24299.901785714286,0,10421,28732,0.362684021856402,5576.0,8434.0,0.4534164829847857,0.0,0.0702112789634965,0,0,0.4049865825324847,0.1252268210489933,1,MODERATE,0.6137727844580441,0.4049865825324847,69.21,0.0034039072656252,1.08,1.090627370245964,1.0896914353020388,Low
2026-04-19,21,17323,20060,15158,825,6606,10694,22126,0,641,1507,991,1066,-452,0,1016,demanddata_2026.csv,-638.0,998.0,1429.0,-506.0,1060.0,2026-04-19 10:00:00,2026,4,19,10,0,6,Sunday,1,0.2216351951616296,0.4008979222496781,109,0.4999999999999999,-0.8660254037844387,0.8660254037844387,-0.4999999999999998,18600.0,18784.0,18718.0,19545.416666666668,20947.729166666668,24295.75,0,11519,28732,0.4008979222496781,5411.0,8603.0,0.4965943200184715,0.0,0.0611867928884784,0,0,0.3548009641736153,0.0976410610904691,0,LOW,0.1551446366131407,0.3548009641736153,64.42,0.0971123444994864,0.95,1.0879456062411963,1.0783753794669368,Low
2026-04-19,22,17433,20188,15304,802,6606,11618,22126,0,664,1507,991,1057,-452,0,1016,demanddata_2026.csv,-634.0,997.0,1426.0,-505.0,1086.0,2026-04-19 10:30:00,2026,4,19,10,30,6,Sunday,1,0.1877004117737966,0.4322555946124665,109,0.4999999999999999,-0.8660254037844387,0.8660254037844387,-0.4999999999999998,17323.0,18433.0,18578.0,19382.0,20926.89583333333,24292.342261904763,0,12420,28732,0.4322555946124665,5403.0,8585.0,0.4924285878169095,0.0,0.062292072960881,0,0,0.3307835653834666,0.1000172816037328,0,LOW,0.1313902882416576,0.3307835653834666,60.97,0.0782150872068986,0.95,1.087815581319753,1.0729598394255695,Very Low
2026-04-19,23,17851,20296,15652,762,6606,11916,22126,0,660,1506,991,1065,-451,0,1016,demanddata_2026.csv,-328.0,997.0,1425.0,-506.0,1052.0,2026-04-19 11:00:00,2026,4,19,11,0,6,Sunday,1,0.2054783496610734,0.4412348171092472,109,0.258819045102521,-0.9659258262890682,0.8660254037844387,-0.4999999999999998,17433.0,17649.0,19258.0,19254.916666666668,20931.104166666668,24288.154761904763,0,12678,28732,0.4412348171092472,5715.0,8285.0,0.4640936589737844,0.0,0.0589289715438046,0,0,0.3283528135052401,0.1090469195541346,0,LOW,0.1438348447627514,0.3283528135052401,62.99,0.2693447470679228,0.95,1.0928865532560408,1.0724117436787244,Low
2026-04-19,24,17163,19559,14919,722,6606,11901,22126,0,667,1505,992,1066,-452,0,1016,demanddata_2026.csv,-271.0,996.0,1425.0,-506.0,944.0,2026-04-19 11:30:00,2026,4,19,11,30,6,Sunday,1,0.192765743331004,0.4393206417707862,109,0.258819045102521,-0.9659258262890682,0.8660254037844387,-0.4999999999999998,17851.0,17430.0,19012.0,19071.58333333333,20925.541666666668,24282.651785714286,0,12623,28732,0.4393206417707862,5771.0,8229.0,0.4794336984385924,0.0,0.0549988347704497,0,0,0.3152971487572709,0.0941847403439039,0,LOW,0.1349360203317028,0.3152971487572709,53.48,0.0862973984796559,0.95,1.0937967277061438,1.0694678996834996,Very Low
2026-04-19,25,18103,20255,15865,697,6606,12075,22126,0,661,1505,992,1065,-451,0,1016,demanddata_2026.csv,-34.0,996.0,1425.0,-506.0,1038.0,2026-04-19 12:00:00,2026,4,19,12,0,6,Sunday,1,0.2016778105176357,0.4445063167786169,109,1.2246467991473532e-16,-1.0,0.8660254037844387,-0.4999999999999998,17163.0,17528.0,19400.0,18895.0,20937.52083333333,24278.791666666668,0,12772,28732,0.4445063167786169,6008.0,7990.0,0.4413389306230667,0.0,0.0573353954927087,0,0,0.3274276810529491,0.1144906247299749,0,LOW,0.1411744673623449,0.3274276810529491,53.63,0.4047082141343253,0.95,1.0976487160039008,1.0722031410784707,Very Low
2026-04-19,26,18462,20531,16239,672,6606,11640,22126,0,607,1505,992,1067,-451,0,1016,demanddata_2026.csv,-5.0,996.0,1410.0,-506.0,1250.0,2026-04-19 12:30:00,2026,4,19,12,30,6,Sunday,1,0.2132425923670984,0.4284968503114885,109,1.2246467991473532e-16,-1.0,0.8660254037844387,-0.4999999999999998,18103.0,17502.0,19230.0,18750.166666666668,20957.52083333333,24276.50595238096,0,12312,28732,0.4284968503114885,6024.0,7948.0,0.430482586795212,0.0,0.0677029735145967,0,0,0.3463949927229064,0.1222457444050807,0,LOW,0.1492698146569688,0.3463949927229064,60.6,0.0649619504688854,0.95,1.0979087658467872,1.07647996708795,Very Low
2026-04-19,27,18559,20311,16418,670,6606,11101,22126,0,291,1506,992,935,-452,0,783,demanddata_2026.csv,-4.0,997.0,876.0,-505.0,1347.0,2026-04-19 13:00:00,2026,4,19,13,0,6,Sunday,1,0.2254883126658446,0.4096683256186266,109,-0.2588190451025208,-0.9659258262890684,0.8660254037844387,-0.4999999999999998,18462.0,17266.0,18941.0,18576.416666666668,20984.45833333333,24275.36904761905,0,11771,28732,0.4096683256186266,5128.0,7050.0,0.3798491379310345,0.0,0.0725754310344827,0,0,0.3530776449949352,0.124341138857686,0,LOW,0.1578418188660912,0.3530776449949352,58.36,0.1603888766101718,0.95,1.0833459746451404,1.0779867985012068,Very Low
2026-04-19,28,18400,20179,16255,668,6606,10747,22126,0,321,1506,992,925,-452,0,774,demanddata_2026.csv,5.0,997.0,839.0,-506.0,1364.0,2026-04-19 13:30:00,2026,4,19,13,30,6,Sunday,1,0.2510691603994857,0.3972783907005882,109,-0.2588190451025208,-0.9659258262890684,0.8660254037844387,-0.4999999999999998,18559.0,16835.0,18851.0,18406.5,21017.0625,24274.026785714286,0,11415,28732,0.3972783907005882,5080.0,6996.0,0.3801967284386718,0.0,0.0741264061735775,0,0,0.3592733227582885,0.1209064201157867,0,LOW,0.1757484122796399,0.3592733227582885,58.66,0.1185573534503179,0.95,1.0825658251164807,1.0793838249362515,Very Low
2026-04-19,29,18779,20244,16701,639,6606,9745,22126,0,8,1505,992,880,-451,0,799,demanddata_2026.csv,119.0,997.0,839.0,-506.0,1298.0,2026-04-19 14:00:00,2026,4,19,14,0,6,Sunday,1,0.2347913210889382,0.3613963039014374,109,-0.4999999999999997,-0.8660254037844388,0.8660254037844387,-0.4999999999999998,18400.0,16777.0,18967.0,18276.166666666668,21058.77083333333,24273.467261904763,0,10384,28732,0.3613963039014374,5174.0,7088.0,0.3774227902023429,0.0,0.0691160809371672,0,0,0.3943515595930046,0.1290935798842132,0,LOW,0.1643539247622567,0.3943515595930046,61.93,0.0280506113276939,0.95,1.084093617943439,1.087293407394319,Very Low
2026-04-19,30,19065,20531,16969,610,6606,9124,22126,0,9,1504,992,878,-451,0,800,demanddata_2026.csv,163.0,997.0,841.0,-506.0,1284.0,2026-04-19 14:30:00,2026,4,19,14,30,6,Sunday,1,0.2353244727760559,0.3387742317196255,109,-0.4999999999999997,-0.8660254037844388,0.8660254037844387,-0.4999999999999998,18779.0,16650.0,19287.0,18228.58333333333,21109.08333333333,24272.80654761905,0,9734,28732,0.3387742317196255,5218.0,7132.0,0.3740690233924263,0.0,0.0673450120633588,0,0,0.4163258415676928,0.1352717532186987,0,LOW,0.1647271309432391,0.4163258415676928,59.48,0.1329618567515755,0.95,1.0848087550113772,1.09224825720774,Very Low
2026-04-19,31,19645,21113,17461,624,6606,8869,22126,0,10,1504,991,1056,-452,0,989,demanddata_2026.csv,536.0,997.0,935.0,-506.0,1381.0,2026-04-19 15:00:00,2026,4,19,15,0,6,Sunday,1,0.2282110528072845,0.3303866634183691,109,-0.7071067811865471,-0.7071067811865479,0.8660254037844387,-0.4999999999999998,19065.0,16700.0,19650.0,18281.916666666668,21170.4375,24272.791666666668,0,9493,28732,0.3303866634183691,6050.0,7966.0,0.4054769418711188,0.0,0.0702942074722589,0,0,0.4392216065223551,0.1478009159249978,0,LOW,0.1597477369650992,0.4392216065223551,62.6,0.3088346813484788,0.95,1.098331346841478,1.0974108867236625,Very Low
2026-04-19,32,20853,22320,18771,637,6606,8096,22126,0,10,1504,991,1057,-451,0,996,demanddata_2026.csv,612.0,997.0,954.0,-506.0,1475.0,2026-04-19 15:30:00,2026,4,19,15,30,6,Sunday,1,0.2730711693252337,0.3039362405596352,109,-0.7071067811865471,-0.7071067811865479,0.8660254037844387,-0.4999999999999998,19645.0,17348.0,20057.0,18469.666666666668,21243.45833333333,24275.16071428572,0,8733,28732,0.3039362405596352,6154.0,8068.0,0.3868802148268917,0.0,0.0707298360026853,0,0,0.4738517088624908,0.1738961375615657,0,LOW,0.1911498185276635,0.4738517088624908,61.95,0.0467515871872967,0.95,1.1000216708202406,1.1052194220066998,Very Low
2026-04-19,33,22457,23926,20231,625,6606,6821,22126,0,11,1504,992,1059,-452,0,996,demanddata_2026.csv,985.0,997.0,1394.0,-506.0,1573.0,2026-04-19 16:00:00,2026,4,19,16,0,6,Sunday,1,0.3297126022151769,0.2591445376396478,109,-0.8660254037844385,-0.5000000000000004,0.8660254037844387,-0.4999999999999998,20853.0,18537.0,21498.0,18897.5,21325.125,24278.01488095238,0,7446,28732,0.2591445376396478,6969.0,8885.0,0.3956273933564876,0.0,0.0700418559088075,1,0,0.5273520030284289,0.2085457530458826,0,MODERATE,0.2307988215506238,0.5273520030284289,94.92,0.4889795108173461,1.3,1.1132679596922743,1.1172828843246678,High
2026-04-19,34,23908,25375,21551,612,6606,5987,22126,0,10,1505,992,1057,-451,0,996,demanddata_2026.csv,1055.0,997.0,1425.0,-506.0,1379.0,2026-04-19 16:30:00,2026,4,19,16,30,6,Sunday,1,0.3236704256922769,0.2296662374273483,109,-0.8660254037844385,-0.5000000000000004,0.8660254037844387,-0.4999999999999998,22457.0,19892.0,22647.0,19437.08333333333,21408.791666666668,24281.76785714286,0,6599,28732,0.2296662374273483,7070.0,8984.0,0.3757580827303526,0.0,0.0576770253879292,1,0,0.5585178112309476,0.2398902618162965,0,MODERATE,0.2265692979845938,0.5585178112309476,96.11,0.3559984958020764,1.3,1.1149095243254956,1.1243102765796336,High
2026-04-19,35,25744,27212,23180,594,6606,4891,22126,0,10,1505,992,1042,-452,0,986,demanddata_2026.csv,1359.0,997.0,1418.0,-506.0,1060.0,2026-04-19 17:00:00,2026,4,19,17,0,6,Sunday,1,0.53691618744759,0.19089548602652,109,-0.9659258262890684,-0.2588190451025206,0.8660254037844387,-0.4999999999999998,23908.0,21582.0,24210.0,20094.83333333333,21495.5,24286.33333333333,0,5485,28732,0.19089548602652,7341.0,9257.0,0.3595649640706933,0.0,0.0411730433093804,1,0,0.5960765022026828,0.2795515423831332,1,MODERATE,0.6758413312133129,0.5960765022026828,99.94,0.049231117358133,1.3,1.119314118539387,1.132779161850515,High
2026-04-19,36,27240,28709,24642,576,6606,3803,22126,0,11,1505,992,1035,-452,0,980,demanddata_2026.csv,1397.0,997.0,1418.0,-506.0,1145.0,2026-04-19 17:30:00,2026,4,19,17,30,6,Sunday,1,0.6099268007690355,0.1524031601294678,109,-0.9659258262890684,-0.2588190451025206,0.8660254037844387,-0.4999999999999998,25744.0,23083.0,25619.0,20934.58333333333,21582.104166666668,24291.15773809524,0,4379,28732,0.1524031601294678,7366.0,9282.0,0.3407363900003671,0.0,0.0420322308285305,1,0,0.6260555791817302,0.3118681413635185,1,HIGH,0.7269487605383248,0.6260555791817302,104.45,0.1029353021470349,1.3,1.119720446418897,1.1395389651581844,High
2026-04-19,37,27974,29440,25332,574,6606,2587,22126,0,9,1505,991,1057,-451,0,465,demanddata_2026.csv,1397.0,997.0,1418.0,-506.0,1298.0,2026-04-19 18:00:00,2026,4,19,18,0,6,Sunday,1,0.597117863644984,0.1100128771795496,109,-1.0,-1.8369701987210287e-16,0.8660254037844387,-0.4999999999999998,27240.0,24749.0,26756.0,21757.166666666668,21649.291666666668,24294.78273809524,0,3161,28732,0.1100128771795496,6873.0,8787.0,0.3141018766756032,0.0,0.0463985701519213,1,0,0.648333114607419,0.3277240127883867,1,MODERATE,0.7179825045514887,0.648333114607419,103.8,0.1858024772682361,1.3,1.111707660634955,1.1445621937840205,High
2026-04-19,38,28202,29668,25475,571,6606,1664,22126,0,8,1506,992,1057,-452,0,441,demanddata_2026.csv,1397.0,997.0,1418.0,-506.0,1056.0,2026-04-19 18:30:00,2026,4,19,18,30,6,Sunday,1,0.62133520504142,0.0777851251174607,109,-1.0,-1.8369701987210287e-16,0.8660254037844387,-0.4999999999999998,27974.0,25983.0,27271.0,22568.83333333333,21695.52083333333,24297.55357142857,0,2235,28732,0.0777851251174607,6850.0,8766.0,0.3108179980853101,0.0,0.0374428252313583,1,0,0.6657072055259927,0.3326492698522423,1,HIGH,0.7349346435289941,0.6657072055259927,103.51,0.1483417305740495,1.3,1.1113338389858056,1.1484797739463857,High
2026-04-19,39,28940,30406,26278,561,6606,757,22126,0,8,1505,992,750,-452,0,652,demanddata_2026.csv,1397.0,997.0,1421.0,-506.0,1287.0,2026-04-19 19:00:00,2026,4,19,19,0,6,Sunday,1,0.6221349858544742,0.04587060174712,109,-0.9659258262890684,0.2588190451025203,0.8660254037844387,-0.4999999999999998,28202.0,26776.0,28320.0,23433.916666666668,21740.604166666668,24299.39880952381,0,1318,28732,0.04587060174712,6756.0,8672.0,0.2996441035209564,0.0,0.0444697833523375,1,0,0.6840718533400089,0.3485915492957746,1,HIGH,0.735494490098132,0.6840718533400089,104.69,0.0853469987867524,1.3,1.109806046158847,1.1526207088765748,High
2026-04-19,40,29513,30975,26876,550,6606,162,22126,0,4,1505,992,736,-452,0,660,demanddata_2026.csv,1397.0,997.0,1422.0,-506.0,1404.0,2026-04-19 19:30:00,2026,4,19,19,30,6,Sunday,1,0.6263733347142038,0.0247798698360769,109,-0.9659258262890684,0.2588190451025203,0.8660254037844387,-0.4999999999999998,28940.0,27345.0,28432.0,24360.0,21785.77083333333,24302.61607142857,0,712,28732,0.0247798698360769,6751.0,8667.0,0.2936572474080097,0.0,0.0475706444399268,1,0,0.696491700244562,0.3609694979694116,1,HIGH,0.7384613342999427,0.696491700244562,111.62,0.0606008065242977,1.3,1.109724780582945,1.1554211860975654,High
2026-04-19,41,29260,30725,26624,543,6606,2,22126,0,7,1505,992,911,-452,0,623,demanddata_2026.csv,1397.0,997.0,1425.0,-506.0,1162.0,2026-04-19 20:00:00,2026,4,19,20,0,6,Sunday,1,0.4393427994215819,0.0189677374447499,109,-0.8660254037844386,0.5000000000000001,0.8660254037844387,-0.4999999999999998,29513.0,28021.0,28937.0,25233.416666666668,21811.58333333333,24303.57738095238,0,545,28732,0.0189677374447499,6892.0,8808.0,0.3010150029048904,0.0,0.0397115614640647,1,0,0.6994282356038248,0.3555041907889052,0,MODERATE,0.3075399595951073,0.6994282356038248,115.95,0.0115136584876227,1.3,1.1120164698233828,1.1560833279456453,High
2026-04-19,42,29281,30744,26659,536,6606,0,22126,0,6,1505,991,917,-451,0,622,demanddata_2026.csv,1397.0,997.0,1425.0,-506.0,1166.0,2026-04-19 20:30:00,2026,4,19,20,30,6,Sunday,1,0.4461894486563557,0.0186545087530017,109,-0.8660254037844386,0.5000000000000001,0.8660254037844387,-0.4999999999999998,29260.0,28014.0,29051.0,26084.75,21837.979166666668,24304.261904761905,0,536,28732,0.0186545087530017,6897.0,8811.0,0.3009015777610819,0.0,0.0398196844477836,1,0,0.6996725135635774,0.3559578328868919,0,MODERATE,0.312332614059449,0.6996725135635774,100.6,0.1721914667369363,1.3,1.112097735399285,1.1561384087262003,High
2026-04-19,43,28792,30252,26234,540,6606,0,22126,0,2,1504,991,1052,-452,0,944,demanddata_2026.csv,1397.0,997.0,1425.0,-506.0,704.0,2026-04-19 21:00:00,2026,4,19,21,0,6,Sunday,1,0.4495867813700912,0.0187937215048898,109,-0.7071067811865477,0.7071067811865474,0.8660254037844387,-0.4999999999999998,29281.0,27348.0,28412.0,26847.0,21868.0625,24305.39285714286,0,540,28732,0.0187937215048898,7352.0,9268.0,0.3218837911992498,0.0,0.0244503872469002,0,0,0.7011616558371204,0.3453944526052017,0,MODERATE,0.3147107469590638,0.7011616558371204,85.3,0.3983077173690563,1.0,1.1194929028063711,1.1564741865379495,High
2026-04-19,44,27716,29180,25186,544,6606,0,22126,0,6,1505,992,1057,-452,0,956,demanddata_2026.csv,1397.0,997.0,1425.0,-506.0,671.0,2026-04-19 21:30:00,2026,4,19,21,30,6,Sunday,1,0.4211493124820119,0.0189329342567779,109,-0.7071067811865477,0.7071067811865474,0.8660254037844387,-0.4999999999999998,28792.0,26474.0,27762.0,27418.916666666668,21893.9375,24305.25595238096,0,544,28732,0.0189329342567779,7371.0,9287.0,0.3350651224880037,0.0,0.0242089692246635,0,0,0.6978994307854778,0.3221506955845502,0,MODERATE,0.2948045187374083,0.6978994307854778,88.2,0.2812077594072008,1.0,1.119801711994799,1.1557386068631694,High
2026-04-19,45,26273,27740,23899,523,6606,0,22126,0,10,1506,992,736,-451,0,668,demanddata_2026.csv,1397.0,997.0,1425.0,-506.0,522.0,2026-04-19 22:00:00,2026,4,19,22,0,6,Sunday,1,0.4166082402536659,0.0182020673093655,109,-0.5000000000000004,0.8660254037844384,0.8660254037844387,-0.4999999999999998,27716.0,25466.0,26263.0,27736.916666666668,21910.75,24305.28571428572,0,523,28732,0.0182020673093655,6764.0,8678.0,0.3302884981350384,0.0,0.0198675496688741,0,0,0.6894794038456284,0.2909790028514646,0,MODERATE,0.2916257681775661,0.6894794038456284,85.1,0.2355198811634161,1.0,1.1099360710802904,1.153840025195747,High
2026-04-19,46,25035,26503,22777,502,6606,0,22126,0,11,1505,992,724,-451,0,653,demanddata_2026.csv,1383.0,997.0,1422.0,-506.0,604.0,2026-04-19 22:30:00,2026,4,19,22,30,6,Sunday,1,0.3942645626568005,0.0174712003619531,109,-0.5000000000000004,0.8660254037844384,0.8660254037844387,-0.4999999999999998,26273.0,24370.0,25142.0,27830.83333333333,21924.604166666668,24304.967261904763,0,502,28732,0.0174712003619531,6719.0,8633.0,0.3448234542259147,0.0,0.0241252596261383,0,0,0.6860289476101483,0.2642357210749158,0,MODERATE,0.2759851938597603,0.6860289476101483,75.29,0.017019292629163,1.0,1.109204680897172,1.1530620023937153,Moderate
2026-04-19,47,23676,25123,21531,491,6606,0,22126,0,13,1507,992,1025,-428,0,151,demanddata_2026.csv,1206.0,998.0,1282.0,-506.0,551.0,2026-04-19 23:00:00,2026,4,19,23,0,6,Sunday,1,0.3682450717255958,0.0170883652942609,109,-0.2588190451025215,0.965925826289068,0.8660254037844387,-0.4999999999999998,25035.0,22752.0,23819.0,27658.5,21943.854166666668,24304.541666666668,0,491,28732,0.0170883652942609,6227.0,8095.0,0.3418929763061198,0.0,0.0232715293322633,0,0,0.6782007588718297,0.2348785967337769,0,MODERATE,0.257771550207917,0.6782007588718297,77.57,0.4205820341542086,1.0,1.1012081482284104,1.1512968707933218,Moderate
2026-04-19,48,22950,24346,20863,479,6606,0,22126,0,12,1506,992,1037,-378,0,128,demanddata_2026.csv,1180.0,998.0,1271.0,-506.0,695.0,2026-04-19 23:30:00,2026,4,19,23,30,6,Sunday,1,0.3804159154780725,0.0166707270385967,109,-0.2588190451025215,0.965925826289068,0.8660254037844387,-0.4999999999999998,23676.0,22295.0,22982.0,27301.0,21957.5,24304.446428571428,0,479,28732,0.0166707270385967,6228.0,7996.0,0.3483944054725284,0.0,0.0302819049278898,0,0,0.6757489531747193,0.2191955413462369,0,MODERATE,0.2662911408346507,0.6757489531747193,80.71,0.5642279451925716,1.0,1.1012244013435908,1.150744027746397,Moderate
2026-04-20,1,22966,24362,20832,453,6606,0,22126,0,9,1506,991,877,-381,0,365,demanddata_2026.csv,1135.0,998.0,1281.0,-506.0,637.0,2026-04-20 00:00:00,2026,4,20,0,0,0,Monday,0,0.3596104724978335,0.0157658441513242,110,0.0,1.0,0.8660254037844387,-0.4999999999999998,22950.0,21634.0,22764.0,26883.666666666668,21985.25,24305.04761904762,0,453,28732,0.0157658441513242,6266.0,8040.0,0.3500674881351504,0.0,0.0277354465102103,0,1,0.6767380927517094,0.2195411734208934,0,MODERATE,0.2517273307484834,0.6767380927517094,62.06,0.228480606537231,0.82,1.1018420197204464,1.1509670629315347,Very Low
2026-04-20,2,22786,24327,20601,426,6606,0,22126,0,154,1506,991,871,-381,0,374,demanddata_2026.csv,1138.0,997.0,1284.0,-506.0,426.0,2026-04-20 00:30:00,2026,4,20,0,30,0,Monday,0,0.3866759974990976,0.0148261580760797,110,0.0,1.0,0.8660254037844387,-0.4999999999999998,22966.0,21457.0,22689.0,26432.33333333333,22012.9375,24305.33630952381,0,426,28732,0.0148261580760797,6274.0,8048.0,0.3531838328871725,0.0,0.0186948698819502,0,1,0.6769621352103052,0.2156528125810075,0,MODERATE,0.2706731982493683,0.6769621352103052,64.53,0.0303804579832064,0.82,1.1019720446418897,1.151017580929595,Low
2026-04-20,3,22543,24105,20435,418,6606,0,22126,0,175,1506,991,722,-381,0,407,demanddata_2026.csv,1248.0,997.0,1326.0,-506.0,362.0,2026-04-20 01:00:00,2026,4,20,1,0,0,Monday,0,0.3530221862130396,0.0145477325723036,110,0.2588190451025207,0.9659258262890684,0.8660254037844387,-0.4999999999999998,22786.0,21287.0,22842.0,25899.25,22039.104166666668,24304.446428571428,0,418,28732,0.0145477325723036,6310.0,8084.0,0.3585876508161817,0.0,0.0160574875798438,0,1,0.6768859883037385,0.2104035254471615,0,MODERATE,0.2471155303491277,0.6768859883037385,67.39,0.2161464112280886,0.82,1.1025571567883845,1.1510004110176848,Low
2026-04-20,4,22762,24319,20705,410,6606,0,22126,0,170,1506,991,716,-381,0,408,demanddata_2026.csv,1259.0,998.0,1330.0,-506.0,231.0,2026-04-20 01:30:00,2026,4,20,1,30,0,Monday,0,0.374497053280952,0.0142693070685274,110,0.2588190451025207,0.9659258262890684,0.8660254037844387,-0.4999999999999998,22543.0,21467.0,22845.0,25336.666666666668,22066.08333333333,24304.199404761905,0,410,28732,0.0142693070685274,6321.0,8095.0,0.3556209638448359,0.0,0.010148047269692,0,1,0.6776693178704828,0.2151343644690227,0,MODERATE,0.2621479372966664,0.6776693178704828,72.07,0.3940192145580892,0.82,1.102735941055369,1.1511770393308238,Low
2026-04-20,5,22682,24242,20647,414,6606,0,22126,0,173,1505,991,804,-381,0,415,demanddata_2026.csv,1224.0,998.0,1350.0,-506.0,175.0,2026-04-20 02:00:00,2026,4,20,2,0,0,Monday,0,0.3522651296200087,0.0144085198204155,110,0.4999999999999999,0.8660254037844387,0.8660254037844387,-0.4999999999999998,22762.0,21277.0,22831.0,24788.5,22095.354166666668,24303.75595238096,0,414,28732,0.0144085198204155,6400.0,8174.0,0.360357977339858,0.0,0.0077150288762509,0,1,0.678090667513507,0.2134062040957401,0,MODERATE,0.2465855907340061,0.678090667513507,68.36,0.0013096235644234,0.82,1.104019937154621,1.1512720469493902,Low
2026-04-20,6,22268,23826,20237,417,6606,0,22126,0,171,1506,991,807,-381,0,415,demanddata_2026.csv,1192.0,998.0,1343.0,-506.0,167.0,2026-04-20 02:30:00,2026,4,20,2,30,0,Monday,0,0.3628771413961492,0.0145129293843316,110,0.4999999999999999,0.8660254037844387,0.8660254037844387,-0.4999999999999998,22682.0,20737.0,22142.0,24204.08333333333,22127.25,24304.13095238096,0,417,28732,0.0145129293843316,6365.0,8139.0,0.3654856527010642,0.0,0.0074992141542053,0,1,0.6767775231877928,0.2044629741640024,0,MODERATE,0.2540139989773044,0.6767775231877928,69.98,0.1472821368215073,0.82,1.103451078123307,1.15097595386545,Low
2026-04-20,7,21729,23141,19730,425,6606,0,22126,0,25,1506,991,694,-381,0,388,demanddata_2026.csv,818.0,998.0,1015.0,-506.0,455.0,2026-04-20 03:00:00,2026,4,20,3,0,0,Monday,0,0.3666526299969246,0.0147913548881077,110,0.7071067811865476,0.7071067811865476,0.8660254037844387,-0.4999999999999998,22268.0,20403.0,22158.0,23615.5,22154.875,24302.854166666668,0,425,28732,0.0147913548881077,5523.0,7297.0,0.3358030372756558,0.0,0.0209387942936033,0,1,0.6676884583998544,0.1928194936490106,0,MODERATE,0.2566568409978472,0.6676884583998544,64.02,0.3291953263272994,0.82,1.089765955141402,1.1489265148430254,Low
2026-04-20,8,21394,22798,19458,432,6606,0,22126,0,17,1506,991,685,-381,0,388,demanddata_2026.csv,743.0,998.0,977.0,-506.0,550.0,2026-04-20 03:30:00,2026,4,20,3,30,0,Monday,0,0.3625783808089563,0.0150349772039118,110,0.7071067811865476,0.7071067811865476,0.8660254037844387,-0.4999999999999998,21729.0,20091.0,21970.0,23088.666666666668,22182.02083333333,24301.13988095238,0,432,28732,0.0150349772039118,5401.0,7175.0,0.335358728674924,0.0,0.0257069408740359,0,1,0.6655822644095397,0.1855828220858895,0,MODERATE,0.2538048665662694,0.6655822644095397,63.73,0.5506065520446126,0.82,1.0877830750893922,1.1484516017190398,Low
2026-04-20,9,21200,22602,19285,438,6606,0,22126,0,15,1506,991,172,-381,0,653,demanddata_2026.csv,371.0,998.0,441.0,-506.0,821.0,2026-04-20 04:00:00,2026,4,20,4,0,0,Monday,0,0.3348861554896137,0.0152437963317439,110,0.8660254037844386,0.5000000000000001,0.8660254037844387,-0.4999999999999998,21394.0,19788.0,21887.0,22665.916666666668,22211.4375,24299.09523809524,0,438,28732,0.0152437963317439,4245.0,6019.0,0.2839017027498703,0.0,0.0387245884628083,0,1,0.6540721363456506,0.1813920331806791,0,MODERATE,0.2344203088427295,0.6540721363456506,64.58,0.0908267597453534,0.82,1.0689944739408386,1.1458562515749258,Low
2026-04-20,10,21153,22562,19276,443,6606,0,22126,0,22,1505,991,145,-381,0,652,demanddata_2026.csv,336.0,997.0,397.0,-506.0,816.0,2026-04-20 04:30:00,2026,4,20,4,30,0,Monday,0,0.3786835302880929,0.015417812271604,110,0.8660254037844386,0.5000000000000001,0.8660254037844387,-0.4999999999999998,21200.0,19394.0,21873.0,22342.416666666668,22248.08333333333,24296.95238095238,0,443,28732,0.015417812271604,4136.0,5910.0,0.2793797863288267,0.0,0.0385742649144369,0,1,0.6527880267224697,0.1803767389613756,0,MODERATE,0.265078471201665,0.6527880267224697,57.25,0.3664316356703335,0.82,1.067222884386174,1.1455667053529306,Very Low
2026-04-20,11,21670,23432,19742,435,6606,0,22126,0,46,1508,991,-315,-376,0,-19,demanddata_2026.csv,480.0,998.0,203.0,-506.0,962.0,2026-04-20 05:00:00,2026,4,20,5,0,0,Monday,0,0.3629203177044314,0.0151393867678279,110,0.9659258262890684,0.2588190451025207,0.8660254037844387,-0.4999999999999998,21153.0,19376.0,22252.0,22175.25,22295.875,24295.22023809524,0,435,28732,0.0151393867678279,2964.0,5396.0,0.2489963545752388,0.0,0.0443911217756448,0,1,0.6497702621798224,0.1915449753737146,0,MODERATE,0.254044222393102,0.6497702621798224,61.63,0.1630343520649458,0.82,1.048174233394734,1.1448862476206458,Very Low
2026-04-20,12,22458,24308,20442,426,6606,0,22126,0,15,1508,991,-350,-419,0,-60,demanddata_2026.csv,527.0,998.0,192.0,-506.0,986.0,2026-04-20 05:30:00,2026,4,20,5,30,0,Monday,0,0.348836249124605,0.0148261580760797,110,0.9659258262890684,0.2588190451025207,0.8660254037844387,-0.4999999999999998,21670.0,19363.0,23186.0,22134.25,22360.354166666668,24293.05357142857,0,426,28732,0.0148261580760797,2881.0,5551.0,0.2471614942784629,0.0,0.0439022218264392,0,1,0.6539560665855546,0.2085673550505487,0,MODERATE,0.2441853743872235,0.6539560665855546,61.1,0.2021153845009136,0.82,1.04682522483476,1.1458300796968268,Very Low
2026-04-20,13,24476,26871,22298,429,6606,74,22126,0,13,989,991,-360,-452,0,-564,demanddata_2026.csv,901.0,998.0,306.0,-506.0,965.0,2026-04-20 06:00:00,2026,4,20,6,0,0,Monday,0,0.3979907761984027,0.0175060035499251,110,1.0,6.123233995736766e-17,0.8660254037844387,-0.4999999999999998,22458.0,20222.0,25207.0,22260.08333333333,22448.979166666668,24290.87797619048,0,503,28732,0.0175060035499251,2303.0,6067.0,0.2478653429750378,0.0,0.0394247661069575,0,0,0.6635501810367818,0.2521602004666033,0,MODERATE,0.2785935433388818,0.6635501810367818,89.06,0.0141024933067893,1.08,1.0374309242604831,1.1479933993562976,High
2026-04-20,14,25841,28239,23499,431,6606,646,22126,0,8,498,991,-350,-452,0,-582,demanddata_2026.csv,976.0,999.0,335.0,-506.0,1128.0,2026-04-20 06:30:00,2026,4,20,6,30,0,Monday,0,0.3565090054448839,0.0374830334458636,110,1.0,6.123233995736766e-17,0.8660254037844387,-0.4999999999999998,24476.0,20200.0,27067.0,22514.666666666668,22566.5,24287.229166666668,0,1077,28732,0.0374830334458636,1909.0,5689.0,0.2201454995743363,0.0,0.0436498723009055,0,0,0.6543723969374261,0.2816469368357384,0,MODERATE,0.2495563038114187,0.6543723969374261,82.52,0.0236603551835763,1.08,1.0310271968794018,1.1459239555453604,Moderate
2026-04-20,15,27538,29057,24984,410,6606,1650,22126,0,7,37,991,324,-452,0,-54,demanddata_2026.csv,1350.0,1000.0,1100.0,-506.0,818.0,2026-04-20 07:00:00,2026,4,20,7,0,0,Monday,0,0.6275265765036624,0.0716945672223575,110,0.9659258262890684,-0.2588190451025206,0.8660254037844387,-0.4999999999999998,25841.0,20644.0,28442.0,22930.916666666668,22710.125,24284.53869047619,0,2060,28732,0.0716945672223575,3790.0,5814.0,0.2111187770071534,0.0,0.0297033298231598,0,0,0.6446185157853814,0.3183055387539963,1,HIGH,0.7392686035525636,0.6446185157853814,89.16,0.2015622372647854,1.08,1.0615993065337523,1.1437246110451849,High
2026-04-20,16,27980,29459,25282,388,6606,2869,22126,0,10,-1,991,375,-451,0,-11,demanddata_2026.csv,1397.0,1000.0,1159.0,-506.0,587.0,2026-04-20 07:30:00,2026,4,20,7,30,0,Monday,0,0.599036246014544,0.1133539832248634,110,0.9659258262890684,-0.2588190451025206,0.8660254037844387,-0.4999999999999998,27538.0,20439.0,28667.0,23365.75,22867.229166666668,24282.49404761905,0,3257,28732,0.1133539832248634,3953.0,5891.0,0.2105357206675958,0.0,0.0209785211393445,0,0,0.6259470072439406,0.3278536248163829,1,MODERATE,0.7193253722101807,0.6259470072439406,83.29,0.1305141263008362,1.08,1.064248564308159,1.139514483919329,Moderate
2026-04-20,17,28141,29611,25255,366,6606,4163,22126,0,11,-1,991,1025,-452,0,785,demanddata_2026.csv,1397.0,999.0,1407.0,-506.0,-149.0,2026-04-20 08:00:00,2026,4,20,8,0,0,Monday,0,0.5820672145934603,0.1576236383252706,110,0.8660254037844387,-0.4999999999999998,0.8660254037844387,-0.4999999999999998,27980.0,20343.0,29154.0,23820.666666666668,23029.6875,24279.479166666668,0,4529,28732,0.1576236383252706,5645.0,7563.0,0.2687442257124582,0.0,-0.0052945774998223,0,0,0.6161393119629043,0.3313315475676143,1,MODERATE,0.7074470502154222,0.6161393119629043,82.39,0.101064294531075,1.08,1.091748835193412,1.137303005192092,Moderate
2026-04-20,18,27246,28717,24296,344,6606,5782,22126,0,12,-1,991,1057,-452,0,832,demanddata_2026.csv,1397.0,999.0,1425.0,-506.0,-414.0,2026-04-20 08:30:00,2026,4,20,8,30,0,Monday,0,0.5583469103671218,0.2132043295165837,110,0.8660254037844387,-0.4999999999999998,0.8660254037844387,-0.4999999999999998,28141.0,19636.0,28213.0,24235.5,23188.229166666668,24276.60119047619,0,6126,28732,0.2132043295165837,5742.0,7660.0,0.2811318677285572,0.0,-0.0151943333210995,0,0,0.5821242576193144,0.3119977533915147,1,MODERATE,0.6908428372569853,0.5821242576193144,77.63,0.1166026588812636,1.08,1.093325387365912,1.129633153414365,Moderate
2026-04-20,19,26485,27953,23497,343,6606,7331,22126,0,9,-1,991,1059,-452,0,1010,demanddata_2026.csv,1397.0,999.0,1425.0,-506.0,-485.0,2026-04-20 09:00:00,2026,4,20,9,0,0,Monday,0,0.5704279890623707,0.2670796644972679,110,0.7071067811865476,-0.7071067811865475,0.8660254037844387,-0.4999999999999998,27246.0,19005.0,28022.0,24631.83333333333,23344.0625,24272.026785714286,0,7674,28732,0.2670796644972679,5922.0,7840.0,0.2960054368345541,0.0,-0.0183115608245865,0,0,0.5487828242226422,0.2955586278406636,1,MODERATE,0.6992995923436595,0.5487828242226422,76.73,0.2133537535624417,1.08,1.0962509480983855,1.1221151924072672,Moderate
2026-04-20,20,25230,26697,22269,342,6606,8901,22126,0,8,-1,991,1061,-452,0,1016,demanddata_2026.csv,1397.0,1000.0,1425.0,-506.0,-803.0,2026-04-20 09:30:00,2026,4,20,9,30,0,Monday,0,0.4916170326973334,0.3216858664253645,110,0.7071067811865476,-0.7071067811865475,0.8660254037844387,-0.4999999999999998,26485.0,18600.0,27115.0,24951.5,23482.1875,24266.416666666668,0,9243,28732,0.3216858664253645,5931.0,7849.0,0.3110855693393048,0.0,-0.0318259284213863,0,0,0.5071293165325936,0.2684481119847922,1,MODERATE,0.6441319228881334,0.5071293165325936,74.85,0.0739804031887699,1.08,1.0963972261350092,1.1127229913312962,Moderate
2026-04-20,21,24126,25592,21224,340,6606,9940,22126,0,8,-1,991,1057,-451,0,1016,demanddata_2026.csv,1397.0,999.0,1425.0,-506.0,-817.0,2026-04-20 10:00:00,2026,4,20,10,0,0,Monday,0,0.2978181376025814,0.3577767723523474,110,0.4999999999999999,-0.8660254037844387,0.8660254037844387,-0.4999999999999998,25230.0,17323.0,25497.0,25195.33333333333,23623.916666666668,24262.33630952381,0,10280,28732,0.3577767723523474,5927.0,7843.0,0.325071496663489,0.0,-0.0338624777220541,0,0,0.4744502602421152,0.2445994988334917,0,LOW,0.208472696321807,0.4744502602421152,66.92,0.121458403416539,0.95,1.0963322136742877,1.105354385788227,Low
2026-04-20,22,23199,24666,20319,337,6606,10829,22126,0,8,-1,991,1058,-452,0,1016,demanddata_2026.csv,1397.0,1000.0,1425.0,-506.0,-874.0,2026-04-20 10:30:00,2026,4,20,10,30,0,Monday,0,0.2991275759937407,0.3886123968955556,110,0.4999999999999999,-0.8660254037844387,0.8660254037844387,-0.4999999999999998,24126.0,17433.0,25118.0,25365.83333333333,23744.041666666668,24256.625,0,11166,28732,0.3886123968955556,5928.0,7846.0,0.3381896551724138,0.0,-0.0376724137931034,0,0,0.4447607714857882,0.2245744405080791,0,LOW,0.2093893031956185,0.4447607714857882,64.38,0.017448348786021,0.95,1.096348466789468,1.0986598800021317,Low
2026-04-20,23,22949,24416,20032,345,6606,11516,22126,0,8,-1,991,1061,-452,0,1016,demanddata_2026.csv,1397.0,1000.0,1425.0,-506.0,-985.0,2026-04-20 11:00:00,2026,4,20,11,0,0,Monday,0,0.2538589548189205,0.4128006125361083,110,0.258819045102521,-0.9659258262890682,0.8660254037844387,-0.4999999999999998,23199.0,17851.0,25320.0,25472.416666666668,23850.25,24249.56845238096,0,11861,28732,0.4128006125361083,5931.0,7849.0,0.3420043572984749,0.0,-0.0429193899782135,0,0,0.426491556148955,0.2191739393415709,0,LOW,0.1777012683732443,0.426491556148955,60.88,0.0700320404445404,0.95,1.0963972261350092,1.0945404635721745,Very Low
2026-04-20,24,23034,24500,20138,352,6606,11363,22126,0,8,-1,991,1058,-451,0,1016,demanddata_2026.csv,1397.0,1000.0,1425.0,-506.0,-1104.0,2026-04-20 11:30:00,2026,4,20,11,30,0,Monday,0,0.2804434227361066,0.4077193470921936,110,0.258819045102521,-0.9659258262890682,0.8660254037844387,-0.4999999999999998,22949.0,17163.0,25053.0,25520.416666666668,23972.5625,24243.559523809523,0,11715,28732,0.4077193470921936,5929.0,7845.0,0.3405686998046451,0.0,-0.0479270675059691,0,0,0.4307585573586248,0.2210101097381837,0,LOW,0.1963103959152746,0.4307585573586248,63.97,0.1730378877090539,0.95,1.0963647199046485,1.095502604231512,Low
2026-04-20,25,23178,24644,20350,377,6606,10906,22126,0,8,0,991,636,-452,0,1016,demanddata_2026.csv,1397.0,1000.0,1425.0,-506.0,-852.0,2026-04-20 12:00:00,2026,4,20,12,0,0,Monday,0,0.3109892189018919,0.3926843698882817,110,1.2246467991473532e-16,-1.0,0.8660254037844387,-0.4999999999999998,23034.0,18103.0,25153.0,25412.25,24078.291666666668,24237.68154761905,0,11283,28732,0.3926843698882817,5507.0,7423.0,0.3202467750981492,0.0,-0.0367574097243194,0,0,0.438323729070405,0.2241207984100924,0,MODERATE,0.2176924532313243,0.438323729070405,66.99,0.3135673639134554,0.95,1.0895059052985157,1.0972084296909188,Low
2026-04-20,26,23444,24910,20655,402,6606,9977,22126,0,8,3,991,619,-452,0,1016,demanddata_2026.csv,1397.0,1000.0,1425.0,-506.0,-763.0,2026-04-20 12:30:00,2026,4,20,12,30,0,Monday,0,0.2998680140597832,0.3612222879615773,110,1.2246467991473532e-16,-1.0,0.8660254037844387,-0.4999999999999998,23178.0,18462.0,24809.0,25212.5,24182.08333333333,24233.61904761905,0,10379,28732,0.3612222879615773,5493.0,7409.0,0.3160162081467264,0.0,-0.0325442525058647,0,0,0.4608685374463845,0.2298669316512572,0,LOW,0.2099076098418482,0.4608685374463845,62.84,0.0990036003489716,0.95,1.0892783616859898,1.102291924100611,Low
2026-04-20,27,23774,25241,21004,436,6606,9840,22126,0,10,450,991,1041,-451,0,1016,demanddata_2026.csv,1397.0,999.0,1424.0,-506.0,-826.0,2026-04-20 13:00:00,2026,4,20,13,0,0,Monday,0,0.2863884456753385,0.3576375596004594,110,-0.2588190451025208,-0.9659258262890684,0.8660254037844387,-0.4999999999999998,23444.0,18559.0,24538.0,24898.83333333333,24290.729166666668,24231.34523809524,0,10276,28732,0.3576375596004594,6361.0,8275.0,0.3480546792849632,0.0,-0.0347423764458464,0,0,0.4741899487504478,0.2369955931910481,0,LOW,0.2004719119727369,0.4741899487504478,66.42,0.2068186419742118,0.95,1.1033860656625851,1.1052956897021662,Low
2026-04-20,28,23840,25308,21079,470,6606,9435,22126,0,10,491,991,1061,-452,0,1016,demanddata_2026.csv,1397.0,999.0,1425.0,-506.0,-787.0,2026-04-20 13:30:00,2026,4,20,13,30,0,Monday,0,0.2832039229107075,0.3447255768628406,110,-0.2588190451025208,-0.9659258262890684,0.8660254037844387,-0.4999999999999998,23774.0,18400.0,24497.0,24553.83333333333,24404.0625,24229.38988095238,0,9905,28732,0.3447255768628406,6422.0,8338.0,0.349733652111908,0.0,-0.0330103603036785,0,0,0.4832397695060991,0.2384213254990063,0,LOW,0.1982427460374952,0.4832397695060991,73.32,0.1903994148056954,0.95,1.1043775056885905,1.107336279821756,Low
2026-04-20,29,23891,25358,21180,520,6606,8905,22126,0,10,491,991,958,-451,0,997,demanddata_2026.csv,1397.0,999.0,1424.0,-506.0,-775.0,2026-04-20 14:00:00,2026,4,20,14,0,0,Monday,0,0.3079147633402883,0.3280200466362719,110,-0.4999999999999997,-0.8660254037844388,0.8660254037844387,-0.4999999999999998,23840.0,18779.0,23909.0,24199.666666666668,24510.5625,24229.33630952381,0,9425,28732,0.3280200466362719,6300.0,8214.0,0.3437970868910095,0.0,-0.0324376360287962,0,0,0.4927999831084109,0.2395230277369739,0,MODERATE,0.2155403343382017,0.4927999831084109,65.23,0.2239765679208249,0.95,1.1023946256365804,1.10949195538095,Low
2026-04-20,30,24225,25692,21505,569,6606,8079,22126,0,10,491,991,955,-451,0,996,demanddata_2026.csv,1368.0,1000.0,1424.0,-506.0,-735.0,2026-04-20 14:30:00,2026,4,20,14,30,0,Monday,0,0.3241198330916001,0.3009779695820137,110,-0.4999999999999997,-0.8660254037844388,0.8660254037844387,-0.4999999999999998,23891.0,19065.0,24167.0,23947.916666666668,24618.0625,24229.508928571428,0,8648,28732,0.3009779695820137,6268.0,8182.0,0.33773631635433,0.0,-0.0303393048790555,0,0,0.5120392055794801,0.246738097295429,0,MODERATE,0.2268838831641201,0.5120392055794801,68.94,0.0164515394188888,0.95,1.1018745259508071,1.1138300929356126,Low
2026-04-20,31,24090,25558,21436,626,6606,7263,22126,0,10,491,991,1053,-452,0,996,demanddata_2026.csv,994.0,1000.0,1425.0,-506.0,-594.0,2026-04-20 15:00:00,2026,4,20,15,0,0,Monday,0,0.3154734768584528,0.2745623499112519,110,-0.7071067811865471,-0.7071067811865479,0.8660254037844387,-0.4999999999999998,24225.0,19645.0,24224.0,23748.33333333333,24710.666666666668,24229.11011904762,0,7889,28732,0.2745623499112519,5992.0,7908.0,0.3282553650740941,0.0,-0.0246565107301481,0,0,0.5242102695626629,0.2438218266655145,0,MODERATE,0.2208314338009169,0.5242102695626629,69.1,0.144881860554514,0.95,1.0973886661610142,1.1165744735791154,Low
2026-04-20,32,24894,26361,22206,683,6606,6719,22126,0,9,491,991,1057,-452,0,996,demanddata_2026.csv,963.0,1000.0,1424.0,-506.0,-197.0,2026-04-20 15:30:00,2026,4,20,15,30,0,Monday,0,0.3133136701379569,0.257613197368879,110,-0.7071067811865471,-0.7071067811865479,0.8660254037844387,-0.4999999999999998,24090.0,20853.0,24726.0,23720.33333333333,24794.854166666668,24229.61011904762,0,7402,28732,0.257613197368879,5964.0,7880.0,0.3165294235790319,0.0,-0.0079132355894758,0,0,0.5410155297436725,0.2611898384170051,0,MODERATE,0.2193195690965698,0.5410155297436725,69.22,0.1507374234776928,0.95,1.0969335789359629,1.1203637914903115,Low
2026-04-20,33,25990,27456,23298,726,6606,6249,22126,0,8,491,992,1042,-452,0,892,demanddata_2026.csv,1167.0,1000.0,1424.0,-506.0,54.0,2026-04-20 16:00:00,2026,4,20,16,0,0,Monday,0,0.3613590157665171,0.2427522361048272,110,-0.8660254037844385,-0.5000000000000004,0.8660254037844387,-0.4999999999999998,24894.0,22457.0,25994.0,23875.666666666668,24868.45833333333,24229.59821428572,0,6975,28732,0.2427522361048272,6050.0,7966.0,0.3064907083221115,0.0,0.0020776422607825,1,0,0.5590549428036905,0.2848656355309772,0,MODERATE,0.252951311036562,0.5590549428036905,83.17,0.1156524766097311,1.3,1.098331346841478,1.1244313911751436,Moderate
2026-04-20,34,26965,28431,24184,769,6606,5480,22126,0,8,491,991,1038,-452,0,884,demanddata_2026.csv,1206.0,999.0,1424.0,-506.0,235.0,2026-04-20 16:30:00,2026,4,20,16,30,0,Monday,0,0.360081986117973,0.2174851216371419,110,-0.8660254037844385,-0.5000000000000004,0.8660254037844387,-0.4999999999999998,25990.0,23908.0,27084.0,24189.5,24932.14583333333,24229.24404761905,0,6249,28732,0.2174851216371419,6075.0,7991.0,0.2963361269747089,0.0,0.0087146777423422,1,0,0.5802865325468737,0.3059275900803594,0,MODERATE,0.252057390282581,0.5802865325468737,100.97,0.2145287578246774,1.3,1.0987376747209885,1.1292187757458347,High
2026-04-20,35,28166,29633,25327,826,6606,4717,22126,0,9,492,991,613,-452,0,430,demanddata_2026.csv,1376.0,999.0,1401.0,-506.0,523.0,2026-04-20 17:00:00,2026,4,20,17,0,0,Monday,0,0.5874177603454831,0.1929140709288971,110,-0.9659258262890684,-0.2588190451025206,0.8660254037844387,-0.4999999999999998,26965.0,25744.0,28121.0,24624.25,24982.604166666668,24229.37797619048,0,5543,28732,0.1929140709288971,5344.0,7260.0,0.2577484290126744,0.0,0.0185678275996733,1,0,0.5961386972771503,0.3318715976842651,1,MODERATE,0.7111924322418381,0.5961386972771503,90.22,0.0313209915873611,1.3,1.0868566475241088,1.1327931858469975,High
2026-04-20,36,29343,30811,26439,883,6606,3688,22126,0,11,491,991,592,-451,0,410,demanddata_2026.csv,1397.0,999.0,1388.0,-506.0,701.0,2026-04-20 17:30:00,2026,4,20,17,30,0,Monday,0,0.622716658284196,0.1590853722200953,110,-0.9659258262890684,-0.2588190451025206,0.8660254037844387,-0.4999999999999998,28166.0,27240.0,29469.0,25150.0,25026.416666666668,24229.00297619048,0,4571,28732,0.1590853722200953,5311.0,7225.0,0.2462172846237731,0.0,0.023889040348964,1,0,0.6203163269708538,0.3572971571761859,1,HIGH,0.7359016607989372,0.6203163269708538,98.49,0.0831735048263504,1.3,1.0863202947231552,1.1382448553993767,High
2026-04-20,37,29662,31129,26845,944,6606,2705,22126,0,9,491,991,178,-452,0,173,demanddata_2026.csv,1397.0,999.0,1049.0,-506.0,1312.0,2026-04-20 18:00:00,2026,4,20,18,0,0,Monday,0,0.6153587255158579,0.1269968329098945,110,-1.0,-1.8369701987210287e-16,0.8660254037844387,-0.4999999999999998,29343.0,27974.0,30715.0,25690.33333333333,25061.58333333333,24225.86904761905,0,3649,28732,0.1269968329098945,4320.0,6236.0,0.2102282304554495,0.0,0.0442301857532953,1,0,0.6311167633997831,0.3641881966646504,1,HIGH,0.7307511078611004,0.6311167633997831,92.62,0.0972179121991607,1.3,1.0702134575793694,1.140680181408499,High
2026-04-20,38,30851,32314,27987,1005,6606,1796,22126,0,5,491,991,160,-452,0,165,demanddata_2026.csv,1397.0,999.0,1025.0,-506.0,1500.0,2026-04-20 18:30:00,2026,4,20,18,30,0,Monday,0,0.6570815876756437,0.097483729509623,110,-1.0,-1.8369701987210287e-16,0.8660254037844387,-0.4999999999999998,29662.0,28202.0,31333.0,26307.58333333333,25116.77083333333,24224.434523809523,0,2801,28732,0.097483729509623,4270.0,6186.0,0.2005056398288603,0.0,0.0486192143134966,1,0,0.6513216490924914,0.3898729802125637,1,HIGH,0.7599571113729506,0.6513216490924914,99.0,0.2602526770668433,1.3,1.069400801820349,1.1452360606049168,High
2026-04-20,39,31183,32644,28321,1034,6606,830,22126,0,4,492,991,469,-451,0,426,demanddata_2026.csv,1397.0,999.0,1022.0,-506.0,1136.0,2026-04-20 19:00:00,2026,4,20,19,0,0,Monday,0,0.6581118576648027,0.064873142379842,110,-0.9659258262890684,0.2588190451025203,0.8660254037844387,-0.4999999999999998,30851.0,28940.0,32648.0,26925.0,25163.5,24220.074404761905,0,1864,28732,0.064873142379842,4839.0,6753.0,0.2165533606977937,0.0,0.0364289379168804,1,0,0.6717236046879188,0.3970448457616867,1,HIGH,0.7606783003653619,0.6717236046879188,110.84,0.0478459199582268,1.3,1.078648824358002,1.1498363759186034,High
2026-04-20,40,31339,32800,28522,1063,6606,184,22126,0,4,491,992,484,-451,0,437,demanddata_2026.csv,1386.0,1000.0,1019.0,-506.0,1063.0,2026-04-20 19:30:00,2026,4,20,19,30,0,Monday,0,0.6635969304395369,0.0433995754011067,110,-0.9659258262890684,0.2588190451025203,0.8660254037844387,-0.4999999999999998,31183.0,29513.0,32793.0,27549.916666666668,25201.541666666668,24215.747023809523,0,1247,28732,0.0433995754011067,4852.0,6766.0,0.2158902361199744,0.0,0.033918315252074,1,0,0.6823753298905811,0.4004147584895878,1,HIGH,0.7645178513076758,0.6823753298905811,116.43,0.3429395838325341,1.3,1.0788601148553472,1.1522381699200552,High
2026-04-20,41,31107,32569,28430,1057,6606,3,22126,0,5,491,991,834,-451,0,749,demanddata_2026.csv,1244.0,999.0,1085.0,-506.0,1176.0,2026-04-20 20:00:00,2026,4,20,20,0,0,Monday,0,0.451576263780552,0.0368913792503393,110,-0.8660254037844386,0.5000000000000001,0.8660254037844387,-0.4999999999999998,31339.0,29260.0,32880.0,28151.25,25240.02083333333,24210.47023809524,0,1060,28732,0.0368913792503393,5436.0,7350.0,0.2362736273627362,0.0,0.0378037803780378,1,0,0.6881315486796316,0.3954030934070682,0,MODERATE,0.3161033846463864,0.6881315486796316,112.43,0.0046705092119047,1.3,1.0883519341207064,1.1535361053714066,High
2026-04-20,42,30933,32394,28295,1051,6606,0,22126,0,3,491,992,849,-452,0,761,demanddata_2026.csv,1197.0,999.0,1091.0,-506.0,1332.0,2026-04-20 20:30:00,2026,4,20,20,30,0,Monday,0,0.4673250668965881,0.0365781505585911,110,-0.8660254037844386,0.5000000000000001,0.8660254037844387,-0.4999999999999998,31107.0,29281.0,32547.0,28710.25,25274.4375,24205.666666666668,0,1051,28732,0.0365781505585911,5422.0,7338.0,0.2372147152001034,0.0,0.0430594168229132,1,0,0.6874860953238968,0.3916443445951784,0,MODERATE,0.3271275468276116,0.6874860953238968,110.41,0.3840438875595201,1.3,1.0881243905081808,1.1533905659429549,High
2026-04-20,43,30023,31486,27426,1098,6606,0,22126,0,6,491,992,1018,-451,0,819,demanddata_2026.csv,824.0,999.0,1069.0,-506.0,1362.0,2026-04-20 21:00:00,2026,4,20,21,0,0,Monday,0,0.4286324505980534,0.038213900393276,110,-0.7071067811865477,0.7071067811865474,0.8660254037844387,-0.4999999999999998,30933.0,28792.0,31629.0,29204.666666666668,25300.08333333333,24200.886904761905,0,1098,28732,0.038213900393276,5255.0,7169.0,0.2387756461497468,0.0,0.0453637090327737,0,0,0.6818810882434344,0.3719865203490884,0,MODERATE,0.3000427154186373,0.6818810882434344,78.36,0.0604854377293239,1.0,1.0854101202730524,1.1521267263181223,Moderate
2026-04-20,44,28914,30379,26359,1144,6606,0,22126,0,7,491,992,1024,-452,0,821,demanddata_2026.csv,748.0,999.0,1060.0,-506.0,1348.0,2026-04-20 21:30:00,2026,4,20,21,30,0,Monday,0,0.4171684683879816,0.0398148470399888,110,-0.7071067811865477,0.7071067811865474,0.8660254037844387,-0.4999999999999998,30023.0,27716.0,30892.0,29539.666666666668,25325.041666666668,24195.0,0,1144,28732,0.0398148470399888,5177.0,7093.0,0.2453052049109458,0.0,0.0466194016946221,0,0,0.6760604290299631,0.3480298971744578,0,MODERATE,0.2920179278715871,0.6760604290299631,74.66,0.2737290141640165,1.0,1.0841423772889804,1.1508142605797165,Moderate
2026-04-20,45,27290,28754,24799,1207,6606,0,22126,0,7,491,991,983,-451,0,687,demanddata_2026.csv,375.0,999.0,805.0,-506.0,1365.0,2026-04-20 22:00:00,2026,4,20,22,0,0,Monday,0,0.42646692432885,0.042007447882226,110,-0.5000000000000004,0.8660254037844384,0.8660254037844387,-0.4999999999999998,28914.0,26273.0,28889.0,29648.0,25346.229166666668,24190.24107142857,0,1207,28732,0.042007447882226,4374.0,6288.0,0.2304056282290865,0.0,0.0500164889524018,0,0,0.6625049036174688,0.3129482415968201,0,MODERATE,0.2985268470301949,0.6625049036174688,78.67,0.1682174926461548,1.0,1.0710911257991116,1.1477577059838353,Moderate
2026-04-20,46,25461,26925,23104,1270,6606,0,22126,0,7,491,991,982,-451,0,683,demanddata_2026.csv,336.0,999.0,778.0,-506.0,1858.0,2026-04-20 22:30:00,2026,4,20,22,30,0,Monday,0,0.3601090991631078,0.0442000487244631,110,-0.5000000000000004,0.8660254037844384,0.8660254037844387,-0.4999999999999998,27290.0,25035.0,27014.0,29522.666666666668,25355.104166666668,24185.61904761905,0,1270,28732,0.0442000487244631,4303.0,6217.0,0.2441677794360223,0.0,0.0729714869216872,0,0,0.6531468337865668,0.2734381750626458,0,MODERATE,0.2520763694141754,0.6531468337865668,75.72,0.0586599712199262,1.0,1.0699371546213023,1.145647610618306,Moderate
2026-04-20,47,24473,25936,22264,1284,6606,0,22126,0,6,491,991,815,-451,0,985,demanddata_2026.csv,434.0,998.0,445.0,-506.0,2207.0,2026-04-20 23:00:00,2026,4,20,23,0,0,Monday,0,0.3783558868042048,0.0446872933560714,110,-0.2588190451025215,0.965925826289068,0.8660254037844387,-0.4999999999999998,25461.0,23676.0,25418.0,29214.916666666668,25371.70833333333,24182.80654761905,0,1284,28732,0.0446872933560714,4202.0,6116.0,0.24989785078042,0.0,0.0901773310451908,0,0,0.6479844855483206,0.2520953944526052,0,MODERATE,0.2648491207629433,0.6479844855483206,68.57,0.1108347517760025,1.0,1.068295589988081,1.1444835834963023,Low
2026-04-20,48,23761,25195,21627,1298,6606,0,22126,0,6,491,992,810,-422,0,997,demanddata_2026.csv,417.0,999.0,409.0,-506.0,2348.0,2026-04-20 23:30:00,2026,4,20,23,30,0,Monday,0,0.3449784271437331,0.0451745379876796,110,-0.2588190451025215,0.965925826289068,0.8660254037844387,-0.4999999999999998,24473.0,22950.0,24934.0,28749.75,25388.604166666668,24179.31547619048,0,1298,28732,0.0451745379876796,4187.0,6043.0,0.2543136099654911,0.0,0.0988132312094941,0,0,0.6441725833606441,0.2367147671303897,0,MODERATE,0.2414848990006131,0.6441725833606441,75.93,0.3517129920423619,1.0,1.0680517932603748,1.1436240604017531,Moderate
2026-04-21,1,23037,24400,20915,1306,6606,0,22126,0,6,491,992,673,-351,0,950,demanddata_2026.csv,43.0,998.0,61.0,-506.0,2557.0,2026-04-21 00:00:00,2026,4,21,0,0,1,Tuesday,0,0.3710056267915367,0.0454529634914558,111,0.0,1.0,0.8660254037844387,-0.4999999999999998,23761.0,22966.0,24475.0,28197.666666666668,25390.08333333333,24175.03571428572,0,1306,28732,0.0454529634914558,3351.0,5065.0,0.2198541540064241,0.0,0.1109905373730358,0,1,0.6325733579436558,0.2210749157521818,0,MODERATE,0.2597039387540756,0.6325733579436558,58.36,0.2356306074908229,0.82,1.0544641889695523,1.1410086202267615,Very Low
2026-04-21,2,23232,24610,21112,1313,6606,0,22126,0,4,491,992,668,-348,0,948,demanddata_2026.csv,-20.0,999.0,35.0,-506.0,2547.0,2026-04-21 00:30:00,2026,4,21,0,30,1,Tuesday,0,0.3584356997460006,0.0456965858072599,111,0.0,1.0,0.8660254037844387,-0.4999999999999998,23037.0,22786.0,24162.0,27562.75,25399.375,24172.26785714286,0,1313,28732,0.0456965858072599,3259.0,5007.0,0.2155124176817457,0.0,0.1096285456032367,0,1,0.6327821794073447,0.2252873066620582,0,MODERATE,0.2509049898222004,0.6327821794073447,60.9,0.0006427951098016,0.82,1.0529689023729547,1.1410557061334403,Very Low
2026-04-21,3,23071,24603,21017,1367,6606,0,22126,0,4,491,992,786,-312,0,755,demanddata_2026.csv,-210.0,998.0,0.0,-506.0,2531.0,2026-04-21 01:00:00,2026,4,21,1,0,1,Tuesday,0,0.3287002324366055,0.0475759579577489,111,0.2588190451025207,0.9659258262890684,0.8660254037844387,-0.4999999999999998,23232.0,22543.0,23945.0,26886.75,25410.375,24169.666666666668,0,1367,28732,0.0475759579577489,2994.0,5050.0,0.218880027739251,0.0,0.1097000693481276,0,1,0.631270954292008,0.2218093839108269,0,MODERATE,0.2300901627056238,0.631270954292008,57.7,0.194842944126733,0.82,1.0486618268501462,1.1407149489933717,Very Low
2026-04-21,4,23336,24910,21383,1421,6606,0,22126,0,4,491,992,788,-312,0,748,demanddata_2026.csv,-251.0,999.0,-1.0,-506.0,2348.0,2026-04-21 01:30:00,2026,4,21,1,30,1,Tuesday,0,0.3824071071088934,0.0494553301082379,111,0.2588190451025207,0.9659258262890684,0.8660254037844387,-0.4999999999999998,23071.0,22762.0,24340.0,26219.83333333333,25422.33333333333,24166.67857142857,0,1421,28732,0.0494553301082379,2948.0,5088.0,0.2180228821185242,0.0,0.1006127608518661,0,1,0.6316242313907248,0.2275339151473256,0,MODERATE,0.2676849749762254,0.6316242313907248,57.2,0.1155670299275351,0.82,1.0479141835518475,1.1407946073398276,Very Low
2026-04-21,5,22453,24355,20472,1445,6606,0,22126,0,4,491,992,383,-312,0,841,demanddata_2026.csv,-462.0,999.0,-118.0,-506.0,2283.0,2026-04-21 02:00:00,2026,4,21,2,0,1,Tuesday,0,0.3434650438223903,0.0502906066195663,111,0.4999999999999999,0.8660254037844387,0.8660254037844387,-0.4999999999999998,23336.0,22682.0,24177.0,25498.666666666668,25417.5625,24161.54761904762,0,1445,28732,0.0502906066195663,2308.0,5104.0,0.2273091654048276,0.0,0.1016745346040794,0,1,0.627267271925363,0.2084593450272185,0,MODERATE,0.2404255306756731,0.627267271925363,59.57,0.0938898403173495,0.82,1.0375121898363853,1.1398121825298204,Very Low
2026-04-21,6,22064,24069,20254,1468,6606,0,22126,0,31,491,992,365,-312,0,845,demanddata_2026.csv,-518.0,1000.0,-138.0,-506.0,2566.0,2026-04-21 02:30:00,2026,4,21,2,30,1,Tuesday,0,0.3630534632611478,0.0510910799429227,111,0.4999999999999999,0.8660254037844387,0.8660254037844387,-0.4999999999999998,22453.0,22268.0,23928.0,24759.58333333333,25413.3125,24156.0,0,1468,28732,0.0510910799429227,2219.0,5167.0,0.2341717652390663,0.0,0.1162927713573532,0,1,0.6255765815651487,0.2000561652121316,0,MODERATE,0.2541374242828035,0.6255765815651487,59.79,0.1164282973337855,0.82,1.0360656625853288,1.139430958841806,Very Low
2026-04-21,7,21638,24598,19990,1474,6606,0,22126,0,227,491,992,215,-312,0,900,demanddata_2026.csv,-904.0,999.0,-511.0,-506.0,2632.0,2026-04-21 03:00:00,2026,4,21,3,0,1,Tuesday,0,0.3438893551718275,0.0512998990707548,111,0.7071067811865476,0.7071067811865476,0.8660254037844387,-0.4999999999999998,22064.0,21729.0,22696.0,24060.83333333333,25411.416666666668,24152.85119047619,0,1474,28732,0.0512998990707548,1364.0,5830.0,0.2694209529090993,0.0,0.1216322380886362,0,1,0.6296703133721507,0.1908537112244016,0,MODERATE,0.2407225486202792,0.6296703133721507,58.66,0.046372573828922,0.82,1.0221692491060788,1.1403540300167132,Very Low
2026-04-21,8,21099,24375,19544,1479,6606,0,22126,0,522,491,992,207,-289,0,902,demanddata_2026.csv,-928.0,999.0,-556.0,-481.0,2644.0,2026-04-21 03:30:00,2026,4,21,3,30,1,Tuesday,0,0.3314711596815698,0.0514739150106149,111,0.7071067811865476,0.7071067811865476,0.8660254037844387,-0.4999999999999998,21638.0,21394.0,22619.0,23409.58333333333,25405.27083333333,24148.32738095238,0,1479,28732,0.0514739150106149,1337.0,5845.0,0.2770142180094787,0.0,0.1253080568720379,0,1,0.6274642224042878,0.1792102307094098,0,MODERATE,0.2320298117770989,0.6274642224042878,55.16,0.2430560303480532,0.82,1.0217304149962076,1.1398565917189296,Very Low
2026-04-21,9,20710,24152,19142,1458,6606,0,22126,0,265,491,992,-101,-173,0,795,demanddata_2026.csv,-615.0,998.0,-1275.0,-513.0,2509.0,2026-04-21 04:00:00,2026,4,21,4,0,1,Tuesday,0,0.3114503605468869,0.0507430480632025,111,0.8660254037844386,0.5000000000000001,0.8660254037844387,-0.4999999999999998,21099.0,21200.0,22470.0,22861.25,25395.0625,24143.089285714286,0,1458,28732,0.0507430480632025,599.0,5953.0,0.2874317995268215,0.0,0.1211433537733571,0,1,0.6274216924400903,0.170807050894323,0,MODERATE,0.2180152523828208,0.6274216924400903,55.69,0.0477391381583938,0.82,1.0097356159930653,1.139847001890902,Very Low
2026-04-21,10,20378,24091,18810,1437,6606,0,22126,0,691,491,992,-109,-78,0,760,demanddata_2026.csv,-545.0,998.0,-1323.0,-467.0,2481.0,2026-04-21 04:30:00,2026,4,21,4,30,1,Tuesday,0,0.3433822364129646,0.0500121811157902,111,0.8660254037844386,0.5000000000000001,0.8660254037844387,-0.4999999999999998,20710.0,21153.0,22595.0,22437.666666666668,25378.916666666668,24136.49107142857,0,1437,28732,0.0500121811157902,719.0,5763.0,0.282791108494038,0.0,0.1217429707051376,0,1,0.6247499655788412,0.1636351853452,0,MODERATE,0.2403675654890752,0.6247499655788412,57.49,0.4170172624183653,0.82,1.0116859898147146,1.1392445701320295,Very Low
2026-04-21,11,20560,24383,18998,1461,6606,0,22126,0,645,492,992,-689,0,0,-205,demanddata_2026.csv,-166.0,998.0,-1296.0,-322.0,2472.0,2026-04-21 05:00:00,2026,4,21,5,0,1,Tuesday,0,0.3189902277367178,0.0508474576271186,111,0.9659258262890684,0.2588190451025207,0.8660254037844387,-0.4999999999999998,20378.0,21670.0,22338.0,22111.58333333333,25355.791666666668,24131.199404761905,0,1461,28732,0.0508474576271186,-196.0,5160.0,0.2509605563931715,0.0,0.1202276153883565,0,1,0.6190362300382093,0.167566750194418,0,MODERATE,0.2232931594157024,0.6190362300382093,53.4,0.1796345110426807,0.82,1.0031856105753605,1.1379562139750434,Very Low
2026-04-21,12,21323,25013,19631,1485,6606,0,22126,0,431,491,991,-755,0,0,-274,demanddata_2026.csv,-90.0,998.0,-1283.0,-357.0,2602.0,2026-04-21 05:30:00,2026,4,21,5,30,1,Tuesday,0,0.3605714471746282,0.051682734138447,111,0.9659258262890684,0.2588190451025207,0.8660254037844387,-0.4999999999999998,20560.0,22458.0,22950.0,21908.416666666668,25332.14583333333,24126.35714285714,0,1485,28732,0.051682734138447,-279.0,5239.0,0.2456856124554492,0.0,0.1220221346839242,0,1,0.6225631062437453,0.1840490797546012,0,MODERATE,0.2524000130222397,0.6225631062437453,57.76,0.3764217942788014,0.82,1.0045346191353344,1.1387514682604436,Very Low
2026-04-21,13,23556,26763,21655,1513,6606,74,22126,0,56,492,991,-478,-25,0,-672,demanddata_2026.csv,287.0,998.0,-985.0,-491.0,2464.0,2026-04-21 06:00:00,2026,4,21,6,0,1,Tuesday,0,0.4026725171103995,0.0552326593115929,111,1.0,6.123233995736766e-17,0.8660254037844387,-0.4999999999999998,21323.0,24476.0,24754.0,21951.666666666668,25312.979166666668,24122.791666666668,0,1587,28732,0.0552326593115929,117.0,5419.0,0.2300377807021267,0.0,0.1045973595958738,0,0,0.6319049985064842,0.2322863561738529,0,MODERATE,0.2818707619772796,0.6319049985064842,77.25,0.2608852279729658,1.08,1.001901614476108,1.140857915842592,Moderate
2026-04-21,14,24959,28149,23053,1541,6606,491,22126,0,10,487,991,-448,-163,0,-684,demanddata_2026.csv,362.0,998.0,-888.0,-497.0,2685.0,2026-04-21 06:30:00,2026,4,21,6,30,1,Tuesday,0,0.3665913759565253,0.070720077959141,111,1.0,6.123233995736766e-17,0.8660254037844387,-0.4999999999999998,23556.0,25841.0,26380.0,22095.58333333333,25294.604166666668,24118.5625,0,2032,28732,0.070720077959141,158.0,5518.0,0.2210737179487179,0.0,0.1075721153846153,0,0,0.6302136224240089,0.2625939687202972,0,MODERATE,0.2566139631695677,0.6302136224240089,75.42,0.0029365956175151,1.08,1.002567992198505,1.1404765375351538,Moderate
2026-04-21,15,27302,28829,25185,1615,6606,1404,22126,0,13,35,991,349,-315,0,-186,demanddata_2026.csv,735.0,999.0,455.0,-513.0,2262.0,2026-04-21 07:00:00,2026,4,21,7,0,1,Tuesday,0,0.5809019388540322,0.105070824487523,111,0.9659258262890684,-0.2588190451025206,0.8660254037844387,-0.4999999999999998,24959.0,27538.0,28094.0,22448.166666666668,25289.6875,24116.20535714286,0,3019,28732,0.105070824487523,2550.0,4578.0,0.16767388199099,0.0,0.0828480386770684,0,0,0.6168460246728226,0.3132074656528126,1,MODERATE,0.7066313571978224,0.6168460246728226,88.57,0.5028674064741572,1.08,1.0414454437100444,1.137462357627039,High
2026-04-21,16,27991,29553,25728,1688,6606,2443,22126,0,16,-2,991,399,-399,0,-131,demanddata_2026.csv,752.0,999.0,593.0,-514.0,1989.0,2026-04-21 07:30:00,2026,4,21,7,30,1,Tuesday,0,0.6001932428787466,0.1437719695124073,111,0.9659258262890684,-0.2588190451025206,0.8660254037844387,-0.4999999999999998,27302.0,27980.0,28619.0,22836.08333333333,25289.916666666668,24114.33630952381,0,4131,28732,0.1437719695124073,2688.0,4780.0,0.1707630751643326,0.0,0.0710560160045727,0,0,0.6024595870726451,0.3280912468677093,1,HIGH,0.7201352700151227,0.6024595870726451,84.31,0.0728503965201226,1.08,1.043688373604941,1.134218445596551,Moderate
2026-04-21,17,27982,29512,25505,1765,6606,3764,22126,0,62,-3,991,998,-451,0,852,demanddata_2026.csv,380.0,999.0,693.0,-514.0,1298.0,2026-04-21 08:00:00,2026,4,21,8,0,1,Tuesday,0,0.5560994313020546,0.1924268262972888,111,0.8660254037844387,-0.4999999999999998,0.8660254037844387,-0.4999999999999998,27991.0,28141.0,29558.0,23296.83333333333,25286.604166666668,24109.64583333333,0,5529,28732,0.1924268262972888,3945.0,5881.0,0.210163313440303,0.0,0.0463853053639709,0,0,0.5852907622639886,0.327896828825715,1,MODERATE,0.6892696019114382,0.5852907622639886,81.62,0.0750203793258417,1.08,1.064118539386716,1.130347149665343,Moderate
2026-04-21,18,27012,28493,24635,1842,6606,4935,22126,0,14,-3,991,1029,-451,0,922,demanddata_2026.csv,318.0,1000.0,700.0,-513.0,1228.0,2026-04-21 08:30:00,2026,4,21,8,30,1,Tuesday,0,0.5667325147593458,0.2358612048863675,111,0.8660254037844387,-0.4999999999999998,0.8660254037844387,-0.4999999999999998,27982.0,27246.0,29210.0,23709.166666666668,25281.729166666668,24103.104166666668,0,6777,28732,0.2358612048863675,3993.0,5927.0,0.2194128752822715,0.0,0.0454595935290415,0,0,0.5555690041211802,0.306942884299663,1,MODERATE,0.6967127603315421,0.5555690041211802,68.12,0.0506633728999088,1.08,1.0648986889153755,1.123645367647707,Low
2026-04-21,19,26140,27670,23737,2089,6606,6045,22126,0,61,-3,991,1067,-452,0,1013,demanddata_2026.csv,129.0,1000.0,700.0,-514.0,1397.0,2026-04-21 09:00:00,2026,4,21,9,0,1,Tuesday,0,0.541524637880816,0.2830891309643963,111,0.7071067811865476,-0.7071067811865475,0.8660254037844387,-0.4999999999999998,27012.0,26485.0,28879.0,24084.33333333333,25274.541666666668,24094.95238095238,0,8134,28732,0.2830891309643963,3931.0,5869.0,0.2245132167858919,0.0,0.0534409548219272,0,0,0.5220226219332345,0.2881059362308822,1,MODERATE,0.6790672465165711,0.5220226219332345,70.23,0.014887498616453,1.08,1.06389099577419,1.1160811939597408,Low
2026-04-21,20,25181,26866,22577,2336,6606,7105,22126,0,222,-3,991,1066,-446,0,1016,demanddata_2026.csv,82.0,1000.0,700.0,-514.0,1423.0,2026-04-21 09:30:00,2026,4,21,9,30,1,Tuesday,0,0.5128839407317405,0.3285768976438242,111,0.7071067811865476,-0.7071067811865475,0.8660254037844387,-0.4999999999999998,26140.0,25230.0,27701.0,24424.5,25273.52083333333,24087.45238095238,0,9441,28732,0.3285768976438242,3892.0,5818.0,0.2310380430466206,0.0,0.0565086172663013,0,0,0.4865832702458389,0.2673896137561565,1,MODERATE,0.6590187585122183,0.4865832702458389,74.52,0.1831341803473753,1.08,1.063257124282154,1.1080901858668115,Moderate
2026-04-21,21,24191,26467,21620,2467,6606,8516,22126,0,691,-3,991,1061,-352,0,1016,demanddata_2026.csv,-217.0,1000.0,700.0,-513.0,1917.0,2026-04-21 10:00:00,2026,4,21,10,0,1,Tuesday,0,0.2875716140181004,0.3822434134966763,111,0.4999999999999999,-0.8660254037844387,0.8660254037844387,-0.4999999999999998,25181.0,24126.0,26519.0,24714.58333333333,25274.875,24080.52380952381,0,10983,28732,0.3822434134966763,3683.0,5853.0,0.2419394841269841,0.0,0.0792410714285714,0,0,0.4441966350554707,0.2460036291367839,0,LOW,0.2013001298126702,0.4441966350554707,63.19,0.3523981540714215,0.95,1.0598602232094485,1.0985326762423129,Low
2026-04-21,22,23388,26006,20883,2597,6606,9850,22126,0,1052,-3,991,1062,-292,0,1016,demanddata_2026.csv,-284.0,1000.0,700.0,-487.0,1897.0,2026-04-21 10:30:00,2026,4,21,10,30,1,Tuesday,0,0.2908705735451123,0.433195280687711,111,0.4999999999999999,-0.8660254037844387,0.8660254037844387,-0.4999999999999998,24191.0,23199.0,25780.0,24965.416666666668,25278.8125,24073.404761904763,0,12447,28732,0.433195280687711,3703.0,5835.0,0.2494762495190046,0.0,0.0811065030569926,0,0,0.4025374759636899,0.2286572193899594,0,LOW,0.2036094014815786,0.4025374759636899,63.47,0.3249800215945115,0.95,1.060185285513057,1.0891392008654637,Low
2026-04-21,23,22027,25180,19531,2745,6606,10992,22126,0,1193,437,991,1062,-423,0,1016,demanddata_2026.csv,-665.0,999.0,700.0,-372.0,1520.0,2026-04-21 11:00:00,2026,4,21,11,0,1,Tuesday,0,0.2604241630896312,0.4780913931716145,111,0.258819045102521,-0.9659258262890682,0.8660254037844387,-0.4999999999999998,23388.0,22949.0,24985.0,25087.666666666668,25259.604166666668,24064.60119047619,0,13737,28732,0.4780913931716145,3745.0,6665.0,0.3025694570546577,0.0,0.069003086980207,0,0,0.3605259430328886,0.1992568910394884,0,LOW,0.1822969141627418,0.3605259430328886,61.55,0.2302401639227479,0.95,1.0608679163506338,1.079666270812801,Very Low
2026-04-21,24,21124,24266,18731,2892,6606,11884,22126,0,1268,491,992,1063,-427,0,1016,demanddata_2026.csv,-727.0,999.0,700.0,-220.0,1586.0,2026-04-21 11:30:00,2026,4,21,11,30,1,Tuesday,0,0.1812387497563005,0.5142519054745415,111,0.258819045102521,-0.9659258262890682,0.8660254037844387,-0.4999999999999998,22027.0,23034.0,24803.0,25071.08333333333,25219.8125,24053.651785714286,0,14776,28732,0.5142519054745415,3887.0,6635.0,0.3140828402366863,0.0,0.075076923076923,0,0,0.3203244417067244,0.1797502808260606,0,LOW,0.1268671248294103,0.3203244417067244,58.15,0.212494139285879,0.95,1.063175858706252,1.0706014739937455,Very Low
2026-04-21,25,20980,24089,18604,2972,6606,12424,22126,0,1306,491,991,1062,-293,0,1016,demanddata_2026.csv,-904.0,1000.0,700.0,-106.0,1590.0,2026-04-21 12:00:00,2026,4,21,12,0,1,Tuesday,0,0.2159994559526243,0.5358298820171927,111,1.2246467991473532e-16,-1.0,0.8660254037844387,-0.4999999999999998,21124.0,23178.0,25029.0,24856.416666666668,25174.02083333333,24041.60119047619,0,15396,28732,0.5358298820171927,3957.0,6563.0,0.3128068252228206,0.0,0.0757828511510414,0,0,0.3021626466310997,0.1766395921541519,0,LOW,0.151199619166837,0.3021626466310997,55.99,0.1161654422357532,0.95,1.0643135767688807,1.0665062791179587,Very Low
2026-04-21,26,20406,23505,17999,3051,6606,12861,22126,0,1325,491,991,1061,-236,0,1016,demanddata_2026.csv,-938.0,1000.0,700.0,-100.0,1454.0,2026-04-21 12:30:00,2026,4,21,12,30,1,Tuesday,0,0.210967307993064,0.5537883270107542,111,1.2246467991473532e-16,-1.0,0.8660254037844387,-0.4999999999999998,20980.0,23444.0,24741.0,24477.0,25110.729166666668,24028.699404761905,0,15912,28732,0.5537883270107542,3985.0,6533.0,0.3201352477091194,0.0,0.0712500612534914,0,0,0.2777515947317891,0.1642400414758489,0,LOW,0.1476771155951448,0.2777515947317891,55.78,0.1757268829648206,0.95,1.0647686639939322,1.0610019765842955,Very Low
2026-04-21,27,19596,22678,17214,3087,6606,12772,22126,0,1317,491,991,1062,-92,0,1016,demanddata_2026.csv,-1073.0,1000.0,700.0,-100.0,904.0,2026-04-21 13:00:00,2026,4,21,13,0,1,Tuesday,0,0.1906388154943284,0.5519437580482373,111,-0.2588190451025208,-0.9659258262890684,0.8660254037844387,-0.4999999999999998,20406.0,23774.0,24858.0,23834.83333333333,25023.6875,24013.03869047619,0,15859,28732,0.5519437580482373,3995.0,6525.0,0.3329591263968975,0.0,0.0461295096188192,0,0,0.2614423799848523,0.1467424176963622,0,LOW,0.1334471708460298,0.2614423799848523,59.22,0.2097391458198363,0.95,1.0649311951457363,1.0573245090001906,Very Low
2026-04-21,28,19468,22529,17110,3122,6606,12528,22126,0,1314,491,991,1061,-47,0,1016,demanddata_2026.csv,-1100.0,999.0,700.0,-100.0,696.0,2026-04-21 13:30:00,2026,4,21,13,30,1,Tuesday,0,0.175648957797474,0.5446698917620854,111,-0.2588190451025208,-0.9659258262890684,0.8660254037844387,-0.4999999999999998,19596.0,23840.0,25030.0,23124.58333333333,24932.604166666668,23996.48511904762,0,15650,28732,0.5446698917620854,4011.0,6505.0,0.3341209101648775,0.0,0.0357491396579177,0,0,0.263732203374439,0.14397736109911,0,LOW,0.1229542704582317,0.263732203374439,55.65,0.1000029053654197,0.95,1.0651912449886227,1.0578408276224658,Very Low
2026-04-21,29,19204,22332,16956,3108,6606,12197,22126,0,1303,491,991,1061,-1,0,997,demanddata_2026.csv,-1224.0,1000.0,700.0,-100.0,355.0,2026-04-21 14:00:00,2026,4,21,14,0,1,Tuesday,0,0.2062051575360461,0.5326627919117392,111,-0.4999999999999997,-0.8660254037844388,0.8660254037844387,-0.4999999999999998,19468.0,23891.0,24936.0,22393.08333333333,24834.95833333333,23979.42559523809,0,15305,28732,0.5326627919117392,3915.0,6565.0,0.3418380630044259,0.0,0.0184847695912522,0,0,0.2673925026504515,0.1382744318672772,0,LOW,0.1443436102752323,0.2673925026504515,53.16,0.2203737979138797,0.95,1.0636309459313036,1.0586661666804476,Very Low
2026-04-21,30,18777,21928,16440,3093,6606,11680,22126,0,1312,491,991,1061,0,0,991,demanddata_2026.csv,-1239.0,1000.0,665.0,-100.0,347.0,2026-04-21 14:30:00,2026,4,21,14,30,1,Tuesday,0,0.1926632670201659,0.5141474959106254,111,-0.4999999999999997,-0.8660254037844388,0.8660254037844387,-0.4999999999999998,19204.0,24225.0,25157.0,21706.83333333333,24721.45833333333,23960.4375,0,14773,28732,0.5141474959106254,3860.0,6538.0,0.3481733943976994,0.0,0.0184790712535946,0,0,0.27159660102292,0.1290503758748812,0,LOW,0.1348642869141161,0.27159660102292,54.23,0.0906919814604758,0.95,1.062737024596381,1.059614123754104,Very Low
2026-04-21,31,18309,21705,16127,3110,6606,10950,22126,0,1293,491,991,1052,-6,0,449,demanddata_2026.csv,-1239.0,1000.0,-320.0,-38.0,726.0,2026-04-21 15:00:00,2026,4,21,15,0,1,Tuesday,0,0.183082004035382,0.4893328228865764,111,-0.7071067811865471,-0.7071067811865479,0.8660254037844387,-0.4999999999999998,18777.0,24090.0,25467.0,21054.25,24601.02083333333,23939.133928571428,0,14060,28732,0.4893328228865764,2380.0,5586.0,0.3050791916985254,0.0,0.0396504642271982,0,0,0.270018014916458,0.1189406376911777,0,LOW,0.1281574028247674,0.270018014916458,51.28,0.3390566150851065,0.95,1.038682414129375,1.0592581777858088,Very Low
2026-04-21,32,19052,22531,17111,3127,6606,9876,22126,0,1279,491,990,1042,-60,0,423,demanddata_2026.csv,-1219.0,999.0,-421.0,8.0,1024.0,2026-04-21 15:30:00,2026,4,21,15,30,1,Tuesday,0,0.2121815622124378,0.4525458532001531,111,-0.7071067811865471,-0.7071067811865479,0.8660254037844387,-0.4999999999999998,18309.0,24894.0,26623.0,20543.5,24479.3125,23916.60119047619,0,13003,28732,0.4525458532001531,2253.0,5653.0,0.2966986826221592,0.0,0.0537448170891723,0,0,0.3148245905660932,0.1349909271580402,0,LOW,0.1485270935487065,0.3148245905660932,62.22,0.032543787836546,0.95,1.0366182685014629,1.0693613453547584,Very Low
2026-04-21,33,20193,23717,18335,3121,6606,8844,22126,0,901,491,991,379,68,0,136,demanddata_2026.csv,-955.0,999.0,-1168.0,25.0,2876.0,2026-04-21 16:00:00,2026,4,21,16,0,1,Tuesday,0,0.2586688796934283,0.4164201440851982,111,-0.8660254037844385,-0.5000000000000004,0.8660254037844387,-0.4999999999999998,19052.0,25990.0,27384.0,20210.33333333333,24358.541666666668,23895.199404761905,0,11965,28732,0.4164201440851982,966.0,5212.0,0.2580964642963256,0.0,0.1424185401604437,1,0,0.3578774071753081,0.1596388144819839,0,LOW,0.1810682157853997,0.3578774071753081,77.9,0.2493512737240109,1.3,1.0157005092642757,1.0790690682550617,Moderate
2026-04-21,34,21741,24910,19574,3114,6606,7805,22126,0,558,491,991,337,72,0,125,demanddata_2026.csv,-892.0,998.0,-1219.0,150.0,3037.0,2026-04-21 16:30:00,2026,4,21,16,30,1,Tuesday,0,0.2665693409117202,0.3800160094664671,111,-0.8660254037844385,-0.5000000000000004,0.8660254037844387,-0.4999999999999998,20193.0,26965.0,28696.0,20073.08333333333,24249.70833333333,23874.5,0,10919,28732,0.3800160094664671,1053.0,5275.0,0.2426179744273756,0.0,0.1396835617698464,1,0,0.4077876165926171,0.193078717705003,0,LOW,0.1865985386382041,0.4077876165926171,81.12,0.0876540168265772,1.3,1.0171145302849711,1.09032302377015,Moderate
2026-04-21,35,23499,25755,21144,3070,6606,6428,22126,0,7,491,991,427,0,0,385,demanddata_2026.csv,-506.0,999.0,-1243.0,87.0,3321.0,2026-04-21 17:00:00,2026,4,21,17,0,1,Tuesday,0,0.4933902492223054,0.3305606793582292,111,-0.9659258262890684,-0.2588190451025206,0.8660254037844387,-0.4999999999999998,21741.0,28166.0,30027.0,20195.75,24152.479166666668,23855.071428571428,0,9498,28732,0.3305606793582292,1631.0,5129.0,0.2182553191489361,0.0,0.1413191489361702,1,0,0.4608582953376979,0.231055041907889,1,MODERATE,0.6453731744556137,0.4608582953376979,80.51,0.0229883127697055,1.3,1.026508830859248,1.1022896146685954,Moderate
2026-04-21,36,24728,26941,22274,3026,6606,4997,22126,0,15,491,991,431,0,0,395,demanddata_2026.csv,-428.0,998.0,-1252.0,-18.0,3319.0,2026-04-21 17:30:00,2026,4,21,17,30,1,Tuesday,0,0.5353893654071853,0.2792259770995023,111,-0.9659258262890684,-0.2588190451025206,0.8660254037844387,-0.4999999999999998,23499.0,29343.0,31297.0,20496.08333333333,24056.33333333333,23835.52083333333,0,8023,28732,0.2792259770995023,1608.0,5004.0,0.2023535120708479,0.0,0.134214889401108,1,0,0.5037835932766092,0.2576039056424436,1,MODERATE,0.6747725557850297,0.5037835932766092,81.92,0.2564889625347262,1.3,1.0261350092100987,1.111968584144305,Moderate
2026-04-21,37,26522,28628,24141,2892,6606,3679,22126,0,5,491,991,256,-55,0,526,demanddata_2026.csv,-52.0,998.0,-1435.0,-59.0,3291.0,2026-04-21 18:00:00,2026,4,21,18,0,1,Tuesday,0,0.5437531515053793,0.2286917481641318,111,-1.0,-1.8369701987210287e-16,0.8660254037844387,-0.4999999999999998,24728.0,29662.0,32331.0,20957.916666666668,23990.916666666668,23818.23214285714,0,6571,28732,0.2286917481641318,1661.0,4863.0,0.1833502997398484,0.0,0.1240809863137654,1,0,0.5474349950418118,0.2963579020133068,1,MODERATE,0.6806272060537655,0.5474349950418118,86.37,0.0469614793202775,1.3,1.0269964243146603,1.1218112784421668,High
2026-04-21,38,27679,29826,25306,2758,6606,2400,22126,0,5,491,992,246,-11,0,531,demanddata_2026.csv,26.0,998.0,-1448.0,-183.0,3708.0,2026-04-21 18:30:00,2026,4,21,18,30,1,Tuesday,0,0.5481902058033098,0.17951484355967,111,-1.0,-1.8369701987210287e-16,0.8660254037844387,-0.4999999999999998,26522.0,30851.0,32338.0,21564.0,23924.83333333333,23804.36607142857,0,5158,28732,0.17951484355967,1642.0,4926.0,0.1779624277456647,0.0,0.1339595375722543,1,0,0.582932568423985,0.321351421411907,1,MODERATE,0.6837331440623169,0.582932568423985,94.62,0.1397198387692541,1.3,1.0266876151262323,1.1298154145978851,High
2026-04-21,39,28677,31019,26330,2633,6606,1192,22126,0,4,491,991,-96,0,0,670,demanddata_2026.csv,399.0,998.0,-1448.0,-294.0,3703.0,2026-04-21 19:00:00,2026,4,21,19,0,1,Tuesday,0,0.6249903448679597,0.1331221939929697,111,-0.9659258262890684,0.2588190451025203,0.8660254037844387,-0.4999999999999998,27679.0,31183.0,32503.0,22320.75,23872.625,23792.979166666668,0,3825,28732,0.1331221939929697,1711.0,5387.0,0.1878443406095264,0.0,0.1291233698305321,1,0,0.6164584981024703,0.3429102220686079,1,HIGH,0.7374932414075717,0.6164584981024703,99.2,0.0195265429129152,1.3,1.0278090800736808,1.137374976571448,High
2026-04-21,40,29736,32246,27391,2507,6606,276,22126,0,4,486,992,-104,-28,0,675,demanddata_2026.csv,449.0,999.0,-1432.0,-442.0,3677.0,2026-04-21 19:30:00,2026,4,21,19,30,1,Tuesday,0,0.6353756684920223,0.0968572721261267,111,-0.9659258262890684,0.2588190451025203,0.8660254037844387,-0.4999999999999998,28677.0,31339.0,32355.0,23176.416666666668,23839.229166666668,23785.184523809523,0,2783,28732,0.0968572721261267,1595.0,5607.0,0.1885529811346134,0.0,0.1236506708813935,1,0,0.6418714186935648,0.3657867450099369,1,HIGH,0.7447629679444157,0.6418714186935648,92.29,0.111943931043943,1.3,1.0259237187127532,1.143105184502442,High
2026-04-21,41,30047,32093,27540,2527,6606,6,22126,0,4,35,992,528,-163,0,761,demanddata_2026.csv,489.0,998.0,-865.0,-514.0,3350.0,2026-04-21 20:00:00,2026,4,21,20,0,1,Tuesday,0,0.4311839913291494,0.0881564751331221,111,-0.8660254037844386,0.5000000000000001,0.8660254037844387,-0.4999999999999998,29736.0,31107.0,31585.0,24080.0,23817.14583333333,23780.60714285714,0,2533,28732,0.0881564751331221,2261.0,5345.0,0.1778820553780617,0.0,0.1114882854100106,1,0,0.6459603495469476,0.3725049684610731,0,MODERATE,0.3018287939304045,0.6459603495469476,92.75,0.0878637037426126,1.3,1.036748293422906,1.144027173138945,High
2026-04-21,42,30365,32331,27812,2547,6606,0,22126,0,5,29,992,617,-130,0,764,demanddata_2026.csv,472.0,999.0,-817.0,-514.0,3283.0,2026-04-21 20:30:00,2026,4,21,20,30,1,Tuesday,0,0.4178835772220902,0.0886437197647304,111,-0.8660254037844386,0.5000000000000001,0.8660254037844387,-0.4999999999999998,30047.0,30933.0,31176.0,25045.666666666668,23805.3125,23778.19345238096,0,2547,28732,0.0886437197647304,2412.0,5334.0,0.1756569847856154,0.0,0.1081143384047948,1,0,0.6473405336845273,0.3793744059448717,0,MODERATE,0.2925185040554631,0.6473405336845273,91.43,0.1604136966810098,1.3,1.039202513815148,1.1443383826303155,High
2026-04-21,43,29543,31166,26925,2565,6606,0,22126,0,9,952,992,476,-159,0,869,demanddata_2026.csv,191.0,999.0,-483.0,-472.0,2921.0,2026-04-21 21:00:00,2026,4,21,21,0,1,Tuesday,0,0.4564286179001441,0.0892701771482267,111,-0.7071067811865477,0.7071067811865474,0.8660254037844387,-0.4999999999999998,30365.0,30023.0,30162.0,25981.83333333333,23795.3125,23776.35119047619,0,2565,28732,0.0892701771482267,3365.0,5593.0,0.1893108583807203,0.0,0.0988694828053073,0,0,0.6444269598405671,0.3616175581093925,0,MODERATE,0.3195000325301008,0.6444269598405671,74.35,0.2208737717344364,1.0,1.0546917325820782,1.1436814182374055,Moderate
2026-04-21,44,27886,29404,25410,2582,6606,0,22126,0,7,1003,992,471,-223,0,873,demanddata_2026.csv,126.0,998.0,-463.0,-325.0,2320.0,2026-04-21 21:30:00,2026,4,21,21,30,1,Tuesday,0,0.4161326498211219,0.089861831343751,111,-0.7071067811865477,0.7071067811865474,0.8660254037844387,-0.4999999999999998,29543.0,28914.0,28487.0,26718.0,23773.89583333333,23774.5625,0,2582,28732,0.089861831343751,3452.0,5474.0,0.196292179151576,0.0,0.0831928855739233,0,0,0.6345273444650479,0.3258230363777759,0,MODERATE,0.2912928548747853,0.6345273444650479,76.22,0.1792671556033439,1.0,1.0561057536027738,1.141449212996168,Moderate
2026-04-21,45,27172,28773,24868,2588,6606,0,22126,0,7,1003,992,347,-81,0,796,demanddata_2026.csv,-251.0,998.0,-580.0,-182.0,2692.0,2026-04-21 22:00:00,2026,4,21,22,0,1,Tuesday,0,0.4081611628666862,0.0900706504715831,111,-0.5000000000000004,0.8660254037844384,0.8660254037844387,-0.4999999999999998,27886.0,27290.0,26903.0,27299.58333333333,23771.4375,23775.36309523809,0,2588,28732,0.0900706504715831,3042.0,5230.0,0.1924704670076914,0.0,0.0990689287160048,0,0,0.6288115632763236,0.3103992050462283,0,MODERATE,0.2857128140066803,0.6288115632763236,68.6,0.0126303395634889,1.0,1.049441976378806,1.1401603955781916,Low
2026-04-21,46,25458,26889,23236,2594,6606,0,22126,0,12,1003,992,333,10,0,793,demanddata_2026.csv,-279.0,998.0,-603.0,-37.0,2553.0,2026-04-21 22:30:00,2026,4,21,22,30,1,Tuesday,0,0.3732827886507806,0.0902794695994153,111,-0.5000000000000004,0.8660254037844384,0.8660254037844387,-0.4999999999999998,27172.0,25461.0,25242.0,27609.33333333333,23771.375,23776.00595238096,0,2594,28732,0.0902794695994153,3210.0,5048.0,0.198279586786598,0.0,0.1002788797674692,0,0,0.6179484346563202,0.2733733690486477,0,MODERATE,0.2612979520555464,0.6179484346563202,82.91,0.2493138276570523,1.0,1.0521724997291146,1.1377109334807274,Moderate
2026-04-21,47,24231,26038,22030,2553,6606,0,22126,0,11,1003,992,-137,2,0,990,demanddata_2026.csv,-35.0,998.0,-1124.0,62.0,2415.0,2026-04-21 23:00:00,2026,4,21,23,0,1,Tuesday,0,0.3767617179257431,0.0888525388925625,111,-0.2588190451025215,0.965925826289068,0.8660254037844387,-0.4999999999999998,25458.0,24473.0,23539.0,27670.33333333333,23766.33333333333,23778.06547619048,0,2553,28732,0.0888525388925625,2751.0,5343.0,0.2204935622317596,0.0,0.0996616044899306,0,0,0.6144287612239663,0.2468677093234252,0,MODERATE,0.2637332025480201,0.6144287612239663,77.35,0.1238288903230177,1.0,1.0447123198613069,1.1369173033057032,Moderate
2026-04-21,48,23074,24905,20890,2512,6606,0,22126,0,12,1002,992,-153,47,0,997,demanddata_2026.csv,-5.0,997.0,-1161.0,100.0,2332.0,2026-04-21 23:30:00,2026,4,21,23,30,1,Tuesday,0,0.3522723771268659,0.0874256081857098,111,-0.2588190451025215,0.965925826289068,0.8660254037844387,-0.4999999999999998,24231.0,23761.0,22677.0,27532.5,23752.02083333333,23779.247023809523,0,2512,28732,0.0874256081857098,2816.0,5454.0,0.2363596966413867,0.0,0.1010617551462621,0,0,0.6099755681887348,0.221874189924825,0,MODERATE,0.2465906639888061,0.6099755681887348,70.79,0.0807537346983313,1.0,1.0457687723480331,1.135913179361851,Low
2026-04-22,1,22692,25066,20510,2469,6606,0,22126,0,11,988,992,-657,42,0,959,demanddata_2026.csv,-5.0,998.0,-1201.0,100.0,2111.0,2026-04-22 00:00:00,2026,4,22,0,0,2,Wednesday,0,0.351451215467967,0.085929071102913,112,0.0,1.0,0.8660254037844387,-0.4999999999999998,23074.0,23037.0,22258.0,27213.33333333333,23744.83333333333,23780.53869047619,0,2469,28732,0.085929071102913,2216.0,5942.0,0.2618428590314194,0.0,0.0930242806151676,0,1,0.6131641504694616,0.2136222241424004,0,MODERATE,0.2460158508275768,0.6131641504694616,57.4,0.2248344018096454,0.82,1.0360169032397877,1.1366321537673372,Very Low
2026-04-22,2,22290,24691,20200,2425,6606,0,22126,0,9,987,992,-682,92,0,958,demanddata_2026.csv,-5.0,998.0,-1205.0,100.0,2117.0,2026-04-22 00:30:00,2026,4,22,0,30,2,Wednesday,0,0.342215053163915,0.0843977308321442,112,0.0,1.0,0.8660254037844387,-0.4999999999999998,22692.0,23232.0,22289.0,26764.25,23725.20833333333,23780.541666666668,0,2425,28732,0.0843977308321442,2235.0,6019.0,0.2700192902965322,0.0,0.0949710645552016,0,1,0.6127645746115246,0.2049382182666551,0,MODERATE,0.2395505372147405,0.6127645746115246,56.95,0.036806061251565,0.82,1.0363257124282157,1.1365420557897363,Very Low
2026-04-22,3,22248,24481,20144,2408,6606,0,22126,0,9,988,991,-554,116,0,922,demanddata_2026.csv,-5.0,998.0,-1165.0,100.0,2002.0,2026-04-22 01:00:00,2026,4,22,1,0,2,Wednesday,0,0.3366169672755736,0.0838060766366199,112,0.2588190451025207,0.9659258262890684,0.8660254037844387,-0.4999999999999998,22290.0,23071.0,22043.0,26228.5,23708.0625,23781.151785714286,0,2408,28732,0.0838060766366199,2391.0,5839.0,0.2624387612926424,0.0,0.0899815722054923,0,1,0.6113146148399775,0.2040309340706817,0,MODERATE,0.2356318770929015,0.6113146148399775,51.79,0.0048123840655474,0.82,1.0388611983963594,1.1362151130067235,Very Low
2026-04-22,4,22183,24413,20122,2390,6606,0,22126,0,9,987,992,-549,150,0,921,demanddata_2026.csv,-5.0,998.0,-1167.0,100.0,2131.0,2026-04-22 01:30:00,2026,4,22,1,30,2,Wednesday,0,0.3198257807679986,0.0831796192531235,112,0.2588190451025207,0.9659258262890684,0.8660254037844387,-0.4999999999999998,22248.0,23336.0,21932.0,25599.08333333333,23684.041666666668,23781.89880952381,0,2390,28732,0.0831796192531235,2427.0,5869.0,0.264560043274432,0.0,0.0960602235845654,0,1,0.6116560389786231,0.2026268037673896,0,MODERATE,0.223878046537599,0.6116560389786231,59.66,0.0667224524884102,0.82,1.039446310542854,1.1362920986998903,Very Low
2026-04-22,5,22060,24345,20023,2356,6606,0,22126,0,9,964,992,-386,100,0,822,demanddata_2026.csv,-5.0,998.0,-1385.0,100.0,2076.0,2026-04-22 02:00:00,2026,4,22,2,0,2,Wednesday,0,0.3339720911687437,0.0819963108620749,112,0.4999999999999999,0.8660254037844387,0.8660254037844387,-0.4999999999999998,22183.0,22453.0,21665.0,24933.5,23675.854166666668,23783.074404761905,0,2356,28732,0.0819963108620749,2200.0,5752.0,0.2607316078146956,0.0,0.094102715198767,0,1,0.6107361983820204,0.1999697571934675,0,MODERATE,0.2337804638181206,0.6107361983820204,56.41,0.2860080216451033,0.82,1.035756853396901,1.1360846893286216,Very Low
2026-04-22,6,21516,23812,19434,2321,6606,0,22126,0,9,963,992,-381,121,0,819,demanddata_2026.csv,-5.0,998.0,-1401.0,100.0,1803.0,2026-04-22 02:30:00,2026,4,22,2,30,2,Wednesday,0,0.3265430921163071,0.0807781992830543,112,0.4999999999999999,0.8660254037844387,0.8660254037844387,-0.4999999999999998,22060.0,22064.0,21039.0,24196.08333333333,23664.4375,23784.49404761905,0,2321,28732,0.0807781992830543,2206.0,5780.0,0.2686248082911187,0.0,0.0837942092299112,0,1,0.6090165297503186,0.1882182666551456,0,MODERATE,0.2285801644814149,0.6090165297503186,58.28,0.1039095757652069,0.82,1.0358543720879836,1.135696931502962,Very Low
2026-04-22,7,21228,23840,19194,2268,6606,0,22126,0,9,962,992,-658,108,0,732,demanddata_2026.csv,-5.0,998.0,-1440.0,100.0,1753.0,2026-04-22 03:00:00,2026,4,22,3,0,2,Wednesday,0,0.3197598056846042,0.0789336303205373,112,0.7071067811865476,0.7071067811865476,0.8660254037844387,-0.4999999999999998,21516.0,21638.0,20590.0,23503.166666666668,23655.89583333333,23786.39285714286,0,2268,28732,0.0789336303205373,1789.0,5995.0,0.2823967214659192,0.0,0.0825757218898676,0,1,0.6108254881819744,0.1819968893113281,0,MODERATE,0.2238318639792229,0.6108254881819744,55.61,0.0865322102030729,0.82,1.0290768230577527,1.1361048227531927,Very Low
2026-04-22,8,21009,23632,18929,2214,6606,0,22126,0,9,963,992,-670,116,0,728,demanddata_2026.csv,0.0,998.0,-1444.0,100.0,1699.0,2026-04-22 03:30:00,2026,4,22,3,30,2,Wednesday,0,0.3251538947566447,0.0770542581700483,112,0.7071067811865476,0.7071067811865476,0.8660254037844387,-0.4999999999999998,21228.0,21099.0,20247.0,22930.08333333333,23654.02083333333,23788.66071428572,0,2214,28732,0.0770542581700483,1783.0,6011.0,0.2861018562589243,0.0,0.0808662541646834,0,1,0.6111830640833393,0.1772660502894668,0,MODERATE,0.2276077263296513,0.6111830640833393,66.42,0.2634503207114316,0.82,1.0289793043666702,1.136185450411025,Low
2026-04-22,9,20567,23366,18571,2171,6606,0,22126,0,9,963,992,-844,150,0,394,demanddata_2026.csv,44.0,998.0,-1446.0,100.0,1694.0,2026-04-22 04:00:00,2026,4,22,4,0,2,Wednesday,0,0.3175913419726426,0.0755577210872515,112,0.8660254037844386,0.5000000000000001,0.8660254037844387,-0.4999999999999998,21009.0,20710.0,19847.0,22379.666666666668,23651.041666666668,23790.80357142857,0,2171,28732,0.0755577210872515,1351.0,5931.0,0.2883605600933488,0.0,0.0823609490470634,0,1,0.6093040366466324,0.1677179642270802,0,MODERATE,0.2223139393808498,0.6093040366466324,58.9,0.0111859371845646,0.82,1.0219579586087333,1.1357617597186551,Very Low
2026-04-22,10,20459,23266,18474,2127,6606,0,22126,0,9,963,992,-851,150,0,372,demanddata_2026.csv,79.0,997.0,-1447.0,100.0,1733.0,2026-04-22 04:30:00,2026,4,22,4,30,2,Wednesday,0,0.323357805209516,0.0740263808164827,112,0.8660254037844386,0.5000000000000001,0.8660254037844387,-0.4999999999999998,20567.0,20378.0,19796.0,21963.08333333333,23652.729166666668,23792.776785714286,0,2127,28732,0.0740263808164827,1355.0,5951.0,0.2908602150537634,0.0,0.0847018572825024,0,1,0.610052392177693,0.1653849477231487,0,MODERATE,0.2263504636466612,0.610052392177693,61.35,0.0885895887182527,0.82,1.022022971069455,1.1359305019450323,Very Low
2026-04-22,11,20646,23914,18638,2136,6606,0,22126,0,7,1001,991,-1054,150,0,-260,demanddata_2026.csv,451.0,998.0,-1447.0,100.0,1841.0,2026-04-22 05:00:00,2026,4,22,5,0,2,Wednesday,0,0.3402878997063803,0.0743396095082309,112,0.9659258262890684,0.2588190451025207,0.8660254037844387,-0.4999999999999998,20459.0,20560.0,20193.0,21664.33333333333,23654.52083333333,23794.125,0,2136,28732,0.0743396095082309,930.0,6452.0,0.3124909187775463,0.0,0.0891654961979948,0,1,0.6155806647966574,0.1694245225956968,0,MODERATE,0.2382015297944661,0.6155806647966574,57.38,0.0644199522369906,0.82,1.0151153971177809,1.1371770391736966,Very Low
2026-04-22,12,21500,24801,19381,2145,6606,0,22126,0,1,1004,991,-1061,139,0,-298,demanddata_2026.csv,527.0,998.0,-1441.0,100.0,1996.0,2026-04-22 05:30:00,2026,4,22,5,30,2,Wednesday,0,0.3157430466803039,0.0746528381999791,112,0.9659258262890684,0.2588190451025207,0.8660254037844387,-0.4999999999999998,20646.0,21323.0,20688.0,21533.166666666668,23658.20833333333,23796.541666666668,0,2145,28732,0.0746528381999791,959.0,6559.0,0.3050555788102879,0.0,0.0928328914934189,0,1,0.620274157837282,0.187872634580489,0,MODERATE,0.2210201326762127,0.620274157837282,54.41,0.1442578199953823,0.82,1.0155867374580128,1.1382353469328952,Very Low
2026-04-22,13,23459,26713,21285,2147,6606,122,22126,0,1,1005,992,-719,116,0,-843,demanddata_2026.csv,901.0,998.0,-1191.0,100.0,2082.0,2026-04-22 06:00:00,2026,4,22,6,0,2,Wednesday,0,0.36467909521027,0.0789684335085093,112,1.0,6.123233995736766e-17,0.8660254037844387,-0.4999999999999998,21500.0,23556.0,22597.0,21597.08333333333,23656.1875,23799.10714285714,0,2269,28732,0.0789684335085093,1359.0,6865.0,0.2926257459505541,0.0,0.0887468030690537,0,0,0.6292555188713704,0.2301909617212477,0,MODERATE,0.255275366647189,0.6292555188713704,76.43,0.0615255309394399,1.08,1.0220879835301766,1.140260500478084,Moderate
2026-04-22,14,24895,27881,22596,2148,6606,763,22126,0,3,1005,992,-650,11,0,-848,demanddata_2026.csv,976.0,998.0,-985.0,73.0,1668.0,2026-04-22 06:30:00,2026,4,22,6,30,2,Wednesday,0,0.3542010499938326,0.101312080186545,112,1.0,6.123233995736766e-17,0.8660254037844387,-0.4999999999999998,23459.0,24959.0,24096.0,21814.166666666668,23654.854166666668,23801.48511904762,0,2911,28732,0.101312080186545,1572.0,6538.0,0.2626124678663239,0.0,0.0669987146529563,0,0,0.6204383985858225,0.2612114404216711,0,MODERATE,0.2479407349956828,0.6204383985858225,78.25,0.2240623755497757,1.08,1.025549897063604,1.1382723805999428,Moderate
2026-04-22,15,27180,27763,24653,2144,6606,1839,22126,0,3,1004,992,168,-57,0,6,demanddata_2026.csv,1350.0,998.0,825.0,-23.0,1875.0,2026-04-22 07:00:00,2026,4,22,7,0,2,Wednesday,0,0.5663297010345959,0.1386210976925486,112,0.9659258262890684,-0.2588190451025206,0.8660254037844387,-0.4999999999999998,24895.0,27302.0,25994.0,22225.166666666668,23652.3125,23805.01488095238,0,3983,28732,0.1386210976925486,5263.0,5423.0,0.1995143666531768,0.0,0.0689820094919245,0,0,0.6046136634683584,0.3105720210835565,1,MODERATE,0.6964307907242171,0.6046136634683584,87.6,0.1830304456226689,1.08,1.0855401451944957,1.134704155438615,High
2026-04-22,16,27227,27997,24541,2140,6606,3205,22126,0,3,1004,992,199,-119,0,70,demanddata_2026.csv,1397.0,998.0,1101.0,-148.0,2123.0,2026-04-22 07:30:00,2026,4,22,7,30,2,Wednesday,0,0.5936527558315896,0.1860230397104375,112,0.9659258262890684,-0.2588190451025206,0.8660254037844387,-0.4999999999999998,27180.0,27991.0,27214.0,22645.5,23636.39583333333,23805.05357142857,0,5345,28732,0.1860230397104375,5494.0,6028.0,0.2213897458498604,0.0,0.0779712061113559,0,0,0.5843427888268053,0.3115873153028601,1,MODERATE,0.7155569290821127,0.5843427888268053,73.8,0.2305440226549722,1.08,1.0892946148011702,1.1301333967876033,Moderate
2026-04-22,17,26751,27597,23960,2180,6606,4763,22126,0,2,1003,992,978,-83,0,710,demanddata_2026.csv,1397.0,998.0,1392.0,-261.0,1634.0,2026-04-22 08:00:00,2026,4,22,8,0,2,Wednesday,0,0.5382170011860795,0.2416385340897226,112,0.8660254037844387,-0.4999999999999998,0.8660254037844387,-0.4999999999999998,27227.0,27982.0,29177.0,23036.416666666668,23610.75,23797.83333333333,0,6943,28732,0.2416385340897226,7126.0,7814.0,0.2920903110047846,0.0,0.0610795454545454,0,0,0.5644531328434538,0.3013047610818284,1,MODERATE,0.6767519008302556,0.5644531328434538,79.56,0.0881745087039564,1.08,1.1158196987755986,1.125648596858685,Moderate
2026-04-22,18,25352,26160,22552,2219,6606,6344,22126,0,10,999,992,1027,-142,0,744,demanddata_2026.csv,1397.0,998.0,1410.0,-156.0,1262.0,2026-04-22 08:30:00,2026,4,22,8,30,2,Wednesday,0,0.5223600212222881,0.2980196986043921,112,0.8660254037844387,-0.4999999999999998,0.8660254037844387,-0.4999999999999998,26751.0,27012.0,28851.0,23356.08333333333,23576.166666666668,23787.41964285714,0,8563,28732,0.2980196986043921,7269.0,7865.0,0.3102196978661302,0.0,0.0497771466887547,0,0,0.5218675272527037,0.2710835565540482,1,MODERATE,0.6656520148556015,0.5218675272527037,74.8,0.1433385757492436,1.08,1.1181438942463973,1.116046222585032,Moderate
2026-04-22,19,24012,24680,21290,2303,6606,7922,22126,0,121,555,992,951,-24,0,663,demanddata_2026.csv,1397.0,999.0,1199.0,-23.0,1228.0,2026-04-22 09:00:00,2026,4,22,9,0,2,Wednesday,0,0.4998073546746391,0.3558625970138864,112,0.7071067811865476,-0.7071067811865475,0.8660254037844387,-0.4999999999999998,25352.0,26140.0,29094.0,23588.08333333333,23531.83333333333,23772.29464285714,0,10225,28732,0.3558625970138864,6709.0,6803.0,0.2833048765252155,0.0,0.0511389663932036,0,0,0.4656520408536662,0.2421368703015639,1,MODERATE,0.6498651482722474,0.4656520408536662,76.53,0.1862093851249573,1.08,1.109042149745368,1.10337052776067,Moderate
2026-04-22,20,22563,24024,19787,2387,6606,9387,22126,0,961,517,992,947,0,0,660,demanddata_2026.csv,1369.0,988.0,1183.0,0.0,1068.0,2026-04-22 09:30:00,2026,4,22,9,30,2,Wednesday,0,0.4508578454781403,0.4097727351825427,112,0.7071067811865476,-0.7071067811865475,0.8660254037844387,-0.4999999999999998,24012.0,25181.0,28050.0,23717.58333333333,23477.291666666668,23755.964285714286,0,11774,28732,0.4097727351825427,6656.0,6656.0,0.2949831590143592,0.0,0.0473320333274242,0,0,0.4126350567782865,0.2108355655404821,1,MODERATE,0.6156004918346982,0.4126350567782865,72.83,0.0071329603411827,1.08,1.108180734640806,1.091416044153123,Low
2026-04-22,21,20868,22684,18234,2388,6606,10855,22126,0,1312,431,991,988,0,0,624,demanddata_2026.csv,1010.0,634.0,1129.0,-4.0,857.0,2026-04-22 10:00:00,2026,4,22,10,0,2,Wednesday,0,0.2298794547232502,0.4608986183134375,112,0.4999999999999999,-0.8660254037844387,0.8660254037844387,-0.4999999999999998,22563.0,24191.0,27115.0,23742.666666666668,23408.0625,23737.372023809523,0,13243,28732,0.4608986183134375,5803.0,5811.0,0.2784512913891417,0.0,0.0410656955292539,0,0,0.3443375606725466,0.1742201676315562,0,LOW,0.1609156183062751,0.3443375606725466,58.48,0.3734084941293542,0.95,1.0943168273919168,1.0760160490030457,Very Low
2026-04-22,22,19784,21608,17129,2389,6606,12072,22126,0,1324,424,988,990,37,0,623,demanddata_2026.csv,936.0,617.0,1109.0,37.0,558.0,2026-04-22 10:30:00,2026,4,22,10,30,2,Wednesday,0,0.2136575042133699,0.5032889012633557,112,0.4999999999999999,-0.8660254037844387,0.8660254037844387,-0.4999999999999998,20868.0,23388.0,26515.0,23686.416666666668,23332.979166666668,23717.339285714286,0,14461,28732,0.5032889012633557,5761.0,5761.0,0.2911801870103613,0.0,0.0282031842304776,0,0,0.2932156043653107,0.1508035945735764,0,LOW,0.1495602529493589,0.2932156043653107,57.95,0.1269741516666182,0.95,1.0936341965543397,1.0644888639071963,Very Low
2026-04-22,23,18745,20608,16118,2444,6606,13142,22126,0,1318,528,854,1058,-42,0,577,demanddata_2026.csv,562.0,770.0,578.0,-3.0,278.0,2026-04-22 11:00:00,2026,4,22,11,0,2,Wednesday,0,0.1829360315624054,0.5424424877318762,112,0.258819045102521,-0.9659258262890682,0.8660254037844387,-0.4999999999999998,19784.0,22027.0,26113.0,23528.0,23264.604166666668,23695.41071428572,0,15586,28732,0.5424424877318762,4882.0,4972.0,0.2652299157153526,0.0,0.0148298303638109,0,0,0.2324893553213016,0.1283591117255681,0,LOW,0.1280552220936838,0.2324893553213016,57.21,0.3460669228647097,0.95,1.0793477083107597,1.0507960641109602,Very Low
2026-04-22,24,18272,20282,15544,2498,6606,14057,22126,0,1321,537,849,1061,-189,0,576,demanddata_2026.csv,486.0,786.0,546.0,68.0,-110.0,2026-04-22 11:30:00,2026,4,22,11,30,2,Wednesday,0,0.1857692189578963,0.5761667768767619,112,0.258819045102521,-0.9659258262890682,0.8660254037844387,-0.4999999999999998,18745.0,21124.0,25495.0,23259.0,23205.1875,23673.91369047619,0,16555,28732,0.5761667768767619,4720.0,5098.0,0.2789908608329229,0.0,-0.0060198106495922,0,0,0.1955649678268654,0.1181413635185345,0,LOW,0.1300384532705274,0.1955649678268654,53.76,0.0827080862093231,0.95,1.0767147036515332,1.0424702041489269,Very Low
2026-04-22,25,18240,20396,15508,2553,6606,14575,22126,0,1327,673,983,1059,-329,0,858,demanddata_2026.csv,114.0,986.0,817.0,133.0,-564.0,2026-04-22 12:00:00,2026,4,22,12,0,2,Wednesday,0,0.1575781109638825,0.5961090035847284,112,1.2246467991473532e-16,-1.0,0.8660254037844387,-0.4999999999999998,18272.0,20980.0,25722.0,22824.08333333333,23148.104166666668,23651.64583333333,0,17128,28732,0.5961090035847284,5294.0,5952.0,0.3262979003344115,0.0,-0.0309193574913656,0,0,0.1883628753885998,0.1174500993692214,0,LOW,0.1103046776747177,0.1883628753885998,53.28,0.0340257549430625,0.95,1.0860439917650884,1.0408462472699225,Very Low
2026-04-22,26,18065,20286,15406,2608,6606,14770,22126,0,1322,684,992,1054,-399,0,869,demanddata_2026.csv,56.0,999.0,829.0,49.0,-885.0,2026-04-22 12:30:00,2026,4,22,12,30,2,Wednesday,0,0.1752276567334852,0.6048098005777329,112,1.2246467991473532e-16,-1.0,0.8660254037844387,-0.4999999999999998,18240.0,20406.0,25786.0,22254.916666666668,23099.33333333333,23628.666666666668,0,17378,28732,0.6048098005777329,5133.0,5931.0,0.3282962470939887,0.0,-0.0489870474925274,0,0,0.1764072569538843,0.1136697485526656,0,LOW,0.1226593597134396,0.1764072569538843,49.06,0.5503857663549048,0.95,1.0834272402210423,1.038150446158477,Very Low
2026-04-22,27,17694,20020,15105,2688,6606,14748,22126,0,1253,583,992,1037,-426,0,917,demanddata_2026.csv,-92.0,999.0,552.0,-55.0,-1016.0,2026-04-22 13:00:00,2026,4,22,13,0,2,Wednesday,0,0.1633509010694369,0.60682838548011,112,-0.2588190451025208,-0.9659258262890684,0.8660254037844387,-0.4999999999999998,18065.0,19596.0,25605.0,21464.416666666668,23059.70833333333,23605.122023809523,0,17436,28732,0.60682838548011,4507.0,5653.0,0.319468776490534,0.0,-0.0574173495337666,0,0,0.1610355451350981,0.1056554048215674,0,LOW,0.1143456307486058,0.1610355451350981,52.31,0.0219957048235723,0.95,1.073252790118106,1.034684370519464,Very Low
2026-04-22,28,17078,19379,14509,2767,6606,14512,22126,0,1255,570,980,1035,-415,0,918,demanddata_2026.csv,-101.0,992.0,532.0,-30.0,-887.0,2026-04-22 13:30:00,2026,4,22,13,30,2,Wednesday,0,0.1590777104869994,0.6013642849685031,112,-0.2588190451025208,-0.9659258262890684,0.8660254037844387,-0.4999999999999998,17694.0,19468.0,25421.0,20618.666666666668,23009.916666666668,23580.291666666668,0,17279,28732,0.6013642849685031,4481.0,5573.0,0.3263071608407986,0.0,-0.0519351250073189,0,0,0.1461025115190065,0.0923485699472911,0,LOW,0.1113543973408995,0.1461025115190065,51.83,0.239752649431558,0.95,1.0728302091234154,1.03131720981261,Very Low
2026-04-22,29,16708,18885,14354,2925,6606,13854,22126,0,1250,-16,548,1014,-296,0,578,demanddata_2026.csv,22.0,768.0,532.0,-115.0,-166.0,2026-04-22 14:00:00,2026,4,22,14,0,2,Wednesday,0,0.1667353344441869,0.583962690982494,112,-0.4999999999999997,-0.8660254037844388,0.8660254037844387,-0.4999999999999998,17078.0,19204.0,25460.0,19781.75,22957.916666666668,23554.24404761905,0,16779,28732,0.583962690982494,3035.0,3889.0,0.2327488180022742,0.0,-0.0099347656951343,0,0,0.1292730074653294,0.0843558282208589,0,LOW,0.1167147341109308,0.1292730074653294,51.27,0.200676008471637,0.95,1.0493282045725432,1.0275224252951285,Very Low
2026-04-22,30,16713,18869,14503,3083,6606,12974,22126,0,1220,-62,521,1008,-350,0,564,demanddata_2026.csv,21.0,750.0,512.0,-24.0,-129.0,2026-04-22 14:30:00,2026,4,22,14,30,2,Wednesday,0,0.1577165388743925,0.5588347892666968,112,-0.4999999999999997,-0.8660254037844388,0.8660254037844387,-0.4999999999999998,16708.0,18777.0,25813.0,19061.83333333333,22914.916666666668,23527.16071428572,0,16057,28732,0.5588347892666968,2940.0,3812.0,0.2280722747397391,0.0,-0.0077180806509512,0,0,0.1501119428782188,0.084463838244189,0,LOW,0.1104015772120747,0.1501119428782188,51.79,0.0193248868573263,0.95,1.0477841586304042,1.032221272582215,Very Low
2026-04-22,31,16669,18712,14623,3038,6606,11934,22126,0,964,56,610,466,-233,0,574,demanddata_2026.csv,-198.0,624.0,-139.0,-9.0,441.0,2026-04-22 15:00:00,2026,4,22,15,0,2,Wednesday,0,0.1873892213641312,0.521073330317057,112,-0.7071067811865471,-0.7071067811865479,0.8660254037844387,-0.4999999999999998,16713.0,18309.0,25590.0,18449.916666666668,22880.75,23500.61011904762,0,14972,28732,0.521073330317057,1751.0,2909.0,0.1745050989802039,0.0,0.0264547090581883,0,0,0.1704507742691342,0.0835133500388836,0,LOW,0.1311724549548918,0.1704507742691342,54.71,0.1367012331756674,0.95,1.0284592046808971,1.0368073543954253,Very Low
2026-04-22,32,17750,19758,15761,2992,6606,10748,22126,0,1054,68,621,438,-81,0,574,demanddata_2026.csv,-195.0,624.0,-178.0,50.0,1165.0,2026-04-22 15:30:00,2026,4,22,15,30,2,Wednesday,0,0.1874794258439316,0.4781958027355306,112,-0.7071067811865471,-0.7071067811865479,0.8660254037844387,-0.4999999999999998,16669.0,19052.0,25904.0,18048.83333333333,22853.625,23476.342261904763,0,13740,28732,0.4781958027355306,1921.0,2829.0,0.1593713030251816,0.0,0.0656301053461776,0,0,0.2349614325501232,0.1068651170828653,0,LOW,0.1312355980907521,0.2349614325501232,52.91,0.2987825027572556,0.95,1.031222234261567,1.0513534780646947,Very Low
2026-04-22,33,19429,20870,17382,3000,6606,9346,22126,0,941,192,785,352,14,0,481,demanddata_2026.csv,181.0,903.0,101.0,63.0,1515.0,2026-04-22 16:00:00,2026,4,22,16,0,2,Wednesday,0,0.2241665040532547,0.4296801587025372,112,-0.8660254037844385,-0.5000000000000004,0.8660254037844387,-0.4999999999999998,17750.0,20193.0,25849.0,17928.916666666668,22837.70833333333,23457.23511904762,0,12346,28732,0.4296801587025372,3072.0,3072.0,0.1581060216160576,0.0,0.0779722079258878,1,0,0.312547664795668,0.1431348829171347,0,LOW,0.1569165528372783,0.312547664795668,85.2,0.0837499170803743,1.3,1.049929569834218,1.0688479349397213,High
2026-04-22,34,21003,22007,18782,3008,6606,7750,22126,0,404,213,801,349,-37,0,483,demanddata_2026.csv,257.0,922.0,125.0,-63.0,1448.0,2026-04-22 16:30:00,2026,4,22,16,30,2,Wednesday,0,0.2502634329946709,0.3744126962029722,112,-0.8660254037844385,-0.5000000000000004,0.8660254037844387,-0.4999999999999998,19429.0,21741.0,26773.0,18030.5,22822.33333333333,23440.0625,0,10758,28732,0.3744126962029722,3050.0,3250.0,0.1547324319177299,0.0,0.0689392496667301,1,0,0.3814738386033182,0.1771364382614706,0,LOW,0.1751844030962696,0.3814738386033182,84.36,0.0939392052515989,1.3,1.0495720013002492,1.0843896868761,Moderate
2026-04-22,35,23579,24313,21196,2847,6606,6242,22126,0,177,938,980,513,0,0,973,demanddata_2026.csv,630.0,994.0,290.0,-57.0,1307.0,2026-04-22 17:00:00,2026,4,22,17,0,2,Wednesday,0,0.4925592216603657,0.3163261754776738,112,-0.9659258262890684,-0.2588190451025206,0.8660254037844387,-0.4999999999999998,21003.0,23499.0,26895.0,18433.33333333333,22824.0,23430.19345238096,0,9089,28732,0.3163261754776738,5261.0,5375.0,0.2279474130619168,0.0,0.0554283290924512,1,0,0.472561052168189,0.2327832022811717,1,MODERATE,0.644791455162256,0.472561052168189,93.53,0.377977058446671,1.3,1.0855076389641347,1.1049283995246766,High
2026-04-22,36,25257,25878,22853,2686,6606,4874,22126,0,19,1002,992,492,0,0,996,demanddata_2026.csv,706.0,997.0,311.0,-102.0,1696.0,2026-04-22 17:30:00,2026,4,22,17,30,2,Wednesday,0,0.504684779356797,0.2631121010684579,112,-0.9659258262890684,-0.2588190451025206,0.8660254037844387,-0.4999999999999998,23579.0,24728.0,27996.0,19015.416666666668,22835.02083333333,23422.041666666668,0,7560,28732,0.2631121010684579,5394.0,5598.0,0.2216327500197957,0.0,0.0671470425211814,1,0,0.5228877951116161,0.2690313661107751,1,MODERATE,0.6532793455497579,0.5228877951116161,95.55,0.0481042777275317,1.3,1.0876693032831293,1.1162762767008478,High
2026-04-22,37,26935,28049,24509,2580,6606,3401,22126,0,12,978,992,-337,-24,0,852,demanddata_2026.csv,1078.0,997.0,674.0,-241.0,2005.0,2026-04-22 18:00:00,2026,4,22,18,0,2,Wednesday,0,0.5606657330938297,0.2081578672606411,112,-1.0,-1.8369701987210287e-16,0.8660254037844387,-0.4999999999999998,25257.0,26522.0,28160.0,19740.0,22843.625,23418.39583333333,0,5981,28732,0.2081578672606411,4969.0,6173.0,0.2291728541728541,0.0,0.0744356994356994,1,0,0.5715472901306122,0.3052795299403785,1,MODERATE,0.6924660131656808,0.5715472901306122,92.92,0.1567998835863555,1.3,1.080761729331455,1.127248216084066,High
2026-04-22,38,28182,29260,25741,2474,6606,2099,22126,0,2,975,992,-384,0,0,847,demanddata_2026.csv,1143.0,997.0,690.0,-192.0,2222.0,2026-04-22 18:30:00,2026,4,22,18,30,2,Wednesday,0,0.5942052434017572,0.1591549785960394,112,-1.0,-1.8369701987210287e-16,0.8660254037844387,-0.4999999999999998,26935.0,27679.0,28860.0,20583.08333333333,22854.104166666668,23416.37797619048,0,4573,28732,0.1591549785960394,5068.0,6220.0,0.2207004222403576,0.0,0.078841855018983,1,0,0.6060751362347945,0.3322172297589216,1,MODERATE,0.71594367038123,0.6060751362347945,108.06,0.1094522177725298,1.3,1.0823707877343158,1.135033694218195,High
2026-04-22,39,28866,30571,26484,2371,6606,968,22126,0,4,897,992,-968,0,0,974,demanddata_2026.csv,1368.0,996.0,331.0,-233.0,2247.0,2026-04-22 19:00:00,2026,4,22,19,0,2,Wednesday,0,0.6360093236954772,0.1162078446385689,112,-0.9659258262890684,0.2588190451025203,0.8660254037844387,-0.4999999999999998,28182.0,28677.0,29831.0,21514.08333333333,22858.041666666668,23413.50595238096,0,3339,28732,0.1162078446385689,4357.0,6759.0,0.2341427928083971,0.0,0.0778397478089167,1,0,0.6355321901541522,0.3469930009504882,1,HIGH,0.745206526586834,0.6355321901541522,94.61,0.0789787227088608,1.3,1.0708148228410446,1.1416757896588736,High
2026-04-22,40,29479,31104,27079,2268,6606,199,22126,0,8,891,992,-873,-25,0,979,demanddata_2026.csv,1397.0,997.0,340.0,-219.0,2491.0,2026-04-22 19:30:00,2026,4,22,19,30,2,Wednesday,0,0.6109173199341474,0.085859464726969,112,-0.9659258262890684,0.2588190451025203,0.8660254037844387,-0.4999999999999998,28866.0,29736.0,29837.0,22547.5,22852.6875,23412.44047619048,0,2467,28732,0.085859464726969,4479.0,6713.0,0.2277137042062415,0.0,0.0844979647218453,1,0,0.6533505365967093,0.3602350298107664,1,HIGH,0.7276421239539032,0.6533505365967093,109.15,0.0757101416968853,1.3,1.0727977028930544,1.1456935423503185,High
2026-04-22,41,30333,31311,27818,2292,6606,4,22126,0,11,993,992,820,-148,0,996,demanddata_2026.csv,1397.0,997.0,1295.0,-319.0,2281.0,2026-04-22 20:00:00,2026,4,22,20,0,2,Wednesday,0,0.4433822199490687,0.0799081195837538,112,-0.8660254037844386,0.5000000000000001,0.8660254037844387,-0.4999999999999998,29479.0,30047.0,29711.0,23682.916666666668,22858.64583333333,23414.291666666668,0,2296,28732,0.0799081195837538,7023.0,7957.0,0.262312916199644,0.0,0.075196149535175,1,0,0.6686023024478459,0.3786831417955586,0,MODERATE,0.310367553964348,0.6686023024478459,104.64,0.0180786899158698,1.3,1.1141456279120163,1.1491325720883043,High
2026-04-22,42,30154,31236,27591,2316,6606,0,22126,0,10,1001,992,1046,-115,0,997,demanddata_2026.csv,1397.0,996.0,1371.0,-457.0,2204.0,2026-04-22 20:30:00,2026,4,22,20,30,2,Wednesday,0,0.4479708553192172,0.0806041833431942,112,-0.8660254037844386,0.5000000000000001,0.8660254037844387,-0.4999999999999998,30333.0,30365.0,29451.0,24803.0,22854.25,23416.383928571428,0,2316,28732,0.0806041833431942,7228.0,8372.0,0.2776322334604543,0.0,0.0730890399602056,1,0,0.670201205261467,0.3748163829603387,0,MODERATE,0.3135795987234521,0.670201205261467,106.13,0.0221094789944235,1.3,1.1174775165240003,1.1494930991497516,High
2026-04-22,43,29558,30672,26993,2289,6606,0,22126,0,10,1001,992,816,-225,0,997,demanddata_2026.csv,1397.0,996.0,1421.0,-379.0,1782.0,2026-04-22 21:00:00,2026,4,22,21,0,2,Wednesday,0,0.4491163694995307,0.0796644972679497,112,-0.7071067811865477,0.7071067811865474,0.8660254037844387,-0.4999999999999998,30154.0,29543.0,29071.0,25877.08333333333,22854.5625,23417.83333333333,0,2289,28732,0.0796644972679497,7016.0,8224.0,0.2782232145877736,0.0,0.0602862072465239,0,0,0.6669762359488964,0.361941588179383,0,MODERATE,0.3143814586496715,0.6669762359488964,76.86,0.0646603576049476,1.0,1.1140318561057536,1.1487659200494251,Moderate
2026-04-22,44,28681,29655,26124,2261,6606,0,22126,0,6,1001,992,806,-167,0,997,demanddata_2026.csv,1397.0,996.0,1414.0,-301.0,1684.0,2026-04-22 21:30:00,2026,4,22,21,30,2,Wednesday,0,0.4453964493279833,0.0786900080047332,112,-0.7071067811865477,0.7071067811865474,0.8660254037844387,-0.4999999999999998,29558.0,27886.0,27566.0,26788.0,22871.125,23421.151785714286,0,2261,28732,0.0786900080047332,7135.0,8071.0,0.2813959974897148,0.0,0.0587127815354577,0,0,0.6624629222913282,0.3429966300872721,0,MODERATE,0.3117775145295883,0.6624629222913282,82.55,0.2472504497661762,1.0,1.1159659768122223,1.1477482398649317,Moderate
2026-04-22,45,26806,27831,24323,2175,6606,0,22126,0,18,1001,992,592,-207,0,997,demanddata_2026.csv,1397.0,996.0,982.0,-300.0,869.0,2026-04-22 22:00:00,2026,4,22,22,0,2,Wednesday,0,0.4126104725634954,0.0756969338391396,112,-0.5000000000000004,0.8660254037844384,0.8660254037844387,-0.4999999999999998,28681.0,27172.0,26036.0,27402.75,22863.5,23423.44345238096,0,2175,28732,0.0756969338391396,6450.0,7464.0,0.2784347371955086,0.0,0.0324169060320065,0,0,0.651199461448248,0.3024928713384602,0,MODERATE,0.2888273307944468,0.651199461448248,70.08,0.0985142885029226,1.0,1.1048325929136418,1.1452085092416011,Low
2026-04-22,46,25378,26310,23052,2088,6606,0,22126,0,14,1002,992,547,-118,0,997,demanddata_2026.csv,1391.0,998.0,949.0,-300.0,840.0,2026-04-22 22:30:00,2026,4,22,22,30,2,Wednesday,0,0.3730262437301556,0.072669056485574,112,-0.5000000000000004,0.8660254037844384,0.8660254037844387,-0.4999999999999998,26806.0,25458.0,24495.0,27767.33333333333,22861.83333333333,23426.071428571428,0,2088,28732,0.072669056485574,6458.0,7294.0,0.2874029709602427,0.0,0.0330982308207573,0,0,0.6451752761558357,0.271645208675365,0,MODERATE,0.2611183706111089,0.6451752761558357,81.6,0.1721418586158952,1.0,1.104962617835085,1.1438501516212476,Moderate
2026-04-22,47,24204,25089,21999,2040,6606,0,22126,0,6,1001,992,-128,-19,0,997,demanddata_2026.csv,1308.0,997.0,912.0,-232.0,901.0,2026-04-22 23:00:00,2026,4,22,23,0,2,Wednesday,0,0.3508275215036663,0.0709985034629172,112,-0.2588190451025215,0.965925826289068,0.8660254037844387,-0.4999999999999998,25378.0,24231.0,22599.0,27819.416666666668,22861.27083333333,23430.84821428572,0,2040,28732,0.0709985034629172,5828.0,6586.0,0.2720925428630448,0.0,0.0372237141086552,0,0,0.635149715186885,0.2462844551974423,0,MODERATE,0.2455792650525664,0.635149715186885,78.83,0.1250782137344452,1.0,1.094723155271427,1.1415895476591402,Moderate
2026-04-22,48,23341,24105,21209,1992,6606,0,22126,0,5,1001,992,-138,0,0,997,demanddata_2026.csv,1303.0,997.0,911.0,-121.0,596.0,2026-04-22 23:30:00,2026,4,22,23,30,2,Wednesday,0,0.3265051728625364,0.0693279504402603,112,-0.2588190451025215,0.965925826289068,0.8660254037844387,-0.4999999999999998,24204.0,23074.0,21800.0,27659.75,22866.83333333333,23435.434523809523,0,1992,28732,0.0693279504402603,5942.0,6460.0,0.2767543483848856,0.0,0.0255333733184817,0,0,0.6311712573458617,0.2276419251706558,0,MODERATE,0.2285536210037754,0.6311712573458617,75.06,0.383595705628551,1.0,1.0965760104019937,1.1406924689234617,Moderate
2026-04-23,1,23064,23684,20871,1915,6606,0,22126,0,5,1002,992,132,68,0,997,demanddata_2026.csv,1362.0,997.0,987.0,-115.0,433.0,2026-04-23 00:00:00,2026,4,23,0,0,3,Thursday,0,0.3568118692248001,0.0666481049664149,113,0.0,1.0,0.8660254037844387,-0.4999999999999998,23341.0,22692.0,21428.0,27337.166666666668,22874.58333333333,23440.30357142857,0,1915,28732,0.0666481049664149,6422.0,6652.0,0.288402341209625,0.0,0.018773032733579,0,1,0.6332514197359443,0.2216581698781647,0,MODERATE,0.24976830845736,0.6332514197359443,65.71,0.0955754699269391,0.82,1.1043775056885905,1.141161512337133,Low
2026-04-23,2,22776,23365,20610,1838,6606,0,22126,0,5,1001,992,143,150,0,997,demanddata_2026.csv,1371.0,997.0,996.0,-84.0,426.0,2026-04-23 00:30:00,2026,4,23,0,30,3,Thursday,0,0.3174413769115639,0.0639682594925695,113,0.0,1.0,0.8660254037844387,-0.4999999999999998,23064.0,22290.0,21364.0,26886.666666666668,22884.70833333333,23444.50595238096,0,1838,28732,0.0639682594925695,6563.0,6731.0,0.2955174079114896,0.0,0.0187030776660666,0,1,0.634377801108551,0.2154367925343472,0,MODERATE,0.2222089638380947,0.634377801108551,63.58,0.1093575858803043,0.82,1.1066691949290282,1.1414154933564142,Low
2026-04-23,3,22790,23393,20693,1762,6606,0,22126,0,5,1002,992,-97,150,0,997,demanddata_2026.csv,1394.0,997.0,1132.0,-1.0,520.0,2026-04-23 01:00:00,2026,4,23,1,0,3,Thursday,0,0.3608071032976079,0.0613232172066961,113,0.2588190451025207,0.9659258262890684,0.8660254037844387,-0.4999999999999998,22776.0,22248.0,21084.0,26380.33333333333,22896.0,23449.58333333333,0,1762,28732,0.0613232172066961,6566.0,6762.0,0.2966960642358826,0.0,0.0228160238690711,0,1,0.636376712693411,0.2157392205996716,0,MODERATE,0.2525649723083255,0.636376712693411,65.09,0.0907238270870621,0.82,1.106717954274569,1.141866216010501,Low
2026-04-23,4,22801,23410,20748,1686,6606,0,22126,0,5,1002,992,-104,150,0,997,demanddata_2026.csv,1397.0,997.0,1141.0,0.0,512.0,2026-04-23 01:30:00,2026,4,23,1,30,3,Thursday,0,0.3690091303480648,0.0586781749208227,113,0.2588190451025207,0.9659258262890684,0.8660254037844387,-0.4999999999999998,22790.0,22183.0,21174.0,25823.83333333333,22908.875,23454.42559523809,0,1686,28732,0.0586781749208227,6572.0,6780.0,0.2973423383913692,0.0,0.0224541706867818,0,1,0.6382469773485228,0.215976842650998,0,MODERATE,0.2583063912436453,0.6382469773485228,62.61,0.0146894808525028,0.82,1.1068154729656516,1.1422879308354998,Very Low
2026-04-23,5,22513,23214,20439,1579,6606,0,22126,0,5,1002,992,-196,150,0,997,demanddata_2026.csv,1397.0,997.0,1088.0,0.0,463.0,2026-04-23 02:00:00,2026,4,23,2,0,3,Thursday,0,0.3376403756562512,0.0549542338078168,113,0.4999999999999999,0.8660254037844387,0.8660254037844387,-0.4999999999999998,22801.0,22060.0,20933.0,25172.166666666668,22918.3125,23459.12797619048,0,1579,28732,0.0549542338078168,6427.0,6819.0,0.3028782091143289,0.0,0.020564981789109,0,1,0.6397954954166027,0.2097554653071805,0,MODERATE,0.2363482629593758,0.6397954954166027,63.31,0.4738716456473579,0.82,1.1044587712644924,1.1426370969411113,Low
2026-04-23,6,21868,22576,19738,1471,6606,0,22126,0,5,1002,992,-203,150,0,997,demanddata_2026.csv,1397.0,997.0,1083.0,0.0,504.0,2026-04-23 02:30:00,2026,4,23,2,30,3,Thursday,0,0.3260640520812562,0.0511954895068388,113,0.4999999999999999,0.8660254037844387,0.8660254037844387,-0.4999999999999998,22513.0,21516.0,20179.0,24481.666666666668,22925.64583333333,23464.154761904763,0,1471,28732,0.0511954895068388,6415.0,6821.0,0.311902693310165,0.0,0.023046321276693,0,1,0.6397610464041383,0.1958221722975892,0,MODERATE,0.2282448364568793,0.6397610464041383,68.5,0.8087099486489736,0.82,1.1042637338823271,1.1426293292387044,Low
2026-04-23,7,21575,22698,19509,1418,6606,0,22126,0,5,1002,992,-618,150,0,997,demanddata_2026.csv,1397.0,997.0,1026.0,0.0,618.0,2026-04-23 03:00:00,2026,4,23,3,0,3,Thursday,0,0.3269786316101082,0.0493509205443218,113,0.7071067811865476,0.7071067811865476,0.8660254037844387,-0.4999999999999998,21868.0,21228.0,20130.0,23816.416666666668,22932.875,23468.45535714286,0,1418,28732,0.0493509205443218,5943.0,7179.0,0.3327308120133481,0.0,0.028642936596218,0,1,0.6432107559357175,0.1894927849304415,0,MODERATE,0.2288850421270757,0.6432107559357175,71.23,0.0276794132018613,0.82,1.096592263517174,1.143407183670926,Low
2026-04-23,8,21209,22351,19222,1364,6606,0,22126,0,5,1002,992,-637,150,0,997,demanddata_2026.csv,1390.0,997.0,1014.0,0.0,720.0,2026-04-23 03:30:00,2026,4,23,3,30,3,Thursday,0,0.31076256743851,0.0474715483938328,113,0.7071067811865476,0.7071067811865476,0.8660254037844387,-0.4999999999999998,21575.0,21009.0,19829.0,23193.75,22937.041666666668,23472.5625,0,1364,28732,0.0474715483938328,5905.0,7179.0,0.3384724186704385,0.0,0.0339462517680339,0,1,0.6432070252945734,0.1815864512226734,0,MODERATE,0.217533797206957,0.6432070252945734,57.72,0.1593614160457649,0.82,1.0959746451403185,1.1434063424708998,Very Low
2026-04-23,9,20731,21979,18769,1337,6606,0,22126,0,5,1002,992,-743,150,0,997,demanddata_2026.csv,1302.0,997.0,746.0,0.0,798.0,2026-04-23 04:00:00,2026,4,23,4,0,3,Thursday,0,0.3458622123793207,0.0465318623185883,113,0.8660254037844386,0.5000000000000001,0.8660254037844387,-0.4999999999999998,21209.0,20567.0,19367.0,22687.5,22940.45833333333,23476.622023809523,0,1337,28732,0.0465318623185883,5443.0,6929.0,0.3342176345745707,0.0,0.0384912213004051,0,1,0.6398393134415625,0.1712606929923097,0,MODERATE,0.2421035486655244,0.6398393134415625,57.01,0.1994209737040655,0.82,1.0884657059269691,1.1426469772062795,Very Low
2026-04-23,10,20827,22080,18882,1310,6606,0,22126,0,5,1002,992,-748,150,0,997,demanddata_2026.csv,1298.0,997.0,721.0,0.0,778.0,2026-04-23 04:30:00,2026,4,23,4,30,3,Thursday,0,0.3049832442874139,0.0455921762433438,113,0.8660254037844386,0.5000000000000001,0.8660254037844387,-0.4999999999999998,20731.0,20459.0,19276.0,22308.25,22948.125,23481.23809523809,0,1310,28732,0.0455921762433438,5409.0,6905.0,0.3315248703668139,0.0,0.037353562512003,0,1,0.6405848914243666,0.1733344854402488,0,MODERATE,0.2134882710011897,0.6405848914243666,60.12,0.0986048553960074,0.82,1.0879131000108355,1.1428150931398624,Very Low
2026-04-23,11,21316,22853,19348,1296,6606,0,22126,0,5,1002,992,-1032,100,0,987,demanddata_2026.csv,1386.0,997.0,505.0,0.0,953.0,2026-04-23 05:00:00,2026,4,23,5,0,3,Thursday,0,0.3279773843737082,0.0451049316117356,113,0.9659258262890684,0.2588190451025207,0.8660254037844387,-0.4999999999999998,20827.0,20646.0,19555.0,22067.58333333333,22962.08333333333,23486.479166666668,0,1296,28732,0.0451049316117356,4937.0,7001.0,0.3284233241075198,0.0,0.0447061031101937,0,1,0.6434967607113793,0.183897865721939,0,MODERATE,0.2295841690615957,0.6434967607113793,64.76,0.0267478590417685,0.82,1.080241629645682,1.1434716731823904,Low
2026-04-23,12,22017,23578,19956,1282,6606,0,22126,0,5,1002,992,-1042,9,0,987,demanddata_2026.csv,1397.0,997.0,498.0,-14.0,906.0,2026-04-23 05:30:00,2026,4,23,5,30,3,Thursday,0,0.3106154428827177,0.0446176869801273,113,0.9659258262890684,0.2588190451025207,0.8660254037844387,-0.4999999999999998,21316.0,21500.0,20182.0,21957.25,22972.854166666668,23491.94047619048,0,1282,28732,0.0446176869801273,4826.0,6938.0,0.3151058225088564,0.0,0.0411481515123989,0,1,0.645677606276406,0.1990408709928281,0,MODERATE,0.2174308100179024,0.645677606276406,63.99,0.0120099401208334,0.82,1.0784375338606569,1.143963419044823,Low
2026-04-23,13,24225,25744,21968,1303,6606,121,22126,0,5,1002,991,-823,-50,0,995,demanddata_2026.csv,1397.0,996.0,914.0,-141.0,1106.0,2026-04-23 06:00:00,2026,4,23,6,0,3,Thursday,0,0.3970617254411041,0.0495597396721539,113,1.0,6.123233995736766e-17,0.8660254037844387,-0.4999999999999998,22017.0,23459.0,22066.0,22054.0,22988.8125,23498.36607142857,0,1424,28732,0.0495597396721539,5281.0,7309.0,0.30170065219186,0.0,0.0456534301989597,0,0,0.6539280852954876,0.246738097295429,0,MODERATE,0.2779432078087728,0.6539280852954876,77.3,0.1467554290448902,1.08,1.085832701267743,1.1458237703625775,Moderate
2026-04-23,14,25212,26836,22817,1323,6606,700,22126,0,6,1002,991,-735,-89,0,996,demanddata_2026.csv,1397.0,997.0,955.0,-294.0,1256.0,2026-04-23 06:30:00,2026,4,23,6,30,3,Thursday,0,0.3603211894125891,0.0704068492673929,113,1.0,6.123233995736766e-17,0.8660254037844387,-0.4999999999999998,24225.0,24895.0,23535.0,22257.0,22995.416666666668,23503.35714285714,0,2023,28732,0.0704068492673929,5220.0,7456.0,0.2957204616666005,0.0,0.0498155713322492,0,0,0.6470142572637296,0.2680592759008036,0,MODERATE,0.2522248325888123,0.6470142572637296,91.57,0.1892916733993558,1.08,1.084841261241738,1.1442648125057229,High
2026-04-23,15,27222,28277,24617,1333,6606,1601,22126,0,6,1001,991,734,-121,0,997,demanddata_2026.csv,1397.0,997.0,1393.0,-428.0,1110.0,2026-04-23 07:00:00,2026,4,23,7,0,3,Thursday,0,0.601345584249208,0.1021125535099015,113,0.9659258262890684,-0.2588190451025206,0.8660254037844387,-0.4999999999999998,25212.0,27180.0,25720.0,22626.33333333333,22996.291666666668,23507.82738095238,0,2934,28732,0.1021125535099015,6961.0,8059.0,0.2960364397751901,0.0,0.0407743452227895,0,0,0.64351112592071,0.3114793052795299,1,HIGH,0.7209419089744455,0.64351112592071,82.19,0.1227420342087556,1.08,1.113137934770831,1.143474912307785,Moderate
2026-04-23,16,28357,29497,25647,1342,6606,2685,22126,0,1,1002,991,910,-252,0,997,demanddata_2026.csv,1397.0,997.0,1424.0,-387.0,1001.0,2026-04-23 07:30:00,2026,4,23,7,30,3,Thursday,0,0.6027185388488646,0.1401524379633174,113,0.9659258262890684,-0.2588190451025206,0.8660254037844387,-0.4999999999999998,27222.0,27227.0,26620.0,23089.33333333333,23019.83333333333,23512.997023809523,0,4027,28732,0.1401524379633174,7079.0,8357.0,0.2946963819733408,0.0,0.0352986811481768,0,0,0.6318902903040935,0.3359975805754774,1,HIGH,0.7219029771942052,0.6318902903040935,89.51,0.4212290638940643,1.08,1.115055802362119,1.1408545993777377,High
2026-04-23,17,27899,29168,25050,1257,6606,3944,22126,0,0,1002,991,1064,-280,0,996,demanddata_2026.csv,1397.0,997.0,1425.0,-489.0,704.0,2026-04-23 08:00:00,2026,4,23,8,0,3,Thursday,0,0.5881554868675855,0.1810113806424668,113,0.8660254037844387,-0.4999999999999998,0.8660254037844387,-0.4999999999999998,28357.0,26751.0,27390.0,23538.166666666668,23043.75,23514.511904761905,0,5201,28732,0.1810113806424668,7103.0,8641.0,0.3097132616487455,0.0,0.0252329749103942,0,0,0.6103636420758545,0.3261038624384343,1,MODERATE,0.7117088408073098,0.6103636420758545,87.37,0.1475057512601361,1.08,1.1154458771264493,1.1360006838286365,High
2026-04-23,18,26632,27862,23705,1172,6606,5646,22126,0,5,1002,991,1070,-211,0,997,demanddata_2026.csv,1397.0,997.0,1424.0,-514.0,364.0,2026-04-23 08:30:00,2026,4,23,8,30,3,Thursday,0,0.5443446214393018,0.2372881355932203,113,0.8660254037844387,-0.4999999999999998,0.8660254037844387,-0.4999999999999998,27899.0,25352.0,26642.0,23935.166666666668,23070.416666666668,23514.48214285714,0,6818,28732,0.2372881355932203,7153.0,8603.0,0.323020313145346,0.0,0.013667254909323,0,0,0.5718019314126199,0.2987341225265704,1,MODERATE,0.6810412350075112,0.5718019314126199,76.15,0.3134391373660485,1.08,1.1162585328854695,1.1273056336283616,Moderate
2026-04-23,19,25418,26543,22504,1157,6606,7485,22126,0,6,1002,992,1064,-121,0,1016,demanddata_2026.csv,1397.0,997.0,1424.0,-498.0,332.0,2026-04-23 09:00:00,2026,4,23,9,0,3,Thursday,0,0.4966530467925771,0.3007691504541816,113,0.7071067811865476,-0.7071067811865475,0.8660254037844387,-0.4999999999999998,26632.0,24012.0,26113.0,24255.416666666668,23099.70833333333,23512.41369047619,0,8642,28732,0.3007691504541816,7273.0,8511.0,0.3348282780597191,0.0,0.0130610960305283,0,0,0.5260088179456295,0.2725092888620063,1,MODERATE,0.647657132754804,0.5260088179456295,81.55,0.0110081505202064,1.08,1.1182089067071188,1.1169800175295406,Moderate
2026-04-23,20,24090,25112,21234,1142,6606,9239,22126,0,8,1002,992,1063,-120,0,1016,demanddata_2026.csv,1397.0,998.0,1428.0,-394.0,-154.0,2026-04-23 09:30:00,2026,4,23,9,30,3,Thursday,0,0.507071309477925,0.3612918943375213,113,0.7071067811865476,-0.7071067811865475,0.8660254037844387,-0.4999999999999998,25418.0,22563.0,25154.0,24495.5,23131.52083333333,23509.247023809523,0,10381,28732,0.3612918943375213,7382.0,8410.0,0.3490930222904819,0.0,-0.0063924287078161,0,0,0.4766572414608822,0.2438218266655145,1,MODERATE,0.6549499166345475,0.4766572414608822,75.83,0.0834597773246393,1.08,1.1199804962617834,1.1058520248233787,Moderate
2026-04-23,21,22360,23424,19546,1145,6606,10889,22126,0,8,1002,992,1062,-93,0,1016,demanddata_2026.csv,1397.0,997.0,1427.0,-463.0,-692.0,2026-04-23 10:00:00,2026,4,23,10,0,3,Thursday,0,0.2556935177652853,0.4188215640552674,113,0.4999999999999999,-0.8660254037844387,0.8660254037844387,-0.4999999999999998,24090.0,20868.0,24095.0,24631.25,23162.604166666668,23504.08333333333,0,12034,28732,0.4188215640552674,7337.0,8449.0,0.3778453557533205,0.0,-0.0309467376235409,0,0,0.4199947249287412,0.2064503585932774,0,LOW,0.1789854624356997,0.4199947249287412,63.08,0.2211578525840315,0.95,1.1192491060786651,1.0930755318398708,Low
2026-04-23,22,20728,21606,18025,1147,6606,12389,22126,0,8,1002,992,1062,-12,0,1016,demanddata_2026.csv,1397.0,998.0,1424.0,-358.0,-663.0,2026-04-23 10:30:00,2026,4,23,10,30,3,Thursday,0,0.2313837484486025,0.4710959523892388,113,0.4999999999999999,-0.8660254037844387,0.8660254037844387,-0.4999999999999998,22360.0,19784.0,23533.0,24623.0,23182.27083333333,23495.73511904762,0,13536,28732,0.4710959523892388,7521.0,8261.0,0.3985238072265907,0.0,-0.0319841767572,0,0,0.3584310498806913,0.1711958869783116,0,LOW,0.1619686239140217,0.3584310498806913,56.6,0.3743361749019026,0.95,1.1222396792718603,1.0791939058474176,Very Low
2026-04-23,23,19258,20116,16596,1159,6606,13730,22126,0,9,1002,992,1059,-3,0,1016,demanddata_2026.csv,1397.0,997.0,1425.0,-346.0,-712.0,2026-04-23 11:00:00,2026,4,23,11,0,3,Thursday,0,0.1911959742160968,0.5181846657153796,113,0.258819045102521,-0.9659258262890682,0.8660254037844387,-0.4999999999999998,20728.0,18745.0,23347.0,24451.5,23192.95833333333,23483.56547619048,0,14889,28732,0.5181846657153796,7539.0,8237.0,0.4276961420634508,0.0,-0.036969728438652,0,0,0.2967556407077988,0.139440940119243,0,LOW,0.1338371819512678,0.2967556407077988,62.36,0.1906283652835305,0.95,1.1225322353451077,1.065287085593406,Very Low
2026-04-23,24,18628,19842,16048,1170,6606,14587,22126,0,273,1002,992,1059,-75,0,1016,demanddata_2026.csv,1397.0,997.0,1425.0,-366.0,-694.0,2026-04-23 11:30:00,2026,4,23,11,30,3,Thursday,0,0.1877491686294226,0.5483938328750914,113,0.258819045102521,-0.9659258262890682,0.8660254037844387,-0.4999999999999998,19258.0,18272.0,22891.0,24169.08333333333,23200.375,23470.87797619048,0,15757,28732,0.5483938328750914,7447.0,8329.0,0.4470986096945622,0.0,-0.0372537441623275,0,0,0.2610686140596478,0.1258316771796422,0,LOW,0.1314244180405958,0.2610686140596478,59.08,0.2916760749216326,0.95,1.12103694874851,1.0572402307504212,Very Low
2026-04-23,25,18064,20040,15504,1194,6606,15145,22126,0,1004,1002,992,1059,-6,0,1016,demanddata_2026.csv,1397.0,997.0,1425.0,-466.0,-623.0,2026-04-23 12:00:00,2026,4,23,12,0,3,Thursday,0,0.1890096384851642,0.568649288274806,113,1.2246467991473532e-16,-1.0,0.8660254037844387,-0.4999999999999998,18628.0,18240.0,22675.0,23655.666666666668,23196.70833333333,23457.154761904763,0,16339,28732,0.568649288274806,7416.0,8360.0,0.4627733185718239,0.0,-0.0344865762524218,0,0,0.2320282364074108,0.1136481465479996,0,LOW,0.1323067469396149,0.2320282364074108,59.09,0.3224153992468372,0.95,1.1205331021779177,1.0506920891566436,Very Low
2026-04-23,26,17637,19621,15125,1218,6606,15404,22126,0,965,1002,992,1060,-24,0,1016,demanddata_2026.csv,1397.0,997.0,1425.0,-495.0,-514.0,2026-04-23 12:30:00,2026,4,23,12,30,3,Thursday,0,0.1770158650001989,0.5784985904708871,113,1.2246467991473532e-16,-1.0,0.8660254037844387,-0.4999999999999998,18064.0,18065.0,22490.0,23024.416666666668,23187.791666666668,23442.71130952381,0,16622,28732,0.5784985904708871,7370.0,8408.0,0.4766980383263408,0.0,-0.0291416260346978,0,0,0.2136750376880663,0.1044240905556035,0,LOW,0.1239111055001392,0.2136750376880663,56.27,0.2728309180663222,0.95,1.1197854588796186,1.0465537358145427,Very Low
2026-04-23,27,17088,19403,14595,1202,6606,15420,22126,0,1157,1002,992,1059,-145,0,1016,demanddata_2026.csv,1397.0,997.0,1425.0,-513.0,-842.0,2026-04-23 13:00:00,2026,4,23,13,0,3,Thursday,0,0.1396949665389631,0.5784985904708871,113,-0.2588190451025208,-0.9659258262890684,0.8660254037844387,-0.4999999999999998,17637.0,17694.0,22424.0,22179.916666666668,23175.166666666668,23426.83035714286,0,16622,28732,0.5784985904708871,7230.0,8546.0,0.5000877757621862,0.0,-0.0492714611738545,0,0,0.2004283034178965,0.0925645899939514,0,LOW,0.0977864765772742,0.2004283034178965,55.7,0.1482712532055215,0.95,1.1175100227543613,1.0435668086920733,Very Low
2026-04-23,28,16754,19034,14271,1185,6606,15153,22126,0,1172,1002,992,1059,-94,0,1016,demanddata_2026.csv,1397.0,996.0,1425.0,-514.0,-854.0,2026-04-23 13:30:00,2026,4,23,13,30,3,Thursday,0,0.1731150488847363,0.568614485086834,113,-0.2588190451025208,-0.9659258262890684,0.8660254037844387,-0.4999999999999998,17088.0,17078.0,22342.0,21213.0,23168.416666666668,23410.199404761905,0,16338,28732,0.568614485086834,7279.0,8495.0,0.5070128319904507,0.0,-0.0509698597433601,0,0,0.1988980546733018,0.0853495204354964,0,LOW,0.1211805342193154,0.1988980546733018,58.65,0.0181212543782945,0.95,1.1183064253982014,1.043221762027278,Very Low
2026-04-23,29,16688,19030,14228,1149,6606,14664,22126,0,1157,1002,992,1059,-171,0,997,demanddata_2026.csv,1397.0,998.0,1425.0,-514.0,-924.0,2026-04-23 14:00:00,2026,4,23,14,0,3,Thursday,0,0.1743351062997097,0.5503428114015244,113,-0.4999999999999997,-0.8660254037844388,0.8660254037844387,-0.4999999999999998,16754.0,16708.0,22026.0,20278.75,23168.0,23394.3125,0,15813,28732,0.5503428114015244,7185.0,8555.0,0.5126130984480796,0.0,-0.0553658098148481,0,0,0.2134838452793819,0.0839237881275382,0,LOW,0.1220345744097967,0.2134838452793819,56.54,0.0556195558431444,0.95,1.1167786325712428,1.0465106249783576,Very Low
2026-04-23,30,16652,18952,14198,1112,6606,13918,22126,0,1151,1002,992,1060,-135,0,996,demanddata_2026.csv,1397.0,995.0,1413.0,-514.0,-813.0,2026-04-23 14:30:00,2026,4,23,14,30,3,Thursday,0,0.1577197280450057,0.5230919152194341,113,-0.4999999999999997,-0.8660254037844388,0.8660254037844387,-0.4999999999999998,16688.0,16713.0,21946.0,19447.08333333333,23166.729166666668,23378.55654761905,0,15030,28732,0.5230919152194341,7206.0,8504.0,0.5106587401669369,0.0,-0.0488200324265898,0,0,0.2353953467781038,0.083146115959561,0,LOW,0.110403809631504,0.2353953467781038,59.42,0.084190196086117,0.95,1.1171199479900311,1.0514513187966024,Very Low
2026-04-23,31,16945,18926,14522,1104,6606,12903,22126,0,949,1002,992,1057,-18,0,996,demanddata_2026.csv,1397.0,905.0,978.0,-514.0,-617.0,2026-04-23 15:00:00,2026,4,23,15,0,3,Thursday,0,0.1885428554884236,0.4874882539240594,113,-0.7071067811865471,-0.7071067811865479,0.8660254037844387,-0.4999999999999998,16652.0,16669.0,22106.0,18741.0,23172.479166666668,23363.196428571428,0,14007,28732,0.4874882539240594,6795.0,7859.0,0.4637672607104921,0.0,-0.0364097722176324,0,0,0.2654911319292582,0.0894755033267087,0,LOW,0.1319799988418965,0.2654911319292582,57.6,0.003542414969416,0.95,1.110439917650883,1.0582374379340886,Very Low
2026-04-23,32,17899,19682,15522,1095,6606,11640,22126,0,715,1001,992,1056,-81,0,996,demanddata_2026.csv,1397.0,902.0,942.0,-487.0,-562.0,2026-04-23 15:30:00,2026,4,23,15,30,3,Thursday,0,0.2026455971171479,0.4432185988236522,113,-0.7071067811865471,-0.7071067811865479,0.8660254037844387,-0.4999999999999998,16945.0,17750.0,23451.0,18225.08333333333,23175.58333333333,23346.67261904762,0,12735,28732,0.4432185988236522,6718.0,7854.0,0.4387709497206704,0.0,-0.0313966480446927,0,0,0.3228919508301235,0.1100838157781042,0,LOW,0.1418519179820035,0.3228919508301235,59.16,0.044482329765721,0.95,1.1091884277819914,1.0711804063163437,Very Low
2026-04-23,33,19052,20244,16686,1087,6606,10227,22126,0,282,1002,992,1057,-7,0,996,demanddata_2026.csv,1397.0,991.0,762.0,-403.0,-288.0,2026-04-23 16:00:00,2026,4,23,16,0,3,Thursday,0,0.2303479180033569,0.3937632687154143,113,-0.8660254037844385,-0.5000000000000004,0.8660254037844387,-0.4999999999999998,17899.0,19429.0,24583.0,17949.416666666668,23167.729166666668,23330.21130952381,0,11314,28732,0.3937632687154143,6787.0,7607.0,0.3992547105442712,0.0,-0.0151157298063297,1,0,0.3796595246972011,0.1349909271580402,0,LOW,0.1612435426023498,0.3796595246972011,87.77,0.1440767663990684,1.3,1.1103098927294397,1.083980588051867,High
2026-04-23,34,20861,21811,18387,1078,6606,8716,22126,0,12,1002,992,1057,-4,0,996,demanddata_2026.csv,1397.0,997.0,766.0,-434.0,-209.0,2026-04-23 16:30:00,2026,4,23,16,30,3,Thursday,0,0.2558964853670751,0.3408624229979466,113,-0.8660254037844385,-0.5000000000000004,0.8660254037844387,-0.4999999999999998,19052.0,21003.0,26552.0,17960.5,23164.77083333333,23313.27380952381,0,9794,28732,0.3408624229979466,6769.0,7645.0,0.3664557568785351,0.0,-0.0100182149362477,1,0,0.4444587125602649,0.174068953598894,0,LOW,0.1791275397569525,0.4444587125602649,90.09,0.3076452600510865,1.3,1.1100173366561925,1.0985917705361434,High
2026-04-23,35,22660,23792,20102,1067,6606,7087,22126,0,12,1002,992,1057,-107,0,996,demanddata_2026.csv,1397.0,997.0,1382.0,-513.0,-392.0,2026-04-23 17:00:00,2026,4,23,17,0,3,Thursday,0,0.4950612276538365,0.2837851947238367,113,-0.9659258262890684,-0.2588190451025206,0.8660254037844387,-0.4999999999999998,20861.0,23579.0,27886.0,18244.0,23145.625,23297.72023809524,0,8154,28732,0.2837851947238367,7203.0,8443.0,0.3725784387273289,0.0,-0.0172984422576232,1,0,0.5096362289036971,0.2129309599930873,1,MODERATE,0.6465428593576855,0.5096362289036971,90.68,0.1857525891916444,1.3,1.1170711886444902,1.1132882600535474,High
2026-04-23,36,24616,25784,21965,1056,6606,5503,22126,0,12,1002,992,1058,-161,0,996,demanddata_2026.csv,1397.0,997.0,1424.0,-495.0,-549.0,2026-04-23 17:30:00,2026,4,23,17,30,3,Thursday,0,0.5281601687842726,0.2282741099084676,113,-0.9659258262890684,-0.2588190451025206,0.8660254037844387,-0.4999999999999998,22660.0,25257.0,29344.0,18743.0,23132.27083333333,23283.64880952381,0,6559,28732,0.2282741099084676,7210.0,8522.0,0.3461835317057318,0.0,-0.0223016614534671,1,0,0.5609785339037207,0.2551844811198479,1,MODERATE,0.6697121181489908,0.5609785339037207,105.42,0.2828729371283249,1.3,1.117184960450753,1.12486513026223,High
2026-04-23,37,26702,27643,23989,1012,6606,3991,22126,0,16,1002,992,840,-31,0,997,demanddata_2026.csv,1397.0,997.0,1391.0,-394.0,-13.0,2026-04-23 18:00:00,2026,4,23,18,0,3,Thursday,0,0.5455834882133618,0.1741203494240072,113,-1.0,-1.8369701987210287e-16,0.8660254037844387,-0.4999999999999998,24616.0,26935.0,30280.0,19462.83333333333,23127.416666666668,23273.0,0,5003,28732,0.1741203494240072,7191.0,8041.0,0.3011272141706924,0.0,-0.0004868366850166,1,0,0.6020991515903361,0.3002462628531928,1,MODERATE,0.6819084417493533,0.6020991515903361,93.32,0.2607029869718589,1.3,1.116876151262325,1.134137173148863,High
2026-04-23,38,27803,28906,25064,968,6606,2601,22126,0,15,1002,992,739,-104,0,997,demanddata_2026.csv,1398.0,997.0,1389.0,-484.0,-102.0,2026-04-23 18:30:00,2026,4,23,18,30,3,Thursday,0,0.581619881190288,0.124212577872133,113,-1.0,-1.8369701987210287e-16,0.8660254037844387,-0.4999999999999998,26702.0,28182.0,30645.0,20310.0,23119.52083333333,23264.541666666668,0,3569,28732,0.124212577872133,6926.0,8102.0,0.2913969213062868,0.0,-0.0036685369011653,1,0,0.635239503936712,0.3240300699904951,1,MODERATE,0.7071339168332016,0.635239503936712,98.58,0.0982495204054812,1.3,1.1125690757395168,1.141609793588943,High
2026-04-23,39,29066,30307,26424,981,6606,1306,22126,0,6,1001,992,-96,-125,0,997,demanddata_2026.csv,1397.0,997.0,1420.0,-514.0,224.0,2026-04-23 19:00:00,2026,4,23,19,0,3,Thursday,0,0.6354768135975555,0.0795948908920057,113,-0.9659258262890684,0.2588190451025203,0.8660254037844387,-0.4999999999999998,27803.0,28866.0,31570.0,21308.166666666668,23123.6875,23257.089285714286,0,2287,28732,0.0795948908920057,6069.0,7539.0,0.2593662916709671,0.0,0.0077063336429628,1,0,0.6600862470362221,0.3513134018836948,1,HIGH,0.7448337695182887,0.6600862470362221,105.51,0.1135427627886831,1.3,1.0986401560299055,1.1472123375333838,High
2026-04-23,40,29246,30575,26576,993,6606,329,22126,0,6,1002,992,-104,-205,0,997,demanddata_2026.csv,1397.0,997.0,1424.0,-514.0,283.0,2026-04-23 19:30:00,2026,4,23,19,30,3,Thursday,0,0.6414787786948396,0.0460098144990081,113,-0.9659258262890684,0.2588190451025203,0.8660254037844387,-0.4999999999999998,29066.0,29479.0,31474.0,22349.166666666668,23118.83333333333,23250.45833333333,0,1322,28732,0.0460098144990081,5986.0,7632.0,0.2609498410093342,0.0,0.0096762061066092,1,0,0.6780562609055544,0.3552017627235807,1,HIGH,0.7490351450863877,0.6780562609055544,102.2,0.0343167274458893,1.3,1.0972911474699316,1.151264288808524,High
2026-04-23,41,29312,30659,26663,1048,6606,11,22126,0,6,1002,992,95,-327,0,997,demanddata_2026.csv,1397.0,997.0,1424.0,-514.0,279.0,2026-04-23 20:00:00,2026,4,23,20,0,3,Thursday,0,0.4256088361939846,0.0368565760623673,113,-0.8660254037844386,0.5000000000000001,0.8660254037844387,-0.4999999999999998,29246.0,30333.0,31046.0,23401.166666666668,23097.5625,23245.29761904762,0,1059,28732,0.0368565760623673,6063.0,7745.0,0.2642172414969467,0.0,0.0095179613140927,1,0,0.6835817399071378,0.3566274950315389,0,MODERATE,0.2979261853357892,0.6835817399071378,103.0,0.1624662574519182,1.3,1.0985426373388232,1.1525101961210629,High
2026-04-23,42,29510,30974,26780,1102,6606,0,22126,0,6,1002,992,102,-444,0,997,demanddata_2026.csv,1397.0,997.0,1424.0,-514.0,296.0,2026-04-23 20:30:00,2026,4,23,20,30,3,Thursday,0,0.4412784490877548,0.0383531131451641,113,-0.8660254037844386,0.5000000000000001,0.8660254037844387,-0.4999999999999998,29312.0,30154.0,30389.0,24472.666666666668,23084.14583333333,23242.68154761905,0,1102,28732,0.0383531131451641,5953.0,7869.0,0.2666463352648165,0.0,0.0100301582460777,1,0,0.6844653565632788,0.3609046919554134,0,MODERATE,0.3088949143614283,0.6844653565632788,108.97,0.0442313964179154,1.3,1.0967547946689782,1.1527094375719944,High
2026-04-23,43,29237,30704,26440,1125,6606,0,22126,0,3,1002,992,402,-450,0,997,demanddata_2026.csv,1397.0,997.0,1424.0,-514.0,-16.0,2026-04-23 21:00:00,2026,4,23,21,0,3,Thursday,0,0.4395862586260943,0.0391535864685205,113,-0.7071067811865477,0.7071067811865474,0.8660254037844387,-0.4999999999999998,29510.0,29558.0,29601.0,25497.0,23077.45833333333,23241.59821428572,0,1125,28732,0.0391535864685205,6247.0,8175.0,0.2796018879540324,0.0,-0.0005472330528763,0,0,0.6851029285172751,0.3550073446815864,0,MODERATE,0.307710381038266,0.6851029285172751,81.18,0.2129426892606885,1.0,1.1015332105320186,1.152853199870164,Moderate
2026-04-23,44,28103,29489,25338,1147,6606,0,22126,0,13,1002,992,432,-359,0,997,demanddata_2026.csv,1397.0,998.0,1424.0,-514.0,-313.0,2026-04-23 21:30:00,2026,4,23,21,30,3,Thursday,0,0.4376055793920547,0.0399192566039049,113,-0.7071067811865477,0.7071067811865474,0.8660254037844387,-0.4999999999999998,29237.0,28681.0,28522.0,26347.33333333333,23065.416666666668,23240.35119047619,0,1147,28732,0.0399192566039049,6369.0,8115.0,0.2887489325362937,0.0,-0.0111372046683746,0,0,0.6800079167936872,0.330510671390305,0,MODERATE,0.3063239055744383,0.6800079167936872,86.83,0.1208284675187551,1.0,1.1035160905840289,1.151704356057334,High
2026-04-23,45,26980,28238,24351,1155,6606,0,22126,0,13,1002,992,165,-284,0,997,demanddata_2026.csv,1397.0,997.0,1424.0,-461.0,-296.0,2026-04-23 22:00:00,2026,4,23,22,0,3,Thursday,0,0.3901026497951826,0.040197682107681,113,-0.5000000000000004,0.8660254037844384,0.8660254037844387,-0.4999999999999998,28103.0,26806.0,27149.0,27008.0,23069.041666666668,23239.84821428572,0,1155,28732,0.040197682107681,6229.0,7719.0,0.2860902116304066,0.0,-0.0109706830732737,0,0,0.672777676073432,0.3062516201503499,0,MODERATE,0.2730718548566278,0.672777676073432,79.39,0.608771775859959,1.0,1.1012406544587712,1.1500740521900674,Moderate
2026-04-23,46,25727,26913,23149,1162,6606,0,22126,0,14,1002,992,164,-192,0,997,demanddata_2026.csv,1397.0,998.0,1421.0,-480.0,-354.0,2026-04-23 22:30:00,2026,4,23,22,30,3,Thursday,0,0.4046207576209537,0.0404413044234851,113,-0.5000000000000004,0.8660254037844384,0.8660254037844387,-0.4999999999999998,26980.0,25378.0,25824.0,27413.5,23076.3125,23239.559523809523,0,1162,28732,0.0404413044234851,6299.0,7643.0,0.2970693407960199,0.0,-0.0137593283582089,0,0,0.667434215732627,0.2791843083038106,0,MODERATE,0.2832345303346675,0.667434215732627,79.25,0.323041682158999,1.0,1.1023783725214,1.14886918718,Moderate
2026-04-23,47,24969,26200,22534,1146,6606,0,22126,0,10,1002,992,877,-212,0,997,demanddata_2026.csv,1397.0,997.0,1322.0,-509.0,-360.0,2026-04-23 23:00:00,2026,4,23,23,0,3,Thursday,0,0.4021928242198994,0.0398844534159329,113,-0.2588190451025215,0.965925826289068,0.8660254037844387,-0.4999999999999998,25727.0,24204.0,24076.0,27605.916666666668,23092.25,23242.217261904763,0,1146,28732,0.0398844534159329,6863.0,8305.0,0.3325991189427312,0.0,-0.014417300760913,0,0,0.670327058640668,0.2628099887669575,0,MODERATE,0.2815349769539295,0.670327058640668,74.6,0.04798775580067,1.0,1.1115451294831509,1.1495214770777846,Moderate
2026-04-23,48,24211,25581,21821,1129,6606,0,22126,0,9,1002,992,927,-347,0,997,demanddata_2026.csv,1397.0,997.0,1312.0,-514.0,-490.0,2026-04-23 23:30:00,2026,4,23,23,30,3,Thursday,0,0.3698697863931975,0.0392927992204085,113,-0.2588190451025215,0.965925826289068,0.8660254037844387,-0.4999999999999998,24969.0,23341.0,23033.0,27572.166666666668,23110.375,23245.72321428572,0,1129,28732,0.0392927992204085,6763.0,8485.0,0.3504460598050553,0.0,-0.0202378985626961,0,0,0.6696811225023237,0.2464356692301045,0,MODERATE,0.2589088504752382,0.6696811225023237,81.78,0.2457901084087063,1.0,1.10991981796511,1.149375828789561,Moderate
2026-04-24,1,23497,24946,21010,1094,6606,0,22126,0,65,1002,992,926,-370,0,997,demanddata_2026.csv,1397.0,997.0,1287.0,-514.0,-810.0,2026-04-24 00:00:00,2026,4,24,0,0,4,Friday,0,0.3694056952907608,0.0380746876413879,114,0.0,1.0,0.8660254037844387,-0.4999999999999998,24211.0,23064.0,23044.0,27305.08333333333,23119.39583333333,23247.071428571428,0,1094,28732,0.0380746876413879,6714.0,8482.0,0.3609668907992169,0.0,-0.0344710188101115,0,1,0.6681969861791348,0.2310118378985569,0,MODERATE,0.2585839867035325,0.6681969861791348,63.18,0.1735116257419652,0.82,1.10912341532127,1.149041179739707,Low
2026-04-24,2,23001,24452,20566,1058,6606,0,22126,0,66,1002,992,926,-371,0,997,demanddata_2026.csv,1397.0,998.0,1288.0,-514.0,-1146.0,2026-04-24 00:30:00,2026,4,24,0,30,4,Friday,0,0.38504176123982,0.0368217728743952,114,0.0,1.0,0.8660254037844387,-0.4999999999999998,23497.0,22776.0,22832.0,26904.916666666668,23124.08333333333,23247.574404761905,0,1058,28732,0.0368217728743952,6715.0,8485.0,0.3688809668724458,0.0,-0.0498217546300321,0,1,0.6675424412038402,0.2202972435842046,0,MODERATE,0.269529232867874,0.6675424412038402,61.99,0.192835587396459,0.82,1.1091396684364505,1.148893590296173,Very Low
2026-04-24,3,23476,24927,21054,973,6606,0,22126,0,67,1002,992,1011,-370,0,997,demanddata_2026.csv,1397.0,997.0,1387.0,-514.0,-902.0,2026-04-24 01:00:00,2026,4,24,1,0,4,Friday,0,0.3646362127280477,0.0338635018967737,114,0.2588190451025207,0.9659258262890684,0.8660254037844387,-0.4999999999999998,23001.0,22790.0,22726.0,26439.08333333333,23138.375,23249.80654761905,0,973,28732,0.0338635018967737,6899.0,8667.0,0.3691698257869404,0.0,-0.0384205818460621,0,1,0.6722871347103417,0.2305581958005703,0,MODERATE,0.2552453489096333,0.6722871347103417,63.24,0.2230104371912307,0.82,1.1121302416296457,1.149963442943122,Low
2026-04-24,4,23406,24858,21069,887,6606,0,22126,0,67,1002,992,1014,-371,0,997,demanddata_2026.csv,1397.0,997.0,1395.0,-514.0,-989.0,2026-04-24 01:30:00,2026,4,24,1,30,4,Friday,0,0.3667998967983257,0.0308704277311801,114,0.2588190451025207,0.9659258262890684,0.8660254037844387,-0.4999999999999998,23476.0,22801.0,22622.0,25952.416666666668,23150.979166666668,23252.13988095238,0,887,28732,0.0308704277311801,6909.0,8679.0,0.3707865168539326,0.0,-0.0422523176827444,0,1,0.6740302046396377,0.229046055473948,0,MODERATE,0.256759927758828,0.6740302046396377,69.26,0.4403142995700496,0.82,1.1122927727814498,1.150356477387838,Low
2026-04-24,5,23001,24590,20698,844,6606,0,22126,0,204,1002,992,933,-371,0,997,demanddata_2026.csv,1397.0,997.0,1401.0,-514.0,-1164.0,2026-04-24 02:00:00,2026,4,24,2,0,4,Friday,0,0.3958035924080021,0.0293738906483833,114,0.4999999999999999,0.8660254037844387,0.8660254037844387,-0.4999999999999998,23406.0,22513.0,22066.0,25426.5,23161.14583333333,23254.92261904762,0,844,28732,0.0293738906483833,6834.0,8604.0,0.3740544300495609,0.0,-0.0506042952786714,0,1,0.6732289032506187,0.2202972435842046,0,MODERATE,0.2770625146856015,0.6732289032506187,66.65,0.1325085218475108,0.82,1.111073789142919,1.1501757967156572,Low
2026-04-24,6,22509,23993,20162,800,6606,0,22126,0,100,1002,992,930,-370,0,997,demanddata_2026.csv,1397.0,997.0,1398.0,-514.0,-1313.0,2026-04-24 02:30:00,2026,4,24,2,30,4,Friday,0,0.3576520376107365,0.0278425503776145,114,0.4999999999999999,0.8660254037844387,0.8660254037844387,-0.4999999999999998,23001.0,21868.0,21422.0,24843.08333333333,23174.5,23258.15773809524,0,800,28732,0.0278425503776145,6829.0,8597.0,0.3819191470457574,0.0,-0.0583296312749888,0,1,0.6728805663857593,0.2096690572885163,0,MODERATE,0.2503564263275155,0.6728805663857593,68.16,0.0550948430215291,0.82,1.110992523567017,1.150097252313076,Low
2026-04-24,7,22123,23562,19897,788,6606,0,22126,0,65,1002,992,878,-360,0,997,demanddata_2026.csv,1397.0,997.0,1249.0,-514.0,-724.0,2026-04-24 03:00:00,2026,4,24,3,0,4,Friday,0,0.3533570199069079,0.0274249121219503,114,0.7071067811865476,0.7071067811865476,0.8660254037844387,-0.4999999999999998,22509.0,21575.0,20445.0,24250.25,23185.916666666668,23263.151785714286,0,788,28732,0.0274249121219503,6638.0,8386.0,0.3790453805821732,0.0,-0.0327246429217139,0,1,0.6703074551409745,0.2013306834874276,0,MODERATE,0.2473499139348355,0.6703074551409745,59.74,0.0991335148772589,0.82,1.1078881785675587,1.1495170568015312,Very Low
2026-04-24,8,21806,23223,19566,776,6606,0,22126,0,66,1002,992,837,-335,0,997,demanddata_2026.csv,1397.0,997.0,1228.0,-516.0,-730.0,2026-04-24 03:30:00,2026,4,24,3,30,4,Friday,0,0.3770070985928268,0.0270072738662861,114,0.7071067811865476,0.7071067811865476,0.8660254037844387,-0.4999999999999998,22123.0,21209.0,20059.0,23725.5,23198.354166666668,23268.35119047619,0,776,28732,0.0270072738662861,6599.0,8301.0,0.3806575870133443,0.0,-0.0334754895217132,0,1,0.669036913007759,0.1944828480082951,0,MODERATE,0.2639049690149787,0.669036913007759,64.56,0.2490507096923275,0.82,1.1072543070755227,1.1492305698319474,Low
2026-04-24,9,21796,22914,19642,762,6606,0,22126,0,23,1002,992,117,-193,0,838,demanddata_2026.csv,1397.0,998.0,855.0,-402.0,-782.0,2026-04-24 04:00:00,2026,4,24,4,0,4,Friday,0,0.3556336263599984,0.0265200292346778,114,0.8660254037844386,0.5000000000000001,0.8660254037844387,-0.4999999999999998,21806.0,20731.0,19400.0,23293.5,23220.541666666668,23275.48214285714,0,762,28732,0.0265200292346778,5604.0,6794.0,0.3116942698536495,0.0,-0.0358764967656099,0,1,0.6555064670318169,0.1942668279616348,0,MODERATE,0.2489435384519989,0.6555064670318169,65.3,0.4532682511056649,0.82,1.0910824574710152,1.14617967024867,Low
2026-04-24,10,21652,22883,19479,748,6606,0,22126,0,162,1002,992,102,-80,0,832,demanddata_2026.csv,1397.0,998.0,819.0,-489.0,-1059.0,2026-04-24 04:30:00,2026,4,24,4,30,4,Friday,0,0.3401935762987859,0.0260327846030696,114,0.8660254037844386,0.5000000000000001,0.8660254037844387,-0.4999999999999998,21796.0,20827.0,19416.0,22953.916666666668,23237.729166666668,23282.136904761905,0,748,28732,0.0260327846030696,5573.0,6711.0,0.3099339583429548,0.0,-0.0489077725950214,0,1,0.6546304270569951,0.191156139289726,0,MODERATE,0.2381355034091501,0.6546304270569951,62.24,0.1707575492599679,0.82,1.0905786109004223,1.145982137218431,Very Low
2026-04-24,11,21921,23409,19712,717,6606,0,22126,0,19,1002,991,-472,-1,0,822,demanddata_2026.csv,1397.0,997.0,475.0,-496.0,-694.0,2026-04-24 05:00:00,2026,4,24,5,0,4,Friday,0,0.3610495851762537,0.024953885775937,114,0.9659258262890684,0.2588190451025207,0.8660254037844387,-0.4999999999999998,21652.0,21316.0,19875.0,22699.916666666668,23250.33333333333,23288.22619047619,0,717,28732,0.024953885775937,4715.0,6653.0,0.3034850834777848,0.0,-0.0316576954657421,0,1,0.6556252252176258,0.1969670785448889,0,MODERATE,0.2527347096233776,0.6556252252176258,68.97,0.3557441687066749,0.82,1.076633438075631,1.1462064483238523,Low
2026-04-24,12,22411,24035,20130,686,6606,0,22126,0,6,1002,991,-542,-63,0,821,demanddata_2026.csv,1397.0,998.0,471.0,-513.0,-754.0,2026-04-24 05:30:00,2026,4,24,5,30,4,Friday,0,0.3532956172634262,0.0238749869488045,114,0.9659258262890684,0.2588190451025207,0.8660254037844387,-0.4999999999999998,21921.0,22017.0,20309.0,22549.916666666668,23258.541666666668,23294.48214285714,0,686,28732,0.0238749869488045,4562.0,6798.0,0.3033196501873996,0.0,-0.0336426914153132,0,1,0.6591287501998401,0.2075520608312451,0,MODERATE,0.2473069320843983,0.6591287501998401,62.74,0.0129275086910964,0.82,1.0741467114530283,1.1469964372811452,Very Low
2026-04-24,13,24170,25318,21679,685,6606,104,22126,0,8,1003,991,-138,-22,0,551,demanddata_2026.csv,1397.0,997.0,1200.0,-480.0,-499.0,2026-04-24 06:00:00,2026,4,24,6,0,4,Friday,0,0.3723458228291925,0.0274597153099223,114,1.0,6.123233995736766e-17,0.8660254037844387,-0.4999999999999998,22411.0,24225.0,21844.0,22606.0,23257.39583333333,23301.404761904763,0,789,28732,0.0274597153099223,5499.0,6779.0,0.2804600554383352,0.0,-0.0206445740763725,0,0,0.6624694595264415,0.2455499870387972,0,MODERATE,0.2606420759804347,0.6624694595264415,87.72,0.1594242682375204,1.08,1.0893758803770723,1.147749713907097,High
2026-04-24,14,25678,26956,23139,683,6606,684,22126,0,6,1003,991,-119,-146,0,543,demanddata_2026.csv,1397.0,998.0,1256.0,-507.0,-324.0,2026-04-24 06:30:00,2026,4,24,6,30,4,Friday,0,0.4202610812826295,0.0475759579577489,114,1.0,6.123233995736766e-17,0.8660254037844387,-0.4999999999999998,24170.0,25212.0,23104.0,22829.08333333333,23267.104166666668,23309.06547619048,0,1367,28732,0.0475759579577489,5416.0,6960.0,0.2710385918454768,0.0,-0.0126173137583239,0,0,0.6579446385354758,0.2781258100751749,0,MODERATE,0.2941827568978406,0.6579446385354758,86.57,0.1388288611334147,1.08,1.0880268718170982,1.146729439002612,High
2026-04-24,15,27920,29065,25184,650,6606,1675,22126,0,7,1002,991,671,-209,0,978,demanddata_2026.csv,1397.0,998.0,1415.0,-429.0,-527.0,2026-04-24 07:00:00,2026,4,24,7,0,4,Friday,0,0.5953792809220512,0.0809174120349424,114,0.9659258262890684,-0.2588190451025206,0.8660254037844387,-0.4999999999999998,25678.0,27222.0,25705.0,23199.416666666668,23281.64583333333,23315.65773809524,0,2325,28732,0.0809174120349424,6814.0,8090.0,0.2897460692668601,0.0,-0.0188746821388918,0,0,0.6580493668566625,0.3265575045364209,1,MODERATE,0.7167654966454358,0.6580493668566625,97.06,0.2441401587498555,1.08,1.1107487268393108,1.1467530535672783,High
2026-04-24,16,28277,29638,25409,616,6606,2926,22126,0,4,1002,992,816,-353,0,997,demanddata_2026.csv,1397.0,997.0,1426.0,-504.0,-707.0,2026-04-24 07:30:00,2026,4,24,7,30,4,Friday,0,0.6114054846446051,0.1232728917968885,114,0.9659258262890684,-0.2588190451025206,0.8660254037844387,-0.4999999999999998,27920.0,28357.0,26598.0,23605.33333333333,23279.979166666668,23320.654761904763,0,3542,28732,0.1232728917968885,6770.0,8484.0,0.3000212179079143,0.0,-0.0250017681589928,0,0,0.6409238387068276,0.3342694202021947,1,HIGH,0.7279838392512235,0.6409238387068276,80.82,0.1147059969169725,1.08,1.110033589771373,1.142891520341497,Moderate
2026-04-24,17,27557,29027,24551,569,6606,4480,22126,0,6,1002,992,1003,-450,0,970,demanddata_2026.csv,1397.0,997.0,1427.0,-514.0,-1085.0,2026-04-24 08:00:00,2026,4,24,8,0,4,Friday,0,0.599461513992014,0.17572129607072,114,0.8660254037844387,-0.4999999999999998,0.8660254037844387,-0.4999999999999998,28277.0,27899.0,27994.0,23985.0,23272.854166666668,23319.354166666668,0,5049,28732,0.17572129607072,6824.0,8752.0,0.3175847303868205,0.0,-0.039371507366282,0,0,0.6118028700667334,0.318715976842651,1,MODERATE,0.7196230597944098,0.6118028700667334,79.77,0.0834816944314552,1.08,1.110911257991115,1.136325206766419,Moderate
2026-04-24,18,26267,27738,23245,522,6606,6208,22126,0,5,1002,992,1017,-452,0,969,demanddata_2026.csv,1397.0,998.0,1427.0,-514.0,-1255.0,2026-04-24 08:30:00,2026,4,24,8,30,4,Friday,0,0.5558334867593723,0.2342254550516827,114,0.8660254037844387,-0.4999999999999998,0.8660254037844387,-0.4999999999999998,27557.0,26632.0,27863.0,24298.166666666668,23265.25,23314.604166666668,0,6730,28732,0.2342254550516827,6836.0,8768.0,0.3337901629358916,0.0,-0.0477767626008832,0,0,0.5719994485618751,0.2908493908234684,1,MODERATE,0.6890834407315606,0.5719994485618751,81.27,0.1919309816431868,1.08,1.11110629537328,1.1273501705925846,Moderate
2026-04-24,19,25194,26675,22163,485,6606,7959,22126,0,15,1002,992,1057,-452,0,1015,demanddata_2026.csv,1397.0,998.0,1427.0,-514.0,-1246.0,2026-04-24 09:00:00,2026,4,24,9,0,4,Friday,0,0.5059402677835664,0.293878119235722,114,0.7071067811865476,-0.7071067811865475,0.8660254037844387,-0.4999999999999998,26267.0,25418.0,27787.0,24554.08333333333,23260.58333333333,23306.886904761905,0,8444,28732,0.293878119235722,6922.0,8854.0,0.3514189323278428,0.0,-0.0494542567969835,0,0,0.5306078365115978,0.267670439816815,1,MODERATE,0.6541581874484964,0.5306078365115978,80.94,0.2305769751383536,1.08,1.112504063278795,1.1180170228027848,Moderate
2026-04-24,20,23202,24680,20282,448,6606,9605,22126,0,12,1002,992,1058,-452,0,1016,demanddata_2026.csv,1397.0,998.0,1427.0,-514.0,-1293.0,2026-04-24 09:30:00,2026,4,24,9,30,4,Friday,0,0.4932701329789262,0.3498764486826993,114,0.7071067811865476,-0.7071067811865475,0.8660254037844387,-0.4999999999999998,25194.0,24090.0,27145.0,24670.416666666668,23242.08333333333,23295.151785714286,0,10053,28732,0.3498764486826993,6924.0,8856.0,0.3816747834331767,0.0,-0.0557255527302504,0,0,0.4774881082507075,0.2246392465220772,1,MODERATE,0.6452890930852484,0.4774881082507075,72.83,0.3434291451060566,1.08,1.1125365695091558,1.1060393720214936,Low
2026-04-24,21,21461,22936,18693,438,6606,11298,22126,0,10,1002,992,1057,-451,0,1016,demanddata_2026.csv,1397.0,998.0,1426.0,-514.0,-1330.0,2026-04-24 10:00:00,2026,4,24,10,0,4,Friday,0,0.2433273061657408,0.408450214039606,114,0.4999999999999999,-0.8660254037844387,0.8660254037844387,-0.4999999999999998,23202.0,22360.0,26373.0,24642.5,23223.354166666668,23280.53273809524,0,11736,28732,0.408450214039606,6923.0,8853.0,0.4124965054514957,0.0,-0.0619699934768427,0,0,0.4180322861085589,0.1870301563985137,0,LOW,0.1703291143160186,0.4180322861085589,61.19,0.1530058908041886,0.95,1.1125203163939754,1.0926330332120098,Very Low
2026-04-24,22,20141,21619,17499,428,6606,12722,22126,0,13,1002,992,1058,-451,0,1016,demanddata_2026.csv,1397.0,997.0,1427.0,-514.0,-1372.0,2026-04-24 10:30:00,2026,4,24,10,30,4,Friday,0,0.2227607284226626,0.4576619218320398,114,0.4999999999999999,-0.8660254037844387,0.8660254037844387,-0.4999999999999998,21461.0,20728.0,25590.0,24516.58333333333,23211.125,23264.31547619048,0,13150,28732,0.4576619218320398,6924.0,8854.0,0.4395789891768444,0.0,-0.0681163737464005,0,0,0.3637289662309206,0.1585155102393502,0,LOW,0.1559325098958638,0.3637289662309206,62.13,0.0052804709030191,0.95,1.1125365695091558,1.0803885014146215,Very Low
2026-04-24,23,19007,20567,16406,432,6606,13744,22126,0,183,1001,992,1060,-404,0,1016,demanddata_2026.csv,1397.0,997.0,1424.0,-473.0,-1410.0,2026-04-24 11:00:00,2026,4,24,11,0,4,Friday,0,0.1780838318810369,0.4933699926913305,114,0.258819045102521,-0.9659258262890682,0.8660254037844387,-0.4999999999999998,20141.0,19258.0,24992.0,24273.75,23205.89583333333,23246.50297619048,0,14176,28732,0.4933699926913305,7010.0,8764.0,0.4610690235690236,0.0,-0.0741792929292929,0,0,0.3158069458631256,0.1340188369480688,0,LOW,0.1246586823167258,0.3158069458631256,55.13,0.0405963800076838,0.95,1.113934337414671,1.069582850793062,Very Low
2026-04-24,24,17825,19738,15289,436,6606,14448,22126,0,608,1001,992,1060,-293,0,1016,demanddata_2026.csv,1397.0,997.0,1416.0,-512.0,-1311.0,2026-04-24 11:30:00,2026,4,24,11,30,4,Friday,0,0.1941140584659052,0.5180106497755195,114,0.258819045102521,-0.9659258262890682,0.8660254037844387,-0.4999999999999998,19007.0,18628.0,24919.0,23891.58333333333,23189.166666666668,23225.38988095238,0,14884,28732,0.5180106497755195,7074.0,8684.0,0.4871535958711994,0.0,-0.073544261191518,0,0,0.2704389918316176,0.1084852674328177,0,LOW,0.1358798409261336,0.2704389918316176,63.68,0.2608602931916653,0.95,1.1149745367862174,1.0593531013601918,Low
2026-04-24,25,17706,19926,15241,441,6606,15068,22126,0,857,1002,991,1060,-349,0,1016,demanddata_2026.csv,1397.0,996.0,1158.0,-514.0,-1265.0,2026-04-24 12:00:00,2026,4,24,12,0,4,Friday,0,0.1392738923621389,0.5397626422580308,114,1.2246467991473532e-16,-1.0,0.8660254037844387,-0.4999999999999998,17825.0,18064.0,24620.0,23352.916666666668,23181.70833333333,23204.8125,0,15509,28732,0.5397626422580308,6757.0,8483.0,0.4790760716100977,0.0,-0.0714406731800982,0,0,0.2477653201116203,0.1059146288775598,0,LOW,0.0974917246534972,0.2477653201116203,54.3,0.2187238482750574,0.95,1.1098222992740274,1.054240550323448,Very Low
2026-04-24,26,17283,19705,14840,446,6606,15357,22126,0,960,1002,991,1059,-448,0,1016,demanddata_2026.csv,1397.0,996.0,1140.0,-514.0,-1190.0,2026-04-24 12:30:00,2026,4,24,12,30,4,Friday,0,0.142234846425336,0.5499947795218042,114,1.2246467991473532e-16,-1.0,0.8660254037844387,-0.4999999999999998,17706.0,17637.0,24582.0,22653.33333333333,23174.33333333333,23183.089285714286,0,15803,28732,0.5499947795218042,6639.0,8563.0,0.495429298773432,0.0,-0.0688498032862763,0,0,0.2296658542984139,0.0967769809038278,0,LOW,0.0995643924977352,0.2296658542984139,58.13,0.0406230445707634,0.95,1.107904431682739,1.0501594097013842,Very Low
2026-04-24,27,16894,19468,14480,469,6606,15319,22126,0,1108,1001,992,1060,-452,0,1016,demanddata_2026.csv,1397.0,996.0,1136.0,-514.0,-1331.0,2026-04-24 13:00:00,2026,4,24,13,0,4,Friday,0,0.1632008298986455,0.5494727317022239,114,-0.2588190451025208,-0.9659258262890684,0.8660254037844387,-0.4999999999999998,17283.0,17088.0,24267.0,21734.5,23170.291666666668,23161.14583333333,0,15788,28732,0.5494727317022239,6632.0,8564.0,0.5068955312222551,0.0,-0.0787807043503995,0,0,0.2199024279112987,0.088373801088741,0,LOW,0.1142405809290518,0.2199024279112987,59.45,0.0783995400384971,0.95,1.1077906598764764,1.0479579129030694,Very Low
2026-04-24,28,16470,19013,14126,491,6606,15059,22126,0,1105,1001,992,1060,-424,0,1016,demanddata_2026.csv,1397.0,996.0,1135.0,-514.0,-1390.0,2026-04-24 13:30:00,2026,4,24,13,30,4,Friday,0,0.1590288920492847,0.5411895729648836,114,-0.2588190451025208,-0.9659258262890684,0.8660254037844387,-0.4999999999999998,16894.0,16754.0,24351.0,20750.58333333333,23164.375,23137.69047619048,0,15550,28732,0.5411895729648836,6659.0,8535.0,0.518183473984579,0.0,-0.0843907473741727,0,0,0.2152046441905923,0.079214551110343,0,LOW,0.1113202244344992,0.2152046441905923,59.3,0.3024694116323527,0.95,1.1082294939863473,1.0468986376640037,Very Low
2026-04-24,29,16058,18569,13610,500,6606,14536,22126,0,1113,1002,992,1060,-384,0,997,demanddata_2026.csv,1397.0,996.0,1135.0,-514.0,-1661.0,2026-04-24 14:00:00,2026,4,24,14,0,4,Friday,0,0.1740300965760212,0.5233007343472662,114,-0.4999999999999997,-0.8660254037844388,0.8660254037844387,-0.4999999999999998,16470.0,16688.0,23793.0,19792.33333333333,23151.25,23114.66964285714,0,15036,28732,0.5233007343472662,6681.0,8477.0,0.5278659941465844,0.0,-0.1034310978267638,0,0,0.2189427048288069,0.0703145251879374,0,LOW,0.1218210676032148,0.2189427048288069,55.66,0.3613629025811049,0.95,1.1085870625203165,1.04774151066787,Very Low
2026-04-24,30,16113,18325,13697,509,6606,13791,22126,0,862,1001,992,1059,-336,0,996,demanddata_2026.csv,1397.0,996.0,1138.0,-514.0,-1606.0,2026-04-24 14:30:00,2026,4,24,14,30,4,Friday,0,0.1869251175886244,0.4976855879998608,114,-0.4999999999999997,-0.8660254037844388,0.8660254037844387,-0.4999999999999998,16058.0,16652.0,23719.0,18946.166666666668,23140.02083333333,23092.03273809524,0,14300,28732,0.4976855879998608,6729.0,8429.0,0.523085515700633,0.0,-0.0996648876753134,0,0,0.2427009764965033,0.0715026354445692,0,LOW,0.1308475823120371,0.2427009764965033,52.99,0.1603134675377618,0.95,1.109367212048976,1.0530986216795284,Very Low
2026-04-24,31,16199,18398,13826,508,6606,12808,22126,0,838,1002,992,1056,-347,0,902,demanddata_2026.csv,1397.0,996.0,1228.0,-514.0,-1416.0,2026-04-24 15:00:00,2026,4,24,15,0,4,Friday,0,0.1751935462238203,0.4634392510353948,114,-0.7071067811865471,-0.7071067811865479,0.8660254037844387,-0.4999999999999998,16113.0,16945.0,23160.0,18196.58333333333,23124.479166666668,23071.31547619048,0,13316,28732,0.4634392510353948,6712.0,8434.0,0.5206172839506172,0.0,-0.0874074074074074,0,0,0.2753697946175045,0.073360407845848,0,LOW,0.1226354823566742,0.2753697946175045,53.92,0.0751814832798843,0.95,1.1090909090909091,1.0604649186788102,Very Low
2026-04-24,32,17339,19332,15016,507,6606,11607,22126,0,731,1002,992,1057,-248,0,899,demanddata_2026.csv,1397.0,997.0,1239.0,-514.0,-938.0,2026-04-24 15:30:00,2026,4,24,15,30,4,Friday,0,0.2163346577742917,0.4216058190930289,114,-0.7071067811865471,-0.7071067811865479,0.8660254037844387,-0.4999999999999998,16199.0,17899.0,23470.0,17708.0,23112.8125,23053.06845238096,0,12114,28732,0.4216058190930289,6821.0,8345.0,0.4812572087658593,0.0,-0.0540945790080738,0,0,0.3349646691427269,0.0979866931651257,0,LOW,0.1514342604420042,0.3349646691427269,54.58,0.1541370307016558,0.95,1.1108624986455735,1.0739026115810069,Very Low
2026-04-24,33,17831,19490,15435,504,6606,10195,22126,0,296,1002,992,1057,-349,0,993,demanddata_2026.csv,1397.0,997.0,1409.0,-514.0,-1181.0,2026-04-24 16:00:00,2026,4,24,16,0,4,Friday,0,0.2177082210073327,0.3723593081126231,114,-0.8660254037844385,-0.5000000000000004,0.8660254037844387,-0.4999999999999998,17339.0,19052.0,23528.0,17405.5,23087.375,23036.11309523809,0,10699,28732,0.3723593081126231,6984.0,8710.0,0.4884477344100493,0.0,-0.0662292507851054,1,0,0.3882139716183225,0.1086148794608139,0,LOW,0.1523957547051329,0.3882139716183225,82.99,0.3637263816021822,1.3,1.1135117564199806,1.0859094792793418,Moderate
2026-04-24,34,19951,21443,17526,500,6606,8678,22126,0,149,1001,992,1056,-329,0,996,demanddata_2026.csv,1397.0,996.0,1422.0,-514.0,-953.0,2026-04-24 16:30:00,2026,4,24,16,30,4,Friday,0,0.2804616452098216,0.3194236592071833,114,-0.8660254037844385,-0.5000000000000004,0.8660254037844387,-0.4999999999999998,17831.0,20861.0,24380.0,17389.666666666668,23068.416666666668,23022.93154761905,0,9178,28732,0.3194236592071833,7017.0,8703.0,0.4361968724939856,0.0,-0.0477646351242983,1,0,0.45851833625013,0.1544111293528039,0,LOW,0.1963231516468751,0.45851833625013,84.88,0.1797607422304522,1.3,1.114048109220934,1.1017619912467331,Moderate
2026-04-24,35,22048,23285,19497,489,6606,7074,22126,0,14,1001,992,1054,-260,0,996,demanddata_2026.csv,1397.0,996.0,1424.0,-463.0,-671.0,2026-04-24 17:00:00,2026,4,24,17,0,4,Friday,0,0.4501702381030915,0.2632165106323739,114,-0.9659258262890684,-0.2588190451025206,0.8660254037844387,-0.4999999999999998,19951.0,22660.0,25185.0,17643.083333333332,23055.666666666668,23013.59523809524,0,7563,28732,0.2632165106323739,7137.0,8583.0,0.3892693546192571,0.0,-0.0304322191482606,1,0,0.5182758514219805,0.1997105331374751,1,MODERATE,0.615119166672164,0.5182758514219805,92.07,0.363036895715874,1.3,1.115998483042583,1.1152363570185384,High
2026-04-24,36,23932,25326,21321,478,6606,5511,22126,0,15,1001,992,1032,-373,0,995,demanddata_2026.csv,1397.0,995.0,1424.0,-506.0,-745.0,2026-04-24 17:30:00,2026,4,24,17,30,4,Friday,0,0.5097414787279202,0.2084362927644172,114,-0.9659258262890684,-0.2588190451025206,0.8660254037844387,-0.4999999999999998,22048.0,24616.0,26204.0,18152.0,23041.416666666668,23006.83333333333,0,5989,28732,0.2084362927644172,6957.0,8715.0,0.364141561860193,0.0,-0.0311285672502402,1,0,0.5691986415576207,0.2404087099282813,1,MODERATE,0.6568190351095441,0.5691986415576207,96.17,0.1522412314685318,1.3,1.1130729223101097,1.1267186333219497,High
2026-04-24,37,25384,26723,22768,459,6606,4009,22126,0,12,1002,992,163,-387,0,705,demanddata_2026.csv,1397.0,996.0,1427.0,-440.0,-372.0,2026-04-24 18:00:00,2026,4,24,18,0,4,Friday,0,0.5684880237019895,0.1555006438589775,114,-1.0,-1.8369701987210287e-16,0.8660254037844387,-0.4999999999999998,23932.0,26702.0,26980.0,18791.83333333333,23013.95833333333,23002.08333333333,0,4468,28732,0.1555006438589775,5855.0,7509.0,0.2958046090210754,0.0,-0.0146543234193421,1,0,0.6000177080727208,0.2717748207033613,1,MODERATE,0.6979416165913925,0.6000177080727208,101.3,0.0150493043178171,1.3,1.095161989381298,1.1336678408613834,High
2026-04-24,38,26644,28112,24005,440,6606,2634,22126,0,10,1002,992,103,-452,0,692,demanddata_2026.csv,1397.0,997.0,1427.0,-506.0,-463.0,2026-04-24 18:30:00,2026,4,24,18,30,4,Friday,0,0.5955438833037792,0.106984999825984,114,-1.0,-1.8369701987210287e-16,0.8660254037844387,-0.4999999999999998,25384.0,27803.0,27245.0,19571.916666666668,22989.8125,23000.29464285714,0,3074,28732,0.106984999825984,5652.0,7568.0,0.2840307750046913,0.0,-0.0173766185025333,1,0,0.634379671925974,0.2989933465825629,1,MODERATE,0.7168807183126453,0.634379671925974,105.5,0.2738655019606944,1.3,1.0918626069996749,1.1414159151958796,High
2026-04-24,39,27823,29704,25273,442,6606,1362,22126,0,6,1003,992,-426,-452,0,330,demanddata_2026.csv,1397.0,998.0,1427.0,-497.0,-20.0,2026-04-24 19:00:00,2026,4,24,19,0,4,Friday,0,0.6125238159771154,0.0627849511015209,114,-0.9659258262890684,0.2588190451025203,0.8660254037844387,-0.4999999999999998,26644.0,29066.0,27558.0,20482.666666666668,22963.916666666668,23001.08333333333,0,1804,28732,0.0627849511015209,4772.0,7522.0,0.2703421506612996,0.0,-0.0007188039102932,1,0,0.6628934359142186,0.3244621100838157,1,HIGH,0.7287666711839806,0.6628934359142186,103.53,0.4371836977045328,1.3,1.0775598656409144,1.1478453138146747,High
2026-04-24,40,28516,30447,25977,444,6606,355,22126,0,4,1003,992,-462,-452,0,315,demanddata_2026.csv,1397.0,998.0,1424.0,-513.0,285.0,2026-04-24 19:30:00,2026,4,24,19,30,4,Friday,0,0.6070657369073942,0.0278077471896425,114,-0.9659258262890684,0.2588190451025203,0.8660254037844387,-0.4999999999999998,27823.0,29246.0,27955.0,21486.5,22948.70833333333,23002.75297619048,0,799,28732,0.0278077471896425,4702.0,7556.0,0.2649647578637304,0.0,0.009994038643616,1,0,0.6837448308094201,0.3394322993173767,1,HIGH,0.7249460158351759,0.6837448308094201,113.39,0.1601488360933867,1.3,1.0764221475782858,1.1525469705161342,High
2026-04-24,41,28270,29742,25740,478,6606,16,22126,0,6,1003,992,552,-452,0,445,demanddata_2026.csv,1397.0,998.0,1426.0,-514.0,-92.0,2026-04-24 20:00:00,2026,4,24,20,0,4,Friday,0,0.4495751824103642,0.017192774858177,114,-0.8660254037844386,0.5000000000000001,0.8660254037844387,-0.4999999999999998,28516.0,29312.0,28228.0,22504.166666666668,22927.0,23002.87797619048,0,494,28732,0.017192774858177,5847.0,7779.0,0.2751582894131796,0.0,-0.0032542181033567,1,0,0.6898070409660408,0.3341182061695325,0,MODERATE,0.3147026276872549,0.6898070409660408,105.34,0.1210958812669852,1.3,1.0950319644598547,1.1539139021363822,High
2026-04-24,42,28895,30369,26379,512,6606,0,22126,0,8,1003,992,652,-452,0,455,demanddata_2026.csv,1397.0,998.0,1425.0,-514.0,-120.0,2026-04-24 20:30:00,2026,4,24,20,30,4,Friday,0,0.4559927011434074,0.0178192322416733,114,-0.8660254037844386,0.5000000000000001,0.8660254037844387,-0.4999999999999998,28270.0,29510.0,28227.0,23569.33333333333,22914.1875,23004.86607142857,0,512,28732,0.0178192322416733,5956.0,7888.0,0.2729789590254706,0.0,-0.0041528239202657,1,0,0.6924214889345729,0.3476194590858031,0,MODERATE,0.3191948908003851,0.6924214889345729,114.39,0.2297681715970284,1.3,1.0968035540145191,1.1545034184192806,High
2026-04-24,43,28713,30189,26093,509,6606,0,22126,0,10,1002,992,1044,-452,0,973,demanddata_2026.csv,1397.0,998.0,1425.0,-514.0,-481.0,2026-04-24 21:00:00,2026,4,24,21,0,4,Friday,0,0.4219723650992654,0.0177148226777572,114,-0.7071067811865477,0.7071067811865474,0.8660254037844387,-0.4999999999999998,28895.0,29237.0,28571.0,24612.166666666668,22903.27083333333,23005.28869047619,0,509,28732,0.0177148226777572,6865.0,8797.0,0.3063662324998258,0.0,-0.0167514104617956,0,0,0.698171108653941,0.3436878942365851,0,MODERATE,0.2953806555694858,0.698171108653941,88.0,0.2580892430426627,1.0,1.1115776357135116,1.1557998658857584,High
2026-04-24,44,27752,29228,25076,506,6606,0,22126,0,10,1002,992,1062,-452,0,997,demanddata_2026.csv,1397.0,998.0,1425.0,-514.0,-856.0,2026-04-24 21:30:00,2026,4,24,21,30,4,Friday,0,0.4196358415988855,0.0176104131138412,114,-0.7071067811865477,0.7071067811865474,0.8660254037844387,-0.4999999999999998,28713.0,28103.0,27355.0,25479.916666666668,22895.95833333333,23006.47023809524,0,506,28732,0.0176104131138412,6907.0,8839.0,0.3184880913775087,0.0,-0.0308435124130724,0,0,0.6954641183363204,0.3229283677525274,0,MODERATE,0.2937450891192198,0.6954641183363204,78.75,0.0247871886960096,1.0,1.112260266551089,1.155189482780379,Moderate
2026-04-24,45,26886,28362,24340,498,6606,0,22126,0,10,1002,992,1057,-452,0,997,demanddata_2026.csv,1397.0,998.0,1425.0,-514.0,-723.0,2026-04-24 22:00:00,2026,4,24,22,0,4,Friday,0,0.4021454797259157,0.017331987610065,114,-0.5000000000000004,0.8660254037844384,0.8660254037844387,-0.4999999999999998,27752.0,26980.0,25934.0,26234.5,22894.0,23009.30357142857,0,498,28732,0.017331987610065,6902.0,8834.0,0.3285602707628222,0.0,-0.0268903187413991,0,0,0.6929374680275363,0.3042210317117428,0,MODERATE,0.281501835808141,0.6929374680275363,87.23,0.012707206911095,1.0,1.1121790009751868,1.154619763468254,High
2026-04-24,46,25461,26945,23057,489,6606,0,22126,0,18,1002,992,1057,-452,0,998,demanddata_2026.csv,1397.0,998.0,1425.0,-514.0,-906.0,2026-04-24 22:30:00,2026,4,24,22,30,4,Friday,0,0.4068856814023815,0.0170187589183169,114,-0.5000000000000004,0.8660254037844384,0.8660254037844387,-0.4999999999999998,26886.0,25727.0,24851.0,26693.666666666668,22888.45833333333,23011.11904761905,0,489,28732,0.0170187589183169,6903.0,8835.0,0.3469876678972586,0.0,-0.0355824365721467,0,0,0.689047391480385,0.2734381750626458,0,MODERATE,0.284819976981667,0.689047391480385,85.83,0.2718639369390047,1.0,1.1121952540903672,1.1537426133035276,High
2026-04-24,47,24196,25674,21921,499,6606,0,22126,0,12,1002,992,918,-452,0,998,demanddata_2026.csv,1397.0,998.0,1425.0,-514.0,-914.0,2026-04-24 23:00:00,2026,4,24,23,0,4,Friday,0,0.3887106852307057,0.0173667907980371,114,-0.2588190451025215,0.965925826289068,0.8660254037844387,-0.4999999999999998,25461.0,24969.0,23412.0,26872.666666666668,22872.354166666668,23013.45238095238,0,499,28732,0.0173667907980371,6764.0,8696.0,0.3593833946356986,0.0,-0.0377732776790511,0,0,0.6843961317608214,0.246111639160114,0,MODERATE,0.272097479661494,0.6843961317608214,74.27,0.0875705482764151,1.0,1.1099360710802904,1.1526938284840649,Moderate
2026-04-24,48,23535,24952,21330,508,6606,0,22126,0,7,1002,992,913,-396,0,998,demanddata_2026.csv,1397.0,997.0,1425.0,-514.0,-799.0,2026-04-24 23:30:00,2026,4,24,23,30,4,Friday,0,0.3730710651178076,0.0176800194897852,114,-0.2588190451025215,0.965925826289068,0.8660254037844387,-0.4999999999999998,24196.0,24211.0,22523.0,26839.58333333333,22858.27083333333,23016.464285714286,0,508,28732,0.0176800194897852,6814.0,8634.0,0.3668422841604351,0.0,-0.0339479945615227,0,0,0.6820515699627389,0.2318327140758662,0,MODERATE,0.2611497455824653,0.6820515699627389,75.33,0.6827244037413756,1.0,1.1107487268393108,1.1521651672244535,Moderate
2026-04-25,1,23219,24609,21002,475,6606,0,22126,0,5,1002,992,997,-371,0,998,demanddata_2026.csv,1397.0,998.0,1426.0,-514.0,-746.0,2026-04-25 00:00:00,2026,4,25,0,0,5,Saturday,1,0.3871118102689252,0.0165315142867086,115,0.0,1.0,0.8660254037844387,-0.4999999999999998,23535.0,23497.0,22185.0,26659.166666666668,22852.479166666668,23019.541666666668,0,475,28732,0.0165315142867086,6925.0,8695.0,0.3744616709732988,0.0,-0.0321274763135228,0,1,0.6825350045771449,0.2250064806013998,0,MODERATE,0.2709782671882477,0.6825350045771449,65.08,0.4385574772964318,0.82,1.1125528226243364,1.1522741740130145,Low
2026-04-25,2,22904,24294,20690,441,6606,0,22126,0,5,1002,992,1000,-371,0,998,demanddata_2026.csv,1397.0,997.0,1426.0,-514.0,-681.0,2026-04-25 00:30:00,2026,4,25,0,30,5,Saturday,1,0.339060893655365,0.01534820589566,115,0.0,1.0,0.8660254037844387,-0.4999999999999998,23219.0,23001.0,21956.0,26347.5,22850.45833333333,23022.36309523809,0,441,28732,0.01534820589566,6927.0,8697.0,0.3796987557301899,0.0,-0.0297314996725605,0,1,0.6825848609776516,0.2182018491315994,0,MODERATE,0.2373426255587555,0.6825848609776516,66.94,0.0633017011789233,0.82,1.1125853288546972,1.1522854158354792,Low
2026-04-25,3,22502,23892,20316,427,6606,0,22126,0,5,1002,992,1003,-371,0,998,demanddata_2026.csv,1397.0,998.0,1426.0,-514.0,-637.0,2026-04-25 01:00:00,2026,4,25,1,0,5,Saturday,1,0.3500802967017429,0.0148609612640517,115,0.2588190451025207,0.9659258262890684,0.8660254037844387,-0.4999999999999998,22904.0,23476.0,22055.0,25904.08333333333,22830.166666666668,23023.69345238096,0,427,28732,0.0148609612640517,6931.0,8701.0,0.3866595565035773,0.0,-0.0283073367995378,0,1,0.6820753690582333,0.2095178432558541,0,MODERATE,0.24505620769122,0.6820753690582333,60.57,0.0630162604797328,0.82,1.1126503413154187,1.1521705335405867,Very Low
2026-04-25,4,22580,23970,20452,413,6606,0,22126,0,5,1002,992,1003,-371,0,998,demanddata_2026.csv,1397.0,998.0,1425.0,-514.0,-443.0,2026-04-25 01:30:00,2026,4,25,1,30,5,Saturday,1,0.3376496264647655,0.0143737166324435,115,0.2588190451025207,0.9659258262890684,0.8660254037844387,-0.4999999999999998,22502.0,23406.0,22276.0,25409.416666666668,22812.95833333333,23024.59821428572,0,413,28732,0.0143737166324435,6930.0,8700.0,0.3852796598910588,0.0,-0.0196182631415792,0,1,0.6825381231990028,0.2112027996198047,0,MODERATE,0.2363547385253358,0.6825381231990028,73.99,0.1658850663504419,0.82,1.1126340882002383,1.1522748772124614,Moderate
2026-04-25,5,22307,23697,20248,441,6606,0,22126,0,5,1002,992,1004,-371,0,998,demanddata_2026.csv,1397.0,998.0,1422.0,-514.0,-258.0,2026-04-25 02:00:00,2026,4,25,2,0,5,Saturday,1,0.3663429399931517,0.01534820589566,115,0.4999999999999999,0.8660254037844387,0.8660254037844387,-0.4999999999999998,22580.0,23001.0,21599.0,24912.5,22798.5,23026.70535714286,0,441,28732,0.01534820589566,6928.0,8698.0,0.3899049668280437,0.0,-0.0115653577192038,0,1,0.6813378138576511,0.2053054523459777,0,MODERATE,0.2564400579952062,0.6813378138576511,71.49,0.2139458107283243,0.82,1.1126015819698776,1.1520042266163284,Low
2026-04-25,6,21790,23180,19740,468,6606,0,22126,0,5,1002,992,1003,-371,0,998,demanddata_2026.csv,1397.0,998.0,1422.0,-514.0,-312.0,2026-04-25 02:30:00,2026,4,25,2,30,5,Saturday,1,0.345862321318363,0.0162878919709045,115,0.4999999999999999,0.8660254037844387,0.8660254037844387,-0.4999999999999998,22307.0,22509.0,20882.0,24320.416666666668,22783.52083333333,23029.40773809524,0,468,28732,0.0162878919709045,6927.0,8697.0,0.3991097241980634,0.0,-0.0143178376393924,0,1,0.6797001904086334,0.1941372159336386,0,MODERATE,0.2421036249228541,0.6797001904086334,66.35,0.0130474840880841,0.82,1.1125853288546972,1.1516349686696905,Low
2026-04-25,7,21609,22999,19628,460,6606,0,22126,0,5,1002,992,913,-371,0,998,demanddata_2026.csv,1397.0,998.0,1422.0,-514.0,-187.0,2026-04-25 03:00:00,2026,4,25,3,0,5,Saturday,1,0.339409315542359,0.0160094664671283,115,0.7071067811865476,0.7071067811865476,0.8660254037844387,-0.4999999999999998,21790.0,22123.0,20669.0,23728.416666666668,22772.8125,23032.20535714286,0,460,28732,0.0160094664671283,6837.0,8607.0,0.3982878297084683,0.0,-0.0086534012031466,0,1,0.6787121250941299,0.1902272530890866,0,MODERATE,0.2375865208796512,0.6787121250941299,63.36,0.3360389970927098,0.82,1.1111225484884604,1.1514121757135949,Low
2026-04-25,8,21239,22629,19282,452,6606,0,22126,0,5,1003,992,909,-371,0,998,demanddata_2026.csv,1397.0,998.0,1422.0,-514.0,-284.0,2026-04-25 03:30:00,2026,4,25,3,30,5,Saturday,1,0.3222662722610253,0.0157310409633522,115,0.7071067811865476,0.7071067811865476,0.8660254037844387,-0.4999999999999998,21609.0,21806.0,19917.0,23185.666666666668,22761.0,23036.13988095238,0,452,28732,0.0157310409633522,6834.0,8604.0,0.4050847457627118,0.0,-0.0133709981167608,0,1,0.6781961280021374,0.1822345113626544,0,MODERATE,0.2255863905827177,0.6781961280021374,59.76,0.230697734111577,0.82,1.111073789142919,1.151295826606128,Very Low
2026-04-25,9,20852,22242,18884,428,6606,0,22126,0,5,1002,992,634,-371,0,998,demanddata_2026.csv,1397.0,998.0,1422.0,-514.0,-337.0,2026-04-25 04:00:00,2026,4,25,4,0,5,Saturday,1,0.3382351909149125,0.0148957644520238,115,0.8660254037844386,0.5000000000000001,0.8660254037844387,-0.4999999999999998,21239.0,21796.0,19577.0,22682.83333333333,22741.33333333333,23039.934523809523,0,428,28732,0.0148957644520238,6558.0,8328.0,0.3993669975543087,0.0,-0.0161607442574209,0,1,0.6754659673286827,0.1738745355568997,0,MODERATE,0.2367646336404387,0.6754659673286827,65.6,0.4604111922016142,0.82,1.106587929353126,1.1506802189553724,Low
2026-04-25,10,20755,22145,18810,403,6606,0,22126,0,5,1002,992,617,-371,0,998,demanddata_2026.csv,1397.0,998.0,1422.0,-514.0,-500.0,2026-04-25 04:30:00,2026,4,25,4,30,5,Saturday,1,0.3477771806849102,0.0140256847527233,115,0.8660254037844386,0.5000000000000001,0.8660254037844387,-0.4999999999999998,20852.0,21652.0,19390.0,22290.666666666668,22722.64583333333,23043.997023809523,0,403,28732,0.0140256847527233,6541.0,8311.0,0.4004143380227404,0.0,-0.0240894199267681,0,1,0.6757372924543367,0.1717791411042944,0,MODERATE,0.2434440264794371,0.6757372924543367,66.12,0.0713049809028413,0.82,1.106311626395059,1.1507413984400887,Low
2026-04-25,11,20762,22152,18845,380,6606,0,22126,0,5,1003,992,137,-371,0,774,demanddata_2026.csv,1397.0,997.0,1422.0,-514.0,-258.0,2026-04-25 05:00:00,2026,4,25,5,0,5,Saturday,1,0.3489669472488857,0.0132252114293669,115,0.9659258262890684,0.2588190451025207,0.8660254037844387,-0.4999999999999998,20755.0,21921.0,19380.0,22004.5,22698.5,23048.11011904762,0,380,28732,0.0132252114293669,5837.0,7607.0,0.3663728748254106,0.0,-0.0124259500072243,0,1,0.6695216780292125,0.1719303551369567,0,MODERATE,0.2442768630742199,0.6695216780292125,58.48,0.0704511176120379,0.82,1.0948694333080506,1.1493398766060603,Very Low
2026-04-25,12,20633,22042,18693,356,6606,1,22126,0,5,1003,992,121,-390,0,765,demanddata_2026.csv,1397.0,998.0,1422.0,-514.0,-291.0,2026-04-25 05:30:00,2026,4,25,5,30,5,Saturday,1,0.3436041845644424,0.0124247381060105,115,0.9659258262890684,0.2588190451025207,0.8660254037844387,-0.4999999999999998,20762.0,22411.0,19347.0,21762.666666666668,22661.45833333333,23051.9375,0,357,28732,0.0124247381060105,5794.0,7602.0,0.3684210526315789,0.0,-0.0141029369002617,0,1,0.6697765697761363,0.1691436965350384,0,MODERATE,0.2405229291951097,0.6697765697761363,58.5,0.282661934227355,0.82,1.0941705493552931,1.1493973506261963,Very Low
2026-04-25,13,21269,22806,19245,338,6606,198,22126,0,72,1002,992,600,-451,0,989,demanddata_2026.csv,1397.0,997.0,1422.0,-514.0,-410.0,2026-04-25 06:00:00,2026,4,25,6,0,5,Saturday,1,0.3585652351353027,0.0186545087530017,115,1.0,6.123233995736766e-17,0.8660254037844387,-0.4999999999999998,20633.0,24170.0,20237.0,21600.166666666668,22601.02083333333,23055.008928571428,0,536,28732,0.0186545087530017,6434.0,8364.0,0.3932299012693935,0.0,-0.0192759755524212,0,0,0.6740178490224348,0.1828825715026354,0,MODERATE,0.2509956645947119,0.6740178490224348,90.77,0.4239968901227812,1.08,1.1045725430707551,1.1503536913933894,High
2026-04-25,14,21418,23049,19347,320,6606,920,22126,0,166,1002,992,629,-451,0,997,demanddata_2026.csv,1397.0,997.0,1425.0,-514.0,-525.0,2026-04-25 06:30:00,2026,4,25,6,30,5,Saturday,1,0.3457622375814059,0.0431559530853026,115,1.0,6.123233995736766e-17,0.8660254037844387,-0.4999999999999998,21269.0,25678.0,20704.0,21476.33333333333,22512.27083333333,23057.133928571428,0,1240,28732,0.0431559530853026,6474.0,8404.0,0.3923619216583407,0.0,-0.0245109482235398,0,0,0.6582542927790902,0.1861012701978743,0,MODERATE,0.2420335663069841,0.6582542927790902,83.7,0.1381622612539962,1.08,1.1052226676779715,1.146799261091587,Moderate
2026-04-25,15,22163,23668,20006,308,6606,2052,22126,0,40,1002,992,770,-451,0,997,demanddata_2026.csv,1397.0,998.0,1425.0,-514.0,-147.0,2026-04-25 07:00:00,2026,4,25,7,0,5,Saturday,1,0.5227372210916896,0.082135523613963,115,0.9659258262890684,-0.2588190451025206,0.8660254037844387,-0.4999999999999998,21418.0,27920.0,21487.0,21448.08333333333,22392.33333333333,23059.14583333333,0,2360,28732,0.082135523613963,6616.0,8546.0,0.3855802201768634,0.0,-0.0066323768272874,0,0,0.6363867095496712,0.2021947636740689,1,MODERATE,0.6659160547641827,0.6363867095496712,86.74,0.0721622085191551,1.08,1.1075306100335898,1.1418684701420097,High
2026-04-25,16,22085,23565,19837,295,6606,3340,22126,0,14,1002,992,775,-452,0,997,demanddata_2026.csv,1397.0,997.0,1422.0,-514.0,-161.0,2026-04-25 07:30:00,2026,4,25,7,30,5,Saturday,1,0.4892733547342612,0.1265095882782863,115,0.9659258262890684,-0.2588190451025206,0.8660254037844387,-0.4999999999999998,22163.0,28277.0,21383.0,21406.83333333333,22263.33333333333,23061.23511904762,0,3635,28732,0.1265095882782863,6616.0,8548.0,0.387032509281898,0.0,-0.0072896857737933,0,0,0.6072287392904371,0.2005098073101184,1,MODERATE,0.6424913483139829,0.6072287392904371,77.52,0.299982954549476,1.08,1.1075306100335898,1.1352938132924657,Moderate
2026-04-25,17,22105,23585,19741,287,6606,4525,22126,0,14,1002,992,994,-452,0,997,demanddata_2026.csv,1397.0,997.0,1422.0,-514.0,-370.0,2026-04-25 08:00:00,2026,4,25,8,0,5,Saturday,1,0.4901437373508189,0.1674729405213517,115,0.8660254037844387,-0.4999999999999998,0.8660254037844387,-0.4999999999999998,22085.0,27557.0,21568.0,21390.0,22149.75,23062.83333333333,0,4812,28732,0.1674729405213517,6835.0,8767.0,0.3965891613136705,0.0,-0.0167375373201845,0,0,0.582694319893966,0.200941847403439,1,MODERATE,0.6431006161455732,0.582694319893966,85.97,0.169020433635041,1.08,1.1110900422580994,1.129761693357488,High
2026-04-25,18,21423,22903,19001,279,6606,6295,22126,0,14,1002,992,1003,-452,0,997,demanddata_2026.csv,1397.0,998.0,1424.0,-514.0,-99.0,2026-04-25 08:30:00,2026,4,25,8,30,5,Saturday,1,0.4807060638226942,0.2287961577280479,115,0.8660254037844387,-0.4999999999999998,0.8660254037844387,-0.4999999999999998,22105.0,26267.0,20746.0,21359.416666666668,22048.83333333333,23064.84821428572,0,6574,28732,0.2287961577280479,6847.0,8779.0,0.4097740851381628,0.0,-0.0046209858103061,0,0,0.5372823063406003,0.1862092802212045,1,MODERATE,0.6364942446758859,0.5372823063406003,73.59,0.025633572816417,1.08,1.1112850796402645,1.1195220092057538,Low
2026-04-25,19,20187,21667,17699,274,6606,7631,22126,0,14,1002,992,1003,-452,0,1015,demanddata_2026.csv,1397.0,998.0,1425.0,-514.0,-240.0,2026-04-25 09:00:00,2026,4,25,9,0,5,Saturday,1,0.4689197839615181,0.2751192009188041,115,0.7071067811865476,-0.7071067811865475,0.8660254037844387,-0.4999999999999998,21423.0,25194.0,20299.0,21240.916666666668,21944.52083333333,23064.51488095238,0,7905,28732,0.2751192009188041,6866.0,8798.0,0.4358034475926293,0.0,-0.0118882504458093,0,0,0.4938550821814674,0.1595092024539877,1,MODERATE,0.6282438487730626,0.4938550821814674,73.99,0.126375295246639,1.08,1.1115938888286925,1.1097298633795505,Moderate
2026-04-25,20,19276,20756,16775,268,6606,8683,22126,0,14,1002,992,1003,-452,0,1016,demanddata_2026.csv,1397.0,998.0,1423.0,-514.0,-400.0,2026-04-25 09:30:00,2026,4,25,9,30,5,Saturday,1,0.4298500424264772,0.3115233355375352,115,0.7071067811865476,-0.7071067811865475,0.8660254037844387,-0.4999999999999998,20187.0,23202.0,19473.0,21077.33333333333,21862.729166666668,23063.92857142857,0,8951,28732,0.3115233355375352,6865.0,8797.0,0.4563469419515484,0.0,-0.0207501167194065,0,0,0.4569558586491768,0.1398297762032316,1,MODERATE,0.600895029698534,0.4569558586491768,74.31,0.0397996942488223,1.08,1.1115776357135116,1.1014096774892927,Moderate
2026-04-25,21,18279,19759,15779,274,6606,10001,22126,0,14,1002,992,1003,-452,0,1016,demanddata_2026.csv,1397.0,998.0,1423.0,-514.0,-579.0,2026-04-25 10:00:00,2026,4,25,10,0,5,Saturday,1,0.2104463860159107,0.3576027564124874,115,0.4999999999999999,-0.8660254037844387,0.8660254037844387,-0.4999999999999998,19276.0,21461.0,18784.0,20862.916666666668,21796.4375,23062.42559523809,0,10275,28732,0.3576027564124874,6865.0,8797.0,0.4812363238512035,0.0,-0.0316739606126914,0,0,0.4079954894443163,0.1182925775511967,0,LOW,0.1473124702111374,0.4079954894443163,65.11,0.0492984409490086,0.95,1.1115776357135116,1.0903698957799677,Low
2026-04-25,22,17139,18656,14649,279,6606,11308,22126,0,51,1003,992,1003,-452,0,1016,demanddata_2026.csv,1397.0,998.0,1409.0,-514.0,-557.0,2026-04-25 10:30:00,2026,4,25,10,30,5,Saturday,1,0.1982951936040609,0.4032645390317753,115,0.4999999999999999,-0.8660254037844387,0.8660254037844387,-0.4999999999999998,18279.0,20141.0,18433.0,20561.58333333333,21733.89583333333,23058.574404761905,0,11587,28732,0.4032645390317753,6852.0,8784.0,0.5124854142357059,0.0,-0.0324970828471411,0,0,0.3514924698202825,0.0936662922319191,0,LOW,0.1388066355228426,0.3514924698202825,61.17,0.376584464357343,0.95,1.1113663452161664,1.0776293668032149,Very Low
2026-04-25,23,16335,18209,13937,281,6606,12348,22126,0,408,1003,992,1003,-452,0,1016,demanddata_2026.csv,1397.0,997.0,889.0,-514.0,-446.0,2026-04-25 11:00:00,2026,4,25,11,0,5,Saturday,1,0.1983118067852283,0.4395294608986183,115,0.258819045102521,-0.9659258262890682,0.8660254037844387,-0.4999999999999998,17139.0,19007.0,17649.0,20192.666666666668,21678.229166666668,23054.66369047619,0,12629,28732,0.4395294608986183,6331.0,8263.0,0.5058153770812929,0.0,-0.0273016650342801,0,0,0.2975485372030994,0.0762982804804285,0,LOW,0.1388182647496598,0.2975485372030994,61.83,0.1338728131127747,0.95,1.102898472207173,1.0654658710962193,Very Low
2026-04-25,24,15805,17846,13445,283,6606,13468,22126,0,575,1004,992,1004,-452,0,1016,demanddata_2026.csv,1397.0,997.0,852.0,-514.0,-516.0,2026-04-25 11:30:00,2026,4,25,11,30,5,Saturday,1,0.1586253678339358,0.4785786378032228,115,0.258819045102521,-0.9659258262890682,0.8660254037844387,-0.4999999999999998,16335.0,17825.0,17430.0,19790.33333333333,21636.14583333333,23049.82738095238,0,13751,28732,0.4785786378032228,6296.0,8228.0,0.520561811970138,0.0,-0.0326458306972035,0,0,0.2493531785519568,0.064849218007431,0,LOW,0.111037757483755,0.2493531785519568,59.36,0.1076379738986149,0.95,1.1023296131758586,1.054598587055019,Very Low
2026-04-25,25,15385,17336,13077,282,6606,14060,22126,0,485,1004,992,1003,-452,0,1016,demanddata_2026.csv,1397.0,997.0,852.0,-514.0,-592.0,2026-04-25 12:00:00,2026,4,25,12,0,5,Saturday,1,0.1908661158645094,0.4991473218946856,115,1.2246467991473532e-16,-1.0,0.8660254037844387,-0.4999999999999998,15805.0,17706.0,17528.0,19300.0,21587.791666666668,23043.449404761905,0,14342,28732,0.4991473218946856,6295.0,8227.0,0.5347068763811257,0.0,-0.0384765371116599,0,0,0.2189700546248252,0.0557763760476972,0,LOW,0.1336062811051566,0.2189700546248252,56.05,0.2951793496299035,0.95,1.1023133600606785,1.047747677610292,Very Low
2026-04-25,26,14903,17305,12662,281,6606,14288,22126,0,936,1004,992,1004,-452,0,1016,demanddata_2026.csv,1397.0,997.0,855.0,-514.0,-625.0,2026-04-25 12:30:00,2026,4,25,12,30,5,Saturday,1,0.125681233576229,0.5070476455643337,115,1.2246467991473532e-16,-1.0,0.8660254037844387,-0.4999999999999998,15385.0,17283.0,17502.0,18757.08333333333,21538.20833333333,23035.714285714286,0,14569,28732,0.5070476455643337,6299.0,8231.0,0.5522678475577026,0.0,-0.041935050993022,0,0,0.1973470298353122,0.0453642097986693,0,LOW,0.0879768635033603,0.1973470298353122,59.69,0.3791037069629486,0.95,1.1023783725214,1.0428720306850672,Very Low
2026-04-25,27,14474,17061,12301,305,6606,14590,22126,0,1122,1003,992,1003,-452,0,1016,demanddata_2026.csv,1397.0,997.0,941.0,-513.0,-773.0,2026-04-25 13:00:00,2026,4,25,13,0,5,Saturday,1,0.126177741707631,0.5183934848432117,115,-0.2588190451025208,-0.9659258262890684,0.8660254037844387,-0.4999999999999998,14903.0,16894.0,17266.0,18116.33333333333,21487.791666666668,23027.404761904763,0,14895,28732,0.5183934848432117,6384.0,8314.0,0.5743696027633851,0.0,-0.0534024179620034,0,0,0.1738432028165056,0.0360969497969411,0,LOW,0.0883244191953417,0.1738432028165056,53.23,0.2238141941557393,0.95,1.103759887311735,1.0375722928800752,Very Low
2026-04-25,28,14240,16819,12102,328,6606,14407,22126,0,1113,1004,992,1004,-452,0,1016,demanddata_2026.csv,1397.0,997.0,946.0,-514.0,-900.0,2026-04-25 13:30:00,2026,4,25,13,30,5,Saturday,1,0.1487117367528556,0.5128249747676887,115,-0.2588190451025208,-0.9659258262890684,0.8660254037844387,-0.4999999999999998,14474.0,16470.0,16835.0,17462.583333333332,21441.33333333333,23019.68154761905,0,14735,28732,0.5128249747676887,6390.0,8322.0,0.5843690752053928,0.0,-0.0631978091426163,0,0,0.1718186840473332,0.0310420807050894,0,LOW,0.1040982157269989,0.1718186840473332,55.22,0.1555858469480442,0.95,1.1038574060028172,1.037115796214689,Very Low
2026-04-25,29,13917,16498,11833,351,6606,14075,22126,0,1115,1004,992,1003,-452,0,997,demanddata_2026.csv,1397.0,997.0,860.0,-514.0,-824.0,2026-04-25 14:00:00,2026,4,25,14,0,5,Saturday,1,0.1122619490254893,0.502070789684335,115,-0.4999999999999997,-0.8660254037844388,0.8660254037844387,-0.4999999999999998,14240.0,16058.0,16777.0,16780.25,21396.729166666668,23011.16964285714,0,14426,28732,0.502070789684335,6284.0,8216.0,0.5903147003879868,0.0,-0.0592039086075585,0,0,0.1704626432900525,0.0240646331979607,0,LOW,0.0785833643178425,0.1704626432900525,57.18,0.1792376288783215,0.95,1.1021345757936938,1.0368100306701793,Very Low
2026-04-25,30,14262,16844,12160,373,6606,13334,22126,0,1116,1003,992,1003,-452,0,996,demanddata_2026.csv,1397.0,997.0,860.0,-514.0,-710.0,2026-04-25 14:30:00,2026,4,25,14,30,5,Saturday,1,0.1549503903932285,0.4770472975324539,115,-0.4999999999999997,-0.8660254037844388,0.8660254037844387,-0.4999999999999998,13917.0,16113.0,16650.0,16183.5,21358.166666666668,23004.0625,0,13707,28732,0.4770472975324539,6282.0,8214.0,0.5758956741218537,0.0,-0.0497791488466662,0,0,0.2070709648118496,0.0315173248077421,0,LOW,0.1084652732752599,0.2070709648118496,59.26,0.2116132661975926,0.95,1.102102069563333,1.0450646228006917,Very Low
2026-04-25,31,14246,16831,12121,423,6606,12349,22126,0,1119,1003,992,1003,-452,0,996,demanddata_2026.csv,1397.0,997.0,1118.0,-514.0,-952.0,2026-04-25 15:00:00,2026,4,25,15,0,5,Saturday,1,0.1422271279103983,0.4445063167786169,115,-0.7071067811865471,-0.7071067811865479,0.8660254037844387,-0.4999999999999998,14262.0,16199.0,16700.0,15688.416666666666,21317.479166666668,22996.758928571428,0,12772,28732,0.4445063167786169,6540.0,8472.0,0.5946515055801221,0.0,-0.0668210851407313,0,0,0.243015200576261,0.0311716927330856,0,LOW,0.0995589895372788,0.243015200576261,58.75,0.1364848191779633,0.95,1.1062953732798786,1.0531694741936062,Very Low
2026-04-25,32,15333,17713,13337,473,6606,11230,22126,0,914,1003,992,1004,-452,0,996,demanddata_2026.csv,1397.0,997.0,1145.0,-514.0,-492.0,2026-04-25 15:30:00,2026,4,25,15,30,5,Saturday,1,0.198287180674397,0.4073017088365294,115,-0.7071067811865471,-0.7071067811865479,0.8660254037844387,-0.4999999999999998,14246.0,17339.0,17348.0,15359.833333333334,21275.6875,22990.761904761905,0,11703,28732,0.4073017088365294,6568.0,8500.0,0.5543237250554324,0.0,-0.0320855614973262,0,0,0.3070995267437858,0.0546530718050635,0,LOW,0.1388010264720778,0.3070995267437858,62.1,0.0094520433846025,0.95,1.10675046050493,1.0676194667767591,Very Low
2026-04-25,33,16519,18894,14469,515,6606,9865,22126,0,909,1003,992,1003,-452,0,996,demanddata_2026.csv,1397.0,997.0,1404.0,-514.0,-680.0,2026-04-25 16:00:00,2026,4,25,16,0,5,Saturday,1,0.2152362256542759,0.3612570911495493,115,-0.8660254037844385,-0.5000000000000004,0.8660254037844387,-0.4999999999999998,15333.0,17831.0,18537.0,15213.166666666666,21248.354166666668,22984.75595238096,0,10380,28732,0.3612570911495493,6826.0,8758.0,0.5301452784503632,0.0,-0.0411622276029055,1,0,0.3757228743578389,0.0802730493389786,0,LOW,0.1506653579579931,0.3757228743578389,84.12,0.0636252577905096,1.3,1.1109437642214757,1.083092936240447,Moderate
2026-04-25,34,18237,20134,16092,556,6606,8399,22126,0,432,1003,992,1005,-452,0,996,demanddata_2026.csv,1397.0,998.0,1425.0,-513.0,-668.0,2026-04-25 16:30:00,2026,4,25,16,30,5,Saturday,1,0.2469619755589537,0.3116625482894233,115,-0.8660254037844385,-0.5000000000000004,0.8660254037844387,-0.4999999999999998,16519.0,19951.0,19892.0,15304.666666666666,21212.64583333333,22979.83035714286,0,8955,28732,0.3116625482894233,6851.0,8781.0,0.4814672661476039,0.0,-0.0366268231165698,1,0,0.4433694303007658,0.1173852933552233,0,LOW,0.1728733828912676,0.4433694303007658,86.74,0.3678518072306122,1.3,1.111350092100986,1.0983461547746611,High
2026-04-25,35,20462,22013,18154,596,6606,6848,22126,0,85,1002,992,1003,-452,0,996,demanddata_2026.csv,1397.0,997.0,1424.0,-514.0,-487.0,2026-04-25 17:00:00,2026,4,25,17,0,5,Saturday,1,0.4552411823009286,0.2590749312637037,115,-0.9659258262890684,-0.2588190451025206,0.8660254037844387,-0.4999999999999998,18237.0,22048.0,21582.0,15648.583333333334,21179.604166666668,22976.497023809523,0,7444,28732,0.2590749312637037,6845.0,8777.0,0.4289204906416459,0.0,-0.0237990519474172,1,0,0.5077698853443421,0.1654497537371468,1,MODERATE,0.61866882761065,0.5077698853443421,90.4,0.0112163481298124,1.3,1.1112525734099037,1.11286742937305,High
2026-04-25,36,22128,23614,19750,635,6606,5308,22126,0,20,1002,992,1001,-452,0,996,demanddata_2026.csv,1397.0,997.0,1424.0,-514.0,-540.0,2026-04-25 17:30:00,2026,4,25,17,30,5,Saturday,1,0.5017143517807782,0.2068353461177043,115,-0.9659258262890684,-0.2588190451025206,0.8660254037844387,-0.4999999999999998,20462.0,23932.0,23083.0,16175.5,21142.02083333333,22973.654761904763,0,5943,28732,0.2068353461177043,6843.0,8775.0,0.3965384789190654,0.0,-0.0244023679334809,1,0,0.557359363765598,0.2014386935107578,1,MODERATE,0.6512000462465447,0.557359363765598,90.29,0.3412620930909684,1.3,1.1112200671795427,1.1240490651683048,High
2026-04-25,37,24070,25548,21780,670,6606,3825,22126,0,12,1002,992,569,-452,0,996,demanddata_2026.csv,1397.0,996.0,1424.0,-514.0,-175.0,2026-04-25 18:00:00,2026,4,25,18,0,5,Saturday,1,0.5636589465686097,0.1564403299342219,115,-1.0,-1.8369701987210287e-16,0.8660254037844387,-0.4999999999999998,22128.0,25384.0,24749.0,16899.25,21114.64583333333,22971.633928571428,0,4495,28732,0.1564403299342219,6410.0,8342.0,0.3465580989572515,0.0,-0.0072701591126251,1,0,0.5981330161381195,0.2433897865721939,1,MODERATE,0.6945612625980268,0.5981330161381195,102.1,0.2989237305717079,1.3,1.1041824683064254,1.13324287291516,High
2026-04-25,38,25181,26663,22865,705,6606,2481,22126,0,16,1003,992,545,-452,0,997,demanddata_2026.csv,1397.0,997.0,1424.0,-514.0,-80.0,2026-04-25 18:30:00,2026,4,25,18,30,5,Saturday,1,0.5724470546962951,0.1108829568788501,115,-1.0,-1.8369701987210287e-16,0.8660254037844387,-0.4999999999999998,24070.0,26644.0,25983.0,17755.75,21084.166666666668,22969.247023809523,0,3186,28732,0.1108829568788501,6389.0,8321.0,0.3304344372964816,0.0,-0.0031768723691525,1,0,0.6306584032773694,0.2673896137561565,1,MODERATE,0.7007129382874066,0.6306584032773694,108.12,0.0504936568280067,1.3,1.1038411528876368,1.1405768285176223,High
2026-04-25,39,26365,27840,24077,745,6606,1258,22126,0,9,1003,992,328,-452,0,997,demanddata_2026.csv,1397.0,997.0,1424.0,-514.0,130.0,2026-04-25 19:00:00,2026,4,25,19,0,5,Saturday,1,0.6020341115800247,0.0697107855079525,115,-0.9659258262890684,0.2588190451025203,0.8660254037844387,-0.4999999999999998,25181.0,27823.0,26776.0,18746.666666666668,21053.791666666668,22968.02380952381,0,2003,28732,0.0697107855079525,6172.0,8104.0,0.307365546537207,0.0,0.0049305924296442,1,0,0.657330129741261,0.2929663872807396,1,HIGH,0.7214238781060173,0.657330129741261,101.4,0.1437661462326261,1.3,1.100314226893488,1.14659087707882,High
2026-04-25,40,26592,28063,24373,785,6606,365,22126,0,5,1003,993,327,-452,0,997,demanddata_2026.csv,1397.0,997.0,1424.0,-514.0,300.0,2026-04-25 19:30:00,2026,4,25,19,30,5,Saturday,1,0.6375898969839869,0.0400236661678209,115,-0.9659258262890684,0.2588190451025203,0.8660254037844387,-0.4999999999999998,26365.0,28516.0,27345.0,19776.0,21013.70833333333,22965.78273809524,0,1150,28732,0.0400236661678209,6172.0,8104.0,0.3047418493588538,0.0,0.0112811642161471,1,0,0.6743200466746271,0.2978700423399291,1,HIGH,0.7463129278887908,0.6743200466746271,99.36,0.0845974607987068,1.3,1.100314226893488,1.150421832140027,High
2026-04-25,41,26934,28405,24760,834,6606,20,22126,0,5,1003,992,282,-452,0,997,demanddata_2026.csv,1397.0,997.0,1426.0,-514.0,756.0,2026-04-25 20:00:00,2026,4,25,20,0,5,Saturday,1,0.3868746526350342,0.0297219225281035,115,-0.8660254037844386,0.5000000000000001,0.8660254037844387,-0.4999999999999998,26592.0,28270.0,28021.0,20860.75,20985.875,22962.54761904762,0,854,28732,0.0297219225281035,6128.0,8060.0,0.2992389084833859,0.0,0.0280675700761091,1,0,0.6807248686345845,0.3052579279357124,0,MODERATE,0.2708122568445239,0.6807248686345845,104.13,0.039482365619323,1.3,1.09959908982555,1.1518660172528714,High
2026-04-25,42,27231,28700,24990,882,6606,0,22126,0,3,1002,992,274,-452,0,997,demanddata_2026.csv,1397.0,997.0,1423.0,-514.0,854.0,2026-04-25 20:30:00,2026,4,25,20,30,5,Saturday,1,0.4490728155504068,0.03069641179132,115,-0.8660254037844386,0.5000000000000001,0.8660254037844387,-0.4999999999999998,26934.0,28895.0,28014.0,21941.5,20951.20833333333,22960.217261904763,0,882,28732,0.03069641179132,6116.0,8048.0,0.2955346650998824,0.0,0.0313601645123384,1,0,0.6811505322972662,0.3116737233215242,0,MODERATE,0.3143509708852848,0.6811505322972662,104.84,0.024403419522847,1.3,1.099404052443385,1.1519619976140063,High
2026-04-25,43,27050,28523,24668,878,6606,0,22126,0,7,1002,992,431,-452,0,997,demanddata_2026.csv,1397.0,997.0,1425.0,-514.0,684.0,2026-04-25 21:00:00,2026,4,25,21,0,5,Saturday,1,0.4047308454147168,0.030557199039432,115,-0.7071067811865477,0.7071067811865474,0.8660254037844387,-0.4999999999999998,27231.0,28713.0,27348.0,23008.5,20916.5625,22959.33035714286,0,878,28732,0.030557199039432,6275.0,8207.0,0.3033898931647628,0.0,0.0252855716979039,0,0,0.6817683120818415,0.3077637604769722,0,MODERATE,0.2833115917903017,0.6817683120818415,78.93,0.2406406571753774,1.0,1.10198829775707,1.1521012970939106,Moderate
2026-04-25,44,26574,28048,24209,874,6606,0,22126,0,8,1003,992,437,-452,0,997,demanddata_2026.csv,1397.0,997.0,1425.0,-514.0,644.0,2026-04-25 21:30:00,2026,4,25,21,30,5,Saturday,1,0.3999567829024433,0.0304179862875439,115,-0.7071067811865477,0.7071067811865474,0.8660254037844387,-0.4999999999999998,27050.0,27752.0,26474.0,23945.25,20892.02083333333,22959.62797619048,0,874,28732,0.0304179862875439,6282.0,8214.0,0.3090874882408278,0.0,0.0242333019755409,0,0,0.6802760027818313,0.2974812062559405,0,MODERATE,0.2799697480317103,0.6802760027818313,77.67,0.3168340419418405,1.0,1.102102069563333,1.1517648051682476,Moderate
2026-04-25,45,25263,26744,23013,845,6606,0,22126,0,15,1003,992,377,-452,0,998,demanddata_2026.csv,1397.0,997.0,1425.0,-514.0,145.0,2026-04-25 22:00:00,2026,4,25,22,0,5,Saturday,1,0.3784941740696774,0.0294086938363554,115,-0.5000000000000004,0.8660254037844384,0.8660254037844387,-0.4999999999999998,26574.0,26886.0,25466.0,24673.916666666668,20858.20833333333,22959.02380952381,0,845,28732,0.0294086938363554,6223.0,8155.0,0.3227913236225459,0.0,0.0057393920202659,0,0,0.6760821225355843,0.2691609781387712,0,MODERATE,0.2649459218487742,0.6760821225355843,77.03,0.037757426908307,1.0,1.1011431357676889,1.150819152118944,Moderate
2026-04-25,46,24262,25742,22129,815,6606,0,22126,0,14,1003,992,375,-452,0,997,demanddata_2026.csv,1397.0,997.0,1423.0,-514.0,364.0,2026-04-25 22:30:00,2026,4,25,22,30,5,Saturday,1,0.3998515155654676,0.0283645981971948,115,-0.5000000000000004,0.8660254037844384,0.8660254037844387,-0.4999999999999998,25263.0,25461.0,24370.0,25176.0,20833.229166666668,22958.70238095238,0,815,28732,0.0283645981971948,6218.0,8150.0,0.3359024028355933,0.0,0.0150022668260314,0,0,0.6735510569191795,0.2475373714680722,0,MODERATE,0.2798960608958273,0.6735510569191795,75.9,0.3843781828725676,1.0,1.1010618701917867,1.1502484372254314,Moderate
2026-04-25,47,23521,24999,21506,793,6606,0,22126,0,12,1003,992,336,-452,0,998,demanddata_2026.csv,1397.0,996.0,1319.0,-514.0,667.0,2026-04-25 23:00:00,2026,4,25,23,0,5,Saturday,1,0.3752568576807916,0.0275989280618104,115,-0.2588190451025215,0.965925826289068,0.8660254037844387,-0.4999999999999998,24262.0,24196.0,22752.0,25430.916666666668,20819.166666666668,22960.99107142857,0,793,28732,0.0275989280618104,6075.0,8007.0,0.340404727489159,0.0,0.0283564322761669,0,0,0.6706284062581784,0.2315302860105418,0,MODERATE,0.2626798003765541,0.6706284062581784,70.36,0.0933429842542244,1.0,1.0987376747209885,1.1495894261551705,Low
2026-04-25,48,22725,24201,20762,771,6606,0,22126,0,10,1003,992,335,-452,0,998,demanddata_2026.csv,1397.0,997.0,1310.0,-514.0,723.0,2026-04-25 23:30:00,2026,4,25,23,30,5,Saturday,1,0.3743786973790231,0.026833257926426,115,-0.2588190451025215,0.965925826289068,0.8660254037844387,-0.4999999999999998,23521.0,23535.0,22295.0,25480.666666666668,20802.291666666668,22962.27083333333,0,771,28732,0.026833257926426,6066.0,7998.0,0.3519317081756578,0.0,0.031813781571768,0,0,0.6687865296549743,0.2143350902963795,0,MODERATE,0.2620650881653161,0.6687865296549743,78.42,0.1683438022689553,1.0,1.0985913966843646,1.149174112382723,Moderate
2026-04-26,1,22016,23435,20043,765,6606,0,22126,0,9,1002,992,412,-396,0,998,demanddata_2026.csv,1397.0,997.0,1234.0,-514.0,798.0,2026-04-26 00:00:00,2026,4,26,0,0,6,Sunday,1,0.3635124141543477,0.0266244387985939,116,0.0,1.0,0.8660254037844387,-0.4999999999999998,22725.0,23219.0,21634.0,25309.5,20777.229166666668,22963.40773809524,0,765,28732,0.0266244387985939,6122.0,7942.0,0.3607212608438933,0.0,0.0362447199890993,0,1,0.666535222647127,0.1990192689881621,0,MODERATE,0.2544586899080434,0.666535222647127,57.58,0.1530716871266333,0.82,1.0995015711344671,1.1486664785896992,Very Low
2026-04-26,2,21648,23042,19670,759,6606,0,22126,0,9,1002,992,415,-371,0,998,demanddata_2026.csv,1397.0,997.0,1228.0,-514.0,853.0,2026-04-26 00:30:00,2026,4,26,0,30,6,Sunday,1,0.3646404120707944,0.0264156196707618,116,0.0,1.0,0.8660254037844387,-0.4999999999999998,22016.0,22904.0,21457.0,25015.08333333333,20751.0625,22963.97619047619,0,759,28732,0.0264156196707618,6144.0,7914.0,0.3655596101436556,0.0,0.039401358030394,0,1,0.6654780068101431,0.1910697312710619,0,MODERATE,0.255248288449556,0.6654780068101431,62.21,0.0011459695610447,0.82,1.0998591396684363,1.148428093294623,Very Low
2026-04-26,3,21427,22820,19507,767,6606,0,22126,0,8,1002,992,438,-371,0,962,demanddata_2026.csv,1397.0,996.0,1228.0,-514.0,1070.0,2026-04-26 01:00:00,2026,4,26,1,0,6,Sunday,1,0.3502944949343518,0.0266940451745379,116,0.2588190451025207,0.9659258262890684,0.8660254037844387,-0.4999999999999998,21648.0,22502.0,21287.0,24603.58333333333,20728.666666666668,22964.39285714286,0,767,28732,0.0266940451745379,6130.0,7900.0,0.3686764980399477,0.0,0.0499346649243979,0,1,0.6646120151670268,0.1862956882398686,0,MODERATE,0.2452061464540462,0.6646120151670268,62.07,0.0431853306323403,0.82,1.0996315960559109,1.1482328260027832,Very Low
2026-04-26,4,21294,22688,19451,774,6606,0,22126,0,9,1002,992,439,-371,0,961,demanddata_2026.csv,1397.0,996.0,1227.0,-514.0,1295.0,2026-04-26 01:30:00,2026,4,26,1,30,6,Sunday,1,0.3376897113842992,0.0269376674903421,116,0.2588190451025207,0.9659258262890684,0.8660254037844387,-0.4999999999999998,21427.0,22580.0,21467.0,24162.08333333333,20701.875,22963.87797619048,0,774,28732,0.0269376674903421,6129.0,7899.0,0.3709321436957032,0.0,0.0608123972763559,0,1,0.664111835508799,0.1834226216192862,0,MODERATE,0.2363827979690094,0.664111835508799,64.01,0.3736089471420779,0.82,1.0996153429407305,1.148120043474139,Low
2026-04-26,5,21003,22396,19213,791,6606,0,22126,0,8,1003,992,483,-371,0,901,demanddata_2026.csv,1397.0,996.0,1158.0,-514.0,1458.0,2026-04-26 02:00:00,2026,4,26,2,0,6,Sunday,1,0.3421011899157197,0.0275293216858664,116,0.4999999999999999,0.8660254037844387,0.8660254037844387,-0.4999999999999998,21294.0,22307.0,21277.0,23667.83333333333,20674.70833333333,22963.0625,0,791,28732,0.0275293216858664,6045.0,7815.0,0.372071986288326,0.0,0.0694153494572462,0,1,0.662206080081132,0.1771364382614706,0,MODERATE,0.2394708329410038,0.662206080081132,62.21,0.0275925252770348,0.82,1.098250081265576,1.1476903260464626,Very Low
2026-04-26,6,20957,22348,19167,807,6606,0,22126,0,6,1003,992,485,-371,0,892,demanddata_2026.csv,1397.0,997.0,1156.0,-514.0,1554.0,2026-04-26 02:30:00,2026,4,26,2,30,6,Sunday,1,0.3335709688694371,0.0280861726934187,116,0.4999999999999999,0.8660254037844387,0.8660254037844387,-0.4999999999999998,21003.0,21790.0,20737.0,23145.0,20657.354166666668,22963.717261904763,0,807,28732,0.0280861726934187,6037.0,7807.0,0.3725069185991029,0.0,0.0741482965931863,0,1,0.6616365036182843,0.1761427460468331,0,MODERATE,0.2334996782086059,0.6616365036182843,67.08,0.0421374393570241,0.82,1.098120056344133,1.1475618956461464,Low
2026-04-26,7,20215,21606,18462,795,6606,0,22126,0,6,1003,992,601,-371,0,303,demanddata_2026.csv,1397.0,996.0,1303.0,-514.0,1552.0,2026-04-26 03:00:00,2026,4,26,3,0,6,Sunday,1,0.3371643966515072,0.0276685344377544,116,0.7071067811865476,0.7071067811865476,0.8660254037844387,-0.4999999999999998,20957.0,21609.0,20403.0,22575.416666666668,20628.3125,22963.15773809524,0,795,28732,0.0276685344377544,5710.0,7480.0,0.370003957261575,0.0,0.076770874554808,0,1,0.6569593067940561,0.1601140585846366,0,MODERATE,0.236015077656055,0.6569593067940561,63.0,0.0247799890818805,0.82,1.0928052876801386,1.1465072624236112,Low
2026-04-26,8,20138,21529,18376,782,6606,0,22126,0,6,1004,992,605,-371,0,273,demanddata_2026.csv,1397.0,997.0,1310.0,-514.0,1497.0,2026-04-26 03:30:00,2026,4,26,3,30,6,Sunday,1,0.3419298119768451,0.0272160929941182,116,0.7071067811865476,0.7071067811865476,0.8660254037844387,-0.4999999999999998,20215.0,21239.0,20091.0,22039.08333333333,20605.375,22963.29761904762,0,782,28732,0.0272160929941182,5693.0,7463.0,0.3705745071751328,0.0,0.0743333829882317,0,1,0.6569301055310105,0.1584507042253521,0,MODERATE,0.2393508683837915,0.6569301055310105,62.87,0.1217729510637681,0.82,1.0925289847220716,1.1465006780049296,Low
2026-04-26,9,19793,21184,18048,792,6606,0,22126,0,6,1003,992,597,-371,0,252,demanddata_2026.csv,1397.0,996.0,1155.0,-514.0,1431.0,2026-04-26 04:00:00,2026,4,26,4,0,6,Sunday,1,0.3429240082152265,0.0275641248738384,116,0.8660254037844386,0.5000000000000001,0.8660254037844387,-0.4999999999999998,20138.0,20852.0,19788.0,21583.25,20583.3125,22963.3125,0,792,28732,0.0275641248738384,5507.0,7277.0,0.3676366575730019,0.0,0.0722946347377993,0,1,0.6540001508908482,0.1509980126155707,0,MODERATE,0.2400468057506585,0.6540001508908482,60.78,0.1176176104527648,0.82,1.0895059052985157,1.14584002000396,Very Low
2026-04-26,10,19454,20845,17686,801,6606,0,22126,0,6,1004,992,594,-371,0,250,demanddata_2026.csv,1397.0,997.0,1144.0,-514.0,1398.0,2026-04-26 04:30:00,2026,4,26,4,30,6,Sunday,1,0.3224860724468124,0.0278773535655866,116,0.8660254037844386,0.5000000000000001,0.8660254037844387,-0.4999999999999998,19793.0,20755.0,19394.0,21182.58333333333,20556.20833333333,22963.49107142857,0,801,28732,0.0278773535655866,5493.0,7263.0,0.3733230531996916,0.0,0.071858134155744,0,1,0.6528365961833178,0.1436749330337855,0,MODERATE,0.2257402507127686,0.6528365961833178,58.53,0.0244307021547536,0.82,1.0892783616859898,1.1455776569910454,Very Low
2026-04-26,11,19215,20672,17458,796,6606,0,22126,0,6,1004,992,176,-371,0,-66,demanddata_2026.csv,1397.0,997.0,1212.0,-514.0,1557.0,2026-04-26 05:00:00,2026,4,26,5,0,6,Sunday,1,0.3104716046945364,0.0277033376257265,116,0.9659258262890684,0.2588190451025207,0.8660254037844387,-0.4999999999999998,19454.0,20762.0,19376.0,20823.75,20523.979166666668,22963.011904761905,0,796,28732,0.0277033376257265,4827.0,6729.0,0.350176935886761,0.0,0.0810262281432139,0,1,0.6468681535072923,0.1385120539186036,0,MODERATE,0.2173301232861754,0.6468681535072923,64.68,0.0250737437462435,0.82,1.078453786975837,1.1442318684408763,Low
2026-04-26,12,18866,20336,17093,790,6606,4,22126,0,6,1004,992,158,-371,0,-79,demanddata_2026.csv,1397.0,996.0,1219.0,-514.0,1426.0,2026-04-26 05:30:00,2026,4,26,5,30,6,Sunday,1,0.3194869389814677,0.0276337312497824,116,0.9659258262890684,0.2588190451025207,0.8660254037844387,-0.4999999999999998,19215.0,20633.0,19363.0,20502.166666666668,20487.166666666668,22961.53273809524,0,794,28732,0.0276337312497824,4802.0,6730.0,0.3567074786664546,0.0,0.0755817035034716,0,1,0.6460724442324532,0.1309729542901581,0,MODERATE,0.2236408572870274,0.6460724442324532,59.93,0.0108959315122033,0.82,1.0780474590963267,1.1440524487011774,Very Low
2026-04-26,13,18911,20307,17118,773,6606,281,22126,0,11,1004,992,532,-371,0,52,demanddata_2026.csv,1397.0,997.0,1252.0,-514.0,1278.0,2026-04-26 06:00:00,2026,4,26,6,0,6,Sunday,1,0.2980247624255848,0.0366825601225072,116,1.0,6.123233995736766e-17,0.8660254037844387,-0.4999999999999998,18866.0,21269.0,20222.0,20243.416666666668,20438.041666666668,22957.63095238096,0,1054,28732,0.0366825601225072,5341.0,7111.0,0.3760046531302876,0.0,0.0675761421319797,0,0,0.6433364467967118,0.1319450445001296,0,LOW,0.2086173336979093,0.6433364467967118,81.94,0.1093053695154763,1.08,1.0868078881785674,1.1434355249536976,Moderate
2026-04-26,14,19294,20693,17473,756,6606,908,22126,0,14,1004,992,552,-371,0,80,demanddata_2026.csv,1397.0,997.0,1258.0,-514.0,1210.0,2026-04-26 06:30:00,2026,4,26,6,30,6,Sunday,1,0.3148494146478001,0.0579125047854383,116,1.0,6.123233995736766e-17,0.8660254037844387,-0.4999999999999998,18911.0,21418.0,20200.0,20047.25,20393.791666666668,22954.934523809523,0,1664,28732,0.0579125047854383,5395.0,7165.0,0.3713397253174397,0.0,0.0627105467737755,0,0,0.6290936812403012,0.1402186122872202,0,MODERATE,0.2203945902534601,0.6290936812403012,75.64,0.022798354413003,1.08,1.0876855563983097,1.1402240086756656,Moderate
2026-04-26,15,19927,21345,18046,704,6606,1720,22126,0,14,1002,992,986,-390,0,941,demanddata_2026.csv,1397.0,997.0,1413.0,-514.0,997.0,2026-04-26 07:00:00,2026,4,26,7,0,6,Sunday,1,0.5082538264666765,0.0843629276441722,116,0.9659258262890684,-0.2588190451025206,0.8660254037844387,-0.4999999999999998,19294.0,22163.0,20644.0,19922.25,20347.20833333333,22952.80059523809,0,2424,28732,0.0843629276441722,6824.0,8632.0,0.4331593737454837,0.0,0.0500301083902047,0,0,0.6269720574411729,0.1538926812408191,1,MODERATE,0.6557776785266736,0.6269720574411729,82.21,0.0339709543333031,1.08,1.110911257991115,1.1397456163760962,Moderate
2026-04-26,16,19754,21453,17783,652,6606,2856,22126,0,233,1002,992,1002,-452,0,997,demanddata_2026.csv,1397.0,996.0,1425.0,-514.0,691.0,2026-04-26 07:30:00,2026,4,26,7,30,6,Sunday,1,0.5262798558061568,0.1220895834058399,116,0.9659258262890684,-0.2588190451025206,0.8660254037844387,-0.4999999999999998,19927.0,22085.0,20439.0,19793.916666666668,20298.64583333333,22950.761904761905,0,3508,28732,0.1220895834058399,6845.0,8777.0,0.4442925841559099,0.0,0.0349784864591242,0,0,0.6003517670110539,0.1501555344335954,1,MODERATE,0.6683958990643097,0.6003517670110539,83.17,0.0031023313799193,1.08,1.1112525734099037,1.1337431658194492,Moderate
2026-04-26,17,19886,21368,17781,613,6606,4089,22126,0,16,1002,992,1003,-452,0,997,demanddata_2026.csv,1397.0,996.0,1425.0,-514.0,339.0,2026-04-26 08:00:00,2026,4,26,8,0,6,Sunday,1,0.4798308641805691,0.1636445898444297,116,0.8660254037844387,-0.4999999999999998,0.8660254037844387,-0.4999999999999998,19754.0,22105.0,20343.0,19700.83333333333,20252.416666666668,22949.401785714286,0,4702,28732,0.1636445898444297,6846.0,8778.0,0.4413938753959873,0.0,0.0170463116608839,0,0,0.5710118387584859,0.1530069990495118,1,MODERATE,0.6358816049263984,0.5710118387584859,78.15,0.0941476661498322,1.08,1.111268826525084,1.1271274803469742,Moderate
2026-04-26,18,19475,20957,17284,573,6606,5359,22126,0,16,1002,992,1003,-452,0,997,demanddata_2026.csv,1397.0,996.0,1425.0,-514.0,-60.0,2026-04-26 08:30:00,2026,4,26,8,30,6,Sunday,1,0.4868054164292417,0.2064525110500122,116,0.8660254037844387,-0.4999999999999998,0.8660254037844387,-0.4999999999999998,19886.0,21423.0,19636.0,19577.33333333333,20211.83333333333,22948.92261904762,0,5932,28732,0.2064525110500122,6846.0,8778.0,0.4507085643869378,0.0,-0.0030807147258163,0,0,0.536716274292237,0.1441285751317722,1,MODERATE,0.6407637915004691,0.536716274292237,72.98,0.0961584487708529,1.08,1.111268826525084,1.119394378014325,Low
2026-04-26,19,19247,20729,16955,550,6606,6924,22126,0,16,1002,992,1003,-452,0,1015,demanddata_2026.csv,1397.0,996.0,1425.0,-514.0,-253.0,2026-04-26 09:00:00,2026,4,26,9,0,6,Sunday,1,0.4606478793309502,0.2601190269028643,116,0.7071067811865476,-0.7071067811865475,0.8660254037844387,-0.4999999999999998,19475.0,20187.0,19005.0,19496.666666666668,20192.25,22949.64285714286,0,7474,28732,0.2601190269028643,6864.0,8796.0,0.4569825436408977,0.0,-0.0131442227763923,0,0,0.4949535877827204,0.1392033180679167,1,MODERATE,0.6224535155316652,0.4949535877827204,78.58,0.4075049797559699,1.08,1.1115613825983313,1.1099775588573677,Moderate
2026-04-26,20,18496,19978,16103,526,6606,8529,22126,0,17,1002,992,1002,-451,0,1016,demanddata_2026.csv,1397.0,997.0,1425.0,-514.0,-363.0,2026-04-26 09:30:00,2026,4,26,9,30,6,Sunday,1,0.4370537587807787,0.3151428670866251,116,0.7071067811865476,-0.7071067811865475,0.8660254037844387,-0.4999999999999998,19247.0,19276.0,18600.0,19359.83333333333,20176.0,22949.33333333333,0,9055,28732,0.3151428670866251,6866.0,8796.0,0.4755365734984051,0.0,-0.0196248040222738,0,0,0.4442325724742049,0.1229802125637259,1,MODERATE,0.6059376311465451,0.4442325724742049,77.92,0.1736484566323141,1.08,1.1115938888286925,1.0985407795565745,Moderate
2026-04-26,21,17828,19387,15326,511,6606,10008,22126,0,94,1002,992,1004,-451,0,1016,demanddata_2026.csv,1397.0,997.0,1425.0,-514.0,-545.0,2026-04-26 10:00:00,2026,4,26,10,0,6,Sunday,1,0.2330355071258132,0.3660947342776598,116,0.4999999999999999,-0.8660254037844387,0.8660254037844387,-0.4999999999999998,18496.0,18279.0,17323.0,19196.08333333333,20166.604166666668,22950.83630952381,0,10519,28732,0.3660947342776598,6868.0,8798.0,0.4934657019462673,0.0,-0.0305681754445005,0,0,0.3941998126342364,0.1085500734468158,0,LOW,0.1631248549880692,0.3941998126342364,61.8,0.0683948980961381,0.95,1.111626395059053,1.0872591908774287,Very Low
2026-04-26,22,17092,19034,14507,495,6606,11211,22126,0,477,1002,992,1003,-451,0,1016,demanddata_2026.csv,1397.0,996.0,1425.0,-514.0,-1163.0,2026-04-26 10:30:00,2026,4,26,10,30,6,Sunday,1,0.1825331797000544,0.4074061184004455,116,0.4999999999999999,-0.8660254037844387,0.8660254037844387,-0.4999999999999998,17828.0,17139.0,17433.0,18999.25,20165.625,22949.821428571428,0,11706,28732,0.4074061184004455,6866.0,8796.0,0.5145966184988007,0.0,-0.068039548353127,0,0,0.3472657435524345,0.0926509980126155,0,LOW,0.127773225790038,0.3472657435524345,59.27,0.0186398954343122,0.95,1.1115938888286925,1.0766763075003556,Very Low
2026-04-26,23,16614,19121,14065,498,6606,12142,22126,0,1042,1002,992,1003,-451,0,1016,demanddata_2026.csv,1397.0,997.0,1425.0,-514.0,-1019.0,2026-04-26 11:00:00,2026,4,26,11,0,6,Sunday,1,0.2013949226417012,0.4399122959663105,116,0.258819045102521,-0.9659258262890682,0.8660254037844387,-0.4999999999999998,17092.0,16335.0,17851.0,18782.5,20171.4375,22946.13988095238,0,12640,28732,0.4399122959663105,6867.0,8797.0,0.5294613301233825,0.0,-0.0613301233824857,0,0,0.3098538243022029,0.0823252397822518,0,LOW,0.1409764458491908,0.3098538243022029,58.48,0.0289260455798583,0.95,1.1116101419438726,1.0682405169097804,Very Low
2026-04-26,24,16390,19068,13880,500,6606,12638,22126,0,1213,1002,992,1003,-451,0,1016,demanddata_2026.csv,1397.0,997.0,1409.0,-514.0,-1250.0,2026-04-26 11:30:00,2026,4,26,11,30,6,Sunday,1,0.1593161059048364,0.4572442835763756,116,0.258819045102521,-0.9659258262890682,0.8660254037844387,-0.4999999999999998,16614.0,15805.0,17163.0,18576.166666666668,20183.625,22943.839285714286,0,13138,28732,0.4572442835763756,6851.0,8781.0,0.5357208224025379,0.0,-0.0762613629430785,0,0,0.2895790508625774,0.0774863907370604,0,LOW,0.1115212741333855,0.2895790508625774,58.81,0.0779212062679218,0.95,1.111350092100986,1.0636688791420392,Very Low
2026-04-26,25,16435,18982,13962,501,6606,12910,22126,0,1083,1002,992,1003,-451,0,1016,demanddata_2026.csv,1397.0,997.0,795.0,-513.0,-1149.0,2026-04-26 12:00:00,2026,4,26,12,0,6,Sunday,1,0.1750728664556969,0.4667455538927366,116,1.2246467991473532e-16,-1.0,0.8660254037844387,-0.4999999999999998,16390.0,15385.0,18103.0,18369.83333333333,20205.5,22938.875,0,13411,28732,0.4667455538927366,6238.0,8166.0,0.4968362131905573,0.0,-0.0699075200778778,0,0,0.2748228921329272,0.0784584809470318,0,LOW,0.1225510065189878,0.2748228921329272,61.66,0.0767012773460001,0.95,1.1013869324953949,1.060341600898653,Very Low
2026-04-26,26,16173,18620,13682,501,6606,13049,22126,0,982,1002,992,1003,-451,0,1016,demanddata_2026.csv,1397.0,996.0,754.0,-514.0,-1024.0,2026-04-26 12:30:00,2026,4,26,12,30,6,Sunday,1,0.1622001965610655,0.4715831970208471,116,1.2246467991473532e-16,-1.0,0.8660254037844387,-0.4999999999999998,16435.0,14903.0,18462.0,18109.75,20231.95833333333,22932.0625,0,13550,28732,0.4715831970208471,6195.0,8125.0,0.5023494497341412,0.0,-0.0633114875726474,0,0,0.2636897369189795,0.0727987557245312,0,LOW,0.1135401375927458,0.2636897369189795,55.31,0.0999102690089835,0.95,1.1006880485426374,1.057831252114645,Very Low
2026-04-26,27,16306,18578,13876,496,6606,12912,22126,0,808,1003,992,1003,-451,0,1016,demanddata_2026.csv,1397.0,997.0,836.0,-513.0,-591.0,2026-04-26 13:00:00,2026,4,26,13,0,6,Sunday,1,0.1463648980909121,0.4666411443288205,116,-0.2588190451025208,-0.9659258262890684,0.8660254037844387,-0.4999999999999998,16173.0,14474.0,18559.0,17808.0,20270.125,22925.35714285714,0,13408,28732,0.4666411443288205,6280.0,8208.0,0.5033421230146563,0.0,-0.0362421046176488,0,0,0.2723338082413862,0.0756718223451136,0,LOW,0.1024554286636384,0.2723338082413862,60.98,0.2744055879542817,0.95,1.1020695633329722,1.05978035221395,Very Low
2026-04-26,28,16243,18862,13836,490,6606,12083,22126,0,1154,1003,992,1003,-451,0,1016,demanddata_2026.csv,1397.0,997.0,847.0,-514.0,-607.0,2026-04-26 13:30:00,2026,4,26,13,30,6,Sunday,1,0.1903378870170855,0.4375804823721853,116,-0.2588190451025208,-0.9659258262890684,0.8660254037844387,-0.4999999999999998,16306.0,14240.0,18400.0,17515.416666666668,20311.854166666668,22918.9375,0,12573,28732,0.4375804823721853,6290.0,8220.0,0.5060329967988181,0.0,-0.0373676434375769,0,0,0.2966595244739197,0.0743108960511535,0,LOW,0.1332365209119598,0.2966595244739197,61.57,0.5016386665245235,0.95,1.1022320944847763,1.065265412916954,Very Low
2026-04-26,29,16857,19037,14488,479,6606,11273,22126,0,715,1002,992,1002,-451,0,997,demanddata_2026.csv,1397.0,997.0,1025.0,-514.0,-14.0,2026-04-26 14:00:00,2026,4,26,14,0,6,Sunday,1,0.2056892081415417,0.4090070650471583,116,-0.4999999999999997,-0.8660254037844388,0.8660254037844387,-0.4999999999999998,16243.0,13917.0,18779.0,17263.0,20373.104166666668,22913.217261904763,0,11752,28732,0.4090070650471583,6447.0,8377.0,0.4969154110807925,0.0,-0.0008304662474789,0,0,0.336398854096625,0.0875745269160978,0,LOW,0.1439824456990792,0.336398854096625,60.01,0.2271492072204945,0.95,1.1047838335681006,1.0742259973944508,Very Low
2026-04-26,30,17164,19414,14797,467,6606,10572,22126,0,785,1002,992,1003,-451,0,996,demanddata_2026.csv,1397.0,997.0,1023.0,-514.0,42.0,2026-04-26 14:30:00,2026,4,26,14,30,6,Sunday,1,0.1913607502997071,0.3841923920231093,116,-0.4999999999999997,-0.8660254037844388,0.8660254037844387,-0.4999999999999998,16857.0,14262.0,19065.0,17070.416666666668,20433.5625,22907.559523809523,0,11039,28732,0.3841923920231093,6445.0,8375.0,0.4879114477133702,0.0,0.0024468394989804,0,0,0.3631595995847091,0.0942063423485699,0,LOW,0.133952525209795,0.3631595995847091,62.7,0.0988919516605552,0.95,1.1047513273377398,1.0802601183246077,Very Low
2026-04-26,31,17766,19656,15452,469,6606,9371,22126,0,425,1002,992,1002,-451,0,996,demanddata_2026.csv,1397.0,997.0,495.0,-514.0,397.0,2026-04-26 15:00:00,2026,4,26,15,0,6,Sunday,1,0.2270033597750358,0.3424633696446594,116,-0.7071067811865471,-0.7071067811865479,0.8660254037844387,-0.4999999999999998,17164.0,14246.0,19645.0,16947.0,20506.89583333333,22901.967261904763,0,9840,28732,0.3424633696446594,5916.0,7846.0,0.4416052231665447,0.0,0.022344796532898,0,0,0.4015920084363856,0.1072107491575218,0,LOW,0.1589023518425251,0.4015920084363856,60.79,0.4478489711724691,0.95,1.096153429407303,1.0889260130304,Very Low
2026-04-26,32,19046,20645,16722,471,6606,8216,22126,0,134,1002,992,1003,-451,0,996,demanddata_2026.csv,1397.0,997.0,454.0,-514.0,434.0,2026-04-26 15:30:00,2026,4,26,15,30,6,Sunday,1,0.2495536093013702,0.3023352939129224,116,-0.7071067811865471,-0.7071067811865479,0.8660254037844387,-0.4999999999999998,17766.0,15333.0,20853.0,16992.833333333332,20584.25,22896.589285714286,0,8687,28732,0.3023352939129224,5876.0,7806.0,0.4098283194203811,0.0,0.0227857405365674,0,0,0.4506112495342846,0.134861315130044,0,LOW,0.1746875265109591,0.4506112495342846,63.87,0.1811500179125545,0.95,1.0955033048000866,1.099979069411843,Low
2026-04-26,33,20441,22064,18052,466,6606,7199,22126,0,158,1002,992,1002,-451,0,972,demanddata_2026.csv,1397.0,996.0,298.0,-514.0,657.0,2026-04-26 16:00:00,2026,4,26,16,0,6,Sunday,1,0.3081992203363585,0.2667664358055198,116,-0.8660254037844385,-0.5000000000000004,0.8660254037844387,-0.4999999999999998,19046.0,16519.0,22457.0,17210.583333333332,20665.95833333333,22890.589285714286,0,7665,28732,0.2667664358055198,5694.0,7624.0,0.3729576362391155,0.0,0.0321397123569122,1,0,0.4908783163972777,0.1649961116391601,0,MODERATE,0.2157394542354509,0.4908783163972777,92.18,0.3451110018358699,1.3,1.0925452378372522,1.1090586502128412,High
2026-04-26,34,22756,24289,20289,461,6606,5866,22126,0,68,1002,992,1003,-451,0,971,demanddata_2026.csv,1397.0,997.0,322.0,-514.0,918.0,2026-04-26 16:30:00,2026,4,26,16,30,6,Sunday,1,0.2801119626842377,0.2201997702989593,116,-0.8660254037844385,-0.5000000000000004,0.8660254037844387,-0.4999999999999998,20441.0,18237.0,23908.0,17682.583333333332,20760.104166666668,22887.16071428572,0,6327,28732,0.2201997702989593,5719.0,7649.0,0.3361163598013797,0.0,0.0403392362789471,1,0,0.5437316088836565,0.2150047524410265,0,LOW,0.1960783738789664,0.5437316088836565,91.05,0.4033869127877524,1.3,1.0929515657167623,1.1209762239800507,High
2026-04-26,35,25095,26578,22402,460,6606,4478,22126,0,18,1002,992,1003,-451,0,995,demanddata_2026.csv,1397.0,997.0,1269.0,-514.0,623.0,2026-04-26 17:00:00,2026,4,26,17,0,6,Sunday,1,0.5365552965493073,0.171858142205826,116,-0.9659258262890684,-0.2588190451025206,0.8660254037844387,-0.4999999999999998,22756.0,20462.0,25744.0,18389.33333333333,20856.625,22885.229166666668,0,4938,28732,0.171858142205826,6690.0,8620.0,0.3434810328339177,0.0,0.0248246732547019,1,0,0.5977084033590963,0.2655318413548777,1,MODERATE,0.6755887075845151,0.5977084033590963,99.66,0.2280686161130728,1.3,1.1087333405569402,1.1331471295115148,High
2026-04-26,36,26779,28262,24004,459,6606,3325,22126,0,17,1002,992,998,-452,0,994,demanddata_2026.csv,1397.0,997.0,1326.0,-514.0,562.0,2026-04-26 17:30:00,2026,4,26,17,30,6,Sunday,1,0.5586973838538856,0.131695263286117,116,-0.9659258262890684,-0.2588190451025206,0.8660254037844387,-0.4999999999999998,25095.0,22128.0,27240.0,19255.08333333333,20953.52083333333,22883.85714285714,0,3784,28732,0.131695263286117,6740.0,8672.0,0.3238237490664675,0.0,0.0209858103061986,1,0,0.6300582222488227,0.3019096172124773,1,MODERATE,0.6910881686977199,0.6300582222488227,102.75,0.1119328668797382,1.3,1.1095459963159606,1.1404414972762766,High
2026-04-26,37,27393,28945,24614,462,6606,2311,22126,0,86,1003,992,469,-452,0,606,demanddata_2026.csv,1397.0,997.0,598.0,-514.0,873.0,2026-04-26 18:00:00,2026,4,26,18,0,6,Sunday,1,0.5727408753490443,0.0965092402464065,116,-1.0,-1.8369701987210287e-16,0.8660254037844387,-0.4999999999999998,26779.0,24070.0,27974.0,20168.25,21022.75,22882.12797619048,0,2773,28732,0.0965092402464065,5096.0,7028.0,0.2565525297510403,0.0,0.0318682923267868,1,0,0.6397574062481027,0.3151732480774216,1,MODERATE,0.700918612744331,0.6397574062481027,94.3,0.0691852118488434,1.3,1.082825874959367,1.1426285084416254,High
2026-04-26,38,27897,29525,25141,464,6606,1551,22126,0,162,1003,992,433,-452,0,590,demanddata_2026.csv,1397.0,997.0,537.0,-514.0,1035.0,2026-04-26 18:30:00,2026,4,26,18,30,6,Sunday,1,0.6134284005258102,0.0701284237636167,116,-1.0,-1.8369701987210287e-16,0.8660254037844387,-0.4999999999999998,27393.0,25181.0,28202.0,21145.25,21079.33333333333,22881.22023809524,0,2015,28732,0.0701284237636167,4983.0,6915.0,0.2478672306258513,0.0,0.0370994336511577,1,0,0.6550784682976954,0.3260606584291022,1,HIGH,0.729399880368067,0.6550784682976954,102.82,0.2270308569402128,1.3,1.080989272943981,1.1460831633661994,High
2026-04-26,39,28312,29939,25680,469,6606,813,22126,0,162,1004,992,105,-451,0,495,demanddata_2026.csv,1397.0,996.0,179.0,-514.0,1451.0,2026-04-26 19:00:00,2026,4,26,19,0,6,Sunday,1,0.6412026630770905,0.0446176869801273,116,-0.9659258262890684,0.2588190451025203,0.8660254037844387,-0.4999999999999998,27897.0,26365.0,28940.0,22145.75,21119.89583333333,22879.35119047619,0,1282,28732,0.0446176869801273,4203.0,6133.0,0.2166142761275739,0.0,0.051248543072087,1,0,0.664408542096893,0.3350254903655059,1,HIGH,0.7488418641539634,0.664408542096893,103.22,0.1842731069056001,1.3,1.0683118431032614,1.1481869460734755,High
2026-04-26,40,28307,29935,25705,474,6606,236,22126,0,163,1003,992,102,-451,0,492,demanddata_2026.csv,1397.0,997.0,172.0,-514.0,1419.0,2026-04-26 19:30:00,2026,4,26,19,30,6,Sunday,1,0.6483937367231805,0.0247102634601329,116,-0.9659258262890684,0.2588190451025203,0.8660254037844387,-0.4999999999999998,28312.0,26592.0,29513.0,23151.08333333333,21155.625,22875.761904761905,0,710,28732,0.0247102634601329,4190.0,6120.0,0.2161933022467147,0.0,0.0501271725307333,1,0,0.6743981171146858,0.3349174803421758,1,HIGH,0.7538756157062263,0.6743981171146858,97.55,0.3076115615255797,1.3,1.0681005526059162,1.1504394357780343,High
2026-04-26,41,29032,30657,26434,500,6606,15,22126,0,159,1003,992,229,-452,0,747,demanddata_2026.csv,1397.0,997.0,814.0,-514.0,1472.0,2026-04-26 20:00:00,2026,4,26,20,0,6,Sunday,1,0.4498963381810814,0.0179236418055893,116,-0.8660254037844386,0.5000000000000001,0.8660254037844387,-0.4999999999999998,28307.0,26934.0,29260.0,24165.666666666668,21199.33333333333,22875.08333333333,0,515,28732,0.0179236418055893,5213.0,7145.0,0.2460992663520821,0.0,0.0507009265318775,1,0,0.6877311688531926,0.3505789337250496,0,MODERATE,0.3149274367267569,0.6877311688531926,94.97,0.1008853289799056,1.3,1.084727489435475,1.1534458261117422,High
2026-04-26,42,28752,30379,26151,526,6606,0,22126,0,162,1003,992,239,-451,0,757,demanddata_2026.csv,1397.0,996.0,863.0,-514.0,1375.0,2026-04-26 20:30:00,2026,4,26,20,30,6,Sunday,1,0.4461032680897611,0.0183064768732815,116,-0.8660254037844386,0.5000000000000001,0.8660254037844387,-0.4999999999999998,29032.0,27231.0,29281.0,25131.33333333333,21231.02083333333,22873.508928571428,0,526,28732,0.0183064768732815,5282.0,7212.0,0.2508260007651375,0.0,0.0478210969290161,1,0,0.686977445890591,0.3445303724185604,0,MODERATE,0.3122722876628327,0.686977445890591,104.71,0.0629836477890331,1.3,1.0858489543829233,1.153275873615232,High
2026-04-26,43,28455,30085,25794,542,6606,0,22126,0,165,1003,992,611,-451,0,919,demanddata_2026.csv,1397.0,997.0,1049.0,-514.0,890.0,2026-04-26 21:00:00,2026,4,26,21,0,6,Sunday,1,0.4445797349430468,0.0188633278808338,116,-0.7071067811865477,0.7071067811865474,0.8660254037844387,-0.4999999999999998,28752.0,27050.0,28792.0,26022.08333333333,21260.291666666668,22872.50595238096,0,542,28732,0.0188633278808338,6003.0,7933.0,0.2787812763564802,0.0,0.0312763564801799,0,0,0.6906841815430073,0.3381145770327486,0,MODERATE,0.3112058144601328,0.6906841815430073,80.05,0.0194439989721646,1.0,1.0975674504279986,1.1541116833348366,Moderate
2026-04-26,44,27471,28999,24890,558,6606,0,22126,0,63,1003,992,626,-451,0,925,demanddata_2026.csv,1397.0,997.0,1045.0,-514.0,889.0,2026-04-26 21:30:00,2026,4,26,21,30,6,Sunday,1,0.4313012215541605,0.0194201788883861,116,-0.7071067811865477,0.7071067811865474,0.8660254037844387,-0.4999999999999998,28455.0,26574.0,27716.0,26724.166666666668,21278.979166666668,22871.776785714286,0,558,28732,0.0194201788883861,6020.0,7950.0,0.2893855562026791,0.0,0.0323602213162492,0,0,0.6871774554126672,0.3168582044413721,0,MODERATE,0.3019108550879124,0.6871774554126672,78.04,0.0700214417035979,1.0,1.0978437533860657,1.1533209725697409,Moderate
2026-04-26,45,25866,27344,23429,538,6606,0,22126,0,13,1003,992,314,-451,0,800,demanddata_2026.csv,1397.0,997.0,423.0,-514.0,921.0,2026-04-26 22:00:00,2026,4,26,22,0,6,Sunday,1,0.395270018826477,0.0187241151289458,116,-0.5000000000000004,0.8660254037844384,0.8660254037844387,-0.4999999999999998,27471.0,25263.0,26273.0,27176.25,21291.541666666668,22870.56547619048,0,538,28732,0.0187241151289458,4961.0,6891.0,0.2664012061700236,0.0,0.0356052112730506,0,0,0.6741892702959301,0.2821869869523892,0,MODERATE,0.2766890131785339,0.6741892702959301,78.81,0.0189609647717746,1.0,1.080631704410012,1.1503923441541928,Moderate
2026-04-26,46,24674,26152,22369,517,6606,0,22126,0,13,1003,992,295,-451,0,794,demanddata_2026.csv,1397.0,997.0,362.0,-514.0,792.0,2026-04-26 22:30:00,2026,4,26,22,30,6,Sunday,1,0.3867184543755046,0.0179932481815334,116,-0.5000000000000004,0.8660254037844384,0.8660254037844387,-0.4999999999999998,25866.0,24262.0,25035.0,27336.08333333333,21300.125,22869.49107142857,0,517,28732,0.0179932481815334,4875.0,6805.0,0.2757852077001013,0.0,0.0320972644376899,0,0,0.6699380596735496,0.2564373973904778,0,MODERATE,0.2707029180628532,0.6699380596735496,82.06,0.2229880018597479,1.0,1.0792339365044967,1.1494337640202263,Moderate
2026-04-26,47,23295,25262,21166,547,6606,0,22126,0,9,1004,992,-224,-436,0,500,demanddata_2026.csv,1397.0,998.0,-284.0,-514.0,1005.0,2026-04-26 23:00:00,2026,4,26,23,0,6,Sunday,1,0.3480929192831656,0.0190373438206939,116,-0.2588190451025215,0.965925826289068,0.8660254037844387,-0.4999999999999998,24674.0,23521.0,23676.0,27186.08333333333,21295.416666666668,22868.35714285714,0,547,28732,0.0190373438206939,3433.0,6349.0,0.2725360576923077,0.0,0.0431404532967032,0,0,0.6610237334307596,0.2266482329560183,0,MODERATE,0.2436650434982159,0.6610237334307596,81.41,0.2945818454568316,1.0,1.055796944414346,1.14742372575041,Moderate
2026-04-26,48,22024,23986,19995,576,6606,0,22126,0,6,1004,992,-244,-371,0,488,demanddata_2026.csv,1393.0,997.0,-327.0,-514.0,649.0,2026-04-26 23:30:00,2026,4,26,23,30,6,Sunday,1,0.3515681101618544,0.0200466362718825,116,-0.2588190451025215,0.965925826289068,0.8660254037844387,-0.4999999999999998,23295.0,22725.0,22950.0,26789.83333333333,21280.8125,22865.60119047619,0,576,28732,0.0200466362718825,3418.0,6330.0,0.2874006810442678,0.0,0.029466515323496,0,0,0.6562086077222203,0.1991920850254903,0,MODERATE,0.246097677113298,0.6562086077222203,74.29,0.3387464361529441,1.0,1.05555314768664,1.1463379917661989,Moderate
2026-04-27,1,22066,23987,20030,580,6606,0,22126,0,6,1004,992,-236,-371,0,412,demanddata_2026.csv,1345.0,997.0,-294.0,-514.0,490.0,2026-04-27 00:00:00,2026,4,27,0,0,0,Monday,0,0.3492574916200328,0.0201858490237705,117,0.0,1.0,0.8660254037844387,-0.4999999999999998,22024.0,22016.0,22966.0,26345.916666666668,21281.854166666668,22862.92261904762,0,580,28732,0.0201858490237705,3335.0,6165.0,0.2793764444645851,0.0,0.022205102641954,0,1,0.654751227308536,0.2000993692214637,0,MODERATE,0.2444802441340229,0.654751227308536,64.06,0.0121418632145028,0.82,1.054204139126666,1.1460093757468384,Low
2026-04-27,2,21840,23732,19832,583,6606,0,22126,0,7,1004,992,-235,-346,0,409,demanddata_2026.csv,1343.0,997.0,-290.0,-514.0,354.0,2026-04-27 00:30:00,2026,4,27,0,30,0,Monday,0,0.3651825791218701,0.0202902585876866,117,0.0,1.0,0.8660254037844387,-0.4999999999999998,22066.0,21648.0,22786.0,25841.166666666668,21285.854166666668,22860.10714285714,0,583,28732,0.0202902585876866,3360.0,6130.0,0.2806648047250584,0.0,0.0162080490820017,0,1,0.6536569505339942,0.1952173161669403,0,MODERATE,0.255627805385309,0.6536569505339942,68.98,0.2963897604573908,0.82,1.0546104670061762,1.1457626338019409,Low
2026-04-27,3,22198,23922,20052,551,6606,0,22126,0,6,1004,992,-152,-342,0,283,demanddata_2026.csv,1391.0,997.0,-210.0,-514.0,780.0,2026-04-27 01:00:00,2026,4,27,1,0,0,Monday,0,0.3377967699726671,0.019176556572582,117,0.2588190451025207,0.9659258262890684,0.8660254037844387,-0.4999999999999998,21840.0,21427.0,22543.0,25331.666666666668,21301.916666666668,22859.08035714286,0,551,28732,0.019176556572582,3449.0,5885.0,0.2651020316230461,0.0,0.0351367178701743,0,1,0.6532977673561385,0.2029508338373801,0,MODERATE,0.236457738980867,0.6532977673561385,64.82,0.2511328597693651,0.82,1.0560569942572329,1.1456816437289166,Low
2026-04-27,4,22247,23966,20193,519,6606,0,22126,0,6,1004,992,-149,-341,0,279,demanddata_2026.csv,1397.0,997.0,-209.0,-514.0,1011.0,2026-04-27 01:30:00,2026,4,27,1,30,0,Monday,0,0.3478291409374051,0.0180628545574774,117,0.2588190451025207,0.9659258262890684,0.8660254037844387,-0.4999999999999998,22198.0,21294.0,22762.0,24826.666666666668,21321.77083333333,22857.54761904762,0,519,28732,0.0180628545574774,3456.0,5882.0,0.2643833153541891,0.0,0.0454422869471413,0,1,0.6541492710475613,0.2040093320660157,0,MODERATE,0.2434803986561835,0.6541492710475613,62.98,0.2984171740732028,0.82,1.0561707660634956,1.145873644218918,Low
2026-04-27,5,22040,23961,20058,504,6606,0,22126,0,7,1004,992,-179,-341,0,591,demanddata_2026.csv,1397.0,997.0,-380.0,-514.0,1201.0,2026-04-27 02:00:00,2026,4,27,2,0,0,Monday,0,0.3648234331431471,0.0175408067378971,117,0.4999999999999999,0.8660254037844387,0.8660254037844387,-0.4999999999999998,22247.0,21003.0,22682.0,24244.0,21343.375,22855.636904761905,0,504,28732,0.0175408067378971,3567.0,6395.0,0.2901411006760129,0.0,0.0544893607368086,0,1,0.6584807273069565,0.1995377171001469,0,MODERATE,0.2553764032002029,0.6584807273069565,64.0,0.0372148846040199,0.82,1.057974861848521,1.1468503184630834,Low
2026-04-27,6,21977,23890,20070,488,6606,0,22126,0,7,1004,992,-181,-316,0,600,demanddata_2026.csv,1397.0,997.0,-395.0,-514.0,1338.0,2026-04-27 02:30:00,2026,4,27,2,30,0,Monday,0,0.352402268067651,0.0169839557303449,117,0.4999999999999999,0.8660254037844387,0.8660254037844387,-0.4999999999999998,22040.0,20957.0,22268.0,23679.416666666668,21364.625,22854.77083333333,0,488,28732,0.0169839557303449,3584.0,6396.0,0.291018291018291,0.0,0.0608790608790608,0,1,0.6586675737295069,0.1981767908061868,0,MODERATE,0.2466815876473557,0.6586675737295069,61.97,0.0216436712495346,0.82,1.058251164806588,1.1468924493487695,Very Low
2026-04-27,7,20864,23007,19042,509,6606,0,22126,0,7,1005,992,-304,-311,0,140,demanddata_2026.csv,1397.0,997.0,-507.0,-514.0,1158.0,2026-04-27 03:00:00,2026,4,27,3,0,0,Monday,0,0.3557321385889276,0.0177148226777572,117,0.7071067811865476,0.7071067811865476,0.8660254037844387,-0.4999999999999998,21977.0,20215.0,21729.0,23046.83333333333,21378.14583333333,22852.196428571428,0,509,28732,0.0177148226777572,2895.0,6167.0,0.2955667385573927,0.0,0.0554996405463695,0,1,0.6528316858740222,0.174133759612892,0,MODERATE,0.2490124970122493,0.6528316858740222,57.49,0.1429143334923306,0.82,1.0470527684472857,1.1455765497946817,Very Low
2026-04-27,8,20992,23169,19220,529,6606,0,22126,0,7,1004,992,-314,-311,0,119,demanddata_2026.csv,1397.0,997.0,-531.0,-514.0,1320.0,2026-04-27 03:30:00,2026,4,27,3,30,0,Monday,0,0.3374913089669822,0.0184108864371976,117,0.7071067811865476,0.7071067811865476,0.8660254037844387,-0.4999999999999998,20864.0,20138.0,21394.0,22506.916666666668,21395.9375,22851.0,0,529,28732,0.0184108864371976,2839.0,6179.0,0.2943362073071976,0.0,0.062878102224551,0,1,0.652833391749044,0.1768988162101443,0,MODERATE,0.2362439162768875,0.652833391749044,58.18,0.0834142022678477,0.82,1.046142593997183,1.1455769344422686,Very Low
2026-04-27,9,20371,23648,18628,512,6606,0,22126,0,7,1005,992,-839,-311,0,126,demanddata_2026.csv,1397.0,996.0,-1106.0,-514.0,1390.0,2026-04-27 04:00:00,2026,4,27,4,0,0,Monday,0,0.3353993831239855,0.0178192322416733,117,0.8660254037844386,0.5000000000000001,0.8660254037844387,-0.4999999999999998,20992.0,19793.0,21200.0,22049.0,21407.979166666668,22848.53273809524,0,512,28732,0.0178192322416733,1746.0,7286.0,0.3576477518162183,0.0,0.0682309051639505,0,1,0.6623763735018703,0.1634839713125378,0,MODERATE,0.2347795681867898,0.6623763735018703,57.6,0.1309801844331584,0.82,1.0283779391049952,1.147728724494473,Very Low
2026-04-27,10,20582,23930,18828,494,6606,0,22126,0,9,1005,992,-866,-311,0,118,demanddata_2026.csv,1397.0,996.0,-1148.0,-514.0,1569.0,2026-04-27 04:30:00,2026,4,27,4,30,0,Monday,0,0.347628765364013,0.017192774858177,117,0.8660254037844386,0.5000000000000001,0.8660254037844387,-0.4999999999999998,20371.0,19454.0,21153.0,21708.0,21431.479166666668,22846.83333333333,0,494,28732,0.017192774858177,1669.0,7347.0,0.3569450517417286,0.0,0.0762279551085847,0,1,0.6638730450642504,0.1680419942970707,0,MODERATE,0.2433401357548091,0.6638730450642504,59.76,0.3549152264086601,0.82,1.0271264492361036,1.1480662000406665,Very Low
2026-04-27,11,20267,24386,18427,493,6606,0,22126,0,13,1006,992,-1016,-311,0,-510,demanddata_2026.csv,1397.0,997.0,-1255.0,-514.0,1438.0,2026-04-27 05:00:00,2026,4,27,5,0,0,Monday,0,0.3458963518170298,0.0171579716702049,117,0.9659258262890684,0.2588190451025207,0.8660254037844387,-0.4999999999999998,20582.0,19215.0,21670.0,21455.666666666668,21453.39583333333,22842.65773809524,0,493,28732,0.0171579716702049,786.0,7998.0,0.3946121965660153,0.0,0.0709492796526544,0,1,0.6696455465491264,0.1612373628272703,0,MODERATE,0.2421274462719208,0.6696455465491264,56.67,0.2771457720651688,0.82,1.0127749485318018,1.149367806980008,Very Low
2026-04-27,12,21014,25187,19120,491,6606,1,22126,0,15,1006,992,-1017,-344,0,-537,demanddata_2026.csv,1397.0,997.0,-1246.0,-514.0,1518.0,2026-04-27 05:30:00,2026,4,27,5,30,0,Monday,0,0.3394604335948231,0.0171231684822329,117,0.9659258262890684,0.2588190451025207,0.8660254037844387,-0.4999999999999998,20267.0,18866.0,22458.0,21371.5,21498.14583333333,22838.36011904762,0,492,28732,0.0171231684822329,734.0,8050.0,0.383059719248156,0.0,0.0722341184867951,0,1,0.6715832903911518,0.177374060312797,0,MODERATE,0.2376223035163761,0.6715832903911518,57.09,0.0125415986164914,0.82,1.0119297865424206,1.1498047372844966,Very Low
2026-04-27,13,23319,26305,21314,471,6606,186,22126,0,15,1005,991,-941,-385,0,-2,demanddata_2026.csv,1397.0,996.0,-629.0,-514.0,1729.0,2026-04-27 06:00:00,2026,4,27,6,0,0,Monday,0,0.3677340762620018,0.0228656944976159,117,1.0,6.123233995736766e-17,0.8660254037844387,-0.4999999999999998,21014.0,18911.0,24476.0,21475.916666666668,21589.979166666668,22834.916666666668,0,657,28732,0.0228656944976159,1918.0,6860.0,0.2941680960548885,0.0,0.0741423670668953,0,0,0.663125568746356,0.2271666810680031,0,MODERATE,0.2574138533834013,0.663125568746356,79.53,0.4078198920113242,1.08,1.0311734749160255,1.1478976560628231,Moderate
2026-04-27,14,24526,27286,22367,451,6606,973,22126,0,11,1005,991,-827,-451,0,27,demanddata_2026.csv,1397.0,997.0,-457.0,-514.0,1719.0,2026-04-27 06:30:00,2026,4,27,6,30,0,Monday,0,0.3706991376180796,0.0495597396721539,117,1.0,6.123233995736766e-17,0.8660254037844387,-0.4999999999999998,23319.0,19294.0,25841.0,21699.75,21698.979166666668,22831.00297619048,0,1424,28732,0.0495597396721539,2168.0,6666.0,0.2717821176662454,0.0,0.0700860276430056,0,0,0.6498330791666181,0.2532403006999049,0,MODERATE,0.2594893963326557,0.6498330791666181,86.85,0.0221281598250287,1.08,1.035236753711128,1.144900411848431,High
2026-04-27,15,26920,28398,24378,407,6606,1935,22126,0,13,1004,991,694,-451,0,501,demanddata_2026.csv,1397.0,997.0,1156.0,-514.0,868.0,2026-04-27 07:00:00,2026,4,27,7,0,0,Monday,0,0.5932472274919774,0.0815090662304667,117,0.9659258262890684,-0.2588190451025206,0.8660254037844387,-0.4999999999999998,24526.0,19927.0,27538.0,22093.25,21844.666666666668,22829.16369047619,0,2342,28732,0.0815090662304667,5775.0,7705.0,0.2862077931726162,0.0,0.0322424872775899,0,0,0.6504029129206053,0.3049554998703879,1,MODERATE,0.7152730592443841,0.6504029129206053,87.57,0.04178275245249,1.08,1.093861740166865,1.145028900263792,High
2026-04-27,16,27420,28896,24732,362,6606,3141,22126,0,10,1004,991,850,-452,0,526,demanddata_2026.csv,1397.0,997.0,1358.0,-514.0,801.0,2026-04-27 07:30:00,2026,4,27,7,30,0,Monday,0,0.585483191197713,0.1219155674659798,117,0.9659258262890684,-0.2588190451025206,0.8660254037844387,-0.4999999999999998,26920.0,19754.0,27980.0,22524.33333333333,22004.375,22827.497023809523,0,3503,28732,0.1219155674659798,6157.0,8089.0,0.2949928886619744,0.0,0.0292111885051602,0,0,0.6343214132942164,0.3157565022034044,1,MODERATE,0.7098382338383991,0.6343214132942164,85.62,0.2758883527535695,1.08,1.1000704301657818,1.1414027788043912,High
2026-04-27,17,27375,28850,24541,355,6606,4375,22126,0,9,1003,991,1060,-452,0,977,demanddata_2026.csv,1397.0,997.0,1422.0,-514.0,379.0,2026-04-27 08:00:00,2026,4,27,8,0,0,Monday,0,0.5812378544390456,0.1646190791076462,117,0.8660254037844387,-0.4999999999999998,0.8660254037844387,-0.4999999999999998,27420.0,19886.0,28141.0,22968.916666666668,22160.39583333333,22825.217261904763,0,4730,28732,0.1646190791076462,6881.0,8813.0,0.3219243132670952,0.0,0.0138442431326709,0,0,0.6169641209061648,0.314784411993433,1,MODERATE,0.7068664981073319,0.6169641209061648,81.74,0.3618854477238546,1.08,1.1118376855563985,1.1374889864425068,Moderate
2026-04-27,18,25833,27305,22991,347,6606,5936,22126,0,7,1002,991,1069,-451,0,997,demanddata_2026.csv,1397.0,997.0,1426.0,-514.0,20.0,2026-04-27 08:30:00,2026,4,27,8,30,0,Monday,0,0.5590845989256552,0.2186684300281905,117,0.8660254037844387,-0.4999999999999998,0.8660254037844387,-0.4999999999999998,27375.0,19475.0,27246.0,23290.25,22292.854166666668,22821.011904761905,0,6283,28732,0.2186684300281905,6914.0,8844.0,0.3423395525276767,0.0,0.0007741735697143,0,0,0.5780054525997166,0.2814741207984101,1,MODERATE,0.6913592192479586,0.5780054525997166,82.96,0.3051621515500001,1.08,1.1123740383573515,1.128704428630257,Moderate
2026-04-27,19,24726,26198,21900,362,6606,7487,22126,0,7,1003,991,1054,-451,0,1016,demanddata_2026.csv,1397.0,997.0,1426.0,-514.0,105.0,2026-04-27 09:00:00,2026,4,27,9,0,0,Monday,0,0.5150440289149725,0.2731702223923711,117,0.7071067811865476,-0.7071067811865475,0.8660254037844387,-0.4999999999999998,25833.0,19247.0,26485.0,23612.08333333333,22407.0,22815.776785714286,0,7849,28732,0.2731702223923711,6919.0,8849.0,0.3578679176608565,0.0,0.004246370364379,0,0,0.5383816218277545,0.2575607016331115,1,MODERATE,0.6605308202404807,0.5383816218277545,75.11,0.2671367631444773,1.08,1.112455303933254,1.1197698872999138,Moderate
2026-04-27,20,23251,24723,20500,377,6606,8963,22126,0,7,1003,991,1055,-451,0,1016,demanddata_2026.csv,1397.0,997.0,1427.0,-514.0,-319.0,2026-04-27 09:30:00,2026,4,27,9,30,0,Monday,0,0.4760828884074448,0.3250617756586503,117,0.7071067811865476,-0.7071067811865475,0.8660254037844387,-0.4999999999999998,24726.0,18496.0,25230.0,23800.33333333333,22506.0625,22809.886904761905,0,9340,28732,0.3250617756586503,6921.0,8851.0,0.3806554274901084,0.0,-0.0137192499569929,0,0,0.4933215166889373,0.2256977447507128,1,MODERATE,0.6332580218852113,0.4933215166889373,77.13,0.2848900081580205,1.08,1.1124878101636146,1.1096095528782035,Moderate
2026-04-27,21,21976,23451,19266,391,6606,10374,22126,0,10,1002,991,1045,-451,0,1016,demanddata_2026.csv,1397.0,997.0,1426.0,-514.0,-476.0,2026-04-27 10:00:00,2026,4,27,10,0,0,Monday,0,0.2591622800282608,0.3746563185187763,117,0.4999999999999999,-0.8660254037844387,0.8660254037844387,-0.4999999999999998,23251.0,17828.0,24126.0,23934.08333333333,22592.479166666668,22803.48809523809,0,10765,28732,0.3746563185187763,6909.0,8839.0,0.4021932019838922,0.0,-0.0216590071438321,0,0,0.4470843519849773,0.1981551888015207,0,LOW,0.1814135960197826,0.4470843519849773,62.44,0.0574804708001729,0.95,1.1122927727814498,1.0991838103137632,Very Low
2026-04-27,22,21325,23068,18658,405,6606,11659,22126,0,278,1003,991,1046,-451,0,1016,demanddata_2026.csv,1397.0,997.0,1426.0,-514.0,-404.0,2026-04-27 10:30:00,2026,4,27,10,30,0,Monday,0,0.2324720790499953,0.419865659694428,117,0.4999999999999999,-0.8660254037844387,0.8660254037844387,-0.4999999999999998,21976.0,17092.0,23199.0,23996.0,22680.666666666668,22797.91071428572,0,12064,28732,0.419865659694428,6911.0,8841.0,0.4145643815061427,0.0,-0.0189440120041264,0,0,0.4083217055059746,0.1840922837639333,0,LOW,0.1627304553349967,0.4083217055059746,64.15,0.1484202364496528,0.95,1.1123252790118106,1.090443452294538,Low
2026-04-27,23,20689,22851,18028,431,6606,12478,22126,0,697,1003,991,1059,-451,0,1016,demanddata_2026.csv,1397.0,997.0,1426.0,-514.0,-433.0,2026-04-27 11:00:00,2026,4,27,11,0,0,Monday,0,0.2074977983030016,0.4492743535307834,117,0.258819045102521,-0.9659258262890682,0.8660254037844387,-0.4999999999999998,21325.0,16614.0,22949.0,24031.166666666668,22765.5625,22791.184523809523,0,12909,28732,0.4492743535307834,6924.0,8854.0,0.4279362010633156,0.0,-0.0209279845335911,0,0,0.3786523526072183,0.1703534087963363,0,LOW,0.1452484588121011,0.3786523526072183,63.33,0.1331376729949008,0.95,1.1125365695091558,1.0837534868228993,Low
2026-04-27,24,19927,22113,17258,456,6606,12936,22126,0,721,1003,992,1059,-451,0,1016,demanddata_2026.csv,1397.0,997.0,1426.0,-514.0,-604.0,2026-04-27 11:30:00,2026,4,27,11,30,0,Monday,0,0.1996881429619876,0.4660842933212682,117,0.258819045102521,-0.9659258262890682,0.8660254037844387,-0.4999999999999998,20689.0,16390.0,23034.0,23940.58333333333,22839.25,22781.9375,0,13392,28732,0.4660842933212682,6925.0,8855.0,0.4443496587715776,0.0,-0.0303091128061019,0,0,0.3540194279750951,0.1538926812408191,0,LOW,0.1397817000733913,0.3540194279750951,55.21,0.4402058536301071,0.95,1.1125528226243364,1.078199155529705,Very Low
2026-04-27,25,19648,22083,16981,487,6606,13062,22126,0,970,1003,992,1059,-451,0,1016,demanddata_2026.csv,1397.0,997.0,1426.0,-514.0,-670.0,2026-04-27 12:00:00,2026,4,27,12,0,0,Monday,0,0.2148156998789917,0.4715483938328751,117,1.2246467991473532e-16,-1.0,0.8660254037844387,-0.4999999999999998,19927.0,16435.0,23178.0,23634.666666666668,22906.1875,22771.43154761905,0,13549,28732,0.4715483938328751,6925.0,8855.0,0.4506590666191664,0.0,-0.0340984274008855,0,0,0.3450987891509805,0.1478657219389959,0,LOW,0.1503709899152942,0.3450987891509805,61.69,0.030138675954017,0.95,1.1125528226243364,1.0761876938735666,Very Low
2026-04-27,26,19520,21979,16811,518,6606,12564,22126,0,994,1003,992,1057,-451,0,1016,demanddata_2026.csv,1397.0,997.0,1415.0,-514.0,-635.0,2026-04-27 12:30:00,2026,4,27,12,30,0,Monday,0,0.2284606076533148,0.4552953050499426,117,1.2246467991473532e-16,-1.0,0.8660254037844387,-0.4999999999999998,19648.0,16173.0,23444.0,23217.5,22975.916666666668,22759.75297619048,0,13082,28732,0.4552953050499426,6912.0,8842.0,0.4529481071666411,0.0,-0.0325290712565954,0,0,0.3546075752668172,0.1451006653417437,0,LOW,0.1599224253573204,0.3546075752668172,59.63,0.1280416724292713,0.95,1.112341532126991,1.0783317733554894,Very Low
2026-04-27,27,19605,22055,16889,549,6606,11806,22126,0,985,1003,992,1059,-451,0,992,demanddata_2026.csv,1397.0,997.0,1003.0,-514.0,-758.0,2026-04-27 13:00:00,2026,4,27,13,0,0,Monday,0,0.2119582318843051,0.4299933873942853,117,-0.2588190451025208,-0.9659258262890684,0.8660254037844387,-0.4999999999999998,19520.0,16306.0,23774.0,22607.916666666668,23044.64583333333,22747.34523809524,0,12355,28732,0.4299933873942853,6478.0,8408.0,0.4288483117413036,0.0,-0.0386616341936142,0,0,0.3702120471335947,0.1469368357383565,0,LOW,0.1483707623190136,0.3702120471335947,60.94,0.1426331387878547,0.95,1.1052876801386933,1.081850332669814,Very Low
2026-04-27,28,19364,21815,16747,579,6606,12541,22126,0,986,1003,992,1058,-451,0,991,demanddata_2026.csv,1397.0,997.0,973.0,-514.0,-801.0,2026-04-27 13:30:00,2026,4,27,13,30,0,Monday,0,0.2098584465179701,0.4566178261928793,117,-0.2588190451025208,-0.9659258262890684,0.8660254037844387,-0.4999999999999998,19605.0,16243.0,23840.0,21936.58333333333,23109.666666666668,22734.02380952381,0,13120,28732,0.4566178261928793,6446.0,8376.0,0.4325329202168861,0.0,-0.0413632842757552,0,0,0.3460521667868875,0.1417307526138425,0,LOW,0.146900912562579,0.3460521667868875,60.2,0.3193039063568259,0.95,1.1047675804529202,1.0764026653118524,Very Low
2026-04-27,29,19689,22127,17080,630,6606,11348,22126,0,973,1003,991,1013,-451,0,995,demanddata_2026.csv,1397.0,997.0,993.0,-514.0,-726.0,2026-04-27 14:00:00,2026,4,27,14,0,0,Monday,0,0.2372697535421255,0.4168725855288344,117,-0.4999999999999997,-0.8660254037844388,0.8660254037844387,-0.4999999999999998,19364.0,16857.0,23891.0,21296.08333333333,23168.666666666668,22721.51785714286,0,11978,28732,0.4168725855288344,6424.0,8354.0,0.424276282376841,0.0,-0.0368715083798882,0,0,0.3806416332468271,0.1487514041303033,0,LOW,0.1660888274794879,0.3806416332468271,58.17,0.1278064985813469,0.95,1.104410011918951,1.0842020378525694,Very Low
2026-04-27,30,19723,22292,17026,680,6606,10865,22126,0,1104,1003,992,1012,-451,0,996,demanddata_2026.csv,1398.0,997.0,988.0,-514.0,-613.0,2026-04-27 14:30:00,2026,4,27,14,30,0,Monday,0,0.1998109360053795,0.4018028051369505,117,-0.4999999999999997,-0.8660254037844388,0.8660254037844387,-0.4999999999999998,19689.0,17164.0,24225.0,20786.916666666668,23221.979166666668,22708.11904761905,0,11545,28732,0.4018028051369505,6421.0,8351.0,0.4233928209288177,0.0,-0.031078888663557,0,0,0.3921383321184725,0.1494858722889484,0,LOW,0.1398676552037657,0.3921383321184725,67.83,0.1163349505622389,0.95,1.10436125257341,1.0867943599282004,Low
2026-04-27,31,20564,23024,17882,746,6606,9484,22126,0,995,1002,991,1055,-451,0,995,demanddata_2026.csv,1396.0,996.0,679.0,-514.0,-466.0,2026-04-27 15:00:00,2026,4,27,15,0,0,Monday,0,0.238267082053141,0.3560366129537465,117,-0.7071067811865471,-0.7071067811865479,0.8660254037844387,-0.4999999999999998,19723.0,17766.0,24090.0,20440.08333333333,23280.27083333333,22697.625,0,10230,28732,0.3560366129537465,6149.0,8079.0,0.3928519328956966,0.0,-0.0226598589837101,0,0,0.4342396794415881,0.1676531582130822,0,LOW,0.1667869574371987,0.4342396794415881,62.83,0.268168767082255,0.95,1.0999404052443384,1.0962875416926372,Low
2026-04-27,32,21186,23081,18585,812,6606,8807,22126,0,462,969,958,1021,-436,0,963,demanddata_2026.csv,1350.0,963.0,639.0,-497.0,-214.0,2026-04-27 15:30:00,2026,4,27,15,30,0,Monday,0,0.2710899911336546,0.3347718651028434,117,-0.7071067811865471,-0.7071067811865479,0.8660254037844387,-0.4999999999999998,20564.0,19046.0,24894.0,20268.0,23324.854166666668,22686.589285714286,0,9619,28732,0.3347718651028434,5930.0,7796.0,0.3679614858167744,0.0,-0.0101005333459196,0,0,0.4541403164517036,0.1810896051153547,0,LOW,0.1897629937935582,0.4541403164517036,68.76,0.2739927747758154,0.95,1.0963809730198288,1.1007748176678025,Low
2026-04-27,33,23501,25014,20859,859,6606,7646,22126,0,48,1003,991,832,-451,0,990,demanddata_2026.csv,1397.0,996.0,988.0,-514.0,-292.0,2026-04-27 16:00:00,2026,4,27,16,0,0,Monday,0,0.3334204218421742,0.2960011137020151,117,-0.8660254037844385,-0.5000000000000004,0.8660254037844387,-0.4999999999999998,21186.0,20441.0,25990.0,20395.08333333333,23388.604166666668,22679.18154761905,0,8505,28732,0.2960011137020151,6232.0,8162.0,0.347289592375117,0.0,-0.0124244745128074,1,0,0.5078183618520287,0.2310982459172211,0,MODERATE,0.2333942952895219,0.5078183618520287,98.67,0.4469274410656673,1.3,1.1012894138043126,1.112878360051711,High
2026-04-27,34,24848,26334,22115,905,6606,5630,22126,0,21,1003,991,815,-451,0,990,demanddata_2026.csv,1397.0,996.0,996.0,-514.0,-133.0,2026-04-27 16:30:00,2026,4,27,16,30,0,Monday,0,0.3167298796932958,0.2274388333971392,117,-0.8660254037844385,-0.5000000000000004,0.8660254037844387,-0.4999999999999998,23501.0,22756.0,26965.0,20688.666666666668,23432.1875,22672.88095238096,0,6535,28732,0.2274388333971392,6223.0,8153.0,0.3281017344762365,0.0,-0.0053523280614914,1,0,0.5602666389002027,0.2601961462023676,0,MODERATE,0.221710915785307,0.5602666389002027,99.81,0.0981620045277536,1.3,1.1011431357676889,1.1247046093028004,High
2026-04-27,35,26424,27919,23591,925,6606,3928,22126,0,20,1003,991,448,-451,0,828,demanddata_2026.csv,1397.0,996.0,-10.0,-514.0,152.0,2026-04-27 17:00:00,2026,4,27,17,0,0,Monday,0,0.5500198162602851,0.1688998712282045,117,-0.9659258262890684,-0.2588190451025206,0.8660254037844387,-0.4999999999999998,24848.0,25095.0,28166.0,21166.58333333333,23459.875,22667.696428571428,0,4853,28732,0.1688998712282045,4688.0,6638.0,0.25120151371807,0.0,0.0057521286660359,1,0,0.5925554389381535,0.2942409055560356,1,MODERATE,0.6850138713821995,0.5925554389381535,98.95,0.1212045613844363,1.3,1.0761946039657602,1.131985218290521,High
2026-04-27,36,28002,29585,25137,945,6606,3034,22126,0,18,1003,991,416,-451,0,816,demanddata_2026.csv,1397.0,996.0,-100.0,-514.0,594.0,2026-04-27 17:30:00,2026,4,27,17,30,0,Monday,0,0.5988001929834418,0.1384818849406605,117,-0.9659258262890684,-0.2588190451025206,0.8660254037844387,-0.4999999999999998,26424.0,26779.0,29343.0,21839.5,23485.354166666668,22663.70535714286,0,3979,28732,0.1384818849406605,4554.0,6684.0,0.2386887119237224,0.0,0.0212120129986072,1,0,0.6188435361029822,0.3283288689190357,1,MODERATE,0.7191601350884091,0.6188435361029822,100.88,0.1430856162092942,1.3,1.0740166865315852,1.1379127645685916,High
2026-04-27,37,28231,30715,25492,963,6606,2159,22126,0,12,1004,991,-473,-451,0,264,demanddata_2026.csv,1397.0,996.0,-534.0,-514.0,1176.0,2026-04-27 18:00:00,2026,4,27,18,0,0,Monday,0,0.5838041481912197,0.1086555528486409,117,-1.0,-1.8369701987210287e-16,0.8660254037844387,-0.4999999999999998,28002.0,27393.0,29662.0,22554.75,23502.8125,22659.446428571428,0,3122,28732,0.1086555528486409,2680.0,6624.0,0.2346273731935392,0.0,0.0416548597336355,1,0,0.6349478755633715,0.3332757279875572,1,MODERATE,0.7086629037338538,0.6349478755633715,103.05,0.0525695144735939,1.3,1.0435583486834976,1.1415440360459708,High
2026-04-27,38,28554,31147,25916,981,6606,1391,22126,0,11,1004,992,-545,-451,0,238,demanddata_2026.csv,1397.0,997.0,-572.0,-514.0,1395.0,2026-04-27 18:30:00,2026,4,27,18,30,0,Monday,0,0.6020096611781705,0.0825531618696272,117,-1.0,-1.8369701987210287e-16,0.8660254037844387,-0.4999999999999998,28231.0,27897.0,30851.0,23307.58333333333,23516.5,22652.61011904762,0,2372,28732,0.0825531618696272,2546.0,6710.0,0.2349851164419541,0.0,0.048853090527053,1,0,0.6504171145024065,0.3402531754946859,1,HIGH,0.7214067628247193,0.6504171145024065,105.61,0.1561944679132961,1.3,1.041380431249323,1.1450321024937906,High
2026-04-27,39,29298,31952,26499,966,6606,792,22126,0,3,1004,992,-324,-451,0,81,demanddata_2026.csv,1397.0,997.0,-862.0,-514.0,1381.0,2026-04-27 19:00:00,2026,4,27,19,0,0,Monday,0,0.6283314875076214,0.061184004454808,117,-0.9659258262890684,0.2588190451025203,0.8660254037844387,-0.4999999999999998,28554.0,28312.0,31183.0,24115.33333333333,23537.041666666668,22647.0,0,1758,28732,0.061184004454808,2320.0,6622.0,0.2260145397453838,0.0,0.0471347144953752,1,0,0.6639327625938072,0.3563250669662144,1,HIGH,0.739832041255335,0.6639327625938072,101.88,0.1914628720520212,1.3,1.03770722721855,1.14807966539032,High
2026-04-27,40,29452,32059,26618,950,6606,270,22126,0,3,1004,992,-308,-451,0,92,demanddata_2026.csv,1397.0,996.0,-831.0,-514.0,1296.0,2026-04-27 19:30:00,2026,4,27,19,30,0,Monday,0,0.6488141893999357,0.0424598893258622,117,-0.9659258262890684,0.2588190451025203,0.8660254037844387,-0.4999999999999998,29298.0,28307.0,31339.0,24956.0,23560.89583333333,22641.383928571428,0,1220,28732,0.0424598893258622,2377.0,6585.0,0.2235765456829525,0.0,0.0440023087631141,1,0,0.6735170032780956,0.3596517756847835,1,HIGH,0.7541699325799549,0.6735170032780956,104.87,0.0715210417929905,1.3,1.0386336547838335,1.1502407586729595,High
2026-04-27,41,31288,32766,28169,988,6606,21,22126,0,13,1003,992,236,-451,0,850,demanddata_2026.csv,1397.0,997.0,238.0,-514.0,504.0,2026-04-27 20:00:00,2026,4,27,20,0,0,Monday,0,0.4582618355953984,0.0351164166637664,117,-0.8660254037844386,0.5000000000000001,0.8660254037844387,-0.4999999999999998,29452.0,29032.0,31107.0,25922.58333333333,23607.89583333333,22641.92261904762,0,1009,28732,0.0351164166637664,4748.0,6678.0,0.2134296398095177,0.0,0.0161078973441145,1,0,0.685395135710487,0.3993130562516201,0,MODERATE,0.3207832849167789,0.685395135710487,102.9,0.2500540336545354,1.3,1.0771697908765847,1.1529190879277773,High
2026-04-27,42,31437,32918,28260,1026,6606,0,22126,0,16,1003,992,261,-451,0,894,demanddata_2026.csv,1397.0,996.0,349.0,-514.0,286.0,2026-04-27 20:30:00,2026,4,27,20,30,0,Monday,0,0.472592366992695,0.0357080708592907,117,-0.8660254037844386,0.5000000000000001,0.8660254037844387,-0.4999999999999998,31288.0,28752.0,30933.0,26898.75,23663.83333333333,22643.42261904762,0,1026,28732,0.0357080708592907,4927.0,6857.0,0.21811183917552,0.0,0.0090972708187543,1,0,0.6868940174335456,0.402531754946859,0,MODERATE,0.3308146568948865,0.6868940174335456,106.89,0.4611375930128913,1.3,1.080079098493878,1.1532570618299232,High
2026-04-27,43,31066,32552,28001,1042,6606,0,22126,0,21,1003,992,652,-451,0,875,demanddata_2026.csv,1397.0,997.0,953.0,-514.0,279.0,2026-04-27 21:00:00,2026,4,27,21,0,0,Monday,0,0.4548787395055418,0.036264921866843,117,-0.7071067811865477,0.7071067811865474,0.8660254037844387,-0.4999999999999998,31437.0,28455.0,30023.0,27773.916666666668,23718.229166666668,22646.526785714286,0,1042,28732,0.036264921866843,5904.0,7834.0,0.2521646763446744,0.0,0.0089805903370135,0,0,0.6913688342608336,0.3945174112157608,0,MODERATE,0.3184151176538793,0.6913688342608336,76.81,0.4351718812248178,1.0,1.095958392025138,1.154266061593707,Moderate
2026-04-27,44,28333,29820,25563,1058,6606,0,22126,0,22,1003,992,670,-451,0,874,demanddata_2026.csv,1385.0,996.0,986.0,-514.0,105.0,2026-04-27 21:30:00,2026,4,27,21,30,0,Monday,0,0.3792066422307965,0.0368217728743952,117,-0.7071067811865477,0.7071067811865474,0.8660254037844387,-0.4999999999999998,31066.0,27471.0,28914.0,28369.5,23736.1875,22644.79761904762,0,1058,28732,0.0368217728743952,5941.0,7871.0,0.2777934636832074,0.0,0.0037057951577609,0,0,0.6807206136514129,0.3354791324634926,0,MODERATE,0.2654446495615575,0.6807206136514129,81.62,0.2992005641045842,1.0,1.096559757286813,1.1518650578220877,Moderate
2026-04-27,45,26958,28437,24250,1071,6606,0,22126,0,14,1003,992,689,-451,0,948,demanddata_2026.csv,1234.0,997.0,659.0,-514.0,168.0,2026-04-27 22:00:00,2026,4,27,22,0,0,Monday,0,0.3974855766480975,0.0372742143180315,117,-0.5000000000000004,0.8660254037844384,0.8660254037844387,-0.4999999999999998,28333.0,25866.0,27290.0,28657.58333333333,23758.9375,22643.809523809523,0,1071,28732,0.0372742143180315,5557.0,7487.0,0.2777180162468934,0.0,0.0062316851515263,0,0,0.6725320088188708,0.3057763760476972,0,MODERATE,0.2782399036536682,0.6725320088188708,82.72,0.1607009821240909,1.0,1.090318561057536,1.15001865814571,Moderate
2026-04-27,46,24860,26339,22367,1084,6606,0,22126,0,14,1003,992,691,-451,0,951,demanddata_2026.csv,1227.0,997.0,645.0,-514.0,244.0,2026-04-27 22:30:00,2026,4,27,22,30,0,Monday,0,0.3953359194685736,0.0377266557616677,117,-0.5000000000000004,0.8660254037844384,0.8660254037844387,-0.4999999999999998,26958.0,24674.0,25461.0,28658.58333333333,23762.8125,22642.02083333333,0,1084,28732,0.0377266557616677,5541.0,7471.0,0.3005108402719118,0.0,0.0098145690036603,0,0,0.6645023882536464,0.2604553702583599,0,MODERATE,0.2767351436280015,0.6645023882536464,74.63,0.043619429637735,1.0,1.0900585112146497,1.1482081068837726,Moderate
2026-04-27,47,23195,24673,20955,1097,6606,0,22126,0,13,1002,992,961,-451,0,991,demanddata_2026.csv,1378.0,997.0,1042.0,-514.0,43.0,2026-04-27 23:00:00,2026,4,27,23,0,0,Monday,0,0.355612380704117,0.038179097205304,117,-0.2588190451025215,0.965925826289068,0.8660254037844387,-0.4999999999999998,24860.0,23295.0,24473.0,28389.5,23760.729166666668,22638.217261904763,0,1097,28732,0.038179097205304,6398.0,8328.0,0.3590274185204345,0.0,0.0018537678910156,0,0,0.6659082516059109,0.224488032489415,0,MODERATE,0.2489286664928819,0.6659082516059109,71.02,0.3737307738761966,1.0,1.1039874309242603,1.1485251066281412,Low
2026-04-27,48,22795,24256,20686,1110,6606,0,22126,0,14,1002,992,973,-433,0,992,demanddata_2026.csv,1397.0,997.0,1070.0,-514.0,-87.0,2026-04-27 23:30:00,2026,4,27,23,30,0,Monday,0,0.3541802711294967,0.0386315386489402,117,-0.2588190451025215,0.965925826289068,0.8660254037844387,-0.4999999999999998,23195.0,22024.0,23761.0,27955.58333333333,23776.791666666668,22635.342261904763,0,1110,28732,0.0386315386489402,6476.0,8370.0,0.3671696788910335,0.0,-0.0038164590278996,0,0,0.6648060511662252,0.2158472306230018,0,MODERATE,0.2479261897906477,0.6648060511662252,79.02,0.1583798219691979,1.0,1.1052551739083325,1.1482765780232376,Moderate
2026-04-28,1,22598,23998,20464,1147,6606,0,22126,0,15,1002,992,1035,-371,0,754,demanddata_2026.csv,1397.0,997.0,1070.0,-514.0,-367.0,2026-04-28 00:00:00,2026,4,28,0,0,1,Tuesday,0,0.3456109654625779,0.0399192566039049,118,0.0,1.0,0.8660254037844387,-0.4999999999999998,22795.0,22066.0,23037.0,27486.166666666668,23787.875,22634.03571428572,0,1147,28732,0.0399192566039049,6362.0,8132.0,0.3598389309261471,0.0,-0.0162396566219744,0,1,0.6613089813631298,0.2115916357037933,0,MODERATE,0.2419276758238045,0.6613089813631298,62.44,0.1482071748049755,0.82,1.1034023187777655,1.1474880446057931,Very Low
2026-04-28,2,22198,23596,20049,1184,6606,0,22126,0,13,1003,992,1038,-371,0,745,demanddata_2026.csv,1397.0,997.0,1064.0,-514.0,-621.0,2026-04-28 00:30:00,2026,4,28,0,30,1,Tuesday,0,0.3542302716105446,0.0412069745588695,118,0.0,1.0,0.8660254037844387,-0.4999999999999998,22598.0,21840.0,23232.0,26956.5,23795.33333333333,22630.95833333333,0,1184,28732,0.0412069745588695,6351.0,8121.0,0.3658272895175458,0.0,-0.0279742330735618,0,1,0.6591854199531023,0.2029508338373801,0,MODERATE,0.2479611901273812,0.6591854199531023,63.03,0.22346273292348,0.82,1.1032235345107813,1.1470092154058955,Low
2026-04-28,3,22045,23467,19927,1189,6606,0,22126,0,37,1002,992,1054,-371,0,973,demanddata_2026.csv,1397.0,996.0,838.0,-514.0,-796.0,2026-04-28 01:00:00,2026,4,28,1,0,1,Tuesday,0,0.3405435079322792,0.0413809904987296,118,0.2588190451025207,0.9659258262890684,0.8660254037844387,-0.4999999999999998,22198.0,22198.0,23071.0,26352.08333333333,23792.14583333333,22627.904761904763,0,1189,28732,0.0413809904987296,6367.0,8137.0,0.3690918987571441,0.0,-0.0361063231425201,0,1,0.6587631643073337,0.199645727123477,0,MODERATE,0.2383804555525954,0.6587631643073337,60.46,0.4067163297233216,0.82,1.103483584353668,1.1469140034981729,Very Low
2026-04-28,4,21571,23086,19478,1194,6606,0,22126,0,130,1002,992,1054,-371,0,982,demanddata_2026.csv,1367.0,997.0,810.0,-514.0,-783.0,2026-04-28 01:30:00,2026,4,28,1,30,1,Tuesday,0,0.3518515703997945,0.0415550064385897,118,0.2588190451025207,0.9659258262890684,0.8660254037844387,-0.4999999999999998,22045.0,22247.0,23336.0,25695.33333333333,23778.0625,22622.651785714286,0,1194,28732,0.0415550064385897,6319.0,8089.0,0.3749768218060448,0.0,-0.0362970517337289,0,1,0.6568254742050768,0.1894063769117774,0,MODERATE,0.2462960992798561,0.6568254742050768,65.71,0.0412516233328699,0.82,1.1027034348250082,1.1464770853111443,Low
2026-04-28,5,21538,22934,19542,1214,6606,0,22126,0,10,1002,992,891,-372,0,996,demanddata_2026.csv,994.0,996.0,395.0,-514.0,-465.0,2026-04-28 02:00:00,2026,4,28,2,0,1,Tuesday,0,0.338888598879994,0.0422510701980301,118,0.4999999999999999,0.8660254037844387,0.8660254037844387,-0.4999999999999998,21571.0,22040.0,22453.0,24882.83333333333,23767.604166666668,22619.92857142857,0,1214,28732,0.0422510701980301,5380.0,7152.0,0.3320488416361019,0.0,-0.0215887459956358,0,1,0.6475656794036259,0.1886935107577983,0,MODERATE,0.2372220192159957,0.6475656794036259,70.07,0.0856113577554334,0.82,1.0874417596706034,1.144389149396008,Low
2026-04-28,6,20489,22320,18398,1233,6606,0,22126,0,445,1002,992,885,-372,0,997,demanddata_2026.csv,918.0,996.0,350.0,-514.0,-932.0,2026-04-28 02:30:00,2026,4,28,2,30,1,Tuesday,0,0.3129455326268777,0.0429123307694984,118,0.4999999999999999,0.8660254037844387,0.8660254037844387,-0.4999999999999998,21538.0,21977.0,22064.0,23970.5,23736.604166666668,22615.24107142857,0,1233,28732,0.0429123307694984,5254.0,7026.0,0.3428989751098096,0.0,-0.0454856027330405,0,1,0.6425040631706089,0.1660330078631297,0,MODERATE,0.2190618728388144,0.6425040631706089,62.17,0.0546426127956233,0.82,1.085393867157872,1.1432478357332152,Very Low
2026-04-28,7,20292,22008,18366,1267,6606,0,22126,0,91,1002,992,769,-372,0,997,demanddata_2026.csv,546.0,996.0,-239.0,-514.0,-365.0,2026-04-28 03:00:00,2026,4,28,3,0,1,Tuesday,0,0.3404714903272995,0.0440956391605471,118,0.7071067811865476,0.7071067811865476,0.8660254037844387,-0.4999999999999998,20489.0,20864.0,21638.0,23072.666666666668,23724.6875,22611.23511904762,0,1267,28732,0.0440956391605471,4177.0,6427.0,0.3167101956339624,0.0,-0.0179864978071256,0,1,0.6351364260570592,0.1617774129439212,0,MODERATE,0.2383300432291096,0.6351364260570592,59.33,0.1937220875651009,0.82,1.0678892621085707,1.1415865511724967,Very Low
2026-04-28,8,19749,21751,17768,1300,6606,0,22126,0,331,1002,992,697,-372,0,997,demanddata_2026.csv,469.0,996.0,-285.0,-514.0,-679.0,2026-04-28 03:30:00,2026,4,28,3,30,1,Tuesday,0,0.3024117479627682,0.0452441443636237,118,0.7071067811865476,0.7071067811865476,0.8660254037844387,-0.4999999999999998,20292.0,20992.0,21099.0,22357.33333333333,23698.791666666668,22607.217261904763,0,1300,28732,0.0452441443636237,3982.0,6324.0,0.3202025316455696,0.0,-0.034379746835443,0,1,0.6313846303718644,0.1500475244102652,0,MODERATE,0.2116882235739377,0.6313846303718644,59.61,0.149966746638704,0.82,1.0647199046483908,1.1407405811347866,Very Low
2026-04-28,9,19511,21404,17615,1291,6606,0,22126,0,36,1002,992,3,-372,0,963,demanddata_2026.csv,96.0,996.0,-471.0,-514.0,-193.0,2026-04-28 04:00:00,2026,4,28,4,0,1,Tuesday,0,0.3098358761103123,0.0449309156718755,118,0.8660254037844386,0.5000000000000001,0.8660254037844387,-0.4999999999999998,19749.0,20371.0,20710.0,21736.75,23680.875,22603.64880952381,0,1291,28732,0.0449309156718755,2695.0,5409.0,0.2772140221402214,0.0,-0.0098913489134891,0,1,0.6214079114528792,0.1449062472997494,0,MODERATE,0.2168851132772186,0.6214079114528792,60.73,0.4751180164702846,0.82,1.043802145411204,1.1384909902752889,Very Low
2026-04-28,10,19446,21604,17544,1281,6606,0,22126,0,270,1002,992,0,-372,0,962,demanddata_2026.csv,79.0,997.0,-502.0,-514.0,-461.0,2026-04-28 04:30:00,2026,4,28,4,30,1,Tuesday,0,0.3460293281053193,0.0445828837921553,118,0.8660254037844386,0.5000000000000001,0.8660254037844387,-0.4999999999999998,19511.0,20582.0,20378.0,21285.58333333333,23657.20833333333,22600.875,0,1281,28732,0.0445828837921553,2644.0,5420.0,0.2787062271815704,0.0,-0.0237054558543734,0,1,0.6215229153997569,0.1435021169964572,0,MODERATE,0.2422205296737234,0.6215229153997569,57.1,0.2675755334666584,0.82,1.042973236537003,1.1385169218295206,Very Low
2026-04-28,11,19880,23113,17968,1328,6606,0,22126,0,288,1002,992,-403,-372,0,903,demanddata_2026.csv,452.0,996.0,-1156.0,-514.0,-352.0,2026-04-28 05:00:00,2026,4,28,5,0,1,Tuesday,0,0.3081736165410886,0.0462186336268402,118,0.9659258262890684,0.2588190451025207,0.8660254037844387,-0.4999999999999998,19446.0,20267.0,20560.0,21009.33333333333,23649.14583333333,22598.85119047619,0,1328,28732,0.0462186336268402,1900.0,6790.0,0.3415321160907399,0.0,-0.0177053468135405,0,1,0.6358282368967701,0.1528773870215156,0,MODERATE,0.215721531578762,0.6358282368967701,61.17,0.0928044049941839,0.82,1.030880918842778,1.1417425434735882,Very Low
2026-04-28,12,20385,23900,18437,1374,6606,0,22126,0,532,1002,992,-434,-354,0,900,demanddata_2026.csv,528.0,996.0,-1181.0,-514.0,-404.0,2026-04-28 05:30:00,2026,4,28,5,30,1,Tuesday,0,0.3226581618919759,0.047819580273553,118,0.9659258262890684,0.2588190451025207,0.8660254037844387,-0.4999999999999998,19880.0,21014.0,21323.0,20808.5,23636.041666666668,22596.059523809523,0,1374,28732,0.047819580273553,1935.0,6901.0,0.3385166290591582,0.0,-0.0198175218287059,0,1,0.6374878894132203,0.1637863993778622,0,MODERATE,0.2258607133243831,0.6374878894132203,55.44,0.236961206701827,0.82,1.0314497778740923,1.1421167686232858,Very Low
2026-04-28,13,22598,24935,20436,1406,6606,30,22126,0,365,1002,992,622,-443,0,902,demanddata_2026.csv,901.0,996.0,-515.0,-514.0,-815.0,2026-04-28 06:00:00,2026,4,28,6,0,1,Tuesday,0,0.3687424946429151,0.0499773779278181,118,1.0,6.123233995736766e-17,0.8660254037844387,-0.4999999999999998,20385.0,23319.0,23556.0,20808.5,23621.02083333333,22593.20833333333,0,1436,28732,0.0499773779278181,3943.0,6887.0,0.3047479976990132,0.0,-0.0360635426346298,0,0,0.6438967064837102,0.2115916357037933,0,MODERATE,0.2581197462500405,0.6438967064837102,77.59,0.1291509496897704,1.08,1.064086033156355,1.143561854569782,Moderate
2026-04-28,14,24668,26556,22344,1437,6606,156,22126,0,78,1001,992,747,-452,0,902,demanddata_2026.csv,977.0,996.0,-344.0,-514.0,-604.0,2026-04-28 06:30:00,2026,4,28,6,30,1,Tuesday,0,0.3692892394208218,0.055441478439425,118,1.0,6.123233995736766e-17,0.8660254037844387,-0.4999999999999998,22598.0,24526.0,24959.0,21014.33333333333,23623.979166666668,22592.342261904763,0,1593,28732,0.055441478439425,4305.0,6925.0,0.280716688961855,0.0,-0.0244841704163119,0,0,0.6490826011689201,0.2563077853624816,0,MODERATE,0.2585024675945753,0.6490826011689201,84.47,0.0127658320451634,1.08,1.0699696608516631,1.1447311910397076,Moderate
2026-04-28,15,27285,28845,24682,1469,6606,414,22126,0,94,1001,992,1028,-452,0,993,demanddata_2026.csv,1350.0,997.0,1230.0,-514.0,-823.0,2026-04-28 07:00:00,2026,4,28,7,0,1,Tuesday,0,0.5947704627677269,0.0655344029513103,118,0.9659258262890684,-0.2588190451025206,0.8660254037844387,-0.4999999999999998,24668.0,26920.0,27302.0,21451.0,23631.58333333333,22592.291666666668,0,1883,28732,0.0655344029513103,6625.0,8557.0,0.3136040460309316,0.0,-0.0301619878325881,0,0,0.6667278477314948,0.31284023157349,1,MODERATE,0.7163393239374088,0.6667278477314948,83.68,0.1114019446468106,1.08,1.1076768880702137,1.1487099124713815,Moderate
2026-04-28,16,28686,30162,25942,1501,6606,804,22126,0,10,1001,992,1039,-452,0,997,demanddata_2026.csv,1397.0,997.0,1428.0,-514.0,-904.0,2026-04-28 07:30:00,2026,4,28,7,30,1,Tuesday,0,0.6435860475335601,0.080221348275502,118,0.9659258262890684,-0.2588190451025206,0.8660254037844387,-0.4999999999999998,27285.0,27420.0,27991.0,22043.916666666668,23657.95833333333,22594.36011904762,0,2305,28732,0.080221348275502,6885.0,8817.0,0.3073517621222156,0.0,-0.0315125318088332,0,0,0.6669194295786687,0.3431046401106022,1,HIGH,0.7505102332734921,0.6669194295786687,89.61,0.2724144699935742,1.08,1.11190269801712,1.1487531111197296,High
2026-04-28,17,28988,30465,26168,1530,6606,1161,22126,0,11,1001,992,1063,-452,0,997,demanddata_2026.csv,1397.0,997.0,1430.0,-514.0,-793.0,2026-04-28 08:00:00,2026,4,28,8,0,1,Tuesday,0,0.6323812814047013,0.093655378832701,118,0.8660254037844387,-0.4999999999999998,0.8660254037844387,-0.4999999999999998,28686.0,27375.0,27982.0,22664.75,23691.5625,22597.354166666668,0,2691,28732,0.093655378832701,6911.0,8843.0,0.3050467418676049,0.0,-0.0273552036979543,0,0,0.6617523592772849,0.3496284455197442,1,HIGH,0.7426668969832908,0.6617523592772849,90.03,0.070670519213168,1.08,1.1123252790118106,1.147588019247866,High
2026-04-28,18,28974,30450,26100,1559,6606,1652,22126,0,10,1001,992,1064,-452,0,997,demanddata_2026.csv,1397.0,997.0,1426.0,-514.0,-969.0,2026-04-28 08:30:00,2026,4,28,8,30,1,Tuesday,0,0.6217792845244738,0.1117530365781505,118,0.8660254037844387,-0.4999999999999998,0.8660254037844387,-0.4999999999999998,28988.0,25833.0,27012.0,23371.83333333333,23757.0,22603.19345238096,0,3211,28732,0.1117530365781505,6908.0,8840.0,0.305090595340811,0.0,-0.0334426229508196,0,0,0.6526943802003684,0.3493260174544197,1,HIGH,0.7352454991671317,0.6526943802003684,81.01,0.2071106013382818,1.08,1.1122765196662694,1.1455455895570608,Moderate
2026-04-28,19,29431,30907,26597,1636,6606,2150,22126,0,10,1001,992,1057,-452,0,1016,demanddata_2026.csv,1397.0,997.0,1426.0,-514.0,-571.0,2026-04-28 09:00:00,2026,4,28,9,0,1,Tuesday,0,0.6122733919116927,0.131764869662061,118,0.7071067811865476,-0.7071067811865475,0.8660254037844387,-0.4999999999999998,28974.0,24726.0,26140.0,24133.416666666668,23855.02083333333,22612.98809523809,0,3786,28732,0.131764869662061,6920.0,8852.0,0.3007610763794509,0.0,-0.0194006523511823,0,0,0.6452405170584454,0.3591981335867968,1,HIGH,0.7285913743381849,0.6452405170584454,92.2,0.1240171722301055,1.08,1.1124715570484345,1.1438648624033565,High
2026-04-28,20,29207,30684,26297,1712,6606,2952,22126,0,11,1001,992,1057,-452,0,1016,demanddata_2026.csv,1397.0,997.0,1426.0,-514.0,-706.0,2026-04-28 09:30:00,2026,4,28,9,30,1,Tuesday,0,0.5984707957663663,0.162322068701493,118,0.7071067811865476,-0.7071067811865475,0.8660254037844387,-0.4999999999999998,29431.0,23251.0,25181.0,24921.58333333333,23979.104166666668,22624.97023809524,0,4664,28732,0.162322068701493,6920.0,8852.0,0.303067652697891,0.0,-0.0241714598740071,0,0,0.6290413094958286,0.3543592845416055,1,MODERATE,0.7189295570364564,0.6290413094958286,84.56,0.0232015809204369,1.08,1.1124715570484345,1.1402121996832886,Moderate
2026-04-28,21,28893,30366,25988,1766,6606,3277,22126,0,7,1001,992,1057,-452,0,1016,demanddata_2026.csv,1397.0,997.0,1426.0,-514.0,-931.0,2026-04-28 10:00:00,2026,4,28,10,0,1,Tuesday,0,0.3975567543475429,0.1755124769428879,118,0.4999999999999999,-0.8660254037844387,0.8660254037844387,-0.4999999999999998,29207.0,21976.0,24191.0,25703.416666666668,24123.20833333333,22638.964285714286,0,5043,28732,0.1755124769428879,6920.0,8852.0,0.3063611822523707,0.0,-0.032221222399114,0,0,0.6206798855882566,0.3475762550764711,0,MODERATE,0.27828972804328,0.6206798855882566,76.1,0.0267034148110869,0.95,1.1124715570484345,1.1383268320641744,Moderate
2026-04-28,22,28423,29904,25610,1819,6606,4091,22126,0,15,1001,992,1056,-452,0,1016,demanddata_2026.csv,1397.0,997.0,1426.0,-514.0,-842.0,2026-04-28 10:30:00,2026,4,28,10,30,1,Tuesday,0,0.387988319213437,0.2056868409146277,118,0.4999999999999999,-0.8660254037844387,0.8660254037844387,-0.4999999999999998,28893.0,21325.0,23388.0,26451.5,24271.08333333333,22653.949404761905,0,5910,28732,0.2056868409146277,6919.0,8851.0,0.31139178159302,0.0,-0.0296228539262595,0,0,0.6026058688499368,0.3374233128834356,0,MODERATE,0.2715918234494059,0.6026058688499368,80.19,0.3392653775884808,0.95,1.112455303933254,1.134251429802258,Moderate
2026-04-28,23,27513,28984,24684,1816,6606,4615,22126,0,19,1001,992,1058,-438,0,1016,demanddata_2026.csv,1397.0,997.0,1426.0,-514.0,-706.0,2026-04-28 11:00:00,2026,4,28,11,0,1,Tuesday,0,0.3731798175025477,0.2238193018480492,118,0.258819045102521,-0.9659258262890682,0.8660254037844387,-0.4999999999999998,28423.0,20689.0,22027.0,27087.58333333333,24413.25,22670.276785714286,0,6431,28732,0.2238193018480492,6935.0,8839.0,0.3212546340045068,0.0,-0.0256596641709675,0,0,0.5870525019597196,0.3177654886373455,0,MODERATE,0.2612258722517834,0.5870525019597196,74.12,0.2905610872517904,0.95,1.1127153537761405,1.1307443938443675,Moderate
2026-04-28,24,26753,28099,23924,1812,6606,6136,22126,0,19,1000,992,1058,-313,0,1016,demanddata_2026.csv,1397.0,997.0,1424.0,-514.0,-631.0,2026-04-28 11:30:00,2026,4,28,11,30,1,Tuesday,0,0.350044786852347,0.2766157380016009,118,0.258819045102521,-0.9659258262890682,0.8660254037844387,-0.4999999999999998,27513.0,19927.0,21124.0,27618.25,24555.45833333333,22687.029761904763,0,7948,28732,0.2766157380016009,7057.0,8711.0,0.325596172534948,0.0,-0.0235852582791358,0,0,0.5523919206311122,0.3013479650911604,0,MODERATE,0.2450313507966429,0.5523919206311122,69.96,0.0165160191799384,0.95,1.1146982338281504,1.122928986035961,Low
2026-04-28,25,26117,27372,23316,1860,6606,7198,22126,0,19,1001,992,1059,-213,0,1016,demanddata_2026.csv,1397.0,997.0,1422.0,-523.0,-408.0,2026-04-28 12:00:00,2026,4,28,12,0,1,Tuesday,0,0.3271811166194656,0.3152472766505412,118,1.2246467991473532e-16,-1.0,0.8660254037844387,-0.4999999999999998,26753.0,19648.0,20980.0,27911.5,24690.229166666668,22702.31845238096,0,9058,28732,0.3152472766505412,7148.0,8620.0,0.3300405850371391,0.0,-0.0156214105214794,0,0,0.5251853801658442,0.2876090901235634,0,MODERATE,0.2290267816336259,0.5251853801658442,66.61,0.0999629846416259,0.95,1.1161772673095676,1.1167943454546017,Low
2026-04-28,26,25203,26361,22422,1907,6606,7906,22126,0,15,1000,992,1059,-138,0,1016,demanddata_2026.csv,1397.0,997.0,1422.0,-505.0,-659.0,2026-04-28 12:30:00,2026,4,28,12,30,1,Tuesday,0,0.3099329575955811,0.341523683569415,118,1.2246467991473532e-16,-1.0,0.8660254037844387,-0.4999999999999998,26117.0,19520.0,20406.0,27956.08333333333,24808.625,22716.59523809524,0,9813,28732,0.341523683569415,7240.0,8526.0,0.3382796381526742,0.0,-0.0261466433899381,0,0,0.5009271164678114,0.2678648578588093,0,MODERATE,0.2169530703169068,0.5009271164678114,70.7,0.2016030557574221,0.95,1.1176725539061654,1.1113244942213936,Low
2026-04-28,27,24373,25678,21621,1883,6606,8781,22126,0,30,1000,992,1058,-263,0,1016,demanddata_2026.csv,1397.0,997.0,1422.0,-512.0,-1194.0,2026-04-28 13:00:00,2026,4,28,13,0,1,Tuesday,0,0.3065042895177764,0.3711411965336025,118,-0.2588190451025208,-0.9659258262890684,0.8660254037844387,-0.4999999999999998,25203.0,19605.0,19596.0,27713.416666666668,24907.95833333333,22730.8125,0,10664,28732,0.3711411965336025,7107.0,8657.0,0.3551735455813571,0.0,-0.0489866250923114,0,0,0.4760062029015398,0.2499351939860019,0,MODERATE,0.2145530026624434,0.4760062029015398,68.0,0.350119646659135,0.95,1.1155108895871708,1.1057052260206692,Low
2026-04-28,28,23516,24861,20847,1858,6606,9839,22126,0,71,1000,992,1057,-261,0,1016,demanddata_2026.csv,1397.0,997.0,1422.0,-513.0,-1094.0,2026-04-28 13:30:00,2026,4,28,13,30,1,Tuesday,0,0.2845056095883156,0.4070928897086973,118,-0.2588190451025208,-0.9659258262890684,0.8660254037844387,-0.4999999999999998,24373.0,19364.0,19468.0,27282.58333333333,24994.45833333333,22742.86011904762,0,11697,28732,0.4070928897086973,7107.0,8655.0,0.3680316366883531,0.0,-0.0465195390568524,0,0,0.4442925302261692,0.2314222759872116,0,LOW,0.1991539267118209,0.4442925302261692,60.91,0.1942392599514117,0.95,1.1155108895871708,1.0985542990725463,Very Low
2026-04-28,29,22673,24460,20039,1836,6606,10295,22126,0,408,1001,992,1057,-365,0,997,demanddata_2026.csv,1397.0,997.0,1422.0,-514.0,-1368.0,2026-04-28 14:00:00,2026,4,28,14,0,1,Tuesday,0,0.2754434887690071,0.4221974732885532,118,-0.4999999999999997,-0.8660254037844388,0.8660254037844387,-0.4999999999999998,23516.0,19689.0,19204.0,26756.33333333333,25056.625,22753.184523809523,0,12131,28732,0.4221974732885532,6984.0,8742.0,0.3855517332627679,0.0,-0.0603334215400899,0,0,0.4247004661476928,0.2132117860537458,0,LOW,0.1928104421383049,0.4247004661476928,63.22,0.1206299879837598,0.95,1.1135117564199806,1.0941366013677665,Low
2026-04-28,30,21517,23700,18912,1814,6606,10721,22126,0,826,1001,992,1057,-344,0,996,demanddata_2026.csv,1397.0,996.0,1422.0,-513.0,-1478.0,2026-04-28 14:30:00,2026,4,28,14,30,1,Tuesday,0,0.2335099167555431,0.4362579612292486,118,-0.4999999999999997,-0.8660254037844388,0.8660254037844387,-0.4999999999999998,22673.0,19723.0,18777.0,26134.916666666668,25094.0,22761.339285714286,0,12535,28732,0.4362579612292486,7004.0,8718.0,0.4051491774328469,0.0,-0.0686866809183009,0,0,0.3989928028684822,0.1882398686598116,0,LOW,0.1634569417288801,0.3989928028684822,65.22,0.0700650522503725,0.95,1.1138368187235888,1.0883399336655315,Low
2026-04-28,31,20994,23414,18384,1813,6606,10421,22126,0,965,1001,992,1057,-441,0,996,demanddata_2026.csv,1397.0,996.0,1422.0,-514.0,-1404.0,2026-04-28 15:00:00,2026,4,28,15,0,1,Tuesday,0,0.2242733045016769,0.4257822016496711,118,-0.7071067811865471,-0.7071067811865479,0.8660254037844387,-0.4999999999999998,21517.0,20564.0,18309.0,25431.83333333333,25102.95833333333,22769.33035714286,0,12234,28732,0.4257822016496711,6906.0,8816.0,0.4199095022624434,0.0,-0.0668730650154798,0,0,0.3992025570754645,0.1769420202194763,0,LOW,0.1569913131511738,0.3992025570754645,60.06,0.1102043363466099,0.95,1.1122440134359086,1.0883872298909338,Very Low
2026-04-28,32,21246,23669,18751,1812,6606,9697,22126,0,958,1001,992,1057,-451,0,996,demanddata_2026.csv,1397.0,997.0,1422.0,-514.0,-1281.0,2026-04-28 15:30:00,2026,4,28,15,30,1,Tuesday,0,0.2543944440914251,0.4005498903699578,118,-0.7071067811865471,-0.7071067811865479,0.8660254037844387,-0.4999999999999998,20994.0,21186.0,19052.0,24768.416666666668,25104.20833333333,22775.86011904762,0,11509,28732,0.4005498903699578,6897.0,8827.0,0.4154468866192874,0.0,-0.0602908645926483,0,0,0.4201061569054901,0.1823857253953167,0,LOW,0.1780761108639975,0.4201061569054901,62.86,0.052564948815303,0.95,1.112097735399285,1.0931006579718572,Low
2026-04-28,33,21922,24115,19360,1833,6606,8925,22126,0,796,1001,992,1054,-383,0,996,demanddata_2026.csv,1397.0,997.0,1422.0,-514.0,-886.0,2026-04-28 16:00:00,2026,4,28,16,0,1,Tuesday,0,0.2807217371830962,0.3744126962029722,118,-0.8660254037844385,-0.5000000000000004,0.8660254037844387,-0.4999999999999998,21246.0,23501.0,20193.0,24187.5,25071.3125,22781.00595238096,0,10758,28732,0.3744126962029722,6962.0,8756.0,0.3993978926241846,0.0,-0.0404141768918487,1,0,0.4458075427934416,0.196988680549555,0,LOW,0.1965052160281673,0.4458075427934416,93.22,0.3998214807740886,1.3,1.1131541878860114,1.0988959102225684,High
2026-04-28,34,23187,25054,20504,1854,6606,7947,22126,0,464,1001,992,1055,-389,0,996,demanddata_2026.csv,1397.0,996.0,1422.0,-514.0,-865.0,2026-04-28 16:30:00,2026,4,28,16,30,1,Tuesday,0,0.2648968718319325,0.3411060453137507,118,-0.8660254037844385,-0.5000000000000004,0.8660254037844387,-0.4999999999999998,21922.0,24848.0,21741.0,23751.166666666668,25036.70833333333,22785.309523809523,0,9801,28732,0.3411060453137507,6956.0,8762.0,0.377867862687597,0.0,-0.0373037778161117,1,0,0.481944285973529,0.2243152164520867,0,LOW,0.1854278102823527,0.481944285973529,87.72,0.1781832043605238,1.3,1.113056669194929,1.1070441689647532,High
2026-04-28,35,24715,26037,22096,1880,6606,6625,22126,0,23,1001,992,1054,-285,0,996,demanddata_2026.csv,1397.0,997.0,1422.0,-514.0,-704.0,2026-04-28 17:00:00,2026,4,28,17,0,1,Tuesday,0,0.5244417517388191,0.2960011137020151,118,-0.9659258262890684,-0.2588190451025206,0.8660254037844387,-0.4999999999999998,23187.0,26424.0,23499.0,23518.0,25001.104166666668,22788.92857142857,0,8505,28732,0.2960011137020151,7060.0,8658.0,0.3502994011976048,0.0,-0.028483573393753,1,0,0.5234706851941753,0.2573230795817852,1,MODERATE,0.6671092262171734,0.5234706851941753,87.08,0.2398255505989507,1.3,1.1147469931736915,1.1164077091098858,High
2026-04-28,36,25842,27255,23161,1905,6606,5244,22126,0,16,1001,992,1054,-383,0,996,demanddata_2026.csv,1397.0,997.0,1419.0,-514.0,-813.0,2026-04-28 17:30:00,2026,4,28,17,30,1,Tuesday,0,0.5497215754886412,0.2488079908119583,118,-0.9659258262890684,-0.2588190451025206,0.8660254037844387,-0.4999999999999998,24715.0,28002.0,24728.0,23442.08333333333,24956.104166666668,22792.24404761905,0,7149,28732,0.2488079908119583,6959.0,8753.0,0.33869906744573,0.0,-0.0314591959137871,1,0,0.5606103724314059,0.2816685388404044,1,MODERATE,0.6848051028420488,0.5606103724314059,106.94,0.0355793651803103,1.3,1.1131054285404702,1.1247821157271245,High
2026-04-28,37,26604,28085,23890,1905,6606,3955,22126,0,15,1001,992,1052,-452,0,996,demanddata_2026.csv,1397.0,997.0,1280.0,-514.0,-426.0,2026-04-28 18:00:00,2026,4,28,18,0,1,Tuesday,0,0.5694436646084747,0.2039466815160268,118,-1.0,-1.8369701987210287e-16,0.8660254037844387,-0.4999999999999998,25842.0,28231.0,26522.0,23482.666666666668,24922.20833333333,22792.48809523809,0,5860,28732,0.2039466815160268,6749.0,8681.0,0.3262920503664724,0.0,-0.0160120278143206,1,0,0.5901835612459063,0.2981292663959215,1,MODERATE,0.6986105652259322,0.5901835612459063,99.41,0.1684187119414726,1.3,1.1096922743525843,1.1314503977328152,High
2026-04-28,38,27743,29222,25074,1904,6606,2639,22126,0,13,1001,992,1046,-452,0,997,demanddata_2026.csv,1397.0,997.0,1266.0,-514.0,-347.0,2026-04-28 18:30:00,2026,4,28,18,30,1,Tuesday,0,0.5939750473583776,0.1581108829568788,118,-1.0,-1.8369701987210287e-16,0.8660254037844387,-0.4999999999999998,26604.0,28554.0,27679.0,23694.33333333333,24905.3125,22792.67857142857,0,4543,28732,0.1581108829568788,6730.0,8662.0,0.3122116493656286,0.0,-0.0125072087658592,1,0,0.6214057149050305,0.3227339497105331,1,MODERATE,0.7157825331508643,0.6214057149050305,106.14,0.1398339881600954,1.3,1.1093834651641563,1.1384904949888122,High
2026-04-28,39,29177,30647,26549,1845,6606,1482,22126,0,5,1001,992,1045,-451,0,997,demanddata_2026.csv,1397.0,997.0,1146.0,-514.0,118.0,2026-04-28 19:00:00,2026,4,28,19,0,1,Tuesday,0,0.6086802406462977,0.1157902063829046,118,-0.9659258262890684,0.2588190451025203,0.8660254037844387,-0.4999999999999998,27743.0,29298.0,28677.0,24094.666666666668,24902.791666666668,22794.166666666668,0,3327,28732,0.1157902063829046,6610.0,8540.0,0.2926862704777572,0.0,0.0040441428473507,1,0,0.6496417454655744,0.3537112244016244,1,HIGH,0.7260761684524084,0.6496417454655744,102.27,0.2620129271085251,1.3,1.1074330913425072,1.144857269153074,High
2026-04-28,40,29386,30860,26763,1785,6606,498,22126,0,8,1001,992,1044,-452,0,997,demanddata_2026.csv,1397.0,997.0,1144.0,-514.0,286.0,2026-04-28 19:30:00,2026,4,28,19,30,1,Tuesday,0,0.6305038907308055,0.0794556781401176,118,-0.9659258262890684,0.2588190451025203,0.8660254037844387,-0.4999999999999998,29177.0,29452.0,29736.0,24583.83333333333,24901.416666666668,22793.125,0,2283,28732,0.0794556781401176,6606.0,8538.0,0.2905366318440127,0.0,0.0097321945077755,1,0,0.6684412292816722,0.3582260433768253,1,HIGH,0.7413527235115638,0.6684412292816722,102.42,0.2849214236160122,1.3,1.1073680788817857,1.1490962526605168,High
2026-04-28,41,29652,31125,26992,1848,6606,44,22126,0,8,1001,992,1054,-451,0,997,demanddata_2026.csv,1397.0,998.0,1378.0,-514.0,-147.0,2026-04-28 20:00:00,2026,4,28,20,0,1,Tuesday,0,0.4155361135279055,0.0658476316430585,118,-0.8660254037844386,0.5000000000000001,0.8660254037844387,-0.4999999999999998,29386.0,31288.0,30047.0,25165.416666666668,24867.33333333333,22791.949404761905,0,1892,28732,0.0658476316430585,6852.0,8782.0,0.2961589046639463,0.0,-0.0049573398981553,1,0,0.6778573984158109,0.3639721766179901,0,MODERATE,0.2908752794695338,0.6778573984158109,105.6,0.0073574429220768,1.3,1.1113663452161664,1.1512194484914964,High
2026-04-28,42,29931,31404,27248,1911,6606,0,22126,0,8,1001,992,1054,-451,0,997,demanddata_2026.csv,1397.0,996.0,1399.0,-514.0,-118.0,2026-04-28 20:30:00,2026,4,28,20,30,1,Tuesday,0,0.43002115498939,0.0665088922145268,118,-0.8660254037844386,0.5000000000000001,0.8660254037844387,-0.4999999999999998,29652.0,31437.0,30365.0,25866.58333333333,24835.95833333333,22790.65773809524,0,1911,28732,0.0665088922145268,6871.0,8801.0,0.2940331417880529,0.0,-0.0039422691433916,1,0,0.6788285650443517,0.3699991359198133,0,MODERATE,0.301014808492573,0.6788285650443517,111.72,0.3156882846989559,1.3,1.1116751544045942,1.151438431063658,High
2026-04-28,43,29661,31135,26943,1952,6606,0,22126,0,8,1001,992,1053,-452,0,997,demanddata_2026.csv,1397.0,997.0,1413.0,-514.0,-395.0,2026-04-28 21:00:00,2026,4,28,21,0,1,Tuesday,0,0.4348186983973955,0.0679358229213796,118,-0.7071067811865477,0.7071067811865474,0.8660254037844387,-0.4999999999999998,29931.0,31066.0,29543.0,26588.83333333333,24806.6875,22791.008928571428,0,1952,28732,0.0679358229213796,6884.0,8816.0,0.2972152922931697,0.0,-0.0133167015036073,0,0,0.677112649021948,0.3641665946599844,0,MODERATE,0.3043730888781768,0.677112649021948,89.04,0.0495529859718641,1.0,1.1118864449019394,1.151051519391493,High
2026-04-28,44,28285,29762,25566,1992,6606,0,22126,0,12,1001,992,1054,-451,0,997,demanddata_2026.csv,1368.0,997.0,1410.0,-514.0,-766.0,2026-04-28 21:30:00,2026,4,28,21,30,1,Tuesday,0,0.4091992338152853,0.0693279504402603,118,-0.7071067811865477,0.7071067811865474,0.8660254037844387,-0.4999999999999998,29661.0,28333.0,27886.0,27175.416666666668,24805.6875,22792.196428571428,0,1992,28732,0.0693279504402603,6854.0,8784.0,0.3105423177543661,0.0,-0.0270805345400551,0,0,0.6704850965511234,0.334442236239523,0,MODERATE,0.2864394636706997,0.6704850965511234,81.25,0.0759188239423618,1.0,1.1113988514465272,1.149557112103859,Moderate
2026-04-28,45,27103,28582,24461,1999,6606,0,22126,0,14,1001,992,1054,-451,0,997,demanddata_2026.csv,994.0,997.0,1248.0,-514.0,-860.0,2026-04-28 22:00:00,2026,4,28,22,0,1,Tuesday,0,0.4151110904568642,0.0695715727560644,118,-0.5000000000000004,0.8660254037844384,0.8660254037844387,-0.4999999999999998,28285.0,26958.0,27172.0,27607.166666666668,24808.70833333333,22791.99107142857,0,1999,28732,0.0695715727560644,6318.0,8248.0,0.3043093270365997,0.0,-0.0317296340023612,0,0,0.6615733820295043,0.308908666724272,0,MODERATE,0.2905777633198049,0.6615733820295043,77.31,0.1042533278211757,1.0,1.1026871817098276,1.147547662735476,Moderate
2026-04-28,46,25554,27033,23068,2006,6606,0,22126,0,14,1001,992,1055,-451,0,997,demanddata_2026.csv,922.0,997.0,1202.0,-514.0,-907.0,2026-04-28 22:30:00,2026,4,28,22,30,1,Tuesday,0,0.3747362690574645,0.0698151950718685,118,-0.5000000000000004,0.8660254037844384,0.8660254037844387,-0.4999999999999998,27103.0,24860.0,25458.0,27804.416666666668,24823.166666666668,22792.276785714286,0,2006,28732,0.0698151950718685,6201.0,8131.0,0.3181764820974369,0.0,-0.0354920759146938,0,0,0.6541111331420666,0.2754471614965869,0,MODERATE,0.2623153883402251,0.6541111331420666,85.49,0.1871015876606925,1.0,1.10078556723372,1.145865044730018,High
2026-04-28,47,23890,25355,21598,2011,6606,0,22126,0,14,1001,992,966,-437,0,997,demanddata_2026.csv,604.0,997.0,330.0,-514.0,-742.0,2026-04-28 23:00:00,2026,4,28,23,0,1,Tuesday,0,0.3431947698853535,0.0699892110117286,118,-0.2588190451025215,0.965925826289068,0.8660254037844387,-0.4999999999999998,25554.0,23195.0,24231.0,27735.666666666668,24837.64583333333,22791.261904761905,0,2011,28732,0.0699892110117286,4936.0,6838.0,0.2862165669080407,0.0,-0.0310577204805156,0,0,0.6364335788282436,0.2395014257323079,0,MODERATE,0.2402363389197474,0.6364335788282436,80.78,0.0264813834039464,1.0,1.0802253765305017,1.1418790384161612,Moderate
2026-04-28,48,23134,24613,20921,2016,6606,0,22126,0,14,1001,992,963,-451,0,997,demanddata_2026.csv,535.0,996.0,254.0,-514.0,-620.0,2026-04-28 23:30:00,2026,4,28,23,30,1,Tuesday,0,0.3710379949411876,0.0701632269515887,118,-0.2588190451025215,0.965925826289068,0.8660254037844387,-0.4999999999999998,23890.0,22795.0,23074.0,27510.0,24844.70833333333,22791.44047619048,0,2016,28732,0.0701632269515887,4773.0,6703.0,0.2897341690079965,0.0,-0.0267992219580721,0,0,0.6318159064477227,0.223170310204787,0,MODERATE,0.2597265964588313,0.6318159064477227,77.63,0.0415654701327721,1.0,1.0775761187560948,1.140837827005503,Moderate
2026-04-29,1,22714,24178,20457,2005,6606,0,22126,0,11,1001,992,1002,-439,0,997,demanddata_2026.csv,162.0,996.0,15.0,-514.0,-900.0,2026-04-29 00:00:00,2026,4,29,0,0,2,Wednesday,0,0.3533249635026289,0.0697803918838965,119,0.0,1.0,0.8660254037844387,-0.4999999999999998,23134.0,22598.0,22692.0,27185.83333333333,24847.125,22791.50595238096,0,2005,28732,0.0697803918838965,4212.0,6118.0,0.2693374422187981,0.0,-0.0396213955535989,0,1,0.6250409527764731,0.2140974682450531,0,MODERATE,0.2473274744518402,0.6250409527764731,58.31,0.1055190849066589,0.82,1.0684581211398851,1.1393101831001144,Very Low
2026-04-29,2,22451,23865,20204,1994,6606,0,22126,0,11,1001,992,1004,-385,0,997,demanddata_2026.csv,108.0,996.0,-4.0,-514.0,-653.0,2026-04-29 00:30:00,2026,4,29,0,30,2,Wednesday,0,0.3508352730340314,0.0693975568162043,119,0.0,1.0,0.8660254037844387,-0.4999999999999998,22714.0,22198.0,22290.0,26744.83333333333,24852.39583333333,22791.98511904762,0,1994,28732,0.0693975568162043,4195.0,6001.0,0.2672813112417602,0.0,-0.0290842686620345,0,1,0.6230225995292069,0.2084161410178864,0,MODERATE,0.245584691123822,0.6230225995292069,60.6,0.2350775517378208,0.82,1.068181818181818,1.1388550766614989,Very Low
2026-04-29,3,22142,23679,19896,1971,6606,0,22126,0,7,1001,992,935,-347,0,997,demanddata_2026.csv,7.0,996.0,-169.0,-514.0,-491.0,2026-04-29 01:00:00,2026,4,29,1,0,2,Wednesday,0,0.3193880718678015,0.0685970834928479,119,0.2588190451025207,0.9659258262890684,0.8660254037844387,-0.4999999999999998,22451.0,22045.0,22248.0,26158.58333333333,24854.416666666668,22791.66964285714,0,1971,28732,0.0685970834928479,3898.0,5958.0,0.2690692318114077,0.0,-0.0221740504899968,0,1,0.6217112286572783,0.2017411215760822,0,MODERATE,0.223571650307461,0.6217112286572783,57.98,0.080650197653849,0.82,1.0633546429732366,1.1385593834630778,Very Low
2026-04-29,4,22153,23668,19954,1948,6606,0,22126,0,7,1001,992,932,-302,0,997,demanddata_2026.csv,-6.0,997.0,-186.0,-514.0,-535.0,2026-04-29 01:30:00,2026,4,29,1,30,2,Wednesday,0,0.3329411457783465,0.0677966101694915,119,0.2588190451025207,0.9659258262890684,0.8660254037844387,-0.4999999999999998,22142.0,21571.0,22183.0,25555.83333333333,24866.541666666668,22791.58035714286,0,1948,28732,0.0677966101694915,3911.0,5927.0,0.2675363365532184,0.0,-0.0241491378532093,0,1,0.6220016829594295,0.2019787436274086,0,MODERATE,0.2330588020448425,0.6220016829594295,56.14,0.2864479569966366,0.82,1.0635659334705818,1.1386248762717384,Very Low
2026-04-29,5,21790,23644,19639,1909,6606,0,22126,0,134,1001,992,932,-302,0,997,demanddata_2026.csv,-6.0,996.0,-398.0,-514.0,-565.0,2026-04-29 02:00:00,2026,4,29,2,0,2,Wednesday,0,0.3269506457654993,0.0664392858385828,119,0.4999999999999999,0.8660254037844387,0.8660254037844387,-0.4999999999999998,22153.0,21538.0,22060.0,24900.666666666668,24871.791666666668,22790.776785714286,0,1909,28732,0.0664392858385828,3698.0,6138.0,0.281675921251893,0.0,-0.0259281354687715,0,1,0.6231493207835589,0.1941372159336386,0,MODERATE,0.2288654520358495,0.6231493207835589,57.66,0.090038689346541,0.82,1.0601040199371543,1.1388836502815245,Very Low
2026-04-29,6,21358,23125,19222,1869,6606,0,22126,0,14,1001,992,932,-302,0,997,demanddata_2026.csv,-32.0,996.0,-406.0,-513.0,-604.0,2026-04-29 02:30:00,2026,4,29,2,30,2,Wednesday,0,0.290120274051512,0.065047158319702,119,0.4999999999999999,0.8660254037844387,0.8660254037844387,-0.4999999999999998,21790.0,20489.0,21516.0,24186.25,24889.89583333333,22790.30654761905,0,1869,28732,0.065047158319702,3665.0,6171.0,0.288918020506578,0.0,-0.0282784774568097,0,1,0.6224551377527695,0.1848051499179124,0,LOW,0.2030841918360584,0.6224551377527695,61.19,0.0767049406413231,0.82,1.059567667136201,1.1387271230892118,Very Low
2026-04-29,7,20783,22618,18771,1896,6606,0,22126,0,8,1002,992,879,-302,0,808,demanddata_2026.csv,-370.0,996.0,-141.0,-514.0,-347.0,2026-04-29 03:00:00,2026,4,29,3,0,2,Wednesday,0,0.3204134270899484,0.0659868443949465,119,0.7071067811865476,0.7071067811865476,0.8660254037844387,-0.4999999999999998,21358.0,20292.0,21228.0,23446.416666666668,24900.125,22788.98214285714,0,1896,28732,0.0659868443949465,3350.0,6004.0,0.2888760585065435,0.0,-0.0166955350269438,0,1,0.6176678051438179,0.1723839972349434,0,MODERATE,0.2242893989629639,0.6176678051438179,55.13,0.1135985580036871,0.82,1.054447935854372,1.1376476560053013,Very Low
2026-04-29,8,20377,22218,18389,1922,6606,0,22126,0,8,1001,992,876,-301,0,801,demanddata_2026.csv,-385.0,996.0,-134.0,-513.0,-309.0,2026-04-29 03:30:00,2026,4,29,3,30,2,Wednesday,0,0.3225246185912119,0.066891727282219,119,0.7071067811865476,0.7071067811865476,0.8660254037844387,-0.4999999999999998,20783.0,19749.0,21009.0,22787.416666666668,24913.20833333333,22787.10119047619,0,1922,28732,0.066891727282219,3333.0,5999.0,0.2943861026597311,0.0,-0.0151634115222298,0,1,0.6151620694513336,0.163613583340534,0,MODERATE,0.2257672330138483,0.6151620694513336,61.46,0.0044778184184874,0.82,1.054171632896305,1.1370826526052953,Very Low
2026-04-29,9,20055,21975,18142,1949,6606,0,22126,0,8,1002,992,557,-285,0,613,demanddata_2026.csv,-48.0,996.0,-565.0,-514.0,-346.0,2026-04-29 04:00:00,2026,4,29,4,0,2,Wednesday,0,0.3189444503634958,0.0678314133574635,119,0.8660254037844386,0.5000000000000001,0.8660254037844387,-0.4999999999999998,20377.0,19511.0,20567.0,22200.08333333333,24924.541666666668,22785.57738095238,0,1949,28732,0.0678314133574635,2748.0,5572.0,0.2778220981252493,0.0,-0.0172516952532907,0,1,0.6087843897652432,0.1566577378380713,0,MODERATE,0.223261115254447,0.6087843897652432,58.87,0.0778316588602691,0.82,1.0446635605157657,1.1356445876419403,Very Low
2026-04-29,10,19949,21817,17996,1976,6606,0,22126,0,12,1002,992,512,-234,0,608,demanddata_2026.csv,24.0,996.0,-612.0,-510.0,-253.0,2026-04-29 04:30:00,2026,4,29,4,30,2,Wednesday,0,0.3003191456185983,0.068771099432708,119,0.8660254037844386,0.5000000000000001,0.8660254037844387,-0.4999999999999998,20055.0,19446.0,20459.0,21733.0,24935.02083333333,22784.059523809523,0,1976,28732,0.068771099432708,2778.0,5490.0,0.275187969924812,0.0,-0.0126817042606516,0,1,0.6067845980525973,0.1543679253434718,0,MODERATE,0.2102234019330188,0.6067845980525973,58.84,0.0140780111066895,0.82,1.0451511539711775,1.1351936665330868,Very Low
2026-04-29,11,20156,22752,18198,2000,6606,0,22126,0,10,1001,992,-312,-84,0,982,demanddata_2026.csv,399.0,996.0,-1263.0,-427.0,-67.0,2026-04-29 05:00:00,2026,4,29,5,0,2,Wednesday,0,0.3338179247771388,0.0696063759440364,119,0.9659258262890684,0.2588190451025207,0.8660254037844387,-0.4999999999999998,19949.0,19880.0,20646.0,21421.83333333333,24940.77083333333,22782.60119047619,0,2000,28732,0.0696063759440364,2284.0,6456.0,0.3202857568090489,0.0,-0.0033239073274792,0,1,0.6167682403703554,0.1588395403093407,0,MODERATE,0.2336725473439971,0.6167682403703554,61.18,0.1545161560642852,0.82,1.0371221150720555,1.1374448185084909,Very Low
2026-04-29,12,20626,23238,18595,2024,6606,10,22126,0,13,1002,992,-339,-60,0,997,demanddata_2026.csv,475.0,995.0,-1233.0,-467.0,178.0,2026-04-29 05:30:00,2026,4,29,5,30,2,Wednesday,0,0.3241356425772295,0.070789684335085,119,0.9659258262890684,0.2588190451025207,0.8660254037844387,-0.4999999999999998,20156.0,20385.0,21500.0,21212.83333333333,24945.791666666668,22780.0,0,2034,28732,0.070789684335085,2362.0,6560.0,0.3180297668104911,0.0,0.0086294662335773,0,1,0.6190092378996305,0.1689924825023762,0,MODERATE,0.2268949498040606,0.6190092378996305,63.54,0.1130936695808212,0.82,1.0383898580561275,1.137950127678665,Low
2026-04-29,13,22937,24148,20683,2008,6606,328,22126,0,9,1001,992,475,-212,0,997,demanddata_2026.csv,849.0,996.0,37.0,-490.0,-251.0,2026-04-29 06:00:00,2026,4,29,6,0,2,Wednesday,0,0.3741447524419358,0.0813002471026346,119,1.0,6.123233995736766e-17,0.8660254037844387,-0.4999999999999998,20626.0,22598.0,23459.0,21231.416666666668,24952.854166666668,22778.446428571428,0,2336,28732,0.0813002471026346,4645.0,6049.0,0.2637108727875141,0.0,-0.0109425407620542,0,0,0.6182616565182986,0.2189147152855785,0,MODERATE,0.261901326709355,0.6182616565182986,86.9,0.1343518046460236,1.08,1.0754957200130024,1.1377815600106942,High
2026-04-29,14,24416,25800,22006,1992,6606,1222,22126,0,8,1001,992,577,-363,0,997,demanddata_2026.csv,925.0,996.0,215.0,-513.0,-457.0,2026-04-29 06:30:00,2026,4,29,6,30,2,Wednesday,0,0.3615850778571362,0.1118574461420666,119,1.0,6.123233995736766e-17,0.8660254037844387,-0.4999999999999998,22937.0,24668.0,24895.0,21395.166666666668,24947.604166666668,22777.02083333333,0,3214,28732,0.1118574461420666,4827.0,6579.0,0.2694434205676373,0.0,-0.018716468034566,0,0,0.6120213582448396,0.2508640801866413,0,MODERATE,0.2531095544999953,0.6120213582448396,87.14,0.0276195702682396,1.08,1.078453786975837,1.1363744723628906,High
2026-04-29,15,25965,27440,23338,1975,6606,2423,22126,0,10,1001,992,1038,-451,0,997,demanddata_2026.csv,1298.0,996.0,1325.0,-514.0,-823.0,2026-04-29 07:00:00,2026,4,29,7,0,2,Wednesday,0,0.5565088494125227,0.1530644207009362,119,0.9659258262890684,-0.2588190451025206,0.8660254037844387,-0.4999999999999998,24416.0,27285.0,27180.0,21713.75,24920.104166666668,22773.404761904763,0,4398,28732,0.1530644207009362,6682.0,8612.0,0.3316644843256566,0.0,-0.0316952938457983,0,0,0.613456180047424,0.2843255854143264,1,MODERATE,0.6895561945887658,0.613456180047424,81.11,0.0691615052759193,1.08,1.1086033156354969,1.1366980017755473,Moderate
2026-04-29,16,25838,27311,23066,1957,6606,3817,22126,0,7,1001,992,1043,-452,0,997,demanddata_2026.csv,1327.0,997.0,1423.0,-514.0,-1006.0,2026-04-29 07:30:00,2026,4,29,7,30,2,Wednesday,0,0.5686767457683133,0.2009536073504333,119,0.9659258262890684,-0.2588190451025206,0.8660254037844387,-0.4999999999999998,25965.0,28686.0,27227.0,22020.83333333333,24860.77083333333,22769.27083333333,0,5774,28732,0.2009536073504333,6814.0,8746.0,0.3384805913541546,0.0,-0.0389333952552343,0,0,0.5871320261353467,0.2815821308217403,1,MODERATE,0.6980737220378193,0.5871320261353467,90.21,0.0064625704604376,1.08,1.1107487268393108,1.1307623252765402,High
2026-04-29,17,25076,26548,22239,1963,6606,5369,22126,0,7,1001,991,1061,-452,0,997,demanddata_2026.csv,1089.0,996.0,1427.0,-513.0,-1061.0,2026-04-29 08:00:00,2026,4,29,8,0,2,Wednesday,0,0.5356691187349696,0.2551769742108377,119,0.8660254037844387,-0.4999999999999998,0.8660254037844387,-0.4999999999999998,25838.0,28988.0,26751.0,22294.666666666668,24779.27083333333,22764.28571428572,0,7332,28732,0.2551769742108377,6597.0,8527.0,0.3400326992861985,0.0,-0.0423096861666068,0,0,0.5491147601113493,0.2651214032662231,1,MODERATE,0.6749683831144786,0.5491147601113493,80.73,0.1627235647321861,1.08,1.107221800845162,1.1221900386515322,Moderate
2026-04-29,18,24049,25522,21157,1969,6606,6946,22126,0,7,1001,992,1061,-452,0,997,demanddata_2026.csv,1031.0,997.0,1425.0,-514.0,-1139.0,2026-04-29 08:30:00,2026,4,29,8,30,2,Wednesday,0,0.4831435103262868,0.3102704207705425,119,0.8660254037844387,-0.4999999999999998,0.8660254037844387,-0.4999999999999998,25076.0,28974.0,25352.0,22518.916666666668,24676.666666666668,22760.40773809524,0,8915,28732,0.3102704207705425,6538.0,8470.0,0.3521829521829522,0.0,-0.0473596673596673,0,0,0.507177960129429,0.2429361444742072,1,MODERATE,0.6382004572284008,0.507177960129429,75.91,0.0042481626235302,1.08,1.1062628670495178,1.1127339596858927,Moderate
2026-04-29,19,22826,24307,20029,2073,6606,8570,22126,0,15,1001,991,1048,-452,0,1015,demanddata_2026.csv,658.0,996.0,1426.0,-514.0,-1032.0,2026-04-29 09:00:00,2026,4,29,9,0,2,Wednesday,0,0.4670266390851547,0.3704103295861901,119,0.7071067811865476,-0.7071067811865475,0.8660254037844387,-0.4999999999999998,24049.0,29431.0,24012.0,22689.166666666668,24539.0625,22756.87797619048,0,10643,28732,0.3704103295861901,6169.0,8101.0,0.3548867569106759,0.0,-0.0452096201866211,0,0,0.4537301583545675,0.2165168927676488,1,MODERATE,0.6269186473596082,0.4537301583545675,73.1,0.0998128580042859,1.08,1.1002654675479466,1.100682333564185,Low
2026-04-29,20,21131,22655,18328,2177,6606,10121,22126,0,58,1001,991,842,-452,0,1016,demanddata_2026.csv,583.0,996.0,1423.0,-514.0,-1299.0,2026-04-29 09:30:00,2026,4,29,9,30,2,Wednesday,0,0.4674810703500833,0.4280096056798803,119,0.7071067811865476,-0.7071067811865475,0.8660254037844387,-0.4999999999999998,22826.0,29207.0,22563.0,22752.0,24370.8125,22752.61607142857,0,12298,28732,0.4280096056798803,5886.0,7818.0,0.3699602498580352,0.0,-0.0614707552526973,0,0,0.3902827661801107,0.1799014948587229,1,MODERATE,0.6272367492450583,0.3902827661801107,75.19,0.1190206299927383,1.08,1.0956658359518907,1.0863759594291955,Moderate
2026-04-29,21,19548,21838,16816,2311,6606,11598,22126,0,824,1002,992,533,-452,0,1016,demanddata_2026.csv,209.0,996.0,1423.0,-514.0,-1240.0,2026-04-29 10:00:00,2026,4,29,10,0,2,Wednesday,0,0.1911565698826908,0.4840775415028016,119,0.4999999999999999,-0.8660254037844387,0.8660254037844387,-0.4999999999999998,21131.0,28893.0,20868.0,22709.75,24176.125,22748.6875,0,13909,28732,0.4840775415028016,5205.0,7137.0,0.365082612921377,0.0,-0.063430354493836,0,0,0.3165045683645286,0.1457055214723926,0,LOW,0.1338095989178835,0.3165045683645286,56.41,0.0369176660758236,0.95,1.084597464514032,1.0697401535310944,Very Low
2026-04-29,22,18479,20933,15809,2444,6606,12883,22126,0,988,1002,992,108,-452,0,1016,demanddata_2026.csv,133.0,996.0,1403.0,-514.0,-1406.0,2026-04-29 10:30:00,2026,4,29,10,30,2,Wednesday,0,0.1818087223477857,0.5334284620471235,119,0.4999999999999999,-0.8660254037844387,0.8660254037844387,-0.4999999999999998,19548.0,28423.0,19784.0,22587.25,23968.95833333333,22744.80357142857,0,15327,28732,0.5334284620471235,4684.0,6616.0,0.358008658008658,0.0,-0.076082251082251,0,0,0.2507185527459319,0.1226129784844033,0,LOW,0.12726610564345,0.2507185527459319,51.43,0.2030516200408214,0.95,1.0761295915050384,1.0549064571405151,Very Low
2026-04-29,23,17474,20157,14944,2589,6606,13968,22126,0,972,1002,992,0,-453,0,1016,demanddata_2026.csv,-244.0,996.0,665.0,-514.0,-1085.0,2026-04-29 11:00:00,2026,4,29,11,0,2,Wednesday,0,0.1537476204904497,0.576236383252706,119,0.258819045102521,-0.9659258262890682,0.8660254037844387,-0.4999999999999998,18479.0,27513.0,18745.0,22363.75,23759.8125,22741.02083333333,0,16557,28732,0.576236383252706,3460.0,5882.0,0.3365951359084406,0.0,-0.0620886981402002,0,0,0.1822916330413034,0.1009029637950401,0,LOW,0.1076233343433148,0.1822916330413034,54.33,0.0961561445849993,0.95,1.0562357785242171,1.0394772790348563,Very Low
2026-04-29,24,16783,19700,14298,2734,6606,14761,22126,0,1130,1002,992,371,-452,0,1016,demanddata_2026.csv,-321.0,996.0,620.0,-514.0,-1253.0,2026-04-29 11:30:00,2026,4,29,11,30,2,Wednesday,0,0.1426281295296271,0.608881773570459,119,0.258819045102521,-0.9659258262890682,0.8660254037844387,-0.4999999999999998,17474.0,26753.0,18272.0,22043.5,23552.104166666668,22736.589285714286,0,17495,28732,0.608881773570459,3710.0,6284.0,0.3744041944709247,0.0,-0.0746544327931363,0,0,0.138898612143328,0.0859759785708113,0,LOW,0.0998396906707389,0.138898612143328,49.46,0.1327687335932286,0.95,1.0602990573193196,1.0296928454980627,Very Low
2026-04-29,25,16919,20217,14540,2821,6606,15155,22126,0,1129,1001,992,1057,-452,0,1016,demanddata_2026.csv,-703.0,996.0,851.0,-514.0,-1210.0,2026-04-29 12:00:00,2026,4,29,12,0,2,Wednesday,0,0.1001082740524931,0.6256221069849999,119,1.2246467991473532e-16,-1.0,0.8660254037844387,-0.4999999999999998,16783.0,26117.0,18240.0,21542.0,23360.479166666668,22732.65773809524,0,17976,28732,0.6256221069849999,4244.0,7582.0,0.4481087470449172,0.0,-0.0715130023640662,0,0,0.1443051375155574,0.0889138512053918,0,LOW,0.0700757918367452,0.1443051375155574,50.69,0.036876195372484,0.95,1.0689782208256582,1.0309119306660195,Very Low
2026-04-29,26,16561,19944,14258,2907,6606,15201,22126,0,1136,1001,992,1057,-452,0,1016,demanddata_2026.csv,-781.0,996.0,865.0,-514.0,-1152.0,2026-04-29 12:30:00,2026,4,29,12,30,2,Wednesday,0,0.1498368258022304,0.6302161277973062,119,1.2246467991473532e-16,-1.0,0.8660254037844387,-0.4999999999999998,16919.0,25203.0,18065.0,20887.416666666668,23180.4375,22728.18154761905,0,18108,28732,0.6302161277973062,4180.0,7674.0,0.4633498369762106,0.0,-0.069556816809564,0,0,0.1300685402609148,0.081180333534952,0,LOW,0.1048857780615613,0.1300685402609148,57.22,0.1768282129137781,0.95,1.067938021454112,1.0277018052415727,Very Low
2026-04-29,27,15894,19659,13655,2950,6606,15117,22126,0,1126,1001,992,1055,-453,0,1016,demanddata_2026.csv,-1172.0,997.0,667.0,-514.0,-1203.0,2026-04-29 13:00:00,2026,4,29,13,0,2,Wednesday,0,0.1310100737242938,0.6287891970904534,119,-0.2588190451025208,-0.9659258262890684,0.8660254037844387,-0.4999999999999998,16561.0,24373.0,17694.0,20048.166666666668,23003.791666666668,22722.824404761905,0,18067,28732,0.6287891970904534,3589.0,7867.0,0.4949355143126769,0.0,-0.0756841774142812,0,0,0.1113493947372668,0.066771796422708,0,LOW,0.0917070516070056,0.1113493947372668,53.16,0.0857974943640731,0.95,1.05833243038249,1.0234809367366504,Very Low
2026-04-29,28,15647,19620,13455,2993,6606,14874,22126,0,1270,1001,992,1056,-453,0,1016,demanddata_2026.csv,-1236.0,996.0,657.0,-514.0,-1434.0,2026-04-29 13:30:00,2026,4,29,13,30,2,Wednesday,0,0.1152332329451847,0.6218285594960499,119,-0.2588190451025208,-0.9659258262890684,0.8660254037844387,-0.4999999999999998,15894.0,23516.0,17078.0,19198.916666666668,22839.854166666668,22718.56547619048,0,17867,28732,0.6218285594960499,3515.0,7921.0,0.5061988752556237,0.0,-0.0916411042944785,0,0,0.109767917226222,0.0614361012701978,0,LOW,0.0806632630616292,0.109767917226222,51.13,0.1872379646387824,0.95,1.0571296998591395,1.0231243388027769,Very Low
2026-04-29,29,15714,19876,13513,3026,6606,14222,22126,0,1268,1001,992,1056,-453,0,997,demanddata_2026.csv,-1427.0,996.0,829.0,-514.0,-1460.0,2026-04-29 14:00:00,2026,4,29,14,0,2,Wednesday,0,0.1422094479011751,0.6002853861413705,119,-0.4999999999999997,-0.8660254037844388,0.8660254037844387,-0.4999999999999998,15647.0,22673.0,16708.0,18418.75,22694.875,22715.60714285714,0,17248,28732,0.6002853861413705,3477.0,8265.0,0.5259306395163856,0.0,-0.0929048679605472,0,0,0.1361829687990541,0.062883435582822,0,LOW,0.0995466135308226,0.1361829687990541,56.33,0.0237823751966354,0.95,1.056512081482284,1.0290805112733,Very Low
2026-04-29,30,16366,20508,14254,3058,6606,13164,22126,0,1252,1001,992,1056,-453,0,996,demanddata_2026.csv,-1423.0,996.0,839.0,-514.0,-1141.0,2026-04-29 14:30:00,2026,4,29,14,30,2,Wednesday,0,0.1239793653552931,0.5645773152820799,119,-0.4999999999999997,-0.8660254037844388,0.8660254037844387,-0.4999999999999998,15714.0,21517.0,16713.0,17778.5,22587.5625,22714.574404761905,0,16222,28732,0.5645773152820799,3490.0,8270.0,0.5052850247449135,0.0,-0.0697134477912873,0,0,0.1885684152296962,0.0769679426250756,0,LOW,0.0867855557487051,0.1885684152296962,57.19,0.236952944948162,0.95,1.0567233719796294,1.0408925932230908,Very Low
2026-04-29,31,16507,20318,14282,3042,6606,12066,22126,0,1276,1002,992,1056,-452,0,996,demanddata_2026.csv,-1069.0,996.0,741.0,-514.0,-1086.0,2026-04-29 15:00:00,2026,4,29,15,0,2,Wednesday,0,0.1523176621912765,0.5258065638812516,119,-0.7071067811865471,-0.7071067811865479,0.8660254037844387,-0.4999999999999998,16366.0,20994.0,16669.0,17251.916666666668,22494.08333333333,22714.092261904763,0,15108,28732,0.5258065638812516,3748.0,7818.0,0.4735885631209111,0.0,-0.0657862854373637,0,0,0.2209189454364997,0.0800138252829862,0,LOW,0.1066223635338935,0.2209189454364997,50.38,0.0564430085965292,0.95,1.0609166756961752,1.048187121378499,Very Low
2026-04-29,32,17831,21536,15782,3026,6606,10924,22126,0,1243,1001,992,1056,-453,0,996,demanddata_2026.csv,-995.0,996.0,734.0,-514.0,-587.0,2026-04-29 15:30:00,2026,4,29,15,30,2,Wednesday,0,0.1947281707555854,0.4855044722096544,119,-0.7071067811865471,-0.7071067811865479,0.8660254037844387,-0.4999999999999998,16507.0,21246.0,17750.0,16976.916666666668,22422.9375,22714.33333333333,0,13950,28732,0.4855044722096544,3813.0,7737.0,0.4338829071332436,0.0,-0.0329183490354419,0,0,0.2861446580247829,0.1086148794608139,0,LOW,0.1363097195289098,0.2861446580247829,55.08,0.0499858705190751,0.95,1.0619731281829017,1.0628944783797682,Very Low
2026-04-29,33,18857,22024,16813,3040,6606,9525,22126,0,1118,1001,992,1053,-435,0,996,demanddata_2026.csv,-607.0,996.0,816.0,-507.0,-75.0,2026-04-29 16:00:00,2026,4,29,16,0,2,Wednesday,0,0.205762372034003,0.4373020568684092,119,-0.8660254037844385,-0.5000000000000004,0.8660254037844387,-0.4999999999999998,17831.0,21922.0,19429.0,16919.333333333332,22359.08333333333,22712.63095238096,0,12565,28732,0.4373020568684092,4305.0,7403.0,0.3925654894474493,0.0,-0.0039770919503658,1,0,0.3410926533677277,0.1307785362481638,0,LOW,0.144033660423802,0.3410926533677277,83.68,0.4395151787774519,1.3,1.0699696608516631,1.075284374203734,Moderate
2026-04-29,34,20607,23443,18533,3054,6606,8188,22126,0,1095,1001,992,1053,-305,0,996,demanddata_2026.csv,-529.0,996.0,814.0,-407.0,387.0,2026-04-29 16:30:00,2026,4,29,16,30,2,Wednesday,0,0.2397863352931625,0.391257439181429,119,-0.8660254037844385,-0.5000000000000004,0.8660254037844387,-0.4999999999999998,18857.0,23187.0,21003.0,17096.666666666668,22305.33333333333,22711.45238095238,0,11242,28732,0.391257439181429,4611.0,7093.0,0.3441867236024845,0.0,0.0187791149068323,1,0,0.4006903337405733,0.1685820444137216,0,LOW,0.1678504347052137,0.4006903337405733,90.14,0.2214672552406744,1.3,1.0749431140968686,1.08872269977978,High
2026-04-29,35,22074,23944,19958,3053,6606,6719,22126,0,652,1001,992,1052,-161,0,996,demanddata_2026.csv,-149.0,996.0,493.0,-408.0,846.0,2026-04-29 17:00:00,2026,4,29,17,0,2,Wednesday,0,0.4624177387706898,0.3400967528625622,119,-0.9659258262890684,-0.2588190451025206,0.8660254037844387,-0.4999999999999998,20607.0,24715.0,23579.0,17480.0,22250.3125,22706.97321428572,0,9772,28732,0.3400967528625622,4812.0,6248.0,0.2830351075877689,0.0,0.0383238958097395,1,0,0.4473290139191911,0.200272185258792,1,MODERATE,0.6236924171394829,0.4473290139191911,89.45,3.974152965587706e-05,1.3,1.0782099902481308,1.09923897767443,High
2026-04-29,36,23524,24835,21379,3051,6606,5268,22126,0,241,1001,992,1052,-46,0,996,demanddata_2026.csv,-73.0,996.0,453.0,-451.0,1386.0,2026-04-29 17:30:00,2026,4,29,17,30,2,Wednesday,0,0.508818240967557,0.2895277207392197,119,-0.9659258262890684,-0.2588190451025206,0.8660254037844387,-0.4999999999999998,22074.0,25842.0,25257.0,18041.75,22202.02083333333,22701.81547619048,0,8319,28732,0.2895277207392197,4920.0,6060.0,0.2575982996811902,0.0,0.0589160467587672,1,0,0.4941270077384129,0.2315950920245398,1,MODERATE,0.6561727686772898,0.4941270077384129,88.76,0.0823493891708552,1.3,1.079965326687615,1.1097911782519383,High
2026-04-29,37,25019,26251,22864,3010,6606,3898,22126,0,9,1001,992,902,-156,0,960,demanddata_2026.csv,303.0,996.0,-185.0,-382.0,1964.0,2026-04-29 18:00:00,2026,4,29,18,0,2,Wednesday,0,0.5440482256729828,0.2404204225107019,119,-1.0,-1.8369701987210287e-16,0.8660254037844387,-0.4999999999999998,23524.0,26604.0,26935.0,18716.75,22169.0,22696.11309523809,0,6908,28732,0.2404204225107019,4431.0,5877.0,0.2348920863309352,0.0,0.0784972022382094,1,0,0.5359374530969512,0.2638900890002592,1,MODERATE,0.6808337579710879,0.5359374530969512,97.75,0.1692936215202893,1.3,1.0720175533643947,1.1192187662669837,High
2026-04-29,38,26470,27810,24313,2968,6606,2612,22126,0,4,1001,992,862,-245,0,955,demanddata_2026.csv,378.0,996.0,-230.0,-361.0,2616.0,2026-04-29 18:30:00,2026,4,29,18,30,2,Wednesday,0,0.5205046742859857,0.1942017888838617,119,-1.0,-1.8369701987210287e-16,0.8660254037844387,-0.4999999999999998,25019.0,27743.0,28182.0,19542.5,22142.479166666668,22691.01785714286,0,5580,28732,0.1942017888838617,4348.0,6020.0,0.2274186845982395,0.0,0.0988251293868762,1,0,0.5744599534092232,0.2952345977706731,1,MODERATE,0.6643532720001899,0.5744599534092232,91.19,0.1663248760507683,1.3,1.0706685448044209,1.1279049751590249,High
2026-04-29,39,26897,28470,24662,2953,6606,1380,22126,0,1,1002,992,122,-365,0,496,demanddata_2026.csv,752.0,996.0,-259.0,-448.0,2714.0,2026-04-29 19:00:00,2026,4,29,19,0,2,Wednesday,0,0.5741338287362922,0.150802213482755,119,-0.9659258262890684,0.2588190451025203,0.8660254037844387,-0.4999999999999998,26470.0,29177.0,28866.0,20459.416666666668,22094.979166666668,22685.15773809524,0,4333,28732,0.150802213482755,3288.0,5432.0,0.2019481002305004,0.0,0.1008996951446204,1,0,0.5963868344725587,0.3044586537630692,1,MODERATE,0.7018936801154045,0.5963868344725587,101.97,0.1044314212522562,1.3,1.0534402427131866,1.132849136823589,High
2026-04-29,40,27488,29201,25298,2937,6606,441,22126,0,1,1002,992,102,-451,0,475,demanddata_2026.csv,828.0,995.0,-248.0,-513.0,2952.0,2026-04-29 19:30:00,2026,4,29,19,30,2,Wednesday,0,0.582077956807671,0.1175651689694776,119,-0.9659258262890684,0.2588190451025203,0.8660254037844387,-0.4999999999999998,26897.0,29386.0,29479.0,21446.166666666668,22055.4375,22679.23214285714,0,3378,28732,0.1175651689694776,3182.0,5606.0,0.2039361199025064,0.0,0.1073884099094183,1,0,0.6188869044793546,0.3172254385206947,1,MODERATE,0.7074545697653697,0.6188869044793546,101.96,0.2708439288926091,1.3,1.0517174125040634,1.1379225434451812,High
2026-04-29,41,28210,29676,25960,3007,6606,41,22126,0,1,1001,992,349,-451,0,707,demanddata_2026.csv,1200.0,996.0,312.0,-514.0,2656.0,2026-04-29 20:00:00,2026,4,29,20,0,2,Wednesday,0,0.3698189858805399,0.1060801169387115,119,-0.8660254037844386,0.5000000000000001,0.8660254037844387,-0.4999999999999998,27488.0,29652.0,30333.0,22487.5,22025.39583333333,22672.91369047619,0,3048,28732,0.1060801169387115,4592.0,6522.0,0.2311864166459891,0.0,0.0941476728935521,1,0,0.635423464455713,0.3328220858895706,0,MODERATE,0.2588732901163779,0.635423464455713,99.37,0.3293591005785962,1.3,1.0746343049084408,1.1416512737494462,High
2026-04-29,42,28281,29747,26087,3077,6606,0,22126,0,1,1002,992,380,-451,0,716,demanddata_2026.csv,1226.0,996.0,341.0,-514.0,2617.0,2026-04-29 20:30:00,2026,4,29,20,30,2,Wednesday,0,0.4371333567479935,0.1070894093899001,119,-0.8660254037844386,0.5000000000000001,0.8660254037844387,-0.4999999999999998,28210.0,29931.0,30154.0,23480.416666666668,21991.02083333333,22667.339285714286,0,3077,28732,0.1070894093899001,4688.0,6618.0,0.2340004242981401,0.0,0.0925323527331871,1,0,0.6359696200684041,0.3343558282208589,0,MODERATE,0.3059933497235954,0.6359696200684041,102.92,0.1336758247577088,1.3,1.0761946039657602,1.1417744231219151,High
2026-04-29,43,28136,29641,25863,3102,6606,0,22126,0,1,1001,992,980,-451,0,832,demanddata_2026.csv,958.0,996.0,-39.0,-514.0,2214.0,2026-04-29 21:00:00,2026,4,29,21,0,2,Wednesday,0,0.4027349404412357,0.1079594890892005,119,-0.7071067811865477,0.7071067811865474,0.8660254037844387,-0.4999999999999998,28281.0,29661.0,29558.0,24449.5,21959.25,22663.10714285714,0,3102,28732,0.1079594890892005,4755.0,6763.0,0.2403596687635497,0.0,0.0786864271244269,0,0,0.6357807884615923,0.3312235375442841,0,MODERATE,0.281914458308865,0.6357807884615923,77.27,0.1582485189170619,1.0,1.0772835626828476,1.1417318446088671,Moderate
2026-04-29,44,27058,28609,24870,3126,6606,0,22126,0,1,1001,992,1008,-451,0,836,demanddata_2026.csv,895.0,996.0,-85.0,-514.0,2112.0,2026-04-29 21:30:00,2026,4,29,21,30,2,Wednesday,0,0.3910257639875707,0.108794765600529,119,-0.7071067811865477,0.7071067811865474,0.8660254037844387,-0.4999999999999998,28136.0,28285.0,28681.0,25218.416666666668,21933.6875,22658.276785714286,0,3126,28732,0.108794765600529,4678.0,6778.0,0.2504896707195387,0.0,0.0780516648804464,0,0,0.6296948179404888,0.3079365765143005,0,MODERATE,0.2737180347912994,0.6296948179404888,75.3,0.1759707829809385,1.0,1.076032072813956,1.140359555405711,Moderate
2026-04-29,45,25590,27862,23572,3111,6606,0,22126,0,2,1001,992,498,-451,0,991,demanddata_2026.csv,522.0,996.0,-805.0,-514.0,2294.0,2026-04-29 22:00:00,2026,4,29,22,0,2,Wednesday,0,0.3410783030535421,0.1082727177809487,119,-0.5000000000000004,0.8660254037844384,0.8660254037844387,-0.4999999999999998,27058.0,27103.0,26806.0,25779.5,21902.166666666668,22654.65773809524,0,3111,28732,0.1082727177809487,3230.0,6770.0,0.2645461294986518,0.0,0.0896408893751709,0,0,0.6220334076229725,0.2762248336645641,0,MODERATE,0.2387548121374794,0.6220334076229725,73.01,0.3651367872470312,1.0,1.052497562032723,1.1386320296769517,Low
2026-04-29,46,24110,26404,22009,3095,6606,0,22126,0,7,1001,992,451,-451,0,997,demanddata_2026.csv,446.0,996.0,-868.0,-468.0,1819.0,2026-04-29 22:30:00,2026,4,29,22,30,2,Wednesday,0,0.3608052709023329,0.1077158667733964,119,-0.5000000000000004,0.8660254037844384,0.8660254037844387,-0.4999999999999998,25590.0,25554.0,25378.0,26071.416666666668,21872.08333333333,22650.883928571428,0,3095,28732,0.1077158667733964,3096.0,6670.0,0.2766372195263573,0.0,0.0754427439757786,0,0,0.6135391911491074,0.2442538667588352,0,MODERATE,0.252563689631633,0.6135391911491074,76.86,0.0931297545841683,1.0,1.050319644598548,1.1367167194538843,Moderate
2026-04-29,47,23066,26396,21176,3056,6606,0,22126,0,6,1001,992,-634,-383,0,997,demanddata_2026.csv,73.0,995.0,-1368.0,-439.0,2453.0,2026-04-29 23:00:00,2026,4,29,23,0,2,Wednesday,0,0.3334272373615338,0.1063585424424877,119,-0.2588190451025215,0.965925826289068,0.8660254037844387,-0.4999999999999998,24110.0,23890.0,24204.0,26154.08333333333,21854.916666666668,22647.497023809523,0,3056,28732,0.1063585424424877,1234.0,6882.0,0.2983482897645987,0.0,0.1063423938960419,0,0,0.61052206021307,0.2217013738874967,0,MODERATE,0.2333990661530736,0.61052206021307,75.02,0.1138681054464915,1.0,1.0200563441326254,1.136036404589776,Moderate
2026-04-29,48,22191,25599,20388,3016,6606,0,22126,0,11,1001,992,-761,-233,0,997,demanddata_2026.csv,-3.0,995.0,-1400.0,-500.0,2373.0,2026-04-29 23:30:00,2026,4,29,23,30,2,Wednesday,0,0.3616962296057627,0.104966414923607,119,-0.2588190451025215,0.965925826289068,0.8660254037844387,-0.4999999999999998,23066.0,23134.0,23341.0,26043.0,21835.27083333333,22644.074404761905,0,3016,28732,0.104966414923607,1088.0,6882.0,0.3101117519826964,0.0,0.1069304253785147,0,0,0.6067222296832966,0.2027996198047179,0,MODERATE,0.2531873607240339,0.6067222296832966,71.5,0.0917797130296197,1.0,1.0176833893162855,1.1351796034613857,Low
2026-04-30,1,21810,25590,19988,2992,6606,0,22126,0,11,1002,992,-897,-82,0,997,demanddata_2026.csv,-382.0,995.0,-1401.0,-507.0,2598.0,2026-04-30 00:00:00,2026,4,30,0,0,3,Thursday,0,0.3246031043709077,0.1041311384122785,120,0.0,1.0,0.8660254037844387,-0.4999999999999998,22191.0,22714.0,23064.0,25775.58333333333,21816.4375,22640.342261904763,0,2992,28732,0.1041311384122785,717.0,7255.0,0.3326303241483655,0.0,0.1191142084269405,0,1,0.6086549743831313,0.1945692560269593,0,MODERATE,0.2272221730596353,0.6086549743831313,54.38,0.1128397528510982,0.82,1.0116534835843536,1.1356154065391106,Very Low
2026-04-30,2,21628,25394,19695,2967,6606,0,22126,0,11,1001,992,-901,0,0,997,demanddata_2026.csv,-460.0,995.0,-1400.0,-494.0,2538.0,2026-04-30 00:30:00,2026,4,30,0,30,3,Thursday,0,0.3348691212632017,0.1032610587129781,120,0.0,1.0,0.8660254037844387,-0.4999999999999998,21810.0,22451.0,22776.0,25372.08333333333,21799.291666666668,22636.92559523809,0,2967,28732,0.1032610587129781,730.0,7240.0,0.3347357714180036,0.0,0.1173424568865874,0,1,0.6081529182109343,0.1906376911777413,0,MODERATE,0.2344083848842412,0.6081529182109343,54.49,0.1478099282639303,0.82,1.011864774081699,1.1355022008865208,Very Low
2026-04-30,3,21290,25332,19367,2933,6606,0,22126,0,46,1002,992,-874,0,0,904,demanddata_2026.csv,-844.0,995.0,-1400.0,-378.0,2707.0,2026-04-30 01:00:00,2026,4,30,1,0,3,Thursday,0,0.3150841585895483,0.1020777503219294,120,0.2588190451025207,0.9659258262890684,0.8660254037844387,-0.4999999999999998,21628.0,22142.0,22790.0,24904.83333333333,21781.541666666668,22632.46130952381,0,2933,28732,0.1020777503219294,397.0,7389.0,0.347048048471185,0.0,0.1271429242402893,0,1,0.6086091216280421,0.1833362136006221,0,MODERATE,0.2205589110126838,0.6086091216280421,52.43,0.052626376662963,0.82,1.006452486726623,1.135605067474778,Very Low
2026-04-30,4,21187,25209,19362,2899,6606,0,22126,0,48,1002,992,-873,0,0,900,demanddata_2026.csv,-899.0,996.0,-1401.0,-301.0,2880.0,2026-04-30 01:30:00,2026,4,30,1,30,3,Thursday,0,0.3067054444131821,0.1008944419308808,120,0.2588190451025207,0.9659258262890684,0.8660254037844387,-0.4999999999999998,21290.0,22153.0,22801.0,24379.75,21761.416666666668,22627.65773809524,0,2899,28732,0.1008944419308808,416.0,7364.0,0.3475552199358127,0.0,0.1359259958467056,0,1,0.6086551819741395,0.1811112071200207,0,MODERATE,0.2146938110892274,0.6086551819741395,55.66,0.0516024459246869,0.82,1.0067612959150505,1.1356154533475693,Very Low
2026-04-30,5,20704,25475,18980,2870,6606,0,22126,0,391,1003,992,-1053,0,0,525,demanddata_2026.csv,-971.0,995.0,-1423.0,-433.0,2949.0,2026-04-30 02:00:00,2026,4,30,2,0,3,Thursday,0,0.3204112987827667,0.0998851494796923,120,0.4999999999999999,0.8660254037844387,0.8660254037844387,-0.4999999999999998,21187.0,21790.0,22513.0,23754.25,21738.791666666668,22622.27380952381,0,2870,28732,0.0998851494796923,-365.0,7395.0,0.3571601062545279,0.0,0.1424293648877082,0,1,0.6072286508664866,0.1706774388663268,0,MODERATE,0.2242879091479366,0.6072286508664866,53.43,0.0131258855657826,0.82,1.0059323870408494,1.1352937933542764,Very Low
2026-04-30,6,20712,25867,19112,2841,6606,0,22126,0,730,1001,991,-1061,0,0,498,demanddata_2026.csv,-1011.0,996.0,-1426.0,-427.0,2941.0,2026-04-30 02:30:00,2026,4,30,2,30,3,Thursday,0,0.3202674319907982,0.0988758570285038,120,0.4999999999999999,0.8660254037844387,0.8660254037844387,-0.4999999999999998,20704.0,21358.0,21868.0,23123.5,21725.33333333333,22618.83333333333,0,2841,28732,0.0988758570285038,-439.0,7411.0,0.3577946217351422,0.0,0.1419881234007628,0,1,0.6081229777754317,0.170850254903655,0,MODERATE,0.2241872023935587,0.6081229777754317,53.04,0.2342888760706378,0.82,1.0071351175641998,1.1354954497962493,Very Low
2026-04-30,7,19859,25625,18306,2792,6606,0,22126,0,740,912,973,-1061,0,0,-185,demanddata_2026.csv,-1402.0,996.0,-1447.0,-431.0,3080.0,2026-04-30 03:00:00,2026,4,30,3,0,3,Thursday,0,0.2852989533099563,0.0971705008178749,120,0.7071067811865476,0.7071067811865476,0.8660254037844387,-0.4999999999999998,20712.0,20783.0,21575.0,22433.75,21706.08333333333,22613.72619047619,0,2792,28732,0.0971705008178749,-1645.0,7407.0,0.3729607250755287,0.0,0.1550855991943605,0,1,0.6051140305817451,0.1524237449235289,0,LOW,0.1997092673169694,0.6051140305817451,56.43,0.2079830036044453,0.82,1.0267363744717737,1.1348169802354051,Very Low
2026-04-30,8,19805,25629,18279,2743,6606,0,22126,0,728,904,970,-1061,0,0,-224,demanddata_2026.csv,-1435.0,996.0,-1449.0,-427.0,2931.0,2026-04-30 03:30:00,2026,4,30,3,30,3,Thursday,0,0.3338204810522296,0.095465144607246,120,0.7071067811865476,0.7071067811865476,0.8660254037844387,-0.4999999999999998,19859.0,20377.0,21209.0,21829.33333333333,21694.166666666668,22609.54761904762,0,2743,28732,0.095465144607246,-1726.0,7466.0,0.3769564778349994,0.0,0.1479854589518327,0,1,0.6066844022936932,0.1512572366715631,0,MODERATE,0.2336743367365607,0.6066844022936932,56.73,0.0408136030746849,0.82,1.028052876801387,1.1351710739888623,Very Low
2026-04-30,9,19840,25671,18359,2704,6606,0,22126,0,659,862,900,-1070,0,0,-556,demanddata_2026.csv,-1229.0,996.0,-1442.0,-375.0,3157.0,2026-04-30 04:00:00,2026,4,30,4,0,3,Thursday,0,0.30962330408734,0.0941078202763373,120,0.8660254037844386,0.5000000000000001,0.8660254037844387,-0.4999999999999998,19805.0,20055.0,20731.0,21350.166666666668,21689.6875,22606.89583333333,0,2704,28732,0.0941078202763373,-1914.0,7430.0,0.3744770928884632,0.0,0.1591149639635099,0,1,0.6074711684983749,0.1520133068348742,0,MODERATE,0.216736312861138,0.6074711684983749,54.91,0.0358583021934949,0.82,1.031108462455304,1.135348477208998,Very Low
2026-04-30,10,19586,25410,18129,2664,6606,0,22126,0,722,858,895,-1072,0,0,-570,demanddata_2026.csv,-1172.0,994.0,-1442.0,-346.0,3199.0,2026-04-30 04:30:00,2026,4,30,4,30,3,Thursday,0,0.3357616283694351,0.0927156927574565,120,0.8660254037844386,0.5000000000000001,0.8660254037844387,-0.4999999999999998,19840.0,19949.0,20827.0,20973.166666666668,21682.125,22603.20238095238,0,2664,28732,0.0927156927574565,-1855.0,7349.0,0.3751978352989227,0.0,0.1633226119364884,0,1,0.6064633277768012,0.1465263976497019,0,MODERATE,0.2350331398586045,0.6064633277768012,50.13,0.0798181300689536,0.82,1.0301495286596598,1.1351212252142795,Very Low
2026-04-30,11,19561,25140,18114,2676,6606,0,22126,0,699,832,895,-1069,0,0,-727,demanddata_2026.csv,-782.0,907.0,-1448.0,-354.0,3314.0,2026-04-30 05:00:00,2026,4,30,5,0,3,Thursday,0,0.3216238349190454,0.0931333310131208,120,0.9659258262890684,0.2588190451025207,0.8660254037844387,-0.4999999999999998,19586.0,20156.0,21316.0,20681.08333333333,21669.729166666668,22597.979166666668,0,2676,28732,0.0931333310131208,-1746.0,7014.0,0.3585522952663327,0.0,0.1694100807688375,0,1,0.6026136818623786,0.145986347533051,0,MODERATE,0.2251366844433318,0.6026136818623786,57.92,0.1821022729558168,0.82,1.0283779391049952,1.134253191511846,Very Low
2026-04-30,12,20261,25318,18711,2688,6606,13,22126,0,309,831,897,-1070,0,0,-730,demanddata_2026.csv,-703.0,903.0,-1449.0,-296.0,3636.0,2026-04-30 05:30:00,2026,4,30,5,30,3,Thursday,0,0.3305264404337623,0.0940034107124212,120,0.9659258262890684,0.2588190451025207,0.8660254037844387,-0.4999999999999998,19561.0,20626.0,22017.0,20520.25,21662.125,22592.75297619048,0,2701,28732,0.0940034107124212,-1617.0,6879.0,0.339502517026947,0.0,0.1794492152798341,0,1,0.6041033199150958,0.1611077507992741,0,MODERATE,0.2313685083036336,0.6041033199150958,58.7,0.4503336132536004,0.82,1.0262812872467222,1.134589081113885,Very Low
2026-04-30,13,22314,26561,20534,2678,6606,373,22126,0,163,990,986,-1065,-55,0,-280,demanddata_2026.csv,-320.0,989.0,-1449.0,-415.0,3656.0,2026-04-30 06:00:00,2026,4,30,6,0,3,Thursday,0,0.3358989175527028,0.1061845265026276,120,1.0,6.123233995736766e-17,0.8660254037844387,-0.4999999999999998,20261.0,22937.0,24225.0,20562.25,21649.14583333333,22587.06547619048,0,3051,28732,0.1061845265026276,-619.0,6549.0,0.2934797221599821,0.0,0.1638359847636119,0,0,0.6036105584654489,0.2054566663786399,0,MODERATE,0.2351292422868919,0.6036105584654489,85.84,0.1383521287494912,1.08,1.0100606782966737,1.13447797127286,High
2026-04-30,14,22879,27097,20867,2667,6606,1332,22126,0,146,1004,992,-921,-206,0,-243,demanddata_2026.csv,-261.0,995.0,-1434.0,-507.0,3224.0,2026-04-30 06:30:00,2026,4,30,6,30,3,Thursday,0,0.3153480236062354,0.1391779487001009,120,1.0,6.123233995736766e-17,0.8660254037844387,-0.4999999999999998,22314.0,24416.0,25212.0,20666.5,21617.125,22580.122023809523,0,3999,28732,0.1391779487001009,-581.0,6563.0,0.2868444055944056,0.0,0.1409090909090909,0,0,0.5861230635987811,0.2176617990149486,0,MODERATE,0.2207436165243647,0.5861230635987811,77.67,0.0955956195909381,1.08,1.009443059919818,1.1305348203304486,Moderate
2026-04-30,15,24927,27193,22660,2595,6606,2578,22126,0,8,1002,992,559,-251,0,545,demanddata_2026.csv,-121.0,995.0,-872.0,-514.0,3052.0,2026-04-30 07:00:00,2026,4,30,7,0,3,Thursday,0,0.5419461841424981,0.1800368913792503,120,0.9659258262890684,-0.2588190451025206,0.8660254037844387,-0.4999999999999998,22879.0,25965.0,27222.0,20969.58333333333,21595.5,22573.291666666668,0,5173,28732,0.1800368913792503,2335.0,5851.0,0.2347159820282413,0.0,0.1224326059050064,0,0,0.5697259304848593,0.2619027045709842,1,MODERATE,0.6793623288997486,0.5697259304848593,82.43,0.0313115411862673,1.08,1.0379510239462564,1.126837528558015,Moderate
2026-04-30,16,25170,27363,22696,2523,6606,3976,22126,0,8,1002,992,684,-361,0,593,demanddata_2026.csv,-134.0,996.0,-676.0,-514.0,2784.0,2026-04-30 07:30:00,2026,4,30,7,30,3,Thursday,0,0.5252224871857076,0.2261859186301465,120,0.9659258262890684,-0.2588190451025206,0.8660254037844387,-0.4999999999999998,24927.0,25838.0,28357.0,21301.5,21581.58333333333,22563.80654761905,0,6499,28732,0.2261859186301465,2582.0,5952.0,0.2364625958444241,0.0,0.1106034722498112,0,0,0.5459706880152966,0.2671519917048302,1,MODERATE,0.6676557410299953,0.5459706880152966,75.93,0.2049425223400197,1.08,1.0419655433958177,1.1214811005821812,Moderate
2026-04-30,17,25115,27166,22510,2464,6606,5461,22126,0,74,1001,992,1059,-450,0,981,demanddata_2026.csv,-513.0,996.0,1051.0,-514.0,2291.0,2026-04-30 08:00:00,2026,4,30,8,0,3,Thursday,0,0.5421209939553674,0.2758152646782445,120,0.8660254037844387,-0.4999999999999998,0.8660254037844387,-0.4999999999999998,25170.0,25076.0,27899.0,21669.08333333333,21582.39583333333,22555.52083333333,0,7925,28732,0.2758152646782445,4603.0,7557.0,0.3008838987099856,0.0,0.0912167542602325,0,0,0.5299047618724224,0.2659638814481984,1,MODERATE,0.6794846957687571,0.5299047618724224,79.66,0.0620549107226631,1.08,1.0748130891754253,1.1178584906947162,Moderate
2026-04-30,18,23829,26463,21280,2405,6606,6941,22126,0,579,1001,992,1060,-451,0,997,demanddata_2026.csv,-590.0,997.0,1279.0,-514.0,1798.0,2026-04-30 08:30:00,2026,4,30,8,30,3,Thursday,0,0.5014423263166664,0.3252705947864824,120,0.8660254037844387,-0.4999999999999998,0.8660254037844387,-0.4999999999999998,25115.0,24049.0,26632.0,21928.83333333333,21577.8125,22547.17857142857,0,9346,28732,0.3252705947864824,4771.0,7881.0,0.3307175828787242,0.0,0.0754511120436424,0,0,0.4910137384800202,0.2381837034476799,1,MODERATE,0.6510096284216664,0.4910137384800202,70.76,0.1575011780906107,1.08,1.077543612525734,1.1090891857307792,Low
2026-04-30,19,22742,25911,20242,2418,6606,8453,22126,0,727,1001,992,1057,-451,0,1016,demanddata_2026.csv,-977.0,996.0,1066.0,-514.0,1418.0,2026-04-30 09:00:00,2026,4,30,9,0,3,Thursday,0,0.4724669150021311,0.3783454564438102,120,0.7071067811865476,-0.7071067811865475,0.8660254037844387,-0.4999999999999998,23829.0,22826.0,25418.0,22169.08333333333,21576.0625,22539.214285714286,0,10871,28732,0.3783454564438102,4186.0,8070.0,0.3548344545574462,0.0,0.0623488545926219,0,0,0.4474197147708617,0.214702324375702,1,MODERATE,0.6307268405014919,0.4474197147708617,72.63,0.4566092581039211,1.08,1.0680355401451944,1.0992594292686388,Low
2026-04-30,20,21248,24620,18859,2430,6606,9991,22126,0,854,999,992,1057,-451,0,1005,demanddata_2026.csv,-1053.0,997.0,1033.0,-514.0,843.0,2026-04-30 09:30:00,2026,4,30,9,30,3,Thursday,0,0.4224277465905375,0.4322903978004385,120,0.7071067811865476,-0.7071067811865475,0.8660254037844387,-0.4999999999999998,22742.0,21131.0,24090.0,22289.33333333333,21578.5,22530.75595238096,0,12421,28732,0.4322903978004385,4065.0,8101.0,0.3812414701868323,0.0,0.0396724551743611,0,0,0.3918408850436319,0.1824289294046487,1,MODERATE,0.5956994226133763,0.3918408850436319,64.32,0.4228567820515724,1.08,1.066068913208365,1.0867272903609229,Low
2026-04-30,21,19720,23481,17564,2491,6606,11362,22126,0,890,830,992,1056,-451,0,324,demanddata_2026.csv,-1406.0,997.0,391.0,-514.0,1174.0,2026-04-30 10:00:00,2026,4,30,10,0,3,Thursday,0,0.2038718901848354,0.4821285629763686,120,0.4999999999999999,-0.8660254037844387,0.8660254037844387,-0.4999999999999998,21248.0,19548.0,22360.0,22279.33333333333,21582.08333333333,22522.89880952381,0,13853,28732,0.4821285629763686,2219.0,6961.0,0.3529739871203285,0.0,0.0595304497743522,0,0,0.3194785128541529,0.1494210662749503,0,LOW,0.1427103231293847,0.3194785128541529,52.2,0.3376120262118428,0.95,1.0360656625853288,1.070410730540915,Very Low
2026-04-30,22,18908,22817,16710,2552,6606,12608,22126,0,993,807,982,1056,-451,0,287,demanddata_2026.csv,-1451.0,995.0,341.0,-514.0,980.0,2026-04-30 10:30:00,2026,4,30,10,30,3,Thursday,0,0.1877275921343198,0.5276163296557965,120,0.4999999999999999,-0.8660254037844387,0.8660254037844387,-0.4999999999999998,19720.0,18479.0,20728.0,22222.83333333333,21591.02083333333,22517.48214285714,0,15160,28732,0.5276163296557965,2052.0,6884.0,0.364059442593474,0.0,0.0518271722460204,0,0,0.2679307686154651,0.1318802384861315,0,LOW,0.1314093144940238,0.2679307686154651,54.82,0.3300482003916314,0.95,1.0333513923502005,1.0587875370633064,Very Low
2026-04-30,23,18025,21938,16002,2689,6606,13696,22126,0,997,479,620,834,-451,0,72,demanddata_2026.csv,-1451.0,926.0,144.0,-514.0,1640.0,2026-04-30 11:00:00,2026,4,30,11,0,3,Thursday,0,0.1770301818242588,0.5702502349215188,120,0.258819045102521,-0.9659258262890682,0.8660254037844387,-0.4999999999999998,18908.0,17474.0,19258.0,22094.83333333333,21602.5,22513.8125,0,16385,28732,0.5702502349215188,659.0,5491.0,0.3046155553089981,0.0,0.0909796959946743,0,0,0.1979443518410474,0.1128056683660243,0,LOW,0.1239211272769812,0.1979443518410474,53.35,0.4996813988429582,0.95,1.0107108029038898,1.043006717262407,Very Low
2026-04-30,24,17178,21094,15172,2825,6606,14545,22126,0,1000,468,595,825,-451,0,63,demanddata_2026.csv,-1451.0,920.0,120.0,-514.0,1595.0,2026-04-30 11:30:00,2026,4,30,11,30,3,Thursday,0,0.1530571160935391,0.6045313750739568,120,0.258819045102521,-0.9659258262890682,0.8660254037844387,-0.4999999999999998,18025.0,16783.0,18628.0,21837.916666666668,21610.729166666668,22509.497023809523,0,17370,28732,0.6045313750739568,575.0,5407.0,0.314744746492811,0.0,0.092845916525991,0,0,0.1445937080946382,0.0945087704138944,0,LOW,0.1071399812654773,0.1445937080946382,53.39,0.0746637627760893,0.95,1.0093455412287355,1.0309769987251975,Very Low
2026-04-30,25,17115,21766,15291,2910,6606,15038,22126,0,1228,694,591,1017,-451,0,-241,demanddata_2026.csv,-1451.0,854.0,-266.0,-514.0,2056.0,2026-04-30 12:00:00,2026,4,30,12,0,3,Thursday,0,0.1254506334756393,0.6246476177217833,120,1.2246467991473532e-16,-1.0,0.8660254037844387,-0.4999999999999998,17178.0,16919.0,18064.0,21404.666666666668,21614.8125,22506.67261904762,0,17948,28732,0.6246476177217833,233.0,6079.0,0.3551647581210563,0.0,0.1201215237204954,0,0,0.1336122605913201,0.0931478441199343,0,LOW,0.0878154434329475,0.1336122605913201,53.82,0.4139695734569531,0.95,1.0037869758370357,1.0285008576082508,Very Low
2026-04-30,26,16678,21397,14834,2995,6606,15140,22126,0,1249,700,586,1025,-451,0,-252,demanddata_2026.csv,-1451.0,847.0,-302.0,-514.0,1991.0,2026-04-30 12:30:00,2026,4,30,12,30,3,Thursday,0,0.1389616303691439,0.6311558138725507,120,1.2246467991473532e-16,-1.0,0.8660254037844387,-0.4999999999999998,17115.0,16561.0,17637.0,20887.916666666668,21617.25,22503.81845238096,0,18135,28732,0.6311558138725507,188.0,6128.0,0.3674081179926854,0.0,0.1193716649679237,0,0,0.1144995517044204,0.0837077680808779,0,LOW,0.0972731412584007,0.1144995517044204,46.55,0.1582120957979519,0.95,1.003055585653917,1.024191246847303,Very Low
2026-04-30,27,16252,21241,14422,3136,6606,15010,22126,0,1172,183,385,756,-451,0,-264,demanddata_2026.csv,-1451.0,735.0,-637.0,-514.0,2474.0,2026-04-30 13:00:00,2026,4,30,13,0,3,Thursday,0,0.1565286195713486,0.6315386489402429,120,-0.2588190451025208,-0.9659258262890684,0.8660254037844387,-0.4999999999999998,16678.0,15894.0,17088.0,20165.0,21624.70833333333,22501.33035714286,0,18146,28732,0.6315386489402429,-1258.0,5376.0,0.330769704054636,0.0,0.1522180520519288,0,0,0.0904215840074709,0.0745053140931478,0,LOW,0.109570033699944,0.0904215840074709,47.54,0.0543441557091202,0.95,1.0204464188969553,1.0187620494843035,Very Low
2026-04-30,28,15881,20949,14115,3276,6606,14791,22126,0,1245,149,376,745,-451,0,-261,demanddata_2026.csv,-1437.0,729.0,-660.0,-514.0,2798.0,2026-04-30 13:30:00,2026,4,30,13,30,3,Thursday,0,0.1449556323293195,0.6287891970904534,120,-0.2588190451025208,-0.9659258262890684,0.8660254037844387,-0.4999999999999998,16252.0,15647.0,16754.0,19390.916666666668,21629.58333333333,22498.73214285714,0,18067,28732,0.6287891970904534,-1324.0,5322.0,0.3350963354741216,0.0,0.1761742853544893,0,0,0.0788503711129904,0.0664909703620496,0,LOW,0.1014689426305236,0.0788503711129904,48.58,0.0688717459361765,0.95,1.0215191244988622,1.0161529256859785,Very Low
2026-04-30,29,15993,20603,14218,3248,6606,14300,22126,0,1264,120,552,799,-451,0,204,demanddata_2026.csv,-1261.0,729.0,-620.0,-514.0,2646.0,2026-04-30 14:00:00,2026,4,30,14,0,3,Thursday,0,0.1530952639561402,0.610726342532976,120,-0.4999999999999997,-0.8660254037844388,0.8660254037844387,-0.4999999999999998,15881.0,15714.0,16688.0,18630.75,21635.39583333333,22496.66369047619,0,17548,28732,0.610726342532976,-442.0,5250.0,0.328248093034888,0.0,0.1654370388895835,0,0,0.0982571369282433,0.0689103948846453,0,LOW,0.1071666847692981,0.0982571369282433,49.87,0.0555760821807248,0.95,1.007183876909741,1.0205288415902871,Very Low
2026-04-30,30,16004,20580,14243,3220,6606,13551,22126,0,1254,123,564,801,-451,0,224,demanddata_2026.csv,-1240.0,724.0,-617.0,-514.0,2434.0,2026-04-30 14:30:00,2026,4,30,14,30,3,Thursday,0,0.1440995407438531,0.5836842654787179,120,-0.4999999999999997,-0.8660254037844388,0.8660254037844387,-0.4999999999999998,15993.0,16366.0,16652.0,17978.666666666668,21627.854166666668,22494.73511904762,0,16771,28732,0.5836842654787179,-386.0,5258.0,0.3285223367697594,0.0,0.152077475788816,0,0,0.1230185229191145,0.0691480169359716,0,LOW,0.1008696785206971,0.1230185229191145,50.66,0.264905617250044,0.95,1.0062737024596382,1.026112138869271,Very Low
2026-04-30,31,16134,20721,14360,3225,6606,12552,22126,0,1246,302,547,721,-451,0,90,demanddata_2026.csv,-1239.0,533.0,-637.0,-514.0,2468.0,2026-04-30 15:00:00,2026,4,30,15,0,3,Thursday,0,0.1474808967137971,0.5490898966345317,120,-0.7071067811865471,-0.7071067811865479,0.8660254037844387,-0.4999999999999998,16004.0,16507.0,16945.0,17428.0,21620.08333333333,22492.321428571428,0,15777,28732,0.5490898966345317,-648.0,5034.0,0.3119925627517818,0.0,0.1529594050201425,0,0,0.1553964283857994,0.0719562775425559,0,LOW,0.1032366276996579,0.1553964283857994,50.27,0.0401811120860813,0.95,1.0105320186369051,1.033412839708796,Very Low
2026-04-30,32,16886,21363,15235,3229,6606,11277,22126,0,1150,333,557,661,-451,0,98,demanddata_2026.csv,-1214.0,534.0,-648.0,-514.0,2730.0,2026-04-30 15:30:00,2026,4,30,15,30,3,Thursday,0,0.2047314500577775,0.5048550447220965,120,-0.7071067811865471,-0.7071067811865479,0.8660254037844387,-0.4999999999999998,16134.0,17831.0,17899.0,17064.5,21600.39583333333,22489.30654761905,0,14506,28732,0.5048550447220965,-644.0,5010.0,0.296677917925031,0.0,0.161662817551963,0,0,0.2155551376472453,0.0882009850514127,0,LOW,0.1433120150404442,0.2155551376472453,53.47,0.0481065038255637,0.95,1.0104670061761838,1.0469776683436092,Very Low
2026-04-30,33,18268,22988,16452,3174,6606,9880,22126,0,1186,930,938,-194,-451,0,804,demanddata_2026.csv,-898.0,968.0,-978.0,-513.0,2645.0,2026-04-30 16:00:00,2026,4,30,16,0,3,Thursday,0,0.188041964773349,0.454320815786726,120,-0.8660254037844385,-0.5000000000000004,0.8660254037844387,-0.4999999999999998,16886.0,18857.0,19052.0,16943.5,21588.125,22486.97321428572,0,13054,28732,0.454320815786726,606.0,6674.0,0.3653182987574579,0.0,0.1447807761782254,1,0,0.3085290195216926,0.1180549554998703,0,LOW,0.1316293753413443,0.3085290195216926,76.43,0.2296596493801334,1.3,1.0098493877993282,1.0679417945794174,Moderate
2026-04-30,34,19876,24530,18004,3119,6606,8470,22126,0,1148,972,965,-212,-451,0,843,demanddata_2026.csv,-829.0,996.0,-1000.0,-514.0,2609.0,2026-04-30 16:30:00,2026,4,30,16,30,3,Thursday,0,0.2318359010258895,0.4033341454077193,120,-0.8660254037844385,-0.5000000000000004,0.8660254037844387,-0.4999999999999998,18268.0,20607.0,20861.0,17024.166666666668,21572.89583333333,22484.041666666668,0,11589,28732,0.4033341454077193,770.0,6782.0,0.3411983699753484,0.0,0.1312572319766564,1,0,0.3776220694457866,0.1527909790028514,0,LOW,0.1622851307181226,0.3776220694457866,84.07,0.1667062728315303,1.3,1.0125148986889154,1.083521174416238,Moderate
2026-04-30,35,21550,25727,19589,3016,6606,6977,22126,0,974,905,981,-294,-451,0,673,demanddata_2026.csv,-444.0,996.0,-1000.0,-514.0,3054.0,2026-04-30 17:00:00,2026,4,30,17,0,3,Thursday,0,0.4940624796409021,0.3477882574043782,120,-0.9659258262890684,-0.2588190451025206,0.8660254037844387,-0.4999999999999998,19876.0,22074.0,22660.0,17317.916666666668,21561.979166666668,22480.73809523809,0,9993,28732,0.3477882574043782,852.0,6258.0,0.2903809568001484,0.0,0.1417103614681453,1,0,0.4356290685811337,0.1889527348137907,1,MODERATE,0.6458437357486315,0.4356290685811337,74.61,0.0319024037081025,1.3,1.013847654133709,1.0966008267650131,Moderate
2026-04-30,36,22751,26273,20733,2912,6606,5410,22126,0,395,904,983,-299,-451,0,667,demanddata_2026.csv,-366.0,996.0,-997.0,-514.0,3033.0,2026-04-30 17:30:00,2026,4,30,17,30,3,Thursday,0,0.5028148747208856,0.2896321303031358,120,-0.9659258262890684,-0.2588190451025206,0.8660254037844387,-0.4999999999999998,21550.0,23524.0,24616.0,17782.333333333332,21545.875,22475.1875,0,8322,28732,0.2896321303031358,923.0,6177.0,0.2714926160337553,0.0,0.1333069620253164,1,0,0.4869086286834151,0.2148967424176963,1,MODERATE,0.6519704123046199,0.4869086286834151,80.89,0.2190609082035453,1.3,1.015001625311518,1.1081635490008417,Moderate
2026-04-30,37,24061,27330,22023,2753,6606,3961,22126,0,318,996,992,-579,-451,0,721,demanddata_2026.csv,11.0,996.0,-907.0,-514.0,3116.0,2026-04-30 18:00:00,2026,4,30,18,0,3,Thursday,0,0.5334016919605533,0.2336686040441304,120,-1.0,-1.8369701987210287e-16,0.8660254037844387,-0.4999999999999998,22751.0,25019.0,26702.0,18361.166666666668,21525.916666666668,22467.32738095238,0,6714,28732,0.2336686040441304,1265.0,6167.0,0.2562962347269553,0.0,0.1294987947801512,1,0,0.5338899824937826,0.2431953685301996,1,MODERATE,0.6733811843723874,0.5338899824937826,77.94,0.0731346428436205,1.3,1.020560190703218,1.1187570943294076,Moderate
2026-04-30,38,25969,29249,23893,2594,6606,2640,22126,0,315,1002,992,-593,-451,0,697,demanddata_2026.csv,88.0,996.0,-907.0,-514.0,3234.0,2026-04-30 18:30:00,2026,4,30,18,30,3,Thursday,0,0.5705567433430471,0.1821598858455434,120,-1.0,-1.8369701987210287e-16,0.8660254037844387,-0.4999999999999998,24061.0,26470.0,27803.0,19135.416666666668,21515.479166666668,22461.86904761905,0,5234,28732,0.1821598858455434,1310.0,6240.0,0.2402772429726607,0.0,0.1245283018867924,1,0,0.5791165868407586,0.2844119934329905,1,MODERATE,0.6993897203401329,0.5791165868407586,89.86,0.0474756519481146,1.3,1.0212915808863363,1.1289549716647578,High
2026-04-30,39,26832,30985,24746,2538,6606,1464,22126,0,307,1004,992,-1024,-451,0,-207,demanddata_2026.csv,460.0,996.0,-1150.0,-514.0,3454.0,2026-04-30 19:00:00,2026,4,30,19,0,3,Thursday,0,0.5826086846918753,0.139282358264017,120,-0.9659258262890684,0.2588190451025203,0.8660254037844387,-0.4999999999999998,25969.0,26897.0,29066.0,20017.08333333333,21514.125,22455.22023809524,0,4002,28732,0.139282358264017,106.0,6798.0,0.2533447620467335,0.0,0.1287220959266574,1,0,0.6123088622627555,0.303054523459777,1,MODERATE,0.7078260792843127,0.6123088622627555,95.31,0.2369303922984895,1.3,1.0017228302091234,1.136439299929551,High
2026-04-30,40,27337,31516,25188,2482,6606,496,22126,0,306,1004,992,-1042,-451,0,-220,demanddata_2026.csv,536.0,996.0,-1146.0,-514.0,3465.0,2026-04-30 19:30:00,2026,4,30,19,30,3,Thursday,0,0.6046846332638011,0.1036438937806703,120,-0.9659258262890684,0.2588190451025203,0.8660254037844387,-0.4999999999999998,26832.0,27488.0,29246.0,20971.75,21510.979166666668,22449.53869047619,0,2978,28732,0.1036438937806703,155.0,6901.0,0.252432511522423,0.0,0.1267466530104616,1,0,0.6347960817517547,0.3139635358161237,1,HIGH,0.7232792432846606,0.6347960817517547,101.88,0.0385239064272942,1.3,1.0025192328529635,1.141509808964511,High
2026-04-30,41,28269,31030,26081,2518,6606,44,22126,0,314,1002,992,-608,-451,0,907,demanddata_2026.csv,909.0,995.0,-374.0,-514.0,3212.0,2026-04-30 20:00:00,2026,4,30,20,0,3,Thursday,0,0.4272555305406958,0.0891657675843107,120,-0.8660254037844386,0.5000000000000001,0.8660254037844387,-0.4999999999999998,27337.0,28210.0,29312.0,21994.75,21512.20833333333,22446.434523809523,0,2562,28732,0.0891657675843107,2858.0,6752.0,0.2388397594623275,0.0,0.1136186770428015,1,0,0.6459620739528984,0.3340966041648665,0,MODERATE,0.2990788713784871,0.6459620739528984,99.21,0.0346557851562433,1.3,1.0464514031856105,1.1440275619649607,High
2026-04-30,42,28299,30926,26113,2553,6606,0,22126,0,311,1001,992,-551,-451,0,997,demanddata_2026.csv,941.0,996.0,-300.0,-514.0,3245.0,2026-04-30 20:30:00,2026,4,30,20,30,3,Thursday,0,0.4037028370534662,0.0888525388925625,120,-0.8660254037844386,0.5000000000000001,0.8660254037844387,-0.4999999999999998,28269.0,28281.0,29510.0,23019.33333333333,21512.58333333333,22442.83035714286,0,2553,28732,0.0888525388925625,3111.0,6743.0,0.2382685512367491,0.0,0.1146643109540636,1,0,0.6462071725182383,0.3347446643048475,0,MODERATE,0.2825919859374263,0.6462071725182383,102.77,0.0329976260408352,1.3,1.050563441326254,1.1440828277789763,High
2026-04-30,43,28517,30293,26264,2485,6606,0,22126,0,311,1001,992,266,-451,0,997,demanddata_2026.csv,756.0,996.0,432.0,-514.0,2989.0,2026-04-30 21:00:00,2026,4,30,21,0,3,Thursday,0,0.4026546283523374,0.0864859221104653,120,-0.7071067811865477,0.7071067811865474,0.8660254037844387,-0.4999999999999998,28299.0,28136.0,29237.0,24051.25,21520.52083333333,22440.6875,0,2485,28732,0.0864859221104653,4475.0,6405.0,0.2245949926362297,0.0,0.1048109965635738,0,0,0.6461161677704845,0.3394539013220427,0,MODERATE,0.2818582398466361,0.6461161677704845,69.8,0.1830630607837171,1.0,1.0727326904323329,1.144062307661052,Low
2026-04-30,44,27156,28939,24947,2417,6606,0,22126,0,318,1002,992,292,-451,0,997,demanddata_2026.csv,704.0,996.0,462.0,-514.0,2624.0,2026-04-30 21:30:00,2026,4,30,21,30,3,Thursday,0,0.3486272432158911,0.084119305328368,120,-0.7071067811865477,0.7071067811865474,0.8660254037844387,-0.4999999999999998,28517.0,27058.0,28103.0,24907.08333333333,21522.5625,22437.86904761905,0,2417,28732,0.084119305328368,4480.0,6410.0,0.2360349081268181,0.0,0.0966233383657988,0,0,0.6405635306781395,0.3100535729715717,0,MODERATE,0.2440390702511238,0.6405635306781395,85.09,0.1325093677686663,1.0,1.0728139560082348,1.1428102766325663,High
2026-04-30,45,25620,27678,23603,2396,6606,0,22126,0,311,1002,992,105,-451,0,997,demanddata_2026.csv,331.0,996.0,-282.0,-514.0,2652.0,2026-04-30 22:00:00,2026,4,30,22,0,3,Thursday,0,0.403532763298656,0.0833884383809556,120,-0.5000000000000004,0.8660254037844384,0.8660254037844387,-0.4999999999999998,27156.0,25590.0,26980.0,25519.75,21523.1875,22433.821428571428,0,2396,28732,0.0833884383809556,3176.0,5670.0,0.2213028375161,0.0,0.1035088404043558,0,0,0.6275616131994404,0.276872893804545,0,MODERATE,0.2824729343090592,0.6275616131994404,70.29,0.1091827346244093,1.0,1.0516198938129808,1.1398785517886032,Low
2026-04-30,46,24696,26807,22664,2374,6606,0,22126,0,309,1002,992,102,-451,0,997,demanddata_2026.csv,265.0,996.0,-337.0,-514.0,2351.0,2026-04-30 22:30:00,2026,4,30,22,30,3,Thursday,0,0.3598543934309667,0.0826227682455713,120,-0.5000000000000004,0.8660254037844384,0.8660254037844387,-0.4999999999999998,25620.0,24110.0,25727.0,25921.416666666668,21535.39583333333,22430.75297619048,0,2374,28732,0.0826227682455713,3052.0,5656.0,0.2290156699194234,0.0,0.0951937482285297,0,0,0.6231095075647016,0.2569126414931306,0,MODERATE,0.2518980754016767,0.6231095075647016,74.82,0.1258412424368001,1.0,1.04960450753061,1.138874673036204,Moderate
2026-04-30,47,23208,25729,21231,2271,6606,0,22126,0,313,1002,992,-265,-451,0,892,demanddata_2026.csv,26.0,995.0,-478.0,-514.0,1797.0,2026-04-30 23:00:00,2026,4,30,23,0,3,Thursday,0,0.3468895883448122,0.0790380398844534,120,-0.2588190451025215,0.965925826289068,0.8660254037844387,-0.4999999999999998,24696.0,23066.0,24969.0,26059.58333333333,21538.354166666668,22425.511904761905,0,2271,28732,0.0790380398844534,2199.0,5615.0,0.2419320091343875,0.0,0.0774268602697229,0,0,0.6172764963769726,0.2247688585500734,0,MODERATE,0.2428227118413685,0.6172764963769726,70.99,0.0066253343338862,1.0,1.0357406002817209,1.1375594221247756,Low
2026-04-30,48,22784,25338,20835,2168,6606,0,22126,0,313,1002,992,-286,-451,0,888,demanddata_2026.csv,-5.0,995.0,-485.0,-514.0,1920.0,2026-04-30 23:30:00,2026,4,30,23,30,3,Thursday,0,0.3200253626107889,0.0754533115233355,120,-0.2588190451025215,0.965925826289068,0.8660254037844387,-0.4999999999999998,23208.0,22191.0,24211.0,26062.33333333333,21550.70833333333,22421.26488095238,0,2168,28732,0.0754533115233355,2136.0,5618.0,0.2465657230634189,0.0,0.0842659644502962,0,0,0.6174006361191969,0.2156096085716754,0,MODERATE,0.2240177538275522,0.6174006361191969,74.16,0.0126830478487311,1.0,1.034716654025355,1.1375874136550246,Moderate
2026-05-01,1,23260,25386,21205,1998,6606,0,22126,0,310,1002,992,151,-451,0,993,demanddata_2026.csv,-5.0,995.0,-346.0,-514.0,2023.0,2026-05-01 00:00:00,2026,5,1,0,0,4,Friday,0,0.37613965299575,0.0695367695680924,121,0.0,1.0,0.4999999999999999,-0.8660254037844387,22784.0,21810.0,23497.0,25995.58333333333,21580.916666666668,22420.559523809523,0,1998,28732,0.0695367695680924,2817.0,5449.0,0.234254761188255,0.0,0.0869696057779115,0,1,0.6219825873171694,0.2258921627927071,0,MODERATE,0.263297757097025,0.6219825873171694,61.25,0.0586058079311193,0.82,1.0457850254632135,1.1386205705092294,Very Low
2026-05-01,2,21980,24143,19964,1828,6606,0,22126,0,368,1002,992,165,-451,0,997,demanddata_2026.csv,8.0,995.0,-330.0,-514.0,1564.0,2026-05-01 00:30:00,2026,5,1,0,30,4,Friday,0,0.3620663253104567,0.0636202276128493,121,0.0,1.0,0.4999999999999999,-0.8660254037844387,23260.0,21628.0,23001.0,25663.166666666668,21588.25,22417.52083333333,0,1828,28732,0.0636202276128493,2864.0,5454.0,0.2481233792821073,0.0,0.0711523588553751,0,1,0.6196244662164915,0.1982415968201849,0,MODERATE,0.2534464277173197,0.6196244662164915,57.52,0.0208414188397748,0.82,1.046548921876693,1.138088851843328,Very Low
2026-05-01,3,22137,24295,20098,1693,6606,0,22126,0,584,1002,992,104,-451,0,933,demanddata_2026.csv,167.0,996.0,-109.0,-514.0,1587.0,2026-05-01 01:00:00,2026,5,1,1,0,4,Friday,0,0.3519372100237544,0.0589217972366268,121,0.2588190451025207,0.9659258262890684,0.4999999999999999,-0.8660254037844387,21980.0,21290.0,23476.0,25271.916666666668,21605.89583333333,22413.53571428572,0,1693,28732,0.0589217972366268,3120.0,5268.0,0.237961875508176,0.0,0.0716866925648206,0,1,0.6217331196232774,0.2016331115527521,0,MODERATE,0.246356047016628,0.6217331196232774,53.68,0.1629466351398049,0.82,1.0507097193628778,1.1385643195264687,Very Low
2026-05-01,4,22507,24645,20546,1557,6606,0,22126,0,582,1002,992,103,-451,0,930,demanddata_2026.csv,207.0,995.0,-91.0,-514.0,1778.0,2026-05-01 01:30:00,2026,5,1,1,30,4,Friday,0,0.3728887678473815,0.0541885636724324,121,0.2588190451025207,0.9659258262890684,0.4999999999999999,-0.8660254037844387,22137.0,21187.0,23406.0,24869.416666666668,21633.39583333333,22410.86011904762,0,1557,28732,0.0541885636724324,3173.0,5285.0,0.2348054025235471,0.0,0.0789941354185178,0,1,0.626629842412844,0.2096258532791843,0,MODERATE,0.2610221374931671,0.626629842412844,61.47,0.0413150220558566,0.82,1.0515711344674397,1.1396684523499303,Very Low
2026-05-01,5,21980,23974,20097,1453,6606,0,22126,0,529,1003,992,103,-451,0,635,demanddata_2026.csv,468.0,996.0,14.0,-514.0,1653.0,2026-05-01 02:00:00,2026,5,1,2,0,4,Friday,0,0.3379162647732373,0.0505690321233424,121,0.4999999999999999,0.8660254037844387,0.4999999999999999,-0.8660254037844387,22507.0,20704.0,23001.0,24345.33333333333,21659.979166666668,22407.821428571428,0,1453,28732,0.0505690321233424,3246.0,5176.0,0.2354760929893999,0.0,0.0752013102224648,0,1,0.6256251031301896,0.1982415968201849,0,MODERATE,0.2365413853412661,0.6256251031301896,58.52,0.2032073073105053,0.82,1.0527576118756097,1.139441899680181,Very Low
2026-05-01,6,21326,23488,19448,1349,6606,0,22126,0,697,1003,992,103,-451,0,623,demanddata_2026.csv,499.0,996.0,14.0,-514.0,1380.0,2026-05-01 02:30:00,2026,5,1,2,30,4,Friday,0,0.3451516934406113,0.0469495005742526,121,0.4999999999999999,0.8660254037844387,0.4999999999999999,-0.8660254037844387,21980.0,20712.0,22509.0,23764.25,21672.77083333333,22404.30059523809,0,1349,28732,0.0469495005742526,3265.0,5195.0,0.2435879401697379,0.0,0.0647067098044732,0,1,0.6253521458193494,0.1841138857685993,0,MODERATE,0.2416061854084279,0.6253521458193494,59.38,0.1789356334474588,0.82,1.0530664210640373,1.139380352163759,Very Low
2026-05-01,7,20903,23288,19023,1239,6606,0,22126,0,686,1003,992,2,-451,0,455,demanddata_2026.csv,474.0,996.0,-234.0,-514.0,1202.0,2026-05-01 03:00:00,2026,5,1,3,0,4,Friday,0,0.3187959748707991,0.0431211498973305,121,0.7071067811865476,0.7071067811865476,0.4999999999999999,-0.8660254037844387,21326.0,19859.0,22123.0,23129.75,21694.52083333333,22400.66964285714,0,1239,28732,0.0431211498973305,2723.0,5121.0,0.2449770378874856,0.0,0.057500956754688,0,1,0.6254737120802253,0.1749762377948673,0,MODERATE,0.2231571824095593,0.6254737120802253,58.49,0.1768035014368538,0.82,1.0442572326362554,1.1394077634150446,Very Low
2026-05-01,8,20801,23340,18990,1128,6606,0,22126,0,821,1003,992,0,-451,0,449,demanddata_2026.csv,500.0,996.0,-253.0,-514.0,889.0,2026-05-01 03:30:00,2026,5,1,3,30,4,Friday,0,0.3207750976763237,0.0392579960324365,121,0.7071067811865476,0.7071067811865476,0.4999999999999999,-0.8660254037844387,20903.0,19805.0,21806.0,22600.166666666668,21715.27083333333,22397.67857142857,0,1128,28732,0.0392579960324365,2722.0,5158.0,0.2479569272185366,0.0,0.0427362753581386,0,1,0.6280745872494817,0.172772833318932,0,MODERATE,0.2245425683734266,0.6280745872494817,63.17,0.1488785803297484,0.82,1.044240979521075,1.1399942192483663,Low
2026-05-01,9,20615,23606,18880,1074,6606,0,22126,0,873,1003,992,-405,-451,0,381,demanddata_2026.csv,872.0,995.0,-249.0,-513.0,827.0,2026-05-01 04:00:00,2026,5,1,4,0,4,Friday,0,0.3189587611338358,0.0373786238819475,121,0.8660254037844386,0.5000000000000001,0.4999999999999999,-0.8660254037844387,20801.0,19840.0,21796.0,22183.08333333333,21731.416666666668,22394.16369047619,0,1074,28732,0.0373786238819475,2625.0,5861.0,0.2842937524253007,0.0,0.0401144741948001,0,1,0.635462773646285,0.1687548604510498,0,MODERATE,0.223271132793685,0.635462773646285,55.97,0.1642514426338717,0.82,1.0426644273485752,1.141660137344434,Very Low
2026-05-01,10,20394,22883,18616,1020,6606,0,22126,0,347,1004,992,-438,-451,0,377,demanddata_2026.csv,948.0,996.0,-237.0,-516.0,762.0,2026-05-01 04:30:00,2026,5,1,4,30,4,Friday,0,0.3324324646643865,0.0354992517314586,121,0.8660254037844386,0.5000000000000001,0.4999999999999999,-0.8660254037844387,20615.0,19586.0,21652.0,21824.58333333333,21748.25,22390.41964285714,0,1020,28732,0.0354992517314586,2675.0,5959.0,0.2921794557489581,0.0,0.037362098553567,0,1,0.6369596119326396,0.1639808174198565,0,MODERATE,0.2327027252650705,0.6369596119326396,62.92,0.2711738412234762,0.82,1.0434770831075957,1.141997650484222,Low
2026-05-01,11,20889,22371,19038,1000,6606,0,22126,0,17,1004,992,227,-451,0,31,demanddata_2026.csv,1321.0,996.0,177.0,-514.0,673.0,2026-05-01 05:00:00,2026,5,1,5,0,4,Friday,0,0.3441600679771721,0.0348031879720182,121,0.9659258262890684,0.2588190451025207,0.4999999999999999,-0.8660254037844387,20394.0,19561.0,21921.0,21631.33333333333,21775.916666666668,22387.34821428572,0,1000,28732,0.0348031879720182,3783.0,5713.0,0.2734801340354236,0.0,0.0322163714696026,0,1,0.6368038398936509,0.1746738097295429,0,MODERATE,0.2409120475840205,0.6368038398936509,64.88,0.0286605467387865,0.82,1.0614855347274894,1.1419625263759936,Low
2026-05-01,12,21224,22705,19281,979,6606,22,22126,0,16,1004,992,254,-451,0,42,demanddata_2026.csv,1370.0,996.0,227.0,-514.0,402.0,2026-05-01 05:30:00,2026,5,1,5,30,4,Friday,0,0.3332228868918628,0.0348379911599902,121,0.9659258262890684,0.2588190451025207,0.4999999999999999,-0.8660254037844387,20889.0,20261.0,22411.0,21501.33333333333,21795.979166666668,22383.81547619048,0,1001,28732,0.0348379911599902,3920.0,5850.0,0.2756183745583039,0.0,0.0189399293286219,0,1,0.6392863246370961,0.1819104812926639,0,MODERATE,0.2332560208243039,0.6392863246370961,64.43,0.073537266157904,0.82,1.0637122115072055,1.1425222870581424,Low
2026-05-01,13,23190,24670,21039,932,6606,358,22126,0,15,1002,992,794,-451,0,938,demanddata_2026.csv,1393.0,997.0,1009.0,-514.0,13.0,2026-05-01 06:00:00,2026,5,1,6,0,4,Friday,0,0.3577687020104041,0.0448961124839035,121,1.0,6.123233995736766e-17,0.4999999999999999,-0.8660254037844387,21224.0,22314.0,24170.0,21495.5,21814.229166666668,22380.89880952381,0,1290,28732,0.0448961124839035,6160.0,8090.0,0.3488422232762709,0.0,0.0005605622870941,0,0,0.6596796349841791,0.2243800224660848,0,MODERATE,0.2504380914072829,0.6596796349841791,84.34,0.0826863128231375,1.08,1.100119189511323,1.1471206530063298,Moderate
2026-05-01,14,23728,25208,21505,885,6606,1148,22126,0,15,1002,992,830,-451,0,997,demanddata_2026.csv,1397.0,997.0,1072.0,-514.0,-166.0,2026-05-01 06:30:00,2026,5,1,6,30,4,Friday,0,0.3529637382212289,0.070754881147113,121,1.0,6.123233995736766e-17,0.4999999999999999,-0.8660254037844387,23190.0,22879.0,25678.0,21641.166666666668,21831.916666666668,22375.09523809524,0,2033,28732,0.070754881147113,6322.0,8252.0,0.347760124741877,0.0,-0.0069956593198196,0,0,0.6471690003663324,0.2360019009764106,0,MODERATE,0.2470746167548602,0.6471690003663324,79.92,0.0047825123015668,1.08,1.1027521941705494,1.144299704605221,Moderate
2026-05-01,15,25240,26722,22900,795,6606,2143,22126,0,17,1002,992,1063,-451,0,997,demanddata_2026.csv,1397.0,997.0,1402.0,-514.0,193.0,2026-05-01 07:00:00,2026,5,1,7,0,4,Friday,0,0.5973430031612041,0.1022517662617895,121,0.9659258262890684,-0.2588190451025206,0.4999999999999999,-0.8660254037844387,23728.0,24927.0,27920.0,21899.75,21838.4375,22367.11904761905,0,2938,28732,0.1022517662617895,6885.0,8815.0,0.3492333901192504,0.0,0.0076462897666494,0,0,0.639778215543785,0.2686641320314525,1,MODERATE,0.7181401022128429,0.639778215543785,92.34,0.0454904757093294,1.08,1.11190269801712,1.1426332006056266,High
2026-05-01,16,26354,27830,23903,704,6606,3217,22126,0,11,1002,992,1064,-451,0,997,demanddata_2026.csv,1397.0,997.0,1426.0,-514.0,415.0,2026-05-01 07:30:00,2026,5,1,7,30,4,Friday,0,0.5808420519211188,0.1364633000382835,121,0.9659258262890684,-0.2588190451025206,0.4999999999999999,-0.8660254037844387,25240.0,25170.0,28277.0,22220.33333333333,21863.104166666668,22361.39583333333,0,3921,28732,0.1364633000382835,6910.0,8840.0,0.335420223866439,0.0,0.0157465376588882,0,0,0.6264815877503478,0.2927287652294132,1,MODERATE,0.7065894363447831,0.6264815877503478,82.84,0.0088060115098745,1.08,1.1123090258966302,1.1396350232901025,Moderate
2026-05-01,17,25891,27368,23252,596,6606,4452,22126,0,12,1002,992,1061,-451,0,996,demanddata_2026.csv,1397.0,998.0,1426.0,-514.0,102.0,2026-05-01 08:00:00,2026,5,1,8,0,4,Friday,0,0.5451099702353341,0.175686492882748,121,0.8660254037844387,-0.4999999999999998,0.4999999999999999,-0.8660254037844387,26354.0,25115.0,27557.0,22546.25,21879.27083333333,22356.4375,0,5048,28732,0.175686492882748,6907.0,8837.0,0.3413023327668778,0.0,0.0039394407539008,0,0,0.6022139106071307,0.28272703706904,1,MODERATE,0.6815769791647339,0.6022139106071307,82.56,0.1899044931430047,1.08,1.112260266551089,1.1341630494752708,Moderate
2026-05-01,18,25047,26523,22390,488,6606,5773,22126,0,11,1002,992,1060,-451,0,997,demanddata_2026.csv,1397.0,997.0,1426.0,-514.0,-323.0,2026-05-01 08:30:00,2026,5,1,8,30,4,Friday,0,0.5288097344510787,0.2179027598928062,121,0.8660254037844387,-0.4999999999999998,0.4999999999999999,-0.8660254037844387,25891.0,23829.0,26267.0,22856.33333333333,21904.64583333333,22352.80654761905,0,6261,28732,0.2179027598928062,6906.0,8836.0,0.3527626956244011,0.0,-0.0128952411370169,0,0,0.572723238581058,0.2644949451309081,1,MODERATE,0.6701668141157551,0.572723238581058,85.69,0.1556948678409947,1.08,1.1122440134359086,1.1275133736881686,High
2026-05-01,19,24592,26068,21927,450,6606,7037,22126,0,11,1002,992,1059,-451,0,1016,demanddata_2026.csv,1397.0,997.0,1426.0,-514.0,-742.0,2026-05-01 09:00:00,2026,5,1,9,0,4,Friday,0,0.5297732876706304,0.2605714683465005,121,0.7071067811865476,-0.7071067811865475,0.4999999999999999,-0.8660254037844387,25047.0,22742.0,25194.0,23163.75,21943.1875,22351.01488095238,0,7487,28732,0.2605714683465005,6924.0,8854.0,0.3600211442280324,0.0,-0.0301711869231082,0,0,0.5446270547818883,0.2546660330078631,1,MODERATE,0.6708413013694412,0.5446270547818883,82.59,0.112119003111407,1.08,1.1125365695091558,1.1211781327362451,Moderate
2026-05-01,20,23447,24923,20739,412,6606,8230,22126,0,11,1002,992,1059,-451,0,1017,demanddata_2026.csv,1397.0,997.0,1426.0,-514.0,-1174.0,2026-05-01 09:30:00,2026,5,1,9,30,4,Friday,0,0.5169931138009282,0.3007691504541816,121,0.7071067811865476,-0.7071067811865475,0.4999999999999999,-0.8660254037844387,24592.0,21248.0,23202.0,23384.25,21989.0,22351.74404761905,0,8642,28732,0.3007691504541816,6925.0,8855.0,0.3776441487546912,0.0,-0.0500682360968952,0,0,0.5102770812067285,0.2299317376652553,1,MODERATE,0.6618951796606497,0.5102770812067285,71.98,0.07561944815114,1.08,1.1125528226243364,1.1134327620180606,Low
2026-05-01,21,22501,23977,19818,404,6606,9221,22126,0,11,1002,992,1058,-451,0,1016,demanddata_2026.csv,1397.0,997.0,1425.0,-514.0,-1509.0,2026-05-01 10:00:00,2026,5,1,10,0,4,Friday,0,0.3025155730456274,0.3349806842306755,121,0.4999999999999999,-0.8660254037844387,0.4999999999999999,-0.8660254037844387,23447.0,19720.0,21461.0,23541.416666666668,22046.9375,22354.839285714286,0,9625,28732,0.3349806842306755,6922.0,8852.0,0.3933872544662696,0.0,-0.0670607057150475,0,0,0.4790335778043802,0.2094962412511881,0,MODERATE,0.2117609011319391,0.4790335778043802,66.64,0.2842846606854213,0.95,1.112504063278795,1.106387850735769,Low
2026-05-01,22,22030,23510,19381,395,6606,10264,22126,0,15,1002,992,1058,-451,0,1016,demanddata_2026.csv,1397.0,997.0,1426.0,-514.0,-1613.0,2026-05-01 10:30:00,2026,5,1,10,30,4,Friday,0,0.2612876529039971,0.3709671805937424,121,0.4999999999999999,-0.8660254037844387,0.4999999999999999,-0.8660254037844387,22501.0,18908.0,20141.0,23677.75,22111.979166666668,22360.46130952381,0,10659,28732,0.3709671805937424,6923.0,8853.0,0.4018428577912941,0.0,-0.0732150152058463,0,0,0.4502944238823376,0.1993216970534865,0,LOW,0.1829013570327979,0.4502944238823376,64.85,0.2948470072798996,0.95,1.1125203163939754,1.099907630284765,Low
2026-05-01,23,21676,23154,18992,400,6606,10900,22126,0,13,1002,992,1059,-451,0,1016,demanddata_2026.csv,1397.0,997.0,1426.0,-514.0,-1653.0,2026-05-01 11:00:00,2026,5,1,11,0,4,Friday,0,0.2564165398000444,0.3932760240838061,121,0.258819045102521,-0.9659258262890682,0.4999999999999999,-0.8660254037844387,22030.0,18025.0,19007.0,23743.33333333333,22188.041666666668,22368.404761904763,0,11300,28732,0.3932760240838061,6924.0,8854.0,0.4084513539696452,0.0,-0.0762559394750196,0,0,0.4310832520301462,0.1916745874017108,0,LOW,0.1794915778600311,0.4310832520301462,57.95,0.0393967025964873,0.95,1.1125365695091558,1.095575817696892,Very Low
2026-05-01,24,21254,22732,18561,405,6606,11476,22126,0,13,1003,992,1058,-451,0,1016,demanddata_2026.csv,1397.0,997.0,1419.0,-514.0,-1569.0,2026-05-01 11:30:00,2026,5,1,11,30,4,Friday,0,0.2374555566980811,0.4134966762955486,121,0.258819045102521,-0.9659258262890682,0.4999999999999999,-0.8660254037844387,21676.0,17178.0,17825.0,23745.83333333333,22272.95833333333,22378.61011904762,0,11881,28732,0.4134966762955486,6917.0,8847.0,0.4162314749470713,0.0,-0.0738179251940719,0,0,0.4116547429558695,0.1825585414326449,0,LOW,0.1662188896886567,0.4116547429558695,60.65,0.2051383069407501,0.95,1.112422797702893,1.0911949990347574,Very Low
2026-05-01,25,20931,22409,18304,447,6606,11751,22126,0,13,1003,992,1058,-451,0,1016,demanddata_2026.csv,1398.0,997.0,1161.0,-514.0,-1445.0,2026-05-01 12:00:00,2026,5,1,12,0,4,Friday,0,0.2180965394568275,0.4245292868826784,121,1.2246467991473532e-16,-1.0,0.4999999999999999,-0.8660254037844387,21254.0,17115.0,17706.0,23557.58333333333,22352.45833333333,22388.20833333333,0,12198,28732,0.4245292868826784,6660.0,8590.0,0.4103764570991783,0.0,-0.0690330594305369,0,0,0.3969591520717351,0.1755810939255163,0,LOW,0.1526675776197792,0.3969591520717351,60.53,0.3201181337382566,0.95,1.108245747101528,1.0878813778737002,Very Low
2026-05-01,26,20481,21959,17835,489,6606,11604,22126,0,13,1002,992,1058,-451,0,1016,demanddata_2026.csv,1397.0,997.0,1125.0,-514.0,-1517.0,2026-05-01 12:30:00,2026,5,1,12,30,4,Friday,0,0.2329818663335242,0.4208749521456165,121,1.2246467991473532e-16,-1.0,0.4999999999999999,-0.8660254037844387,20931.0,16678.0,17283.0,23287.0,22431.6875,22397.72619047619,0,12093,28732,0.4208749521456165,6622.0,8552.0,0.4175373498681769,0.0,-0.0740650327116492,0,0,0.3922685452980622,0.1658601918258014,0,LOW,0.1630873064334669,0.3922685452980622,64.87,0.0024644726438569,0.95,1.1076281287246723,1.0868237209216265,Low
2026-05-01,27,20249,21722,17509,527,6606,11751,22126,0,8,1002,992,1059,-451,0,1016,demanddata_2026.csv,1397.0,997.0,507.0,-514.0,-1765.0,2026-05-01 13:00:00,2026,5,1,13,0,4,Friday,0,0.2297400612258898,0.4273135419204399,121,-0.2588190451025208,-0.9659258262890684,0.4999999999999999,-0.8660254037844387,20481.0,16252.0,16894.0,22871.08333333333,22514.95833333333,22407.71130952381,0,12278,28732,0.4273135419204399,6005.0,7935.0,0.3918518518518518,0.0,-0.0871604938271605,0,0,0.3780036358501004,0.1608485267432818,0,LOW,0.1608180428581229,0.3780036358501004,66.58,0.3235923621706416,0.95,1.0975999566583594,1.0836072115495288,Low
2026-05-01,28,19885,21359,17193,565,6606,11484,22126,0,9,1003,992,1058,-451,0,1016,demanddata_2026.csv,1397.0,997.0,464.0,-514.0,-1762.0,2026-05-01 13:30:00,2026,5,1,13,30,4,Friday,0,0.2253063079585171,0.4193436118748477,121,-0.2588190451025208,-0.9659258262890684,0.4999999999999999,-0.8660254037844387,20249.0,15881.0,16470.0,22332.0,22598.375,22417.875,0,12049,28732,0.4193436118748477,5962.0,7892.0,0.3968621140500855,0.0,-0.0886050487780348,0,0,0.3773665159106923,0.1529853970448457,0,LOW,0.1577144155709619,0.3773665159106923,60.83,0.4028999347049021,0.95,1.096901072705602,1.0834635511734336,Very Low
2026-05-01,29,19692,21164,17067,604,6606,11102,22126,0,8,1002,992,1058,-451,0,996,demanddata_2026.csv,1397.0,997.0,464.0,-513.0,-1440.0,2026-05-01 14:00:00,2026,5,1,14,0,4,Friday,0,0.2291310627058128,0.4074061184004455,121,-0.4999999999999997,-0.8660254037844388,0.4999999999999999,-0.8660254037844387,19885.0,15993.0,16058.0,21815.416666666668,22675.4375,22428.69047619048,0,11706,28732,0.4074061184004455,5942.0,7870.0,0.399634387853552,0.0,-0.0731224292895952,0,0,0.3826808269492552,0.1488162101443013,0,LOW,0.160391743894069,0.3826808269492552,58.93,0.240354754424555,0.95,1.0965760104019937,1.0846618434811512,Very Low
2026-05-01,30,19805,21278,17208,642,6606,10348,22126,0,8,1003,992,1058,-451,0,996,demanddata_2026.csv,1397.0,997.0,471.0,-514.0,-1349.0,2026-05-01 14:30:00,2026,5,1,14,30,4,Friday,0,0.2678531268384202,0.3824870358124804,121,-0.4999999999999997,-0.8660254037844388,0.4999999999999999,-0.8660254037844387,19692.0,16004.0,16113.0,21378.58333333333,22754.625,22439.67857142857,0,10990,28732,0.3824870358124804,5949.0,7879.0,0.3978087448248005,0.0,-0.0681106735332727,0,0,0.4026603691724169,0.1512572366715631,0,LOW,0.1874971887868941,0.4026603691724169,63.78,0.1657946654665868,0.95,1.0966897822082566,1.0891669113223073,Low
2026-05-01,31,20401,21871,17900,687,6606,9320,22126,0,5,1003,992,875,-451,0,902,demanddata_2026.csv,1397.0,996.0,731.0,-514.0,-1003.0,2026-05-01 15:00:00,2026,5,1,15,0,4,Friday,0,0.2493131807731989,0.3482755020359865,121,-0.7071067811865471,-0.7071067811865479,0.4999999999999999,-0.8660254037844387,19805.0,16134.0,16199.0,21029.33333333333,22843.52083333333,22452.184523809523,0,10007,28732,0.3482755020359865,5931.0,7861.0,0.3853053622193902,0.0,-0.049161846877757,0,0,0.4353808934195514,0.1641320314525187,0,LOW,0.1745192265412392,0.4353808934195514,61.38,0.1784357804270935,0.95,1.0963972261350092,1.096544867227656,Very Low
2026-05-01,32,21024,22493,18531,732,6606,8032,22126,0,4,1002,992,861,-451,0,898,demanddata_2026.csv,1397.0,996.0,763.0,-514.0,-703.0,2026-05-01 15:30:00,2026,5,1,15,30,4,Friday,0,0.254283663612029,0.3050151393867678,121,-0.7071067811865471,-0.7071067811865479,0.4999999999999999,-0.8660254037844387,20401.0,16886.0,17339.0,20827.416666666668,22929.729166666668,22463.151785714286,0,8764,28732,0.3050151393867678,5944.0,7874.0,0.3745065398335315,0.0,-0.033436385255648,0,0,0.4732107943591491,0.1775900803594573,0,LOW,0.1779985645284203,0.4732107943591491,59.55,0.2091181914115134,0.95,1.0966085166323545,1.1050749060170098,Very Low
2026-05-01,33,21619,23092,19124,760,6606,7201,22126,0,8,1002,992,910,-451,0,993,demanddata_2026.csv,1397.0,997.0,1249.0,-514.0,-933.0,2026-05-01 16:00:00,2026,5,1,16,0,4,Friday,0,0.2783604721066334,0.2770681794452372,121,-0.8660254037844385,-0.5000000000000004,0.4999999999999999,-0.8660254037844387,21024.0,18268.0,17831.0,20753.916666666668,22999.541666666668,22474.42559523809,0,7961,28732,0.2770681794452372,6575.0,8505.0,0.3933857539315448,0.0,-0.0431544865864939,1,0,0.5043137621320651,0.190443273135747,0,LOW,0.1948523304746433,0.5043137621320651,91.43,0.0184754007937181,1.3,1.106864232311193,1.1120881287582116,High
2026-05-01,34,23364,24833,20834,787,6606,6314,22126,0,6,1003,992,912,-451,0,996,demanddata_2026.csv,1397.0,997.0,1286.0,-512.0,-677.0,2026-05-01 16:30:00,2026,5,1,16,30,4,Friday,0,0.2925964932103375,0.2471374377893015,121,-0.8660254037844385,-0.5000000000000004,0.4999999999999999,-0.8660254037844387,21619.0,19876.0,19951.0,20865.08333333333,23072.20833333333,22484.58333333333,0,7101,28732,0.2471374377893015,6620.0,8546.0,0.3657607532634282,0.0,-0.0289749625508238,1,0,0.5398011060488767,0.2281387712779746,0,LOW,0.2048175452472362,0.5398011060488767,93.34,0.019518819115297,1.3,1.107595622494311,1.120089958332782,High
2026-05-01,35,24598,26071,22023,815,6606,4928,22126,0,8,1002,992,1053,-451,0,996,demanddata_2026.csv,1397.0,997.0,1416.0,-514.0,-840.0,2026-05-01 17:00:00,2026,5,1,17,0,4,Friday,0,0.5497381037439568,0.1998747085233007,121,-0.9659258262890684,-0.2588190451025206,0.4999999999999999,-0.8660254037844387,23364.0,21550.0,22048.0,21108.58333333333,23135.70833333333,22492.17261904762,0,5743,28732,0.1998747085233007,6888.0,8818.0,0.3584698564982316,0.0,-0.0341477295825033,1,0,0.5798329794993597,0.2547956450358593,1,MODERATE,0.6848166726207697,0.5798329794993597,96.17,0.3680041278631114,1.3,1.1119514573626612,1.1291165067736135,High
2026-05-01,36,26057,27531,23334,842,6606,3637,22126,0,9,1003,992,910,-451,0,988,demanddata_2026.csv,1397.0,997.0,1403.0,-514.0,-892.0,2026-05-01 17:30:00,2026,5,1,17,30,4,Friday,0,0.595285643476656,0.1558834789266696,121,-0.9659258262890684,-0.2588190451025206,0.4999999999999999,-0.8660254037844387,24598.0,22751.0,23932.0,21508.83333333333,23204.58333333333,22498.497023809523,0,4479,28732,0.1558834789266696,6725.0,8655.0,0.3321436794842275,0.0,-0.0342313301097551,1,0,0.6127638276395287,0.2863129698436015,1,MODERATE,0.7166999504336592,0.6127638276395287,106.36,0.5704776024200925,1.3,1.1093021995882544,1.1365418873594753,High
2026-05-01,37,26613,28242,24068,870,6606,2629,22126,0,3,1004,992,-161,-451,0,397,demanddata_2026.csv,1397.0,997.0,581.0,-514.0,-281.0,2026-05-01 18:00:00,2026,5,1,18,0,4,Friday,0,0.5832725474225156,0.1217763547140918,121,-1.0,-1.8369701987210287e-16,0.4999999999999999,-0.8660254037844387,26057.0,24061.0,25384.0,21982.33333333333,23257.75,22502.154761904763,0,3499,28732,0.1217763547140918,4242.0,6494.0,0.2440069136544675,0.0,-0.0105583527466746,1,0,0.6181658183925707,0.2983236844379158,1,MODERATE,0.7082907831957608,0.6181658183925707,95.9,0.0606948171826048,1.3,1.0689457145952974,1.1377599500431907,High
2026-05-01,38,27197,28850,24710,898,6606,1689,22126,0,3,1004,992,-185,-451,0,363,demanddata_2026.csv,1397.0,997.0,514.0,-514.0,-79.0,2026-05-01 18:30:00,2026,5,1,18,30,4,Friday,0,0.5784679835504613,0.0900358472836111,121,-1.0,-1.8369701987210287e-16,0.4999999999999999,-0.8660254037844387,26613.0,25969.0,26644.0,22542.0,23283.33333333333,22503.80059523809,0,2587,28732,0.0900358472836111,4117.0,6417.0,0.2359364659166115,0.0,-0.0029046253400985,1,0,0.6376938312420009,0.3109392551628791,1,MODERATE,0.7049275884853228,0.6376938312420009,95.89,0.1251504253773793,1.3,1.0669140751977462,1.1421632052182602,High
2026-05-01,39,27816,30251,25344,945,6606,913,22126,0,1,1005,992,-845,-451,0,-124,demanddata_2026.csv,1397.0,996.0,190.0,-514.0,307.0,2026-05-01 19:00:00,2026,5,1,19,0,4,Friday,0,0.6297019707329636,0.0646643232520098,121,-0.9659258262890684,0.2588190451025203,0.4999999999999999,-0.8660254037844387,27197.0,26832.0,27823.0,23172.58333333333,23303.83333333333,22503.779761904763,0,1858,28732,0.0646643232520098,2646.0,6514.0,0.234173347233706,0.0,0.0110364165797893,1,0,0.6546453525261426,0.3243108960511535,1,HIGH,0.7407913795130745,0.6546453525261426,98.42,0.2689596411903847,1.3,1.0430057427673638,1.1459855026734709,High
2026-05-01,40,27737,30112,25210,992,6606,318,22126,0,0,1005,992,-786,-451,0,-124,demanddata_2026.csv,1397.0,997.0,205.0,-514.0,127.0,2026-05-01 19:30:00,2026,5,1,19,30,4,Friday,0,0.6229711606255027,0.0455921762433438,121,-0.9659258262890684,0.2588190451025203,0.4999999999999999,-0.8660254037844387,27816.0,27337.0,28516.0,23826.916666666668,23312.166666666668,22501.46130952381,0,1310,28732,0.0455921762433438,2721.0,6471.0,0.2332900713822193,0.0,0.0045785564928978,1,0,0.6638506836578121,0.3226043376825369,1,HIGH,0.7360798124378518,0.6638506836578121,92.8,0.0149768579054429,1.3,1.0442247264058944,1.1480611579004658,High
2026-05-01,41,27804,29275,25272,1039,6606,29,22126,0,6,1003,992,137,-451,0,728,demanddata_2026.csv,1397.0,997.0,1231.0,-514.0,-207.0,2026-05-01 20:00:00,2026,5,1,20,0,4,Friday,0,0.3819607330575872,0.0371698047541154,121,-0.8660254037844386,0.5000000000000001,0.4999999999999999,-0.8660254037844387,27737.0,28269.0,28270.0,24502.916666666668,23302.479166666668,22500.074404761905,0,1068,28732,0.0371698047541154,5520.0,7450.0,0.2679374213270994,0.0,-0.0074447041898939,1,0,0.6755289142483064,0.3240516719951611,0,MODERATE,0.267372513140311,0.6755289142483064,104.43,0.4395765548473825,1.3,1.089717195795861,1.1506944124809362,High
2026-05-01,42,27452,28921,25003,1086,6606,0,22126,0,4,1003,992,158,-451,0,782,demanddata_2026.csv,1397.0,997.0,1314.0,-514.0,-64.0,2026-05-01 20:30:00,2026,5,1,20,30,4,Friday,0,0.4245167154718224,0.0377962621376118,121,-0.8660254037844386,0.5000000000000001,0.4999999999999999,-0.8660254037844387,27804.0,28299.0,28895.0,25140.166666666668,23284.83333333333,22495.779761904763,0,1086,28732,0.0377962621376118,5678.0,7608.0,0.2771281827122719,0.0,-0.0023312570575164,1,0,0.6750060633798383,0.3164477663527175,0,MODERATE,0.2971617008302757,0.6750060633798383,101.93,0.1730774445452043,1.3,1.0922851879943656,1.1505765179562797,High
2026-05-01,43,27781,29256,25317,1083,6606,0,22126,0,10,1002,992,814,-451,0,989,demanddata_2026.csv,1397.0,997.0,1419.0,-514.0,-72.0,2026-05-01 21:00:00,2026,5,1,21,0,4,Friday,0,0.4303455801482483,0.0376918525736957,121,-0.7071067811865477,0.7071067811865474,0.4999999999999999,-0.8660254037844387,27452.0,28517.0,28713.0,25755.166666666668,23269.5,22493.00595238096,0,1083,28732,0.0376918525736957,6645.0,8575.0,0.3086530847311208,0.0,-0.0025916060758764,0,0,0.683269429319926,0.3235548258878424,0,MODERATE,0.3012419061037737,0.683269429319926,84.8,0.0112692247497667,1.0,1.1080019503738217,1.1524397750690096,Moderate
2026-05-01,44,27102,28589,24644,1080,6606,0,22126,0,17,1002,992,767,-451,0,997,demanddata_2026.csv,1397.0,997.0,1426.0,-519.0,-375.0,2026-05-01 21:30:00,2026,5,1,21,30,4,Friday,0,0.4097780796404463,0.0375874430097796,121,-0.7071067811865477,0.7071067811865474,0.4999999999999999,-0.8660254037844387,27781.0,27156.0,27752.0,26261.666666666668,23268.375,22491.071428571428,0,1080,28732,0.0375874430097796,6608.0,8548.0,0.3153894402833634,0.0,-0.0138361067040549,0,0,0.6807368103362301,0.308887064719606,0,MODERATE,0.2868446557483124,0.6807368103362301,81.8,0.297008280826932,1.0,1.1074005851121465,1.151868709915969,Moderate
2026-05-01,45,26010,27862,23710,1024,6606,0,22126,0,11,1003,992,-376,-451,0,931,demanddata_2026.csv,1398.0,997.0,1386.0,-514.0,-283.0,2026-05-01 22:00:00,2026,5,1,22,0,4,Friday,0,0.3929958901548638,0.0356384644833466,121,-0.5000000000000004,0.8660254037844384,0.4999999999999999,-0.8660254037844387,27102.0,25620.0,26886.0,26627.58333333333,23276.5,22488.464285714286,0,1024,28732,0.0356384644833466,5366.0,8048.0,0.309407558340702,0.0,-0.0108800123024874,0,0,0.6742369253426364,0.2852976756242979,0,MODERATE,0.2750971231084046,0.6742369253426364,77.41,0.002163202347705,1.0,1.0872142160580778,1.1504030896065154,Moderate
2026-05-01,46,25044,26925,22895,968,6606,0,22126,0,8,1003,992,-408,-451,0,929,demanddata_2026.csv,1398.0,997.0,1380.0,-514.0,-383.0,2026-05-01 22:30:00,2026,5,1,22,30,4,Friday,0,0.3971675372865176,0.0336894859569136,121,-0.5000000000000004,0.8660254037844384,0.4999999999999999,-0.8660254037844387,26010.0,24696.0,25461.0,26767.58333333333,23283.75,22487.22321428572,0,968,28732,0.0336894859569136,5326.0,8072.0,0.3222998602515472,0.0,-0.0152924735476142,0,0,0.6722702657620506,0.26443013911691,0,MODERATE,0.2780172761005623,0.6722702657620506,85.39,0.3132169175869675,1.0,1.0865640914508614,1.1499596392645586,High
2026-05-01,47,24050,25527,21969,945,6606,0,22126,0,12,1002,992,331,-451,0,854,demanddata_2026.csv,1397.0,997.0,1280.0,-514.0,-197.0,2026-05-01 23:00:00,2026,5,1,23,0,4,Friday,0,0.3711490915125872,0.0328890126335572,121,-0.2588190451025215,0.965925826289068,0.4999999999999999,-0.8660254037844387,25044.0,23208.0,24196.0,26721.916666666668,23301.291666666668,22486.78869047619,0,945,28732,0.0328890126335572,5888.0,7818.0,0.3250592490956717,0.0,-0.0081909276121574,0,0,0.667455578565374,0.2429577464788732,0,MODERATE,0.259804364058811,0.667455578565374,78.7,0.0200084271700559,1.0,1.0956983421822517,1.148874004157773,Moderate
2026-05-01,48,22919,24397,20930,921,6606,0,22126,0,13,1003,992,370,-451,0,851,demanddata_2026.csv,1397.0,997.0,1276.0,-514.0,4.0,2026-05-01 23:30:00,2026,5,1,23,30,4,Friday,0,0.3762449405667478,0.0320537361222287,121,-0.2588190451025215,0.965925826289068,0.4999999999999999,-0.8660254037844387,24050.0,22784.0,23535.0,26460.416666666668,23304.104166666668,22484.95535714286,0,921,28732,0.0320537361222287,5921.0,7851.0,0.3425392670157068,0.0,0.000174520069808,0,0,0.6647642065408524,0.2185258792015899,0,MODERATE,0.2633714583967234,0.6647642065408524,74.93,0.149711908365433,1.0,1.0962346949832051,1.148267142728175,Moderate
2026-05-02,1,22808,24284,20802,904,6606,0,22126,0,11,1002,992,563,-451,0,946,demanddata_2026.csv,1397.0,998.0,1415.0,-514.0,-155.0,2026-05-02 00:00:00,2026,5,2,0,0,5,Saturday,1,0.3719265531457734,0.0314620819267044,122,0.0,1.0,0.4999999999999999,-0.8660254037844387,22919.0,23260.0,23219.0,26143.33333333333,23294.6875,22483.73214285714,0,904,28732,0.0314620819267044,6348.0,8278.0,0.3629269148143276,0.0,-0.0067955631548949,0,1,0.6685531302159784,0.2161280566836602,0,MODERATE,0.2603485872020413,0.6685531302159784,65.63,0.042835506063063,0.82,1.10317477516524,1.1491214845349464,Low
2026-05-02,2,22359,23835,20380,886,6606,0,22126,0,11,1002,992,571,-451,0,950,demanddata_2026.csv,1397.0,998.0,1426.0,-514.0,-370.0,2026-05-02 00:30:00,2026,5,2,0,30,5,Saturday,1,0.3505984190520332,0.0308356245432081,122,0.0,1.0,0.4999999999999999,-0.8660254037844387,22808.0,21980.0,22904.0,25740.166666666668,23302.58333333333,22482.11011904762,0,886,28732,0.0308356245432081,6371.0,8301.0,0.3712432915921288,0.0,-0.0165474060822898,0,1,0.6679416379110137,0.2064287565886114,0,MODERATE,0.2454188933364232,0.6679416379110137,58.43,0.2222364947802747,0.82,1.1035485968143894,1.1489836027813287,Very Low
2026-05-02,3,21588,23064,19666,860,6606,0,22126,0,11,1003,992,597,-451,0,952,demanddata_2026.csv,1397.0,998.0,1426.0,-514.0,-700.0,2026-05-02 01:00:00,2026,5,2,1,0,5,Saturday,1,0.3274965978804605,0.0299307416559356,122,0.2588190451025207,0.9659258262890684,0.4999999999999999,-0.8660254037844387,22359.0,22137.0,22502.0,25221.166666666668,23291.14583333333,22479.38988095238,0,860,28732,0.0299307416559356,6400.0,8330.0,0.3858446431052851,0.0,-0.0324239195886794,0,1,0.6668425517000807,0.1897736109910999,0,MODERATE,0.2292476185163223,0.6668425517000807,64.83,0.2419113600961074,0.82,1.104019937154621,1.1487357763852968,Low
2026-05-02,4,21952,23428,20074,833,6606,0,22126,0,11,1002,992,598,-451,0,952,demanddata_2026.csv,1397.0,998.0,1426.0,-514.0,-298.0,2026-05-02 01:30:00,2026,5,2,1,30,5,Saturday,1,0.3401839532863476,0.0289910555806911,122,0.2588190451025207,0.9659258262890684,0.4999999999999999,-0.8660254037844387,21588.0,22507.0,22580.0,24739.08333333333,23279.58333333333,22477.52083333333,0,833,28732,0.0289910555806911,6400.0,8330.0,0.3794470004099667,0.0,-0.0135744545164669,0,1,0.6683560645464008,0.197636740689536,0,MODERATE,0.2381287673004433,0.6683560645464008,71.74,0.1726969204291458,0.82,1.104019937154621,1.1490770493721838,Low
2026-05-02,5,21266,22742,19416,814,6606,0,22126,0,11,1002,992,566,-451,0,996,demanddata_2026.csv,1397.0,998.0,1426.0,-514.0,-377.0,2026-05-02 02:00:00,2026,5,2,2,0,5,Saturday,1,0.3229769540687993,0.0283297950092228,122,0.4999999999999999,0.8660254037844387,0.4999999999999999,-0.8660254037844387,21952.0,21980.0,22307.0,24194.25,23264.70833333333,22474.42261904762,0,814,28732,0.0283297950092228,6412.0,8342.0,0.3922509051582263,0.0,-0.0177269948746884,0,1,0.6672690952422845,0.1828177654886373,0,MODERATE,0.2260838678481594,0.6672690952422845,64.83,0.4235242446423819,0.82,1.1042149745367862,1.148831955145219,Low
2026-05-02,6,20841,22317,19008,794,6606,0,22126,0,11,1003,992,564,-451,0,998,demanddata_2026.csv,1397.0,998.0,1426.0,-514.0,-293.0,2026-05-02 02:30:00,2026,5,2,2,30,5,Saturday,1,0.3167487605870005,0.0276337312497824,122,0.4999999999999999,0.8660254037844387,0.4999999999999999,-0.8660254037844387,21266.0,21326.0,21790.0,23643.33333333333,23254.604166666668,22471.59821428572,0,794,28732,0.0276337312497824,6413.0,8343.0,0.40029747624988,0.0,-0.0140581518088475,0,1,0.6668104581016295,0.1736369135055733,0,MODERATE,0.2217241324109003,0.6668104581016295,64.01,0.0909970599829924,0.82,1.1042312276519666,1.148728539791151,Low
2026-05-02,7,20392,21869,18521,791,6606,0,22126,0,11,1003,992,238,-452,0,855,demanddata_2026.csv,1397.0,998.0,1426.0,-514.0,-365.0,2026-05-02 03:00:00,2026,5,2,3,0,5,Saturday,1,0.3522455054580196,0.0275293216858664,122,0.7071067811865476,0.7071067811865476,0.4999999999999999,-0.8660254037844387,20841.0,20903.0,21609.0,23027.58333333333,23243.95833333333,22467.97619047619,0,791,28732,0.0275293216858664,5943.0,7875.0,0.3861619183053008,0.0,-0.0178982984357377,0,1,0.6613581707507581,0.1639376134105244,0,MODERATE,0.2465718538206137,0.6613581707507581,62.3,0.0883001577508783,0.82,1.096592263517174,1.1474991360275013,Very Low
2026-05-02,8,19939,21422,18124,788,6606,0,22126,0,11,1003,992,222,-452,0,850,demanddata_2026.csv,1397.0,997.0,1426.0,-520.0,-497.0,2026-05-02 03:30:00,2026,5,2,3,30,5,Saturday,1,0.3365318191068424,0.0274249121219503,122,0.7071067811865476,0.7071067811865476,0.4999999999999999,-0.8660254037844387,20392.0,20801.0,21239.0,22430.666666666668,23226.0,22464.10714285714,0,788,28732,0.0274249121219503,5915.0,7859.0,0.3941323971915747,0.0,-0.0249247743229689,0,1,0.6602872503390773,0.1541519052968115,0,MODERATE,0.2355722733747897,0.6602872503390773,63.49,0.0207979184708203,0.82,1.0961371762921226,1.1472576605695948,Low
2026-05-02,9,19572,21145,17829,756,6606,0,22126,0,11,1003,992,-96,-452,0,807,demanddata_2026.csv,1397.0,997.0,1426.0,-514.0,-428.0,2026-05-02 04:00:00,2026,5,2,4,0,5,Saturday,1,0.3137468082828525,0.0263112101068457,122,0.8660254037844386,0.5000000000000001,0.4999999999999999,-0.8660254037844387,19939.0,20615.0,20852.0,21894.166666666668,23204.27083333333,22460.29761904762,0,756,28732,0.0263112101068457,5560.0,7684.0,0.3925816175343585,0.0,-0.0218668574056097,0,1,0.6585609839935056,0.1462239695843774,0,MODERATE,0.2196227657979967,0.6585609839935056,64.64,0.5010891444713715,0.82,1.0903673204030773,1.146868415064776,Low
2026-05-02,10,19372,21153,17651,723,6606,0,22126,0,211,1003,992,-104,-452,0,805,demanddata_2026.csv,1397.0,997.0,1426.0,-514.0,-426.0,2026-05-02 04:30:00,2026,5,2,4,30,5,Saturday,1,0.3155069256923462,0.0251627049037691,122,0.8660254037844386,0.5000000000000001,0.4999999999999999,-0.8660254037844387,19572.0,20394.0,20755.0,21421.5,23182.979166666668,22456.18154761905,0,723,28732,0.0251627049037691,5550.0,7690.0,0.3969442006916843,0.0,-0.0219893666442987,0,1,0.6590705307616884,0.1419035686511708,0,MODERATE,0.2208548479846423,0.6590705307616884,63.56,0.0333714103274891,0.82,1.0902047892512732,1.146983309727189,Low
2026-05-02,11,19233,20713,17551,681,6606,0,22126,0,12,1004,992,-2,-452,0,673,demanddata_2026.csv,1397.0,998.0,1426.0,-514.0,-493.0,2026-05-02 05:00:00,2026,5,2,5,0,5,Saturday,1,0.3250461294698293,0.0237009710089444,122,0.9659258262890684,0.2588190451025207,0.4999999999999999,-0.8660254037844387,19372.0,20889.0,20762.0,21020.08333333333,23148.479166666668,22451.63095238096,0,681,28732,0.0237009710089444,5522.0,7458.0,0.3877508578558802,0.0,-0.0256316938754289,0,1,0.6574831954967724,0.1389008900025922,0,MODERATE,0.2275322906288805,0.6574831954967724,60.13,0.0133878367355723,0.82,1.0897497020262217,1.1466253909633242,Very Low
2026-05-02,12,19203,20681,17533,638,6606,31,22126,0,12,1004,992,0,-452,0,669,demanddata_2026.csv,1397.0,998.0,1426.0,-514.0,-484.0,2026-05-02 05:30:00,2026,5,2,5,30,5,Saturday,1,0.3424098216225121,0.0232833327532802,122,0.9659258262890684,0.2588190451025207,0.4999999999999999,-0.8660254037844387,19233.0,21224.0,20633.0,20710.416666666668,23106.375,22447.375,0,669,28732,0.0232833327532802,5520.0,7452.0,0.3880441574671943,0.0,-0.025203082691106,0,1,0.6576743405404322,0.1382528298626112,0,MODERATE,0.2396868751357584,0.6576743405404322,66.69,0.0192117011300985,0.82,1.089717195795861,1.1466684911194522,Low
2026-05-02,13,19635,21091,17901,577,6606,383,22126,0,14,1003,992,781,-428,0,982,demanddata_2026.csv,1397.0,998.0,1426.0,-514.0,-518.0,2026-05-02 06:00:00,2026,5,2,6,0,5,Saturday,1,0.3381470442477506,0.0334110604531375,122,1.0,6.123233995736766e-17,0.4999999999999999,-0.8660254037844387,19203.0,23190.0,21269.0,20446.0,23032.3125,22442.511904761905,0,960,28732,0.0334110604531375,6637.0,8521.0,0.4339478508861275,0.0,-0.0263801181503361,0,0,0.6620214701254452,0.1475848958783375,0,MODERATE,0.2367029309734254,0.6620214701254452,77.57,0.0343261657640392,1.08,1.1078719254523783,1.1476486994483537,Moderate
2026-05-02,14,19889,21368,18083,515,6606,983,22126,0,13,1003,992,979,-452,0,995,demanddata_2026.csv,1397.0,998.0,1426.0,-514.0,-558.0,2026-05-02 06:30:00,2026,5,2,6,30,5,Saturday,1,0.3287326673082902,0.0521351755820833,122,1.0,6.123233995736766e-17,0.4999999999999999,-0.8660254037844387,19635.0,23728.0,21418.0,20240.166666666668,22952.33333333333,22437.96130952381,0,1498,28732,0.0521351755820833,6824.0,8756.0,0.4402212166918049,0.0,-0.0280542986425339,0,0,0.6513533536590139,0.1530718050635099,0,MODERATE,0.2301128671158031,0.6513533536590139,86.45,0.4686140453178555,1.08,1.110911257991115,1.145243209478573,High
2026-05-02,15,20447,21925,18546,476,6606,1611,22126,0,12,1003,992,1002,-452,0,997,demanddata_2026.csv,1397.0,997.0,1426.0,-514.0,-306.0,2026-05-02 07:00:00,2026,5,2,7,0,5,Saturday,1,0.5263111734533215,0.072634253297602,122,0.9659258262890684,-0.2588190451025206,0.4999999999999999,-0.8660254037844387,19889.0,25240.0,22163.0,20145.08333333333,22852.479166666668,22432.854166666668,0,2087,28732,0.072634253297602,6848.0,8780.0,0.4293818466353677,0.0,-0.0149647887323943,0,0,0.63864338704716,0.1651257236671563,1,MODERATE,0.668417821417325,0.63864338704716,88.63,0.2871252283633204,1.08,1.1113013327554448,1.1423773148947194,High
2026-05-02,16,20780,22252,18753,437,6606,2629,22126,0,6,1003,992,1002,-452,0,997,demanddata_2026.csv,1397.0,997.0,1426.0,-514.0,-125.0,2026-05-02 07:30:00,2026,5,2,7,30,5,Saturday,1,0.504934594755542,0.1067065743222079,122,0.9659258262890684,-0.2588190451025206,0.4999999999999999,-0.8660254037844387,20447.0,26354.0,22085.0,20047.416666666668,22736.354166666668,22428.97023809524,0,3066,28732,0.1067065743222079,6848.0,8780.0,0.4225013233241904,0.0,-0.0060151099562099,0,0,0.6162203293851086,0.1723191912209453,1,MODERATE,0.6534542163288795,0.6162203293851086,83.53,0.1331855041486374,1.08,1.1113013327554448,1.1373212733275313,Moderate
2026-05-02,17,21078,22550,18920,462,6606,3791,22126,0,6,1003,992,1003,-452,0,997,demanddata_2026.csv,1397.0,997.0,1426.0,-514.0,-186.0,2026-05-02 08:00:00,2026,5,2,8,0,5,Saturday,1,0.4964662120120979,0.1480179584449935,122,0.8660254037844387,-0.4999999999999998,0.4999999999999999,-0.8660254037844387,20780.0,25891.0,22105.0,20031.75,22636.08333333333,22425.91369047619,0,4253,28732,0.1480179584449935,6849.0,8781.0,0.4165757388870439,0.0,-0.0088239480051235,0,0,0.5894349189441361,0.1787565886114231,1,MODERATE,0.6475263484084686,0.5894349189441361,78.57,0.3132271518048014,1.08,1.1113175858706252,1.1312815908442206,Moderate
2026-05-02,18,20722,22195,18542,486,6606,5070,22126,0,7,1003,992,1003,-452,0,997,demanddata_2026.csv,1397.0,998.0,1426.0,-514.0,-317.0,2026-05-02 08:30:00,2026,5,2,8,30,5,Saturday,1,0.5197722291425003,0.1933665123725333,122,0.8660254037844387,-0.4999999999999998,0.4999999999999999,-0.8660254037844387,21078.0,25047.0,21423.0,20021.83333333333,22545.979166666668,22423.82738095238,0,5556,28732,0.1933665123725333,6850.0,8782.0,0.4237803406842638,0.0,-0.015297012980746,0,0,0.5558970554707249,0.1710662749503154,1,MODERATE,0.6638405603997501,0.5558970554707249,77.49,0.1844469360029488,1.08,1.1113338389858056,1.1237193379903991,Moderate
2026-05-02,19,20650,22180,18405,469,6606,6119,22126,0,64,1003,992,1003,-452,0,1016,demanddata_2026.csv,1397.0,998.0,1426.0,-514.0,-614.0,2026-05-02 09:00:00,2026,5,2,9,0,5,Saturday,1,0.4931993442382965,0.2292834023596561,122,0.7071067811865476,-0.7071067811865475,0.4999999999999999,-0.8660254037844387,20722.0,24592.0,20187.0,20043.33333333333,22463.854166666668,22425.20535714286,0,6588,28732,0.2292834023596561,6869.0,8801.0,0.4261779090600939,0.0,-0.0297322163575613,0,0,0.5305569977521377,0.169510930614361,1,MODERATE,0.6452395409668075,0.5305569977521377,84.48,0.2990545297029683,1.08,1.1116426481742334,1.1180055594740572,Moderate
2026-05-02,20,19913,21445,17595,452,6606,7679,22126,0,66,1003,992,1003,-452,0,1016,demanddata_2026.csv,1397.0,998.0,1426.0,-514.0,-708.0,2026-05-02 09:30:00,2026,5,2,9,30,5,Saturday,1,0.4440965627424491,0.2829847214004803,122,0.7071067811865476,-0.7071067811865475,0.4999999999999999,-0.8660254037844387,20650.0,23447.0,19276.0,20041.166666666668,22390.229166666668,22427.10119047619,0,8131,28732,0.2829847214004803,6869.0,8801.0,0.4419503866626494,0.0,-0.0355528773727026,0,0,0.4853252801517895,0.1535902531754946,1,MODERATE,0.6108675939197143,0.4853252801517895,75.67,0.534654346400918,1.08,1.1116426481742334,1.1078065291816936,Moderate
2026-05-02,21,18832,20364,16503,450,6606,8848,22126,0,66,1003,992,888,-452,0,663,demanddata_2026.csv,1397.0,997.0,1426.0,-514.0,-775.0,2026-05-02 10:00:00,2026,5,2,10,0,5,Saturday,1,0.2437049414616419,0.3236000417638255,122,0.4999999999999999,-0.8660254037844387,0.4999999999999999,-0.8660254037844387,19913.0,22501.0,18279.0,19979.5,22313.791666666668,22428.747023809523,0,9298,28732,0.3236000417638255,6400.0,8332.0,0.442414909998407,0.0,-0.0411511708171826,0,0,0.4372294344257781,0.130238486131513,0,LOW,0.1705934590231493,0.4372294344257781,56.65,0.0012190206893902,0.95,1.104019937154621,1.096961683716602,Very Low
2026-05-02,22,18166,19718,15823,447,6606,9384,22126,0,86,1003,992,880,-452,0,649,demanddata_2026.csv,1397.0,997.0,1426.0,-514.0,-844.0,2026-05-02 10:30:00,2026,5,2,10,30,5,Saturday,1,0.2434191765395287,0.3421501409529113,122,0.4999999999999999,-0.8660254037844387,0.4999999999999999,-0.8660254037844387,18832.0,22030.0,17139.0,19879.0,22233.291666666668,22431.80357142857,0,9831,28732,0.3421501409529113,6378.0,8310.0,0.457422799581659,0.0,-0.0464578631584741,0,0,0.4131309824634463,0.115851551023935,0,LOW,0.1703934235776701,0.4131309824634463,61.65,0.4445013882470069,0.95,1.1036623686206524,1.091527867478746,Very Low
2026-05-02,23,17719,19574,15368,451,6606,10231,22126,0,389,1003,992,636,-452,0,627,demanddata_2026.csv,1397.0,996.0,1426.0,-514.0,-719.0,2026-05-02 11:00:00,2026,5,2,11,0,5,Saturday,1,0.1999823979813988,0.3717676539170988,122,0.258819045102521,-0.9659258262890682,0.4999999999999999,-0.8660254037844387,18166.0,21676.0,16335.0,19752.83333333333,22150.854166666668,22435.92261904762,0,10682,28732,0.3717676539170988,6111.0,8043.0,0.4538939051918736,0.0,-0.0405756207674943,0,0,0.3793181962638899,0.1061954549382182,0,LOW,0.1399876785869792,0.3793181962638899,61.87,0.4897096616162126,0.95,1.0993227868674829,1.0839036239387252,Very Low
2026-05-02,24,17500,19380,15145,454,6606,10975,22126,0,414,1003,992,627,-452,0,627,demanddata_2026.csv,1397.0,996.0,1414.0,-514.0,-890.0,2026-05-02 11:30:00,2026,5,2,11,30,5,Saturday,1,0.2282163976903102,0.3977656353321964,122,0.258819045102521,-0.9659258262890682,0.4999999999999999,-0.8660254037844387,17719.0,21254.0,15805.0,19610.916666666668,22072.64583333333,22440.967261904763,0,11429,28732,0.3977656353321964,6090.0,8022.0,0.4583738072110165,0.0,-0.0508542369007485,0,0,0.3539890628926679,0.101464615916357,0,LOW,0.1597514783832171,0.3539890628926679,58.64,0.0074390375076871,0.95,1.0989814714486943,1.0781923086883305,Very Low
2026-05-02,25,17290,19173,14914,447,6606,11674,22126,0,417,1003,992,1001,-452,0,953,demanddata_2026.csv,1397.0,997.0,980.0,-514.0,-942.0,2026-05-02 12:00:00,2026,5,2,12,0,5,Saturday,1,0.2015118274392567,0.421849441408833,122,1.2246467991473532e-16,-1.0,0.4999999999999999,-0.8660254037844387,17500.0,20931.0,15385.0,19415.5,21996.791666666668,22446.636904761905,0,12121,28732,0.421849441408833,6357.0,8289.0,0.4793823376322942,0.0,-0.0544792088369672,0,0,0.3331486453423354,0.0969281949364901,0,LOW,0.1410582792074796,0.3331486453423354,59.62,0.0677020528721044,0.95,1.1033210532018636,1.0734931272029096,Very Low
2026-05-02,26,16918,19053,14639,440,6606,11675,22126,0,669,1003,992,1003,-452,0,966,demanddata_2026.csv,1397.0,998.0,953.0,-514.0,-833.0,2026-05-02 12:30:00,2026,5,2,12,30,5,Saturday,1,0.1844416227488732,0.4216406222810009,122,1.2246467991473532e-16,-1.0,0.4999999999999999,-0.8660254037844387,17290.0,20481.0,14903.0,19167.916666666668,21922.5625,22452.633928571428,0,12115,28732,0.4216406222810009,6346.0,8278.0,0.4892724156274011,0.0,-0.0492345883326437,0,0,0.3257090341414683,0.0888922492007258,0,LOW,0.1291091359242112,0.3257090341414683,60.7,0.192998777562343,0.95,1.103142268934879,1.0718156136344117,Very Low
2026-05-02,27,16706,18859,14437,437,6606,11472,22126,0,687,1003,992,1003,-452,0,966,demanddata_2026.csv,1397.0,998.0,1067.0,-514.0,-828.0,2026-05-02 13:00:00,2026,5,2,13,0,5,Saturday,1,0.1954052484242988,0.4144711655587652,122,-0.2588190451025208,-0.9659258262890684,0.4999999999999999,-0.8660254037844387,16918.0,20249.0,14474.0,18856.166666666668,21848.75,22459.276785714286,0,11909,28732,0.4144711655587652,6460.0,8392.0,0.5023044232956246,0.0,-0.0495600646435625,0,0,0.3288611612017504,0.0843126242115268,0,LOW,0.1367836738970091,0.3288611612017504,54.67,0.0630740254667212,0.95,1.104995124065446,1.0725263679696162,Very Low
2026-05-02,28,16830,19113,14659,434,6606,10690,22126,0,817,1003,992,1002,-452,0,966,demanddata_2026.csv,1397.0,998.0,1076.0,-514.0,-781.0,2026-05-02 13:30:00,2026,5,2,13,30,5,Saturday,1,0.2250219707186128,0.3871506630007308,122,-0.2588190451025208,-0.9659258262890684,0.4999999999999999,-0.8660254037844387,16706.0,19885.0,14240.0,18527.0,21785.104166666668,22466.98511904762,0,11124,28732,0.3871506630007308,6468.0,8400.0,0.4990790802685521,0.0,-0.0464024716297308,0,0,0.3547914225409856,0.0869912727901149,0,LOW,0.157515379503029,0.3547914225409856,60.42,0.0182946198052742,0.95,1.1051251489868892,1.0783732279810905,Very Low
2026-05-02,29,17330,19676,15286,424,6606,9500,22126,0,880,1003,992,820,-452,0,737,demanddata_2026.csv,1397.0,997.0,1109.0,-514.0,-375.0,2026-05-02 14:00:00,2026,5,2,14,0,5,Saturday,1,0.2382518949123647,0.345386837434309,122,-0.4999999999999997,-0.8660254037844388,0.4999999999999999,-0.8660254037844387,16830.0,19692.0,13917.0,18214.666666666668,21735.89583333333,22477.14285714286,0,9924,28732,0.345386837434309,6089.0,8021.0,0.4628123016559921,0.0,-0.0216375281287865,0,0,0.394230185626695,0.0977922751231314,0,LOW,0.1667763264386553,0.394230185626695,64.81,0.2220689317454868,0.95,1.098965218333514,1.087266039502389,Low
2026-05-02,30,18140,20341,16083,413,6606,8339,22126,0,735,1003,992,808,-452,0,729,demanddata_2026.csv,1398.0,997.0,1120.0,-514.0,37.0,2026-05-02 14:30:00,2026,5,2,14,30,5,Saturday,1,0.2234228532725284,0.3045975011311036,122,-0.4999999999999997,-0.8660254037844388,0.4999999999999999,-0.8660254037844387,17330.0,19805.0,14262.0,17999.5,21701.20833333333,22488.684523809523,0,8752,28732,0.3045975011311036,6081.0,8013.0,0.4417066313874648,0.0,0.0020395788545284,0,0,0.4392072348421936,0.1152898989026181,0,LOW,0.1563959972907699,0.4392072348421936,69.14,0.0599053120222516,0.95,1.0988351934120706,1.0974076461391988,Low
2026-05-02,31,19322,21168,17227,417,6606,7120,22126,0,380,1003,992,1000,-452,0,986,demanddata_2026.csv,1398.0,998.0,1403.0,-514.0,-42.0,2026-05-02 15:00:00,2026,5,2,15,0,5,Saturday,1,0.2587676244703269,0.2623116277451014,122,-0.7071067811865471,-0.7071067811865479,0.4999999999999999,-0.8660254037844387,18140.0,20401.0,14246.0,17888.833333333332,21678.729166666668,22503.791666666668,0,7537,28732,0.2623116277451014,6814.0,8746.0,0.4526212285876934,0.0,-0.0021735755317497,0,0,0.4935854505875378,0.1408234684178692,0,LOW,0.1811373371292288,0.4935854505875378,65.98,0.089654920035701,0.95,1.1107487268393108,1.1096690657592043,Low
2026-05-02,32,20503,22251,18375,420,6606,5784,22126,0,282,1002,992,1001,-452,0,992,demanddata_2026.csv,1397.0,998.0,1392.0,-514.0,52.0,2026-05-02 15:30:00,2026,5,2,15,30,5,Saturday,1,0.2746873462324304,0.2159189781784011,122,-0.7071067811865471,-0.7071067811865479,0.4999999999999999,-0.8660254037844387,19322.0,21024.0,15333.0,17938.0,21667.875,22519.17857142857,0,6204,28732,0.2159189781784011,6808.0,8740.0,0.426258291065158,0.0,0.0025360905189231,0,0,0.5380472912442644,0.1663354359284541,0,LOW,0.1922811423627013,0.5380472912442644,67.97,0.0023387925951622,0.95,1.1106512081482285,1.119694501090201,Low
2026-05-02,33,22082,23557,19893,425,6606,4569,22126,0,8,1003,992,620,-453,0,550,demanddata_2026.csv,1397.0,998.0,575.0,-514.0,795.0,2026-05-02 16:00:00,2026,5,2,16,0,5,Saturday,1,0.2992609072891515,0.173807120732259,122,-0.8660254037844385,-0.5000000000000004,0.4999999999999999,-0.8660254037844387,20503.0,21619.0,16519.0,18208.83333333333,21677.52083333333,22535.73511904762,0,4994,28732,0.173807120732259,5168.0,7102.0,0.3216048544128968,0.0,0.0360005434044287,1,0,0.5633465236292621,0.2004450012961202,0,LOW,0.209482635102406,0.5633465236292621,97.45,0.0171076385827141,1.3,1.0839960992523567,1.1253990741455069,High
2026-05-02,34,24104,25583,21793,430,6606,3254,22126,0,12,1003,992,604,-453,0,531,demanddata_2026.csv,1397.0,998.0,477.0,-514.0,968.0,2026-05-02 16:30:00,2026,5,2,16,30,5,Saturday,1,0.35199201849452,0.1282149444889151,122,-0.8660254037844385,-0.5000000000000004,0.4999999999999999,-0.8660254037844387,22082.0,23364.0,18237.0,18703.666666666668,21692.9375,22553.196428571428,0,3684,28732,0.1282149444889151,5035.0,6969.0,0.2891101431238332,0.0,0.0401576436423978,1,0,0.6037699589812372,0.244124254730839,0,MODERATE,0.246394412946164,0.6037699589812372,95.93,0.2197662028953498,1.3,1.0818344349333622,1.1345139135446858,High
2026-05-02,35,25438,26920,22914,455,6606,2302,22126,0,16,1003,992,987,-452,0,635,demanddata_2026.csv,1397.0,997.0,1355.0,-514.0,430.0,2026-05-02 17:00:00,2026,5,2,17,0,5,Saturday,1,0.5883501081320088,0.0959523892388542,122,-0.9659258262890684,-0.2588190451025206,0.4999999999999999,-0.8660254037844387,24104.0,24598.0,20462.0,19346.916666666668,21710.4375,22568.00595238096,0,2757,28732,0.0959523892388542,6400.0,8332.0,0.3275285978222414,0.0,0.0169031801564526,1,0,0.6404529124589535,0.2729413289553271,1,MODERATE,0.7118450756924062,0.6404529124589535,105.81,0.1505383395806239,1.3,1.104019937154621,1.1427853339899203,High
2026-05-02,36,27157,28633,24632,480,6606,1463,22126,0,10,1003,992,988,-452,0,610,demanddata_2026.csv,1397.0,997.0,1393.0,-514.0,546.0,2026-05-02 17:30:00,2026,5,2,17,30,5,Saturday,1,0.6124322449524101,0.0676225942296314,122,-0.9659258262890684,-0.2588190451025206,0.4999999999999999,-0.8660254037844387,25438.0,26057.0,22128.0,20151.666666666668,21733.354166666668,22582.97321428572,0,1943,28732,0.0676225942296314,6414.0,8346.0,0.3073127623536343,0.0,0.0201045732380882,1,0,0.6635525269486535,0.3100751749762378,1,HIGH,0.728702571466687,0.6635525269486535,99.84,0.0123147990501796,1.3,1.104247480767147,1.147993928321977,High
2026-05-02,37,27339,29149,24861,494,6606,1036,22126,0,6,1005,992,232,-452,0,-338,demanddata_2026.csv,1397.0,997.0,527.0,-514.0,685.0,2026-05-02 18:00:00,2026,5,2,18,0,5,Saturday,1,0.594286034335875,0.0532488775971879,122,-1.0,-1.8369701987210287e-16,0.4999999999999999,-0.8660254037844387,27157.0,26613.0,24070.0,20989.08333333333,21748.479166666668,22592.70238095238,0,1530,28732,0.0532488775971879,3846.0,6454.0,0.2360643745427944,0.0,0.0250548646671543,1,0,0.658017937708438,0.3140067398254558,1,MODERATE,0.7160002240351124,0.658017937708438,94.17,0.1272585460794234,1.3,1.0625094809838551,1.1467459667960522,High
2026-05-02,38,27192,29067,24716,507,6606,647,22126,0,5,1005,992,182,-452,0,-404,demanddata_2026.csv,1397.0,997.0,336.0,-514.0,667.0,2026-05-02 18:30:00,2026,5,2,18,30,5,Saturday,1,0.6375843171703172,0.040162878919709,122,-1.0,-1.8369701987210287e-16,0.4999999999999999,-0.8660254037844387,27339.0,27197.0,25181.0,21845.25,21748.375,22598.6875,0,1154,28732,0.040162878919709,3539.0,6279.0,0.2309050123193469,0.0,0.0245283712720185,1,0,0.6630021061239616,0.3108312451395489,1,HIGH,0.7463090220192219,0.6630021061239616,104.58,0.0156270601003897,1.3,1.0575197746234697,1.147869817212287,High
2026-05-02,39,26416,29657,23976,548,6606,296,22126,0,4,1005,992,2,-452,0,-573,demanddata_2026.csv,1397.0,997.0,-1198.0,-514.0,652.0,2026-05-02 19:00:00,2026,5,2,19,0,5,Saturday,1,0.5814925742184734,0.0293738906483833,122,-0.9659258262890684,0.2588190451025203,0.4999999999999999,-0.8660254037844387,27192.0,27816.0,26365.0,22654.416666666668,21719.20833333333,22598.839285714286,0,844,28732,0.0293738906483833,1656.0,7130.0,0.2699019570730969,0.0,0.0246810765794753,1,0,0.6721062763101807,0.2940680895187073,1,MODERATE,0.7070448019529314,0.6721062763101807,89.02,0.0141732081879444,1.3,1.0269151587387582,1.149922662260899,High
2026-05-02,40,26494,29875,24228,588,6606,83,22126,0,4,1005,992,0,-452,0,-579,demanddata_2026.csv,1397.0,997.0,-1332.0,-514.0,880.0,2026-05-02 19:30:00,2026,5,2,19,30,5,Saturday,1,0.6032453370612078,0.0233529391292242,122,-0.9659258262890684,0.2588190451025203,0.4999999999999999,-0.8660254037844387,26416.0,27737.0,26592.0,23459.75,21693.3125,22598.54761904762,0,671,28732,0.0233529391292242,1514.0,7268.0,0.2743159086620117,0.0,0.033213813927156,1,0,0.6766968277894333,0.2957530458826579,1,HIGH,0.7222717359428454,0.6766968277894333,92.49,0.1300200613870947,1.3,1.02460721638314,1.1509577583412474,High
2026-05-02,41,26746,28856,24324,590,6606,7,22126,0,4,1005,992,0,-452,0,-476,demanddata_2026.csv,1397.0,997.0,-164.0,-514.0,635.0,2026-05-02 20:00:00,2026,5,2,20,0,5,Saturday,1,0.3877434352011956,0.0207775032192948,122,-0.8660254037844386,0.5000000000000001,0.4999999999999999,-0.8660254037844387,26494.0,27804.0,26934.0,24244.416666666668,21671.27083333333,22597.98809523809,0,597,28732,0.0207775032192948,2785.0,5997.0,0.2242120611657382,0.0,0.0237409802968557,1,0,0.669457969142832,0.3011967510584982,0,MODERATE,0.2714204046408369,0.669457969142832,101.17,0.1095913956110627,1.3,1.045264925777441,1.149325511269156,High
2026-05-02,42,26694,28662,24305,592,6606,0,22126,0,10,1005,992,0,-452,0,-446,demanddata_2026.csv,1397.0,997.0,-46.0,-514.0,640.0,2026-05-02 20:30:00,2026,5,2,20,30,5,Saturday,1,0.4352276347430696,0.0206034872794347,122,-0.8660254037844386,0.5000000000000001,0.4999999999999999,-0.8660254037844387,26746.0,27452.0,27231.0,24957.25,21655.479166666668,22596.38988095238,0,592,28732,0.0206034872794347,2933.0,5849.0,0.2191047012549166,0.0,0.0239745270649934,1,0,0.6682444312438138,0.3000734468158645,0,MODERATE,0.3046593443201487,0.6682444312438138,92.12,0.3049310423588827,1.3,1.0476703868241413,1.1490518778444347,High
2026-05-02,43,26851,28330,24459,613,6606,0,22126,0,13,1003,992,109,-452,0,478,demanddata_2026.csv,1397.0,997.0,463.0,-514.0,266.0,2026-05-02 21:00:00,2026,5,2,21,0,5,Saturday,1,0.4069282552681476,0.0213343542268471,122,-0.7071067811865477,0.7071067811865474,0.4999999999999999,-0.8660254037844387,26694.0,27781.0,27050.0,25584.666666666668,21636.104166666668,22595.79761904762,0,613,28732,0.0213343542268471,4473.0,6405.0,0.2385297184567257,0.0,0.0099061522419186,0,0,0.6726002419269735,0.3034649615484317,0,MODERATE,0.2848497786877033,0.6726002419269735,79.96,0.1252784148218605,1.0,1.072700184201972,1.1500340436223933,Moderate
2026-05-02,44,26117,27592,23780,633,6606,0,22126,0,9,1003,992,117,-452,0,540,demanddata_2026.csv,1397.0,997.0,493.0,-514.0,238.0,2026-05-02 21:30:00,2026,5,2,21,30,5,Saturday,1,0.3727590492273042,0.0220304179862875,122,-0.7071067811865477,0.7071067811865474,0.4999999999999999,-0.8660254037844387,26851.0,27102.0,26574.0,26052.5,21615.58333333333,22594.4375,0,633,28732,0.0220304179862875,4573.0,6505.0,0.2490619496132935,0.0,0.009112489470863,0,0,0.6702768879382616,0.2876090901235634,0,MODERATE,0.2609313344591129,0.6702768879382616,74.82,0.0721360795238421,1.0,1.074325495720013,1.1495101643852583,Moderate
2026-05-02,45,25637,27111,23436,629,6606,0,22126,0,8,1003,992,397,-452,0,846,demanddata_2026.csv,1397.0,997.0,280.0,-514.0,380.0,2026-05-02 22:00:00,2026,5,2,22,0,5,Saturday,1,0.4055421227419881,0.0218912052343994,122,-0.5000000000000004,0.8660254037844384,0.4999999999999999,-0.8660254037844387,26117.0,26010.0,25263.0,26348.75,21607.8125,22595.55059523809,0,629,28732,0.0218912052343994,4946.0,6878.0,0.2682736562914424,0.0,0.014821748966378,0,0,0.6715336481147851,0.2772401278838676,0,MODERATE,0.2838794859193916,0.6715336481147851,81.73,0.1329149087420328,1.0,1.0803879076823055,1.149793543743607,Moderate
2026-05-02,46,23931,25407,21882,624,6606,0,22126,0,10,1003,992,409,-452,0,858,demanddata_2026.csv,1397.0,997.0,275.0,-514.0,624.0,2026-05-02 22:30:00,2026,5,2,22,30,5,Saturday,1,0.3889996396328526,0.0217171892945393,122,-0.5000000000000004,0.8660254037844384,0.4999999999999999,-0.8660254037844387,25637.0,25044.0,24262.0,26334.33333333333,21584.625,22594.56547619048,0,624,28732,0.0217171892945393,4965.0,6897.0,0.2881915427043289,0.0,0.0260738759819488,0,0,0.666086750271023,0.2403871079236153,0,MODERATE,0.2722997477429968,0.666086750271023,78.37,0.3539849776919191,1.0,1.0806967168707335,1.148565355227779,Moderate
2026-05-02,47,22956,24432,21048,668,6606,0,22126,0,10,1003,992,387,-452,0,614,demanddata_2026.csv,1397.0,997.0,690.0,-514.0,811.0,2026-05-02 23:00:00,2026,5,2,23,0,5,Saturday,1,0.355335301046508,0.0232485295653081,122,-0.2588190451025215,0.965925826289068,0.4999999999999999,-0.8660254037844387,23931.0,24050.0,23521.0,26127.5,21561.83333333333,22592.883928571428,0,668,28732,0.0232485295653081,5114.0,7046.0,0.3069216361022782,0.0,0.0353269155377444,0,0,0.6633711940450477,0.2193251533742331,0,MODERATE,0.2487347107325556,0.6633711940450477,74.73,0.5380321315140754,1.0,1.0831184310326143,1.1479530406468017,Moderate
2026-05-02,48,22548,24024,20710,712,6606,0,22126,0,10,1003,992,388,-452,0,605,demanddata_2026.csv,1374.0,997.0,729.0,-514.0,977.0,2026-05-02 23:30:00,2026,5,2,23,30,5,Saturday,1,0.3450306569924806,0.0247798698360769,122,-0.2588190451025215,0.965925826289068,0.4999999999999999,-0.8660254037844387,22956.0,22919.0,22725.0,25743.416666666668,21554.104166666668,22592.35714285714,0,712,28732,0.0247798698360769,5122.0,7054.0,0.3128298372433367,0.0,0.0433278637633597,0,0,0.6612427276060798,0.2105115354704916,0,MODERATE,0.2415214598947364,0.6612427276060798,77.58,0.329556093868784,1.0,1.0832484559540578,1.1474731054411764,Moderate
2026-05-03,1,22173,23648,20333,758,6606,0,22126,0,9,1003,992,801,-452,0,825,demanddata_2026.csv,1073.0,998.0,1023.0,-514.0,935.0,2026-05-03 00:00:00,2026,5,3,0,0,6,Sunday,1,0.3474573067182885,0.0263808164827898,123,0.0,1.0,0.4999999999999999,-0.8660254037844387,22548.0,22808.0,22016.0,25312.916666666668,21540.875,22592.824404761905,0,758,28732,0.0263808164827898,5749.0,7681.0,0.3463966807973302,0.0,0.042166501307838,0,1,0.664748164153142,0.2024107837207293,0,MODERATE,0.2432201147028019,0.664748164153142,60.4,0.1933783633390312,0.82,1.0934391591721746,1.1482635254258282,Very Low
2026-05-03,2,21638,23055,19878,803,6606,0,22126,0,9,1003,992,820,-394,0,833,demanddata_2026.csv,1038.0,997.0,1047.0,-514.0,1048.0,2026-05-03 00:30:00,2026,5,3,0,30,6,Sunday,1,0.3480242578264449,0.0279469599415306,123,0.0,1.0,0.4999999999999999,-0.8660254037844387,22173.0,22359.0,21648.0,24850.08333333333,21525.854166666668,22592.79464285714,0,803,28732,0.0279469599415306,5822.0,7638.0,0.3529737973104117,0.0,0.0484310735246545,0,1,0.661885295580201,0.1908537112244016,0,MODERATE,0.2436169804785114,0.661885295580201,57.92,0.1561923979316918,0.82,1.0946256365803446,1.1476179942621332,Very Low
2026-05-03,3,21196,22700,19475,874,6606,0,22126,0,128,1003,992,849,-362,0,882,demanddata_2026.csv,1073.0,997.0,1181.0,-514.0,1045.0,2026-05-03 01:00:00,2026,5,3,1,0,6,Sunday,1,0.3473439882582841,0.0304179862875439,123,0.2588190451025207,0.9659258262890684,0.4999999999999999,-0.8660254037844387,21638.0,21588.0,21427.0,24415.08333333333,21517.6875,22592.10714285714,0,874,28732,0.0304179862875439,6101.0,7853.0,0.3704769542859839,0.0,0.0492994291645044,0,1,0.6610804572158404,0.181305625162015,0,MODERATE,0.2431407917807989,0.6610804572158404,60.85,0.1585669342138217,0.82,1.0991602557156788,1.1474365160584732,Very Low
2026-05-03,4,21304,22973,19630,944,6606,0,22126,0,293,1003,992,850,-362,0,884,demanddata_2026.csv,1073.0,998.0,1189.0,-514.0,1097.0,2026-05-03 01:30:00,2026,5,3,1,30,6,Sunday,1,0.3291182692767465,0.0328542094455852,123,0.2588190451025207,0.9659258262890684,0.4999999999999999,-0.8660254037844387,21196.0,21952.0,21294.0,23982.58333333333,21504.1875,22592.136904761905,0,944,28732,0.0328542094455852,6113.0,7865.0,0.3691621685050457,0.0,0.0514902605022295,0,1,0.6598274615963835,0.1836386416659466,0,MODERATE,0.2303827884937225,0.6598274615963835,60.91,0.544043961072763,0.82,1.099355293097844,1.1471539855476498,Very Low
2026-05-03,5,21010,22677,19387,918,6606,0,22126,0,291,1003,992,562,-362,0,761,demanddata_2026.csv,1038.0,997.0,1162.0,-514.0,1123.0,2026-05-03 02:00:00,2026,5,3,2,0,6,Sunday,1,0.3425203770616609,0.0319493265583127,123,0.4999999999999999,0.8660254037844387,0.4999999999999999,-0.8660254037844387,21304.0,21266.0,21003.0,23504.58333333333,21498.854166666668,22592.15773809524,0,918,28732,0.0319493265583127,5639.0,7391.0,0.3517681214601875,0.0,0.0534481938032459,0,1,0.6551648893589469,0.1772876522941329,0,MODERATE,0.2397642639431626,0.6551648893589469,60.65,0.0203104305274318,0.82,1.0916513165023296,1.1461026499359863,Very Low
2026-05-03,6,20040,21711,18467,892,6606,0,22126,0,295,1003,992,549,-362,0,756,demanddata_2026.csv,1011.0,997.0,1150.0,-514.0,1063.0,2026-05-03 02:30:00,2026,5,3,2,30,6,Sunday,1,0.3136634474770468,0.0310444436710402,123,0.4999999999999999,0.8660254037844387,0.4999999999999999,-0.8660254037844387,21010.0,20841.0,20957.0,22950.08333333333,21482.166666666668,22589.42857142857,0,892,28732,0.0310444436710402,5582.0,7334.0,0.3659498029040467,0.0,0.0530412654059178,0,1,0.65266835584858,0.1563337077680808,0,MODERATE,0.2195644132339327,0.65266835584858,63.66,0.4847086172827758,0.82,1.0907248889370462,1.1455397214811551,Low
2026-05-03,7,19108,20633,17618,871,6606,0,22126,0,149,1004,992,264,-362,0,602,demanddata_2026.csv,714.0,997.0,770.0,-514.0,1088.0,2026-05-03 03:00:00,2026,5,3,3,0,6,Sunday,1,0.3152339861755892,0.0303135767236278,123,0.7071067811865476,0.7071067811865476,0.4999999999999999,-0.8660254037844387,20040.0,20392.0,20215.0,22304.83333333333,21455.416666666668,22586.133928571428,0,871,28732,0.0303135767236278,4467.0,6219.0,0.3254487414307394,0.0,0.0569365220576691,0,1,0.639300929156902,0.1362006394193381,0,MODERATE,0.2206637903229124,0.639300929156902,64.03,0.0828571229036518,0.82,1.0726026655108896,1.142525580144229,Low
2026-05-03,8,19008,20394,17536,849,6606,0,22126,0,10,1004,992,252,-362,0,594,demanddata_2026.csv,650.0,998.0,739.0,-514.0,1094.0,2026-05-03 03:30:00,2026,5,3,3,30,6,Sunday,1,0.3260100448640919,0.0295479065882434,123,0.7071067811865476,0.7071067811865476,0.4999999999999999,-0.8660254037844387,19108.0,19939.0,20138.0,21712.416666666668,21436.02083333333,22582.77083333333,0,849,28732,0.0295479065882434,4353.0,6105.0,0.3211636593192698,0.0,0.0575516860434531,0,1,0.638395045223176,0.1340404389527348,0,MODERATE,0.2282070314048643,0.638395045223176,55.3,0.2647062722388213,0.82,1.0707498103803228,1.142321317777651,Very Low
2026-05-03,9,18521,19907,17055,872,6606,0,22126,0,10,1004,992,321,-362,0,169,demanddata_2026.csv,313.0,997.0,570.0,-514.0,1036.0,2026-05-03 04:00:00,2026,5,3,4,0,6,Sunday,1,0.3084442529931612,0.0303483799115999,123,0.8660254037844386,0.5000000000000001,0.4999999999999999,-0.8660254037844387,19008.0,19572.0,19793.0,21119.416666666668,21414.125,22578.98511904762,0,872,28732,0.0303483799115999,3490.0,5242.0,0.2830147932188748,0.0,0.055933484504913,0,1,0.6270849760697135,0.1235202626803767,0,MODERATE,0.2159109770952128,0.6270849760697135,59.35,0.1158558160302832,0.82,1.0567233719796294,1.1397710777243304,Very Low
2026-05-03,10,18346,19732,16907,895,6606,0,22126,0,10,1005,992,324,-362,0,145,demanddata_2026.csv,290.0,997.0,557.0,-514.0,974.0,2026-05-03 04:30:00,2026,5,3,4,30,6,Sunday,1,0.3054135061321278,0.0311488532349563,123,0.8660254037844386,0.5000000000000001,0.4999999999999999,-0.8660254037844387,18521.0,19372.0,19454.0,20654.0,21392.75,22575.6875,0,895,28732,0.0311488532349563,3434.0,5186.0,0.2826620155883795,0.0,0.0530876982612961,0,1,0.6252747015075095,0.1197399118638209,0,MODERATE,0.2137894542924894,0.6252747015075095,58.4,0.3935659798870332,0.82,1.0558131975295264,1.1393628897076704,Very Low
2026-05-03,11,18132,19946,16731,893,6606,0,22126,0,10,1006,992,144,-362,0,-428,demanddata_2026.csv,542.0,997.0,587.0,-514.0,941.0,2026-05-03 05:00:00,2026,5,3,5,0,6,Sunday,1,0.3173011513034341,0.0310792468590122,123,0.9659258262890684,0.2588190451025207,0.4999999999999999,-0.8660254037844387,18346.0,19233.0,19215.0,20252.0,21369.8125,22572.464285714286,0,893,28732,0.0310792468590122,2964.0,5572.0,0.3072850603871395,0.0,0.0518943362929465,0,1,0.6288802367143109,0.1151170828652899,0,MODERATE,0.2221108059124039,0.6288802367143109,56.94,0.1427231202067568,0.82,1.048174233394734,1.1401758803422348,Very Low
2026-05-03,12,17897,19738,16464,891,6606,1,22126,0,10,1006,992,137,-362,0,-455,demanddata_2026.csv,603.0,997.0,600.0,-514.0,821.0,2026-05-03 05:30:00,2026,5,3,5,30,6,Sunday,1,0.292336168173775,0.0310444436710402,123,0.9659258262890684,0.2588190451025207,0.4999999999999999,-0.8660254037844387,18132.0,19203.0,18866.0,19864.416666666668,21342.604166666668,22569.58035714286,0,892,28732,0.0310444436710402,3004.0,5666.0,0.3165716839870376,0.0,0.0458710470443625,0,1,0.629249216333708,0.1100406117687721,0,LOW,0.2046353177216425,0.629249216333708,60.94,0.2106379808854676,0.82,1.0488243580019505,1.1402590793564475,Very Low
2026-05-03,13,18357,20585,16808,885,6606,84,22126,0,361,1005,992,275,-362,0,-491,demanddata_2026.csv,977.0,998.0,975.0,-514.0,518.0,2026-05-03 06:00:00,2026,5,3,6,0,6,Sunday,1,0.3179849191088494,0.0337242891448856,123,1.0,6.123233995736766e-17,0.4999999999999999,-0.8660254037844387,17897.0,19635.0,18911.0,19546.416666666668,21315.979166666668,22567.93154761905,0,969,28732,0.0337242891448856,3855.0,6589.0,0.3589170933652903,0.0,0.0282165813269419,0,0,0.6385807031925084,0.1199775339151473,0,MODERATE,0.2225894433761946,0.6385807031925084,80.31,0.3571387635685474,1.08,1.0626557590204788,1.1423631806861076,Moderate
2026-05-03,14,18609,20756,17142,879,6606,314,22126,0,282,1006,992,306,-362,0,-489,demanddata_2026.csv,1048.0,997.0,1012.0,-514.0,723.0,2026-05-03 06:30:00,2026,5,3,6,30,6,Sunday,1,0.3211820226572686,0.0415202032506177,123,1.0,6.123233995736766e-17,0.4999999999999999,-0.8660254037844387,18357.0,19889.0,19294.0,19294.0,21289.3125,22565.89285714286,0,1193,28732,0.0415202032506177,3996.0,6726.0,0.3614185921547555,0.0,0.0388500806018269,0,0,0.6346993812997797,0.1254212390909876,0,MODERATE,0.224827415860088,0.6346993812997797,73.99,0.0348797825747466,1.08,1.0649474482609167,1.141488004556204,Moderate
2026-05-03,15,19596,21320,17912,882,6606,721,22126,0,282,1004,992,986,-386,0,-42,demanddata_2026.csv,1358.0,997.0,1400.0,-514.0,261.0,2026-05-03 07:00:00,2026,5,3,7,0,6,Sunday,1,0.5164921136243363,0.0557895103191452,123,0.9659258262890684,-0.2588190451025206,0.4999999999999999,-0.8660254037844387,18609.0,20447.0,19927.0,19160.666666666668,21271.58333333333,22564.90773809524,0,1603,28732,0.0557895103191452,5795.0,7679.0,0.3918456906669388,0.0,0.0133183650558759,0,0,0.6369488350545058,0.1467424176963622,1,MODERATE,0.6615444795370353,0.6369488350545058,74.66,0.0771619143626791,1.08,1.0941868024704735,1.1419952204702324,Moderate
2026-05-03,16,19956,21649,18258,884,6606,1258,22126,0,226,1004,992,1002,-453,0,2,demanddata_2026.csv,1397.0,997.0,1429.0,-514.0,184.0,2026-05-03 07:30:00,2026,5,3,7,30,6,Sunday,1,0.5180652224199281,0.074548428636063,123,0.9659258262890684,-0.2588190451025206,0.4999999999999999,-0.8660254037844387,19596.0,20780.0,19754.0,19048.33333333333,21254.416666666668,22565.508928571428,0,2142,28732,0.074548428636063,5856.0,7790.0,0.3903392293430876,0.0,0.00921982261863,0,0,0.6257088142918674,0.1545191393761341,1,MODERATE,0.6626456556939497,0.6257088142918674,89.49,0.0152131220377676,1.08,1.0951782424964784,1.1394607752108716,High
2026-05-03,17,20972,22611,19119,896,6606,1822,22126,0,166,1003,992,1003,-453,0,884,demanddata_2026.csv,1397.0,997.0,1426.0,-520.0,11.0,2026-05-03 08:00:00,2026,5,3,8,0,6,Sunday,1,0.5264150866542323,0.0945950649079455,123,0.8660254037844387,-0.4999999999999998,0.4999999999999999,-0.8660254037844387,19956.0,21078.0,19886.0,19045.166666666668,21252.20833333333,22568.74107142857,0,2718,28732,0.0945950649079455,6729.0,8675.0,0.413627044295046,0.0,0.0005244838602012,0,0,0.6243918704298115,0.1764667761168236,1,MODERATE,0.6684905606579625,0.6243918704298115,82.61,0.1432991026846362,1.08,1.109367212048976,1.1391638253921377,Moderate
2026-05-03,18,21192,22820,19336,907,6606,2435,22126,0,161,1003,992,1003,-453,0,941,demanddata_2026.csv,1397.0,997.0,1426.0,-514.0,224.0,2026-05-03 08:30:00,2026,5,3,8,30,6,Sunday,1,0.5215255078688409,0.1163122542024849,123,0.8660254037844387,-0.4999999999999998,0.4999999999999999,-0.8660254037844387,20972.0,20722.0,19475.0,19141.166666666668,21262.0,22573.85119047619,0,3342,28732,0.1163122542024849,6792.0,8726.0,0.411739725381022,0.0,0.010569527674232,0,0,0.6110820413811986,0.1812192171433509,1,MODERATE,0.6650678555081886,0.6110820413811986,81.39,0.1033452755957982,1.08,1.110391158305342,1.136162671404301,Moderate
2026-05-03,19,22003,23631,20023,906,6606,3159,22126,0,161,1003,992,1003,-453,0,1014,demanddata_2026.csv,1397.0,997.0,1426.0,-514.0,153.0,2026-05-03 09:00:00,2026,5,3,9,0,6,Sunday,1,0.5296854672589751,0.1414749591062541,123,0.7071067811865476,-0.7071067811865475,0.4999999999999999,-0.8660254037844387,21192.0,20650.0,19247.0,19382.416666666668,21290.1875,22582.05357142857,0,4065,28732,0.1414749591062541,6865.0,8799.0,0.3998818396655154,0.0,0.006953281221596,0,0,0.5993047140203929,0.1987384429275036,1,MODERATE,0.6707798270812826,0.5993047140203929,89.84,0.324060926578139,1.08,1.1115776357135116,1.133507072083991,High
2026-05-03,20,22073,23701,20012,904,6606,4063,22126,0,161,1003,992,1002,-453,0,1017,demanddata_2026.csv,1397.0,997.0,1426.0,-514.0,45.0,2026-05-03 09:30:00,2026,5,3,9,30,6,Sunday,1,0.5136195460121632,0.1728674346570146,123,0.7071067811865476,-0.7071067811865475,0.4999999999999999,-0.8660254037844387,22003.0,19913.0,18496.0,19637.83333333333,21335.1875,22592.699404761905,0,4967,28732,0.1728674346570146,6867.0,8801.0,0.3987043580683156,0.0,0.0020385974449578,0,0,0.5792862129915131,0.2002505832541259,1,MODERATE,0.6595336822085143,0.5792862129915131,73.01,0.0414948191716062,1.08,1.1116101419438726,1.1289932196540384,Low
2026-05-03,21,22270,23898,20093,912,6606,4648,22126,0,161,1003,992,1003,-453,0,1017,demanddata_2026.csv,1397.0,997.0,1426.0,-514.0,70.0,2026-05-03 10:00:00,2026,5,3,10,0,6,Sunday,1,0.3337144802134303,0.1935057251244214,123,0.4999999999999999,-0.8660254037844387,0.4999999999999999,-0.8660254037844387,22073.0,18832.0,17828.0,19950.25,21406.8125,22605.91964285714,0,5560,28732,0.1935057251244214,6868.0,8802.0,0.3952224866418212,0.0,0.0031431008935386,0,0,0.567271827356821,0.2045061781733345,0,MODERATE,0.2336001361494012,0.567271827356821,70.54,0.0193190734204511,0.95,1.111626395059053,1.1262841674770894,Low
2026-05-03,22,22118,23747,19779,919,6606,5709,22126,0,162,1003,992,1002,-453,0,1017,demanddata_2026.csv,1397.0,997.0,1426.0,-514.0,-358.0,2026-05-03 10:30:00,2026,5,3,10,30,6,Sunday,1,0.294862379849698,0.2306755298785368,123,0.4999999999999999,-0.8660254037844387,0.4999999999999999,-0.8660254037844387,22270.0,18166.0,17092.0,20264.58333333333,21489.14583333333,22620.87797619048,0,6628,28732,0.2306755298785368,6867.0,8801.0,0.3978932139789321,0.0,-0.0161851801618518,0,0,0.5420344124116464,0.2012226734640974,0,LOW,0.2064036658947886,0.5420344124116464,60.67,0.1091766652283671,0.95,1.1116101419438726,1.1205935332676822,Very Low
2026-05-03,23,22159,23850,19798,909,6606,6183,22126,0,161,1003,992,1003,-453,-63,992,demanddata_2026.csv,1397.0,997.0,1426.0,-514.0,-377.0,2026-05-03 11:00:00,2026,5,3,11,0,6,Sunday,1,0.3130227034536962,0.2468242090975533,123,0.258819045102521,-0.9659258262890682,0.4999999999999999,-0.8660254037844387,22118.0,17719.0,16614.0,20600.166666666668,21581.64583333333,22637.38095238096,0,7092,28732,0.2468242090975533,6780.0,8840.0,0.3989169675090253,0.0,-0.0170126353790613,0,0,0.5322551899888525,0.2021083556554048,0,MODERATE,0.2191158924175873,0.5322551899888525,70.14,0.0216380647459673,0.95,1.110196120923177,1.118388474715471,Low
2026-05-03,24,22322,24013,19874,899,6606,6314,22126,0,9,1003,992,1003,-453,-215,991,demanddata_2026.csv,1397.0,997.0,1426.0,-514.0,-498.0,2026-05-03 11:30:00,2026,5,3,11,30,6,Sunday,1,0.286719010547408,0.2510353948421675,123,0.258819045102521,-0.9659258262890682,0.4999999999999999,-0.8660254037844387,22159.0,17500.0,16390.0,20968.916666666668,21682.104166666668,22655.03571428572,0,7213,28732,0.2510353948421675,6627.0,8991.0,0.4027684451014648,0.0,-0.0223088294584061,0,0,0.5323111770326793,0.2056294824159682,0,LOW,0.2007033073831856,0.5323111770326793,68.42,0.3653225105922352,0.95,1.1077093943005742,1.1184010989001425,Low
2026-05-03,25,22336,24176,19862,892,6606,6243,22126,0,7,1003,992,1002,-453,-366,1015,demanddata_2026.csv,1397.0,997.0,1426.0,-514.0,-683.0,2026-05-03 12:00:00,2026,5,3,12,0,6,Sunday,1,0.2766519725230692,0.2483207461803501,123,1.2246467991473532e-16,-1.0,0.4999999999999999,-0.8660254037844387,22322.0,17290.0,16435.0,21300.5,21787.229166666668,22672.59821428572,0,7135,28732,0.2483207461803501,6499.0,9165.0,0.4103057706943636,0.0,-0.0305770694363611,0,0,0.5357369546384975,0.2059319104812926,0,LOW,0.1936563807661484,0.5357369546384975,67.74,0.3735107813748551,0.95,1.1056289955574818,1.1191735570651262,Low
2026-05-03,26,22267,24141,19815,884,6606,6086,22126,0,7,1003,992,1003,-453,-400,1016,demanddata_2026.csv,1397.0,997.0,1426.0,-514.0,-720.0,2026-05-03 12:30:00,2026,5,3,12,30,6,Sunday,1,0.3112426024674311,0.2425782201649671,123,1.2246467991473532e-16,-1.0,0.4999999999999999,-0.8660254037844387,22336.0,16918.0,16173.0,21605.33333333333,21898.666666666668,22690.73511904762,0,6970,28732,0.2425782201649671,6467.0,9201.0,0.4131938207292976,0.0,-0.0323333932099874,0,0,0.5391742669975308,0.2044413721593364,0,MODERATE,0.2178698217272018,0.5391742669975308,71.22,0.3918602123976075,0.95,1.1051088958717088,1.119948616132833,Low
2026-05-03,27,22216,24075,19791,836,6606,5958,22126,0,7,1003,992,907,-453,-385,779,demanddata_2026.csv,1397.0,997.0,1426.0,-514.0,-597.0,2026-05-03 13:00:00,2026,5,3,13,0,6,Sunday,1,0.3009133653260443,0.2364528590818919,123,-0.2588190451025208,-0.9659258262890684,0.4999999999999999,-0.8660254037844387,22267.0,16706.0,16306.0,21823.666666666668,22013.45833333333,22708.324404761905,0,6794,28732,0.2364528590818919,6149.0,8853.0,0.398478642480983,0.0,-0.0268713147589683,0,0,0.5395740034917411,0.2033396699213687,0,MODERATE,0.210639355728231,0.5395740034917411,59.57,0.2500745430504568,0.95,1.0999404052443384,1.1200387503313491,Very Low
2026-05-03,28,22049,23875,19666,787,6606,5756,22126,0,7,1003,992,904,-453,-352,770,demanddata_2026.csv,1397.0,997.0,1426.0,-514.0,-696.0,2026-05-03 13:30:00,2026,5,3,13,30,6,Sunday,1,0.3138460621206942,0.2277172589009153,123,-0.2588190451025208,-0.9659258262890684,0.4999999999999999,-0.8660254037844387,22216.0,16830.0,16243.0,21998.08333333333,22122.1875,22725.604166666668,0,6543,28732,0.2277172589009153,6170.0,8808.0,0.3994557823129251,0.0,-0.0315646258503401,0,0,0.5434552431233763,0.1997321351421412,0,MODERATE,0.2196922434844859,0.5434552431233763,71.61,0.2846865735751496,0.95,1.100281720663127,1.1209139079126889,Low
2026-05-03,29,22005,23686,19592,759,6606,5749,22126,0,7,1003,992,1002,-453,-207,972,demanddata_2026.csv,1397.0,997.0,1426.0,-514.0,-807.0,2026-05-03 14:00:00,2026,5,3,14,0,6,Sunday,1,0.3173590715130626,0.2264991473218947,123,-0.4999999999999997,-0.8660254037844388,0.4999999999999999,-0.8660254037844387,22049.0,17330.0,16857.0,22084.166666666668,22219.58333333333,22740.92559523809,0,6508,28732,0.2264991473218947,6615.0,8963.0,0.4072980096337362,0.0,-0.0366718167772425,0,0,0.5452989070900965,0.1987816469368357,0,MODERATE,0.2221513500591438,0.5452989070900965,71.98,0.0637683067783197,0.95,1.1075143569184094,1.121329624707078,Low
2026-05-03,30,22069,23725,19601,731,6606,5939,22126,0,7,1003,992,1003,-453,-182,979,demanddata_2026.csv,1397.0,997.0,1426.0,-514.0,-625.0,2026-05-03 14:30:00,2026,5,3,14,30,6,Sunday,1,0.287085175620929,0.2321372637733616,123,-0.4999999999999997,-0.8660254037844388,0.4999999999999999,-0.8660254037844387,22005.0,18140.0,17164.0,22157.25,22301.4375,22755.52380952381,0,6670,28732,0.2321372637733616,6648.0,8946.0,0.4053466243769823,0.0,-0.0283189850475758,0,0,0.5419921839754613,0.2001641752354618,0,LOW,0.2009596229346502,0.5419921839754613,70.09,0.0315859678287352,0.95,1.1080507097193628,1.120584011429408,Low
2026-05-03,31,22483,24005,20001,694,6606,5501,22126,0,7,1003,992,1002,-453,-48,971,demanddata_2026.csv,1397.0,997.0,1426.0,-514.0,-710.0,2026-05-03 15:00:00,2026,5,3,15,0,6,Sunday,1,0.3104710060503071,0.2156057494866529,123,-0.7071067811865471,-0.7071067811865479,0.4999999999999999,-0.8660254037844387,22069.0,19322.0,17766.0,22197.25,22367.291666666668,22769.5625,0,6195,28732,0.2156057494866529,6773.0,8803.0,0.3915228607009429,0.0,-0.0315780110300658,0,0,0.5546745679137877,0.2091074051671995,0,MODERATE,0.217329704235215,0.5546745679137877,68.46,0.1013368817744114,0.95,1.110082349116914,1.123443686560679,Low
2026-05-03,32,22925,24463,20430,657,6606,5465,22126,0,7,1003,992,1003,-453,-64,970,demanddata_2026.csv,1397.0,997.0,1426.0,-514.0,-771.0,2026-05-03 15:30:00,2026,5,3,15,30,6,Sunday,1,0.3443123934004027,0.2130651167646956,123,-0.7071067811865471,-0.7071067811865479,0.4999999999999999,-0.8660254037844387,22483.0,20503.0,19046.0,22268.25,22417.75,22781.10714285714,0,6122,28732,0.2130651167646956,6757.0,8819.0,0.3846724243217307,0.0,-0.0336299398063334,0,0,0.5597963885040056,0.2186554912295861,0,MODERATE,0.2410186753802819,0.5597963885040056,73.01,0.5248874694745252,0.95,1.1098222992740274,1.124598575344988,Low
2026-05-03,33,23703,25215,21166,637,6606,4723,22126,0,7,1003,992,930,-441,-50,757,demanddata_2026.csv,1397.0,997.0,1426.0,-514.0,-734.0,2026-05-03 16:00:00,2026,5,3,16,0,6,Sunday,1,0.3370299081153614,0.1865450875300177,123,-0.8660254037844385,-0.5000000000000004,0.4999999999999999,-0.8660254037844387,22925.0,22082.0,20441.0,22387.666666666668,22451.52083333333,22790.81547619048,0,5360,28732,0.1865450875300177,6497.0,8507.0,0.3588845764427945,0.0,-0.0309652379345258,1,0,0.5790437695295358,0.2354618508597598,0,MODERATE,0.2359209356807529,0.5790437695295358,97.04,0.1002506652505444,1.3,1.105596489327121,1.128938552523448,High
2026-05-03,34,24810,26216,22165,616,6606,4091,22126,0,7,1003,992,925,-354,-31,749,demanddata_2026.csv,1397.0,997.0,1425.0,-514.0,-519.0,2026-05-03 16:30:00,2026,5,3,16,30,6,Sunday,1,0.3516922423014585,0.1638186057842898,123,-0.8660254037844385,-0.5000000000000004,0.4999999999999999,-0.8660254037844387,23703.0,24104.0,22756.0,22612.0,22466.229166666668,22796.92857142857,0,4707,28732,0.1638186057842898,6589.0,8387.0,0.3380355487485389,0.0,-0.0209181411470718,1,0,0.5986976005912128,0.2593752700250583,0,MODERATE,0.2461845696110209,0.5986976005912128,99.28,0.123188486228479,1.3,1.1070917759237189,1.1333701776969634,High
2026-05-03,35,25595,27230,22855,602,6606,3480,22126,0,7,1003,992,663,-439,-175,880,demanddata_2026.csv,1397.0,997.0,1383.0,-514.0,-507.0,2026-05-03 17:00:00,2026,5,3,17,0,6,Sunday,1,0.5590802645833626,0.1420666133017784,123,-0.9659258262890684,-0.2588190451025206,0.4999999999999999,-0.8660254037844387,24810.0,25438.0,25095.0,22898.33333333333,22469.5,22798.416666666668,0,4082,28732,0.1420666133017784,6187.0,8443.0,0.3298562275355524,0.0,-0.0198077824660103,1,0,0.6161648757411056,0.2763328436878942,1,MODERATE,0.6913561852083538,0.6161648757411056,95.59,0.008499689093036,1.3,1.100558023621194,1.137308769416006,High
2026-05-03,36,26544,28344,23765,587,6606,2798,22126,0,7,1003,992,652,-453,-326,884,demanddata_2026.csv,1397.0,997.0,1371.0,-514.0,-381.0,2026-05-03 17:30:00,2026,5,3,17,30,6,Sunday,1,0.5644373162158383,0.1178087912852817,123,-0.9659258262890684,-0.2588190451025206,0.4999999999999999,-0.8660254037844387,25595.0,27157.0,26779.0,23250.166666666668,22456.729166666668,22797.717261904763,0,3385,28732,0.1178087912852817,6003.0,8589.0,0.3235637596534187,0.0,-0.0143529854963269,1,0,0.6357033354146276,0.2968331461159595,1,MODERATE,0.6951061213510867,0.6357033354146276,92.66,0.0424451090402615,1.3,1.0975674504279986,1.141714380183147,High
2026-05-03,37,26637,28573,23844,567,6606,2009,22126,0,7,1004,992,617,-453,-462,590,demanddata_2026.csv,1397.0,997.0,1027.0,-514.0,-252.0,2026-05-03 18:00:00,2026,5,3,18,0,6,Sunday,1,0.5705401586578245,0.0896530122159189,123,-1.0,-1.8369701987210287e-16,0.4999999999999999,-0.8660254037844387,26544.0,27339.0,27393.0,23608.58333333333,22442.104166666668,22795.467261904763,0,2576,28732,0.0896530122159189,5195.0,8053.0,0.3023124859223665,0.0,-0.0094601696824085,1,0,0.6473328688821733,0.2988421325499006,1,MODERATE,0.6993781110604771,0.6473328688821733,95.75,0.1775558673727462,1.3,1.0844349333622278,1.1443366543397366,High
2026-05-03,38,27150,29127,24476,546,6606,1254,22126,0,7,1004,992,616,-453,-503,579,demanddata_2026.csv,1397.0,997.0,1003.0,-514.0,-31.0,2026-05-03 18:30:00,2026,5,3,18,30,6,Sunday,1,0.6092172845111178,0.0626457383496328,123,-1.0,-1.8369701987210287e-16,0.4999999999999999,-0.8660254037844387,26637.0,27192.0,27897.0,24015.5,22441.229166666668,22793.24404761905,0,1800,28732,0.0626457383496328,5118.0,8058.0,0.2967846488158815,0.0,-0.0011417627343375,1,0,0.6640355666593076,0.3099239609435755,1,HIGH,0.7264520991577824,0.6640355666593076,99.32,0.3121816957582287,1.3,1.0831834434933365,1.1481028460660458,High
2026-05-03,39,27426,29408,24835,533,6606,691,22126,0,3,1004,992,810,-453,-512,492,demanddata_2026.csv,1397.0,997.0,1020.0,-514.0,272.0,2026-05-03 19:00:00,2026,5,3,19,0,6,Sunday,1,0.5849464815213814,0.0425991020777503,123,-0.9659258262890684,0.2588190451025203,0.4999999999999999,-0.8660254037844387,27150.0,26416.0,28312.0,24449.666666666668,22462.27083333333,22790.60714285714,0,1224,28732,0.0425991020777503,5233.0,8191.0,0.2986473183359463,0.0,0.0099172348415794,1,0,0.6766433825797137,0.3158861142314006,1,MODERATE,0.709462537064967,0.6766433825797137,97.17,0.1601514994222291,1.3,1.0850525517390834,1.1509457072995928,High
2026-05-03,40,27250,29253,24670,520,6606,274,22126,0,6,1004,992,818,-453,-530,489,demanddata_2026.csv,1397.0,997.0,1032.0,-514.0,314.0,2026-05-03 19:30:00,2026,5,3,19,30,6,Sunday,1,0.6376384348022437,0.0276337312497824,123,-0.9659258262890684,0.2588190451025203,0.4999999999999999,-0.8660254037844387,27426.0,26494.0,28307.0,24883.08333333333,22478.02083333333,22787.46130952381,0,794,28732,0.0276337312497824,5232.0,8226.0,0.30186048218414,0.0,0.0115225129353051,1,0,0.6841380595325746,0.3120841614101788,1,HIGH,0.7463469043615705,0.6841380595325746,108.11,0.0730727600133837,1.3,1.0850362986239028,1.1526356373161597,High
2026-05-03,41,27376,29383,24822,524,6606,33,22126,0,10,1003,992,878,-453,-530,717,demanddata_2026.csv,1397.0,997.0,1320.0,-514.0,159.0,2026-05-03 20:00:00,2026,5,3,20,0,6,Sunday,1,0.4624722747494391,0.0193853757004141,123,-0.8660254037844386,0.5000000000000001,0.4999999999999999,-0.8660254037844387,27250.0,26746.0,29032.0,25330.666666666668,22491.14583333333,22782.53273809524,0,557,28732,0.0193853757004141,5807.0,8801.0,0.3214742301932279,0.0,0.0058077948643021,1,0,0.693095946293356,0.314806013998099,0,MODERATE,0.3237305923246073,0.693095946293356,118.14,0.0798490699692676,1.3,1.0943818398526384,1.1546554977874337,High
2026-05-03,42,27062,29055,24408,528,6606,0,22126,0,10,1003,992,879,-453,-516,725,demanddata_2026.csv,1397.0,997.0,1337.0,-514.0,-106.0,2026-05-03 20:30:00,2026,5,3,20,30,6,Sunday,1,0.4135438673977167,0.0183760832492256,123,-0.8660254037844386,0.5000000000000001,0.4999999999999999,-0.8660254037844387,27376.0,26694.0,28752.0,25746.75,22498.8125,22777.50297619048,0,528,28732,0.0183760832492256,5847.0,8813.0,0.3256475630935225,0.0,-0.0039167867568266,1,0,0.6927543530497688,0.3080229845329646,0,MODERATE,0.2894807071784017,0.6927543530497688,105.39,0.1525518080081053,1.3,1.0950319644598547,1.154578473963802,High
2026-05-03,43,26805,28812,24176,516,6606,0,22126,0,10,1003,992,860,-453,-530,725,demanddata_2026.csv,1397.0,997.0,1187.0,-514.0,-247.0,2026-05-03 21:00:00,2026,5,3,21,0,6,Sunday,1,0.3953694439103399,0.0179584449935614,123,-0.7071067811865477,0.7071067811865474,0.4999999999999999,-0.8660254037844387,27062.0,26851.0,28455.0,26106.916666666668,22497.854166666668,22772.592261904763,0,516,28732,0.0179584449935614,5664.0,8658.0,0.3229873908826382,0.0,-0.0092143549951503,0,0,0.6910479669660099,0.3024712693337942,0,MODERATE,0.2767586107372379,0.6910479669660099,81.76,0.1368039949255598,1.0,1.09205764438184,1.1541937111406764,Moderate
2026-05-03,44,26323,28330,23671,503,6606,0,22126,0,10,1003,992,860,-453,-530,725,demanddata_2026.csv,1377.0,997.0,1170.0,-514.0,-289.0,2026-05-03 21:30:00,2026,5,3,21,30,6,Sunday,1,0.3904843961237279,0.0175060035499251,123,-0.7071067811865477,0.7071067811865474,0.4999999999999999,-0.8660254037844387,26805.0,26117.0,27471.0,26390.08333333333,22502.14583333333,22769.17559523809,0,503,28732,0.0175060035499251,5627.0,8621.0,0.3274958213037532,0.0,-0.0109785746846983,0,0,0.6895734786736791,0.2920591030847663,0,MODERATE,0.2733390772866095,0.6895734786736791,78.84,0.0241639291945258,1.0,1.0914562791201647,1.1538612375677717,Moderate
2026-05-03,45,25238,27218,22697,490,6606,0,22126,0,9,1003,992,993,-453,-504,889,demanddata_2026.csv,1129.0,998.0,940.0,-514.0,-277.0,2026-05-03 22:00:00,2026,5,3,22,0,6,Sunday,1,0.3893841438422604,0.0170535621062889,123,-0.5000000000000004,0.8660254037844384,0.4999999999999999,-0.8660254037844387,26323.0,25637.0,25866.0,26518.0,22493.83333333333,22767.30654761905,0,490,28732,0.0170535621062889,5473.0,8415.0,0.3334125757755854,0.0,-0.0109750782519117,0,0,0.6850956625339968,0.2686209280221204,0,MODERATE,0.2725689006895823,0.6850956625339968,79.43,0.2822826843426961,1.0,1.0889532993823816,1.15285156150692,Moderate
2026-05-03,46,23921,25782,21509,476,6606,0,22126,0,5,1003,992,998,-453,-389,895,demanddata_2026.csv,1117.0,998.0,923.0,-514.0,-352.0,2026-05-03 22:30:00,2026,5,3,22,30,6,Sunday,1,0.3707047539043775,0.0165663174746806,123,-0.5000000000000004,0.8660254037844384,0.4999999999999999,-0.8660254037844387,25238.0,23931.0,24674.0,26443.916666666668,22493.625,22765.06547619048,0,476,28732,0.0165663174746806,5570.0,8282.0,0.346208510994064,0.0,-0.0147144887551208,0,0,0.6807273161431073,0.240171087876955,0,MODERATE,0.2594933277330642,0.6807273161431073,79.13,0.2126993631741639,1.0,1.0905298515548814,1.151866569126974,Moderate
2026-05-03,47,22710,24495,20463,462,6606,0,22126,0,5,1003,992,758,-453,-313,709,demanddata_2026.csv,1366.0,997.0,895.0,-514.0,-533.0,2026-05-03 23:00:00,2026,5,3,23,0,6,Sunday,1,0.3733611652897203,0.0160790728430724,123,-0.2588190451025215,0.965925826289068,0.4999999999999999,-0.8660254037844387,23921.0,22956.0,23295.0,26203.5,22488.5,22763.324404761905,0,462,28732,0.0160790728430724,5440.0,8000.0,0.3522522125842103,0.0,-0.023468803663423,0,0,0.6755661505377393,0.214011060226389,0,MODERATE,0.2613528157028042,0.6755661505377393,75.35,0.1594765087876106,1.0,1.0884169465814282,1.1507028086698066,Moderate
2026-05-03,48,22206,23870,20067,448,6606,0,22126,0,5,1003,992,749,-386,-259,702,demanddata_2026.csv,1397.0,997.0,894.0,-514.0,-505.0,2026-05-03 23:30:00,2026,5,3,23,30,6,Sunday,1,0.3478512427447325,0.0155918282114641,123,-0.2588190451025215,0.965925826289068,0.4999999999999999,-0.8660254037844387,22710.0,22548.0,22024.0,25842.0,22481.375,22763.86607142857,0,448,28732,0.0155918282114641,5575.0,7893.0,0.3554284685009231,0.0,-0.0227405772954473,0,0,0.6737272260244713,0.2031236498747083,0,MODERATE,0.2434958699213127,0.6737272260244713,83.6,0.4139436428577723,1.0,1.0906111171307833,1.150288160546516,Moderate
2026-05-04,1,21648,23410,19460,441,6606,0,22126,0,237,1003,992,782,-333,-178,888,demanddata_2026.csv,1397.0,997.0,1015.0,-514.0,-868.0,2026-05-04 00:00:00,2026,5,4,0,0,0,Monday,0,0.3450551555567416,0.01534820589566,124,0.0,1.0,0.4999999999999999,-0.8660254037844387,22206.0,22173.0,22066.0,25426.25,22470.4375,22762.622023809523,0,441,28732,0.01534820589566,6049.0,8099.0,0.3741050394937411,0.0,-0.0400942306804009,0,1,0.6745315427702336,0.1910697312710619,0,MODERATE,0.2415386088897191,0.6745315427702336,70.21,0.0660888718929205,0.82,1.0983150937262975,1.1504695211335088,Low
2026-05-04,2,21653,23441,19465,433,6606,0,22126,0,312,1003,992,783,-333,-129,894,demanddata_2026.csv,1397.0,997.0,1030.0,-514.0,-1014.0,2026-05-04 00:30:00,2026,5,4,0,30,0,Monday,0,0.3757938173692124,0.0150697803918838,124,0.0,1.0,0.4999999999999999,-0.8660254037844387,21648.0,21638.0,21840.0,24968.166666666668,22470.75,22762.06547619048,0,433,28732,0.0150697803918838,6120.0,8072.0,0.3727717742680336,0.0,-0.0468273760044333,0,1,0.6744773473425522,0.1911777412943921,0,MODERATE,0.2630556721584486,0.6744773473425522,66.72,0.0873885385784109,0.82,1.0994690649041066,1.1504573009296792,Low
2026-05-04,3,21533,23376,19345,425,6606,0,22126,0,312,1003,992,679,-333,-184,952,demanddata_2026.csv,1391.0,997.0,1036.0,-514.0,-1137.0,2026-05-04 01:00:00,2026,5,4,1,0,0,Monday,0,0.3584668650977124,0.0147913548881077,124,0.2588190451025207,0.9659258262890684,0.4999999999999999,-0.8660254037844387,21653.0,21196.0,22198.0,24477.08333333333,22477.77083333333,22760.08630952381,0,425,28732,0.0147913548881077,6019.0,8081.0,0.3752670195969165,0.0,-0.0528002229033156,0,1,0.6744972553501642,0.1885855007344681,0,MODERATE,0.2509268055683987,0.6744972553501642,58.83,0.236633272445238,0.82,1.0978275002708853,1.1504617898676075,Very Low
2026-05-04,4,21536,23238,19435,416,6606,0,22126,0,168,1003,992,675,-333,-187,953,demanddata_2026.csv,1385.0,997.0,1035.0,-514.0,-966.0,2026-05-04 01:30:00,2026,5,4,1,30,0,Monday,0,0.3462865553286679,0.0144781261963595,124,0.2588190451025207,0.9659258262890684,0.4999999999999999,-0.8660254037844387,21533.0,21304.0,22247.0,24000.916666666668,22482.604166666668,22757.97023809524,0,416,28732,0.0144781261963595,6006.0,8074.0,0.3748897246598876,0.0,-0.0448530435993871,0,1,0.674647343150396,0.1886503067484662,0,MODERATE,0.2424005887300675,0.674647343150396,62.8,0.0492877021702289,0.82,1.09761620977354,1.1504956322707327,Low
2026-05-04,5,20991,22766,18941,388,6606,0,22126,0,161,1003,992,531,-333,-267,712,demanddata_2026.csv,1316.0,997.0,921.0,-514.0,-948.0,2026-05-04 02:00:00,2026,5,4,2,0,0,Monday,0,0.3722225811666605,0.013503636933143,124,0.4999999999999999,0.8660254037844387,0.4999999999999999,-0.8660254037844387,21536.0,21010.0,22040.0,23468.83333333333,22482.20833333333,22754.84821428572,0,388,28732,0.013503636933143,5358.0,7586.0,0.3613757621951219,0.0,-0.0451600609756097,0,1,0.6695940482951263,0.1768772142054782,0,MODERATE,0.2605558068166623,0.6695940482951263,63.07,0.0026528928856427,0.82,1.0870841911366345,1.1493561949457891,Low
2026-05-04,6,20574,22512,18521,360,6606,0,22126,0,294,1003,992,497,-333,-297,700,demanddata_2026.csv,1306.0,997.0,903.0,-514.0,-1006.0,2026-05-04 02:30:00,2026,5,4,2,30,0,Monday,0,0.3411087465947146,0.0125291476699265,124,0.4999999999999999,0.8660254037844387,0.4999999999999999,-0.8660254037844387,20991.0,20040.0,21977.0,22928.166666666668,22493.33333333333,22750.67261904762,0,360,28732,0.0125291476699265,5254.0,7542.0,0.3665613608748481,0.0,-0.0488942891859052,0,1,0.6690074081737959,0.1678691782597425,0,MODERATE,0.2387761226163001,0.6690074081737959,59.66,0.0697616662975899,0.82,1.085393867157872,1.1492239169628695,Very Low
2026-05-04,7,20012,22262,18071,368,6606,0,22126,0,437,1004,991,-96,-333,-370,235,demanddata_2026.csv,1299.0,997.0,531.0,-514.0,-317.0,2026-05-04 03:00:00,2026,5,4,3,0,0,Monday,0,0.3391417876236032,0.0128075731737027,124,0.7071067811865476,0.7071067811865476,0.4999999999999999,-0.8660254037844387,20574.0,19108.0,20864.0,22362.08333333333,22512.166666666668,22748.136904761905,0,368,28732,0.0128075731737027,3744.0,6370.0,0.3182931094788387,0.0,-0.015839704192275,0,1,0.6560552302029807,0.1557288516374319,0,MODERATE,0.2373992513365222,0.6560552302029807,57.42,0.0162033226606125,0.82,1.0608516632354534,1.1463034075839509,Very Low
2026-05-04,8,19665,21842,17739,375,6606,0,22126,0,438,1005,991,-104,-333,-288,213,demanddata_2026.csv,1292.0,997.0,484.0,-514.0,-613.0,2026-05-04 03:30:00,2026,5,4,3,30,0,Monday,0,0.3161357165843773,0.0130511954895068,124,0.7071067811865476,0.7071067811865476,0.4999999999999999,-0.8660254037844387,20012.0,19008.0,20992.0,21807.25,22525.854166666668,22744.1875,0,375,28732,0.0130511954895068,3743.0,6221.0,0.3163327570426116,0.0,-0.0311705481541747,0,1,0.6535614215569773,0.1482329560183185,0,MODERATE,0.221295001609064,0.6535614215569773,56.05,0.2042167634937927,0.82,1.060835410120273,1.1457410935425367,Very Low
2026-05-04,9,19325,21921,17461,366,6606,0,22126,0,88,1005,991,-638,-333,-166,-70,demanddata_2026.csv,1215.0,998.0,-287.0,-514.0,-323.0,2026-05-04 04:00:00,2026,5,4,4,0,0,Monday,0,0.3307727159591228,0.0127379667977586,124,0.8660254037844386,0.5000000000000001,0.4999999999999999,-0.8660254037844387,19665.0,18521.0,20371.0,21314.5,22542.604166666668,22741.074404761905,0,366,28732,0.0127379667977586,2201.0,6217.0,0.3216909862361585,0.0,-0.0167132360550553,0,1,0.6529721747781795,0.1408882744318672,0,MODERATE,0.2315409011713859,0.6529721747781795,59.91,0.0644518508776099,0.82,1.0357731065120814,1.1456082277999675,Very Low
2026-05-04,10,19178,21824,17335,356,6606,0,22126,0,8,1005,991,-729,-333,-111,-95,demanddata_2026.csv,1216.0,997.0,-356.0,-514.0,-104.0,2026-05-04 04:30:00,2026,5,4,4,30,0,Monday,0,0.3154312613954113,0.0123899349180384,124,0.8660254037844386,0.5000000000000001,0.4999999999999999,-0.8660254037844387,19325.0,18346.0,20582.0,20919.25,22559.9375,22736.89583333333,0,356,28732,0.0123899349180384,2071.0,6347.0,0.3309348766880442,0.0,-0.0054225976328275,0,1,0.6542628340303251,0.1377127797459604,0,MODERATE,0.2208018829767878,0.6542628340303251,51.14,0.054111542178981,0.82,1.0336602015386285,1.145899250858744,Very Low
2026-05-04,11,19052,23293,17230,362,6606,0,22126,0,8,1006,991,-1054,-331,-7,-851,demanddata_2026.csv,1349.0,997.0,-976.0,-514.0,457.0,2026-05-04 05:00:00,2026,5,4,5,0,0,Monday,0,0.3370597686323487,0.0125987540458706,124,0.9659258262890684,0.2588190451025207,0.4999999999999999,-0.8660254037844387,19178.0,18132.0,20267.0,20614.416666666668,22579.104166666668,22733.279761904763,0,362,28732,0.0125987540458706,610.0,8076.0,0.4238702566524956,0.0,0.0239857240329606,0,1,0.6719914409308652,0.1349909271580402,0,MODERATE,0.2359418380426441,0.6719914409308652,56.78,0.1618480020556617,0.82,1.0099144002600495,1.1498967687159616,Very Low
2026-05-04,12,19017,23352,17166,367,6606,1,22126,0,7,1007,991,-1068,-340,0,-894,demanddata_2026.csv,1368.0,996.0,-1012.0,-514.0,604.0,2026-05-04 05:30:00,2026,5,4,5,30,0,Monday,0,0.2736083107000875,0.0128075731737027,124,0.9659258262890684,0.2588190451025207,0.4999999999999999,-0.8660254037844387,19052.0,17897.0,21014.0,20348.666666666668,22602.4375,22727.33630952381,0,368,28732,0.0128075731737027,534.0,8190.0,0.4306446524345357,0.0,0.0317593858449889,0,1,0.6729934146945326,0.1342348569947291,0,LOW,0.1915258174900612,0.6729934146945326,58.39,0.2135051070854717,0.82,1.0086791635063388,1.1501226978053252,Very Low
2026-05-04,13,19753,23930,17835,380,6606,48,22126,0,7,1007,991,-1035,-344,0,-1002,demanddata_2026.csv,1394.0,965.0,-775.0,-514.0,803.0,2026-05-04 06:00:00,2026,5,4,6,0,0,Monday,0,0.3191693823760048,0.0148957644520238,124,1.0,6.123233995736766e-17,0.4999999999999999,-0.8660254037844387,19017.0,18357.0,23319.0,20190.75,22631.52083333333,22716.72321428572,0,428,28732,0.0148957644520238,687.0,8027.0,0.4063480814012352,0.0,0.0406499949377341,0,0,0.6707121897086978,0.1501339324289294,0,MODERATE,0.2234185676632033,0.6707121897086978,78.11,0.0819819014962161,1.08,1.011165890128941,1.149608317985841,Moderate
2026-05-04,14,20363,24572,18358,392,6606,225,22126,0,10,999,989,-1034,-444,-8,-997,demanddata_2026.csv,1397.0,961.0,-702.0,-514.0,889.0,2026-05-04 06:30:00,2026,5,4,6,30,0,Monday,0,0.3310121749130559,0.0214735669787352,124,1.0,6.123233995736766e-17,0.4999999999999999,-0.8660254037844387,19753.0,18609.0,24526.0,20083.25,22668.0625,22704.33333333333,0,617,28732,0.0214735669787352,647.0,8045.0,0.3950599096444706,0.0,0.0436554704380278,0,0,0.6672351775591372,0.1633111552752095,0,MODERATE,0.2317085224391391,0.6672351775591372,86.14,0.3022328788553539,1.08,1.010515765521725,1.1488243072490918,High
2026-05-04,15,21430,24146,19188,414,6606,515,22126,0,10,741,904,-769,-452,-108,-363,demanddata_2026.csv,1397.0,893.0,493.0,-514.0,624.0,2026-05-04 07:00:00,2026,5,4,7,0,0,Monday,0,0.5390917904907739,0.0323321616260049,124,0.9659258262890684,-0.2588190451025206,0.4999999999999999,-0.8660254037844387,20363.0,19596.0,26920.0,20074.666666666668,22706.27083333333,22687.99404761905,0,929,28732,0.0323321616260049,2222.0,6634.0,0.3095515841537959,0.0,0.0291167001073211,0,0,0.649025195514618,0.1863604942538667,1,MODERATE,0.6773642533435418,0.649025195514618,77.14,0.4028047191926071,1.08,1.03611442193087,1.1447182469810195,Moderate
2026-05-04,16,21800,24500,19520,435,6606,926,22126,0,9,742,899,-690,-452,-208,-327,demanddata_2026.csv,1397.0,888.0,611.0,-514.0,631.0,2026-05-04 07:30:00,2026,5,4,7,30,0,Monday,0,0.555569575106214,0.0473671388299168,124,0.9659258262890684,-0.2588190451025206,0.4999999999999999,-0.8660254037844387,21430.0,19956.0,27420.0,20096.666666666668,22744.6875,22671.26785714286,0,1361,28732,0.0473671388299168,2346.0,6728.0,0.3086096968028989,0.0,0.0289436264391541,0,0,0.6411751635284588,0.1943532359802989,1,MODERATE,0.6888987025743498,0.6411751635284588,82.45,0.1437479160019844,1.08,1.0381298082132409,1.142948190076918,Moderate
2026-05-04,17,23278,25054,20905,445,6606,1586,22126,0,9,917,904,94,-452,-301,121,demanddata_2026.csv,1397.0,868.0,1026.0,-514.0,769.0,2026-05-04 08:00:00,2026,5,4,8,0,0,Monday,0,0.5538786255532777,0.070685274771169,124,0.8660254037844387,-0.4999999999999998,0.4999999999999999,-0.8660254037844387,21800.0,20972.0,27375.0,20287.25,22792.729166666668,22659.074404761905,0,2031,28732,0.070685274771169,4060.0,6594.0,0.283259590188582,0.0,0.0330340650371579,0,0,0.6311993447237315,0.2262809988766957,1,MODERATE,0.6877150378872944,0.6311993447237315,84.27,0.1358014277329032,1.08,1.0659876476324628,1.1406988021788171,Moderate
2026-05-04,18,23340,25210,20988,455,6606,2319,22126,0,91,924,907,103,-452,-314,147,demanddata_2026.csv,1397.0,869.0,1064.0,-513.0,702.0,2026-05-04 08:30:00,2026,5,4,8,30,0,Monday,0,0.5322026021403778,0.0965440434343785,124,0.8660254037844387,-0.4999999999999998,0.4999999999999999,-0.8660254037844387,23278.0,21192.0,25833.0,20517.75,22837.479166666668,22651.654761904763,0,2774,28732,0.0965440434343785,4132.0,6690.0,0.2866201105351099,0.0,0.0300758322265541,0,0,0.6163858664350632,0.2276203231659898,1,MODERATE,0.6725418214982645,0.6163858664350632,87.67,0.3483431809371333,1.08,1.0671578719254524,1.1373585992898552,High
2026-05-04,19,24457,26467,22129,469,6606,2906,22126,0,163,903,968,672,-452,-381,716,demanddata_2026.csv,1397.0,974.0,1401.0,-514.0,822.0,2026-05-04 09:00:00,2026,5,4,9,0,0,Monday,0,0.5479929837912177,0.1174607594055615,124,0.7071067811865476,-0.7071067811865475,0.4999999999999999,-0.8660254037844387,23340.0,22003.0,24726.0,20888.166666666668,22888.604166666668,22650.854166666668,0,3375,28732,0.1174607594055615,5684.0,8378.0,0.3425464060838989,0.0,0.0336086352113827,0,0,0.6236690628402486,0.2517497623779486,1,MODERATE,0.6835950886538524,0.6236690628402486,77.45,0.1509321241347598,1.08,1.092382706685448,1.1390008438187509,Moderate
2026-05-04,20,24187,26136,21947,483,6606,3522,22126,0,170,907,972,773,-452,-313,744,demanddata_2026.csv,1397.0,981.0,1424.0,-514.0,805.0,2026-05-04 09:30:00,2026,5,4,9,30,0,Monday,0,0.5498305098985908,0.139386767827933,124,0.7071067811865476,-0.7071067811865475,0.4999999999999999,-0.8660254037844387,24457.0,22073.0,23251.0,21265.0,22932.64583333333,22653.63988095238,0,4005,28732,0.139386767827933,5919.0,8477.0,0.3504630395237307,0.0,0.0332809657681495,0,0,0.6100885816955396,0.2459172211181197,1,MODERATE,0.6848813569290135,0.6100885816955396,94.71,0.2682184632364772,1.08,1.0962021887528444,1.1359386621036194,High
2026-05-04,21,24253,26261,22117,497,6606,4023,22126,0,167,998,988,973,-452,-375,894,demanddata_2026.csv,1397.0,997.0,1424.0,-514.0,937.0,2026-05-04 10:00:00,2026,5,4,10,0,0,Monday,0,0.3085134918157175,0.1573104096335224,124,0.4999999999999999,-0.8660254037844387,0.4999999999999999,-0.8660254037844387,24187.0,22270.0,21976.0,21675.666666666668,22973.95833333333,22660.416666666668,0,4520,28732,0.1573104096335224,6330.0,9012.0,0.3715675764822297,0.0,0.0386328028366455,0,0,0.6042530171105852,0.2473429534260779,0,MODERATE,0.2159594442710022,0.6042530171105852,73.83,0.1131939961665639,0.95,1.102882219091993,1.134622835441876,Moderate
2026-05-04,22,24145,26253,22066,510,6606,4617,22126,0,165,1002,989,981,-452,-477,899,demanddata_2026.csv,1397.0,996.0,1424.0,-514.0,1166.0,2026-05-04 10:30:00,2026,5,4,10,30,0,Monday,0,0.3484033395608958,0.1784359447325375,124,0.4999999999999999,-0.8660254037844387,0.4999999999999999,-0.8660254037844387,24253.0,22118.0,21325.0,22089.58333333333,23016.1875,22668.809523809523,0,5127,28732,0.1784359447325375,6245.0,9131.0,0.3781578729396173,0.0,0.048289571771722,0,0,0.5920366693909824,0.2450099369221463,0,MODERATE,0.2438823376926271,0.5920366693909824,73.34,0.1641921995701299,0.95,1.1015007043016578,1.1318682440386674,Low
2026-05-04,23,24002,26160,21984,511,6606,5304,22126,0,167,975,960,927,-452,-525,856,demanddata_2026.csv,1397.0,920.0,1425.0,-514.0,1160.0,2026-05-04 11:00:00,2026,5,4,11,0,0,Monday,0,0.3310854956486936,0.202380538057286,124,0.258819045102521,-0.9659258262890682,0.4999999999999999,-0.8660254037844387,24145.0,22159.0,20689.0,22502.08333333333,23054.58333333333,22678.66964285714,0,5815,28732,0.202380538057286,5969.0,8951.0,0.3729117193684123,0.0,0.0483272924217806,0,0,0.5752974620839694,0.2419208502549036,0,MODERATE,0.2317598469540855,0.5752974620839694,70.21,0.1913524393151204,0.95,1.0970148445118648,1.128093819996166,Low
2026-05-04,24,23534,25638,21511,511,6606,5598,22126,0,168,972,959,924,-452,-470,854,demanddata_2026.csv,1397.0,917.0,1425.0,-514.0,1230.0,2026-05-04 11:30:00,2026,5,4,11,30,0,Monday,0,0.3299702509688323,0.2126126753210594,124,0.258819045102521,-0.9659258262890682,0.4999999999999999,-0.8660254037844387,24002.0,22322.0,19927.0,22878.5,23079.83333333333,22689.404761904763,0,6109,28732,0.2126126753210594,6012.0,8884.0,0.3774803484172509,0.0,0.0522625876354365,0,0,0.5651806586131407,0.2318111120712002,0,MODERATE,0.2309791756781826,0.5651806586131407,68.86,0.2649101136077255,0.95,1.0977137284646223,1.1258126423063743,Low
2026-05-04,25,23233,25335,21227,521,6606,6175,22126,0,170,1000,989,981,-452,-466,882,demanddata_2026.csv,1397.0,992.0,1425.0,-514.0,1284.0,2026-05-04 12:00:00,2026,5,4,12,0,0,Monday,0,0.3325032649139351,0.2330421466606341,124,1.2246467991473532e-16,-1.0,0.4999999999999999,-0.8660254037844387,23534.0,22336.0,19648.0,23168.5,23098.52083333333,22700.074404761905,0,6696,28732,0.2330421466606341,6234.0,9098.0,0.3915813032624602,0.0,0.0552638374795558,0,0,0.5521590883255668,0.2253089086667242,0,MODERATE,0.2327522854397546,0.5521590883255668,64.63,0.0670167173179752,0.95,1.101321920034673,1.1228764860677245,Low
2026-05-04,26,23376,25473,21464,530,6606,6515,22126,0,166,1003,992,982,-452,-465,883,demanddata_2026.csv,1397.0,997.0,1425.0,-514.0,1266.0,2026-05-04 12:30:00,2026,5,4,12,30,0,Monday,0,0.3252386695408153,0.2451884592628684,124,1.2246467991473532e-16,-1.0,0.4999999999999999,-0.8660254037844387,23233.0,22267.0,19520.0,23419.58333333333,23121.625,22711.55059523809,0,7045,28732,0.2451884592628684,6248.0,9110.0,0.3896992770672028,0.0,0.0541557941566497,0,0,0.545925490997965,0.2283979953339669,0,MODERATE,0.2276670686785707,0.545925490997965,70.27,0.2565068632491348,0.95,1.101549463647199,1.1214709093762456,Low
2026-05-04,27,22844,25381,20892,542,6606,6491,22126,0,562,979,992,1036,-452,-502,963,demanddata_2026.csv,1397.0,997.0,1425.0,-521.0,1233.0,2026-05-04 13:00:00,2026,5,4,13,0,0,Monday,0,0.2836454669807476,0.2447708210072042,124,-0.2588190451025208,-0.9659258262890684,0.4999999999999999,-0.8660254037844387,23376.0,22216.0,19605.0,23537.416666666668,23134.70833333333,22721.19047619048,0,7033,28732,0.2447708210072042,6314.0,9264.0,0.4055154300722258,0.0,0.0539724228496388,0,0,0.5431416761648467,0.2169057288516374,0,LOW,0.1985518268865233,0.5431416761648467,67.42,0.0058338449763481,0.95,1.102622169249106,1.1208432035689586,Low
2026-05-04,28,22563,25297,20626,554,6606,6508,22126,0,783,977,992,1038,-453,-484,966,demanddata_2026.csv,1397.0,997.0,1425.0,-514.0,1037.0,2026-05-04 13:30:00,2026,5,4,13,30,0,Monday,0,0.2717198110178171,0.2457801134583928,124,-0.2588190451025208,-0.9659258262890684,0.4999999999999999,-0.8660254037844387,22844.0,22049.0,19364.0,23601.0,23145.416666666668,22730.71130952381,0,7062,28732,0.2457801134583928,6341.0,9243.0,0.4096348165218932,0.0,0.0459581634461974,0,0,0.5399794992530249,0.2108355655404821,0,LOW,0.190203867712472,0.5399794992530249,67.15,0.2157820180597249,0.95,1.1030610033589772,1.120130183152656,Low
2026-05-04,29,22516,25159,20562,562,6606,6381,22126,0,666,977,992,999,-453,-510,751,demanddata_2026.csv,1397.0,993.0,1401.0,-514.0,855.0,2026-05-04 14:00:00,2026,5,4,14,0,0,Monday,0,0.3311088986848217,0.2416385340897226,124,-0.4999999999999997,-0.8660254037844388,0.4999999999999999,-0.8660254037844387,22563.0,22005.0,19689.0,23537.5,23156.0625,22739.125,0,6943,28732,0.2416385340897226,6033.0,8987.0,0.3991206643869077,0.0,0.0379713105653506,0,0,0.5399538822340925,0.2098202713211786,0,MODERATE,0.2317762290793751,0.5399538822340925,71.88,0.1511489812012205,0.95,1.098055043883411,1.120124406923807,Low
2026-05-04,30,22251,24955,20215,569,6606,6087,22126,0,850,978,992,996,-452,-388,743,demanddata_2026.csv,1397.0,992.0,1388.0,-514.0,751.0,2026-05-04 14:30:00,2026,5,4,14,30,0,Monday,0,0.2668717331937342,0.2316500191417533,124,-0.4999999999999997,-0.8660254037844388,0.4999999999999999,-0.8660254037844387,22516.0,22069.0,19723.0,23446.75,23159.854166666668,22746.64880952381,0,6656,28732,0.2316500191417533,6132.0,8840.0,0.3972676613338127,0.0,0.0337497753010965,0,0,0.5428508258321962,0.2040957400846798,0,LOW,0.1868102132356139,0.5428508258321962,70.86,0.1640712920364025,0.95,1.0996641022862714,1.1207776214617422,Low
2026-05-04,31,22341,24790,20341,623,6606,5625,22126,0,604,1003,992,657,-452,-379,533,demanddata_2026.csv,1396.0,997.0,965.0,-514.0,1036.0,2026-05-04 15:00:00,2026,5,4,15,0,0,Monday,0,0.3229634234382555,0.2174503184491699,124,-0.7071067811865471,-0.7071067811865479,0.4999999999999999,-0.8660254037844387,22251.0,22483.0,20564.0,23270.416666666668,23156.89583333333,22751.9375,0,6248,28732,0.2174503184491699,5198.0,7888.0,0.3530570226479276,0.0,0.0463700653477754,0,0,0.5441988359101556,0.2060399205046228,0,MODERATE,0.2260743964067788,0.5441988359101556,64.27,0.3718236253123622,0.95,1.084483692707769,1.1210815762162576,Low
2026-05-04,32,23118,25156,21047,677,6606,4947,22126,0,283,1003,992,600,-452,-289,520,demanddata_2026.csv,1397.0,997.0,931.0,-514.0,1075.0,2026-05-04 15:30:00,2026,5,4,15,30,0,Monday,0,0.2962574061464008,0.1957331291546305,124,-0.7071067811865471,-0.7071067811865479,0.4999999999999999,-0.8660254037844387,22341.0,22925.0,21186.0,23181.33333333333,23160.916666666668,22757.6875,0,5624,28732,0.1957331291546305,5185.0,7695.0,0.3328431160517323,0.0,0.0464985509753882,0,0,0.5622952615842086,0.2228246781301305,0,LOW,0.2073801843024805,0.5622952615842086,72.61,0.5229280893039638,0.95,1.0842724022104238,1.125162031335471,Low
2026-05-04,33,23760,25596,21618,686,6606,4714,22126,0,29,1004,991,3,-453,-375,23,demanddata_2026.csv,1397.0,998.0,737.0,-479.0,1107.0,2026-05-04 16:00:00,2026,5,4,16,0,0,Monday,0,0.3424924110584773,0.1879372150488985,124,-0.8660254037844385,-0.5000000000000004,0.4999999999999999,-0.8660254037844387,23118.0,23703.0,23501.0,23140.25,23162.104166666668,22758.45833333333,0,5400,28732,0.1879372150488985,3846.0,6460.0,0.2718740793737637,0.0,0.0465889482765876,1,0,0.5613605353756712,0.2366931651257236,0,MODERATE,0.2397446877409341,0.5613605353756712,97.21,0.3444417234656416,1.3,1.0625094809838551,1.1249512654963278,High
2026-05-04,34,24946,26782,22669,695,6606,4331,22126,0,16,1004,991,0,-453,-347,-7,demanddata_2026.csv,1397.0,997.0,719.0,-513.0,934.0,2026-05-04 16:30:00,2026,5,4,16,30,0,Monday,0,0.3683299254309903,0.1749208227473636,124,-0.8660254037844385,-0.5000000000000004,0.4999999999999999,-0.8660254037844387,23760.0,24810.0,24848.0,23207.0,23164.9375,22758.75,0,5026,28732,0.1749208227473636,3788.0,6428.0,0.257666252455205,0.0,0.0374393714675111,1,0,0.5774377080792082,0.2623131426596388,0,MODERATE,0.2578309478016932,0.5774377080792082,89.52,0.1927888791483599,1.3,1.0615668003033916,1.1285764113036951,High
2026-05-04,35,26311,29439,23930,679,6606,3630,22126,0,14,1005,991,-688,-453,-366,-593,demanddata_2026.csv,1397.0,997.0,555.0,-514.0,1202.0,2026-05-04 17:00:00,2026,5,4,17,0,0,Monday,0,0.5862257033841766,0.1499669369714265,124,-0.9659258262890684,-0.2588190451025206,0.4999999999999999,-0.8660254037844387,24946.0,25595.0,26424.0,23399.416666666668,23179.854166666668,22758.41369047619,0,4309,28732,0.1499669369714265,2331.0,7559.0,0.2872833688051079,0.0,0.0456825782912739,1,0,0.6091412983694371,0.2917998790287738,1,MODERATE,0.7103579923689236,0.6091412983694371,96.1,0.0102502977572572,1.3,1.0378860114855348,1.1357250648349122,High
2026-05-04,36,26891,30117,24458,662,6606,2916,22126,0,15,985,985,-837,-453,-284,-623,demanddata_2026.csv,1397.0,993.0,418.0,-514.0,1224.0,2026-05-04 17:30:00,2026,5,4,17,30,0,Monday,0,0.5941247339917403,0.1245258065638812,124,-0.9659258262890684,-0.2588190451025206,0.4999999999999999,-0.8660254037844387,26311.0,26544.0,28002.0,23679.166666666668,23187.08333333333,22755.10714285714,0,3578,28732,0.1245258065638812,2067.0,7489.0,0.2784843076007735,0.0,0.0455153949129852,1,0,0.6256832782649533,0.304329041735073,1,MODERATE,0.7158873137942181,0.6256832782649533,93.22,0.024216249121147,1.3,1.0335951890779067,1.13945501724443,High
2026-05-04,37,27174,32307,24865,644,6606,2216,22126,0,9,501,754,-1054,-453,-400,-1006,demanddata_2026.csv,1397.0,877.0,-1197.0,-514.0,2131.0,2026-05-04 18:00:00,2026,5,4,18,0,0,Monday,0,0.5757669440602564,0.0995371175999721,124,-1.0,-1.8369701987210287e-16,0.4999999999999999,-0.8660254037844387,26891.0,26637.0,28231.0,24007.58333333333,23198.27083333333,22751.96130952381,0,2860,28732,0.0995371175999721,-1095.0,8153.0,0.3000183992640294,0.0,0.0784176632934682,1,0,0.6453302076337144,0.3104424090555603,1,MODERATE,0.7030368608421795,0.6453302076337144,94.34,0.0624901211564013,1.3,1.0177971611225485,1.1438850861963634,High
2026-05-04,38,27495,32923,25252,626,6606,1448,22126,0,4,503,745,-1062,-453,-477,-1022,demanddata_2026.csv,1397.0,872.0,-1396.0,-514.0,2091.0,2026-05-04 18:30:00,2026,5,4,18,30,0,Monday,0,0.6229099351806973,0.0721818118539658,124,-1.0,-1.8369701987210287e-16,0.4999999999999999,-0.8660254037844387,27174.0,27150.0,28554.0,24350.83333333333,23205.45833333333,22748.809523809523,0,2074,28732,0.0721818118539658,-1407.0,8441.0,0.3069901076520221,0.0,0.0760474250800116,1,0,0.6632614196853384,0.3173766525533569,1,HIGH,0.736036954626488,0.6632614196853384,99.04,0.1105315325925825,1.3,1.0228681330588365,1.1479282882809976,High
2026-05-04,39,28032,33469,25704,623,6606,727,22126,0,4,977,966,-1068,-453,-450,-1006,demanddata_2026.csv,1397.0,989.0,-1442.0,-514.0,1831.0,2026-05-04 19:00:00,2026,5,4,19,0,0,Monday,0,0.6122848872266985,0.0469843037622246,124,-0.9659258262890684,0.2588190451025203,0.4999999999999999,-0.8660254037844387,27495.0,27426.0,29298.0,24783.166666666668,23218.08333333333,22745.041666666668,0,1350,28732,0.0469843037622246,-604.0,9262.0,0.3303963186244782,0.0,0.0653158777155495,1,0,0.6843045470626873,0.3289769290590166,1,HIGH,0.7285994210586889,0.6843045470626873,97.1,0.1074897975120474,1.3,1.0098168815689674,1.1526731775965868,High
2026-05-04,40,28009,33514,25607,620,6606,298,22126,0,4,993,980,-1069,-453,-521,-999,demanddata_2026.csv,1397.0,996.0,-1445.0,-514.0,1587.0,2026-05-04 19:30:00,2026,5,4,19,30,0,Monday,0,0.6023218179728425,0.0319493265583127,124,-0.9659258262890684,0.2588190451025203,0.4999999999999999,-0.8660254037844387,28032.0,27250.0,29452.0,25237.0,23233.89583333333,22740.747023809523,0,918,28732,0.0319493265583127,-635.0,9367.0,0.3344162799000357,0.0,0.0566583363084612,1,0,0.6926835398185692,0.3284800829516979,1,HIGH,0.7216252725809897,0.6926835398185692,103.65,0.0289101834001722,1.3,1.01032072813956,1.1545625067105465,High
2026-05-04,41,27826,32763,25367,671,6606,83,22126,0,4,939,912,-1064,-453,-529,-428,demanddata_2026.csv,1397.0,951.0,-1445.0,-514.0,1180.0,2026-05-04 20:00:00,2026,5,4,20,0,0,Monday,0,0.4107214700356243,0.0262416037309017,124,-0.8660254037844386,0.5000000000000001,0.4999999999999999,-0.8660254037844387,28009.0,27376.0,31288.0,25679.5,23243.27083333333,22730.44345238096,0,754,28732,0.0262416037309017,-234.0,8632.0,0.3102023214863262,0.0,0.0424048585905774,1,0,0.6897507629341239,0.3245269160978138,0,MODERATE,0.287505029024937,0.6897507629341239,100.38,0.0530933218771765,1.3,1.003803228952216,1.153901212338542,High
2026-05-04,42,27733,32589,25299,721,6606,0,22126,0,5,940,909,-1062,-453,-515,-400,demanddata_2026.csv,1397.0,948.0,-1407.0,-514.0,1370.0,2026-05-04 20:30:00,2026,5,4,20,30,0,Monday,0,0.4186060600890341,0.0250930985278251,124,-0.8660254037844386,0.5000000000000001,0.4999999999999999,-0.8660254037844387,27826.0,27062.0,31437.0,26136.33333333333,23257.25,22719.41964285714,0,721,28732,0.0250930985278251,-157.0,8545.0,0.3081055743852311,0.0,0.0493978510131968,1,0,0.689408807685271,0.3225179296638728,0,MODERATE,0.2930242420623238,0.689408807685271,93.33,0.2244873256475925,1.3,1.0025517390833243,1.1538241068885016,High
2026-05-04,43,28042,31148,25645,745,6606,0,22126,0,12,987,939,-586,-453,-529,-121,demanddata_2026.csv,1397.0,970.0,-391.0,-514.0,1128.0,2026-05-04 21:00:00,2026,5,4,21,0,0,Monday,0,0.4003054921054689,0.0259283750391535,124,-0.7071067811865477,0.7071067811865474,0.4999999999999999,-0.8660254037844387,27733.0,26805.0,31066.0,26611.416666666668,23283.02083333333,22710.41964285714,0,745,28732,0.0259283750391535,1699.0,6887.0,0.2455871340441464,0.0,0.0402239418036586,0,0,0.678189067046135,0.329192949105677,0,MODERATE,0.2802138444738282,0.678189067046135,77.34,0.1253629442658892,1.0,1.027614042691516,1.1512942344732622,Moderate
2026-05-04,44,27088,30086,24654,768,6606,0,22126,0,11,988,942,-563,-453,-529,-110,demanddata_2026.csv,1397.0,972.0,-318.0,-514.0,758.0,2026-05-04 21:30:00,2026,5,4,21,30,0,Monday,0,0.4003230009076745,0.02672884836251,124,-0.7071067811865477,0.7071067811865474,0.4999999999999999,-0.8660254037844387,28042.0,26323.0,28333.0,26942.25,23298.95833333333,22706.714285714286,0,768,28732,0.02672884836251,1812.0,6786.0,0.2505075861050611,0.0,0.027981837646277,0,0,0.6734378667657392,0.3085846366542815,0,MODERATE,0.2802261006353721,0.6734378667657392,73.39,0.0457525761484114,1.0,1.029450644706902,1.1502229146526666,Low
2026-05-04,45,26177,29588,23894,765,6606,0,22126,0,9,1004,988,-758,-453,-529,-115,demanddata_2026.csv,1397.0,994.0,-533.0,-514.0,698.0,2026-05-04 22:00:00,2026,5,4,22,0,0,Monday,0,0.400724974214895,0.0266244387985939,124,-0.5000000000000004,0.8660254037844384,0.4999999999999999,-0.8660254037844387,27088.0,25238.0,26958.0,27143.666666666668,23318.52083333333,22704.38988095238,0,765,28732,0.0266244387985939,1481.0,7285.0,0.2782871113148445,0.0,0.0266636106654442,0,0,0.673933083062471,0.2889052104035254,0,MODERATE,0.2805074819504264,0.673933083062471,75.18,0.5260545877853089,1.0,1.024070863582187,1.1503345780225227,Moderate
2026-05-04,46,24071,27504,21866,762,6606,0,22126,0,9,1004,992,-765,-453,-529,-115,demanddata_2026.csv,1389.0,996.0,-548.0,-514.0,315.0,2026-05-04 22:30:00,2026,5,4,22,30,0,Monday,0,0.3607437634463636,0.0265200292346778,124,-0.5000000000000004,0.8660254037844384,0.4999999999999999,-0.8660254037844387,26177.0,23921.0,24860.0,27070.75,23321.64583333333,22702.041666666668,0,762,28732,0.0265200292346778,1457.0,7305.0,0.3034646061814556,0.0,0.0130857427716849,0,0,0.6670614915103072,0.2434113885768599,0,MODERATE,0.2525206344124545,0.6670614915103072,78.77,0.1939696122764052,1.0,1.0236807888178567,1.1487851438176024,Moderate
2026-05-04,47,23132,26645,21128,760,6606,0,22126,0,6,1004,992,-736,-453,-528,-262,demanddata_2026.csv,1290.0,996.0,-514.0,-514.0,695.0,2026-05-04 23:00:00,2026,5,4,23,0,0,Monday,0,0.3729834671101611,0.0264504228587338,124,-0.2588190451025215,0.965925826289068,0.4999999999999999,-0.8660254037844387,24071.0,22710.0,23195.0,26805.83333333333,23330.4375,22701.854166666668,0,760,28732,0.0264504228587338,1275.0,7289.0,0.3150909955474862,0.0,0.0300436605714779,0,0,0.6640207170768435,0.2231271061954549,0,MODERATE,0.2610884269771127,0.6640207170768435,72.23,0.0002235851589605,1.0,1.020722721855022,1.1480994977222418,Low
2026-05-04,48,22406,25918,20479,758,6606,0,22126,0,9,1005,992,-734,-453,-528,-267,demanddata_2026.csv,1248.0,996.0,-507.0,-514.0,869.0,2026-05-04 23:30:00,2026,5,4,23,30,0,Monday,0,0.3718213061221637,0.0263808164827898,124,-0.2588190451025215,0.965925826289068,0.4999999999999999,-0.8660254037844387,23132.0,22206.0,22795.0,26432.08333333333,23334.604166666668,22700.696428571428,0,758,28732,0.0263808164827898,1238.0,7244.0,0.3232918284464676,0.0,0.0387825233186057,0,0,0.6614877475696984,0.2074440508079149,0,MODERATE,0.2602749142855146,0.6614877475696984,70.03,0.1032854547572468,1.0,1.0201213565933471,1.1475283535317589,Low
2026-05-05,1,22150,25257,20224,745,6606,0,22126,0,9,1005,992,-601,-453,-529,-172,demanddata_2026.csv,874.0,996.0,-329.0,-514.0,1030.0,2026-05-05 00:00:00,2026,5,5,0,0,1,Tuesday,0,0.3483266335639714,0.0259283750391535,125,0.0,1.0,0.4999999999999999,-0.8660254037844387,22406.0,21648.0,22598.0,26013.416666666668,23345.0625,22699.36309523809,0,745,28732,0.0259283750391535,1269.0,6465.0,0.291860412622455,0.0,0.0464990293891923,0,1,0.6539998446306455,0.2019139376134105,0,MODERATE,0.2438286434947799,0.6539998446306455,61.61,0.1719347476763569,0.82,1.0206252031639398,1.145839950947173,Very Low
2026-05-05,2,21803,24794,19869,731,6606,0,22126,0,8,1005,992,-595,-394,-484,-168,demanddata_2026.csv,804.0,996.0,-316.0,-526.0,810.0,2026-05-05 00:30:00,2026,5,5,0,30,1,Tuesday,0,0.3432350692590303,0.0254411304075453,125,0.0,1.0,0.4999999999999999,-0.8660254037844387,22150.0,21653.0,22198.0,25539.08333333333,23348.1875,22698.1875,0,731,28732,0.0254411304075453,1314.0,6280.0,0.288020546688681,0.0,0.0371491469455145,0,1,0.6515237481807785,0.194418041994297,0,MODERATE,0.2402645484813212,0.6515237481807785,63.05,0.1682505051504331,0.82,1.021356593347058,1.145281630723251,Low
2026-05-05,3,21850,24625,19936,696,6606,0,22126,0,6,1004,992,-666,-372,-426,91,demanddata_2026.csv,505.0,996.0,-291.0,-514.0,850.0,2026-05-05 01:00:00,2026,5,5,1,0,1,Tuesday,0,0.3663885822527263,0.0242230188285246,125,0.2588190451025207,0.9659258262890684,0.4999999999999999,-0.8660254037844387,21803.0,21533.0,22045.0,25023.916666666668,23354.791666666668,22697.60714285714,0,696,28732,0.0242230188285246,1319.0,5857.0,0.2680426525101826,0.0,0.0388998215184659,0,1,0.6486036988690718,0.1954333362136006,0,MODERATE,0.2564720075769084,0.6486036988690718,62.2,0.222503268090478,0.82,1.0214378589229602,1.1446232062157309,Very Low
2026-05-05,4,21562,24293,19715,661,6606,0,22126,0,6,1004,992,-670,-372,-374,102,demanddata_2026.csv,460.0,997.0,-295.0,-514.0,474.0,2026-05-05 01:30:00,2026,5,5,1,30,1,Tuesday,0,0.3781800338132137,0.023004907249504,125,0.2588190451025207,0.9659258262890684,0.4999999999999999,-0.8660254037844387,21850.0,21536.0,21571.0,24486.666666666668,23355.33333333333,22697.58035714286,0,661,28732,0.023004907249504,1330.0,5780.0,0.2680517553216157,0.0,0.021982098965821,0,1,0.6477423553001537,0.1892119588697831,0,MODERATE,0.2647260236692496,0.6477423553001537,58.7,0.022506591829727,0.82,1.0216166431899447,1.1444289869904265,Very Low
2026-05-05,5,21128,24240,19316,675,6606,0,22126,0,6,1004,992,-684,-372,-504,74,demanddata_2026.csv,358.0,997.0,-532.0,-514.0,454.0,2026-05-05 02:00:00,2026,5,5,2,0,1,Tuesday,0,0.334944707984814,0.0234921518811123,125,0.4999999999999999,0.8660254037844387,0.4999999999999999,-0.8660254037844387,21562.0,20991.0,21538.0,23928.5,23358.1875,22696.36011904762,0,675,28732,0.0234921518811123,819.0,6031.0,0.285437077003171,0.0,0.0214870557054285,0,1,0.6483700988243056,0.1798366888447247,0,MODERATE,0.2344612955893698,0.6483700988243056,58.83,0.2596091372046967,0.82,1.0133113013327557,1.1445705331345557,Very Low
2026-05-05,6,20734,23890,18894,689,6606,0,22126,0,6,1004,992,-685,-372,-513,73,demanddata_2026.csv,333.0,996.0,-554.0,-526.0,648.0,2026-05-05 02:30:00,2026,5,5,2,30,1,Tuesday,0,0.3383386614662262,0.0239793965127205,125,0.4999999999999999,0.8660254037844387,0.4999999999999999,-0.8660254037844387,21128.0,20574.0,20489.0,23345.25,23361.52083333333,22697.089285714286,0,689,28732,0.0239793965127205,748.0,6048.0,0.2916807330600434,0.0,0.031251507113576,0,1,0.6469775814295077,0.1713254990063077,0,MODERATE,0.2368370630263583,0.6469775814295077,57.25,0.1085934933596378,0.82,1.0121573301549465,1.1442565426905562,Very Low
2026-05-05,7,20500,24078,18706,710,6606,0,22126,0,6,1005,992,-828,-372,-511,-65,demanddata_2026.csv,185.0,996.0,-782.0,-514.0,1030.0,2026-05-05 03:00:00,2026,5,5,3,0,1,Tuesday,0,0.348373170158778,0.0247102634601329,125,0.7071067811865476,0.7071067811865476,0.4999999999999999,-0.8660254037844387,20734.0,20012.0,20292.0,22716.75,23371.6875,22697.70833333333,0,710,28732,0.0247102634601329,106.0,6250.0,0.3048631774059802,0.0,0.0502414516365055,0,1,0.6477243642266833,0.166270629914456,0,MODERATE,0.2438612191111445,0.6477243642266833,58.16,0.1265753511219264,0.82,1.0017228302091234,1.1444249302905476,Very Low
2026-05-05,8,20086,23647,18330,731,6606,0,22126,0,6,1005,992,-835,-372,-450,-70,demanddata_2026.csv,155.0,997.0,-814.0,-514.0,1111.0,2026-05-05 03:30:00,2026,5,5,3,30,1,Tuesday,0,0.3378406499090686,0.0254411304075453,125,0.7071067811865476,0.7071067811865476,0.4999999999999999,-0.8660254037844387,20500.0,19665.0,19749.0,22133.25,23380.45833333333,22698.71130952381,0,731,28732,0.0254411304075453,94.0,6204.0,0.3088564743366356,0.0,0.0553094040921989,0,1,0.6455417389412237,0.1573273999827183,0,MODERATE,0.2364884549363479,0.6455417389412237,52.02,0.0045405541649264,0.82,1.0015277928269586,1.143932783129567,Very Low
2026-05-05,9,19989,24347,18246,727,6606,0,22126,0,9,1005,992,-951,-372,-372,-230,demanddata_2026.csv,13.0,997.0,-1410.0,-514.0,1348.0,2026-05-05 04:00:00,2026,5,5,4,0,1,Tuesday,0,0.310302944000085,0.0253019176556572,125,0.8660254037844386,0.5000000000000001,0.4999999999999999,-0.8660254037844387,20086.0,19325.0,19511.0,21617.58333333333,23394.291666666668,22700.133928571428,0,727,28732,0.0253019176556572,-842.0,6856.0,0.3429714857428714,0.0,0.0674337168584292,0,1,0.6518840781227218,0.1552320055301131,0,MODERATE,0.2172120608000595,0.6518840781227218,58.33,0.096094985620492,0.82,1.0136851229819048,1.145362879373271,Very Low
2026-05-05,10,19492,23880,17742,723,6606,0,22126,0,9,998,992,-956,-372,-337,-249,demanddata_2026.csv,-1.0,996.0,-1450.0,-514.0,1211.0,2026-05-05 04:30:00,2026,5,5,4,30,1,Tuesday,0,0.3211511099133387,0.0251627049037691,125,0.8660254037844386,0.5000000000000001,0.4999999999999999,-0.8660254037844387,19989.0,19178.0,19446.0,21236.0,23400.83333333333,22700.27083333333,0,723,28732,0.0251627049037691,-893.0,6865.0,0.3521777048171138,0.0,0.0621248653362745,0,1,0.6508412818210902,0.1444958092110947,0,MODERATE,0.224805776939337,0.6508412818210902,58.85,0.3159628512087873,0.82,1.0145140318561057,1.1451277454532405,Very Low
2026-05-05,11,20179,25433,18407,734,6606,0,22126,0,7,836,992,-1049,-372,-382,-980,demanddata_2026.csv,46.0,950.0,-1450.0,-514.0,1169.0,2026-05-05 05:00:00,2026,5,5,5,0,1,Tuesday,0,0.3342413106618644,0.0255455399714613,125,0.9659258262890684,0.2588190451025207,0.4999999999999999,-0.8660254037844387,19492.0,19052.0,19880.0,20989.916666666668,23424.3125,22701.16071428572,0,734,28732,0.0255455399714613,-1923.0,7571.0,0.3751734390485629,0.0,0.0579286422200198,0,1,0.6592867700241618,0.1593363864166594,0,MODERATE,0.233968917463305,0.6592867700241618,61.5,0.0820704741364181,0.82,1.0312547404919277,1.147032068229085,Very Low
2026-05-05,12,20293,25581,18490,744,6606,46,22126,0,12,834,992,-1053,-372,-366,-1021,demanddata_2026.csv,81.0,949.0,-1450.0,-514.0,1001.0,2026-05-05 05:30:00,2026,5,5,5,30,1,Tuesday,0,0.3345646177540166,0.0274945184978944,125,0.9659258262890684,0.2588190451025207,0.4999999999999999,-0.8660254037844387,20179.0,19017.0,20385.0,20813.83333333333,23450.89583333333,22700.886904761905,0,790,28732,0.0274945184978944,-1920.0,7632.0,0.3760717453434513,0.0,0.0493249236227456,0,1,0.658767592797145,0.1617990149485872,0,MODERATE,0.2341952324278116,0.658767592797145,56.43,0.4086482445560717,0.82,1.0312059811463865,1.146915002051934,Very Low
2026-05-05,13,22455,27635,20570,683,6606,469,22126,0,12,927,992,-1046,-379,-258,-1021,demanddata_2026.csv,453.0,992.0,-1450.0,-514.0,1015.0,2026-05-05 06:00:00,2026,5,5,6,0,1,Tuesday,0,0.3689726656857408,0.040093272543765,125,1.0,6.123233995736766e-17,0.4999999999999999,-0.8660254037844387,20293.0,19753.0,22598.0,20839.25,23507.1875,22700.46130952381,0,1152,28732,0.040093272543765,-1304.0,8032.0,0.3576772354827218,0.0,0.0451995012468827,0,0,0.6598777735841795,0.2085025490365506,0,MODERATE,0.2582808659800186,0.6598777735841795,80.11,0.1605291719132498,1.08,1.021194062195254,1.1471653300977758,Moderate
2026-05-05,14,23884,29163,21838,621,6606,1175,22126,0,10,931,990,-1045,-397,-371,-1008,demanddata_2026.csv,529.0,995.0,-1434.0,-514.0,1039.0,2026-05-05 06:30:00,2026,5,5,6,30,1,Tuesday,0,0.3631580480858513,0.0625065255977447,125,1.0,6.123233995736766e-17,0.4999999999999999,-0.8660254037844387,22455.0,20363.0,24668.0,21012.666666666668,23580.541666666668,22698.12797619048,0,1796,28732,0.0625065255977447,-1324.0,8214.0,0.3438978438350429,0.0,0.0435001046682018,0,0,0.6524295355727219,0.2393718137043117,0,MODERATE,0.2542106336600959,0.6524295355727219,76.77,0.151803491456616,1.08,1.0215191244988622,1.1454858713211982,Moderate
2026-05-05,15,25231,29037,22913,630,6606,1989,22126,0,13,939,952,-686,-452,-508,-281,demanddata_2026.csv,903.0,973.0,-852.0,-514.0,536.0,2026-05-05 07:00:00,2026,5,5,7,0,1,Tuesday,0,0.5951086107336488,0.0911495492987157,125,0.9659258262890684,-0.2588190451025206,0.4999999999999999,-0.8660254037844387,23884.0,21430.0,27285.0,21294.416666666668,23659.729166666668,22692.01488095238,0,2619,28732,0.0911495492987157,474.0,7060.0,0.2798034242232086,0.0,0.0212428662016487,0,0,0.632147112993666,0.2684697139894582,1,MODERATE,0.7165760275135542,0.632147112993666,73.53,0.1227732357546685,1.08,1.0077039765955145,1.1409125087946177,Low
2026-05-05,16,26231,29894,23754,639,6606,2852,22126,0,13,940,947,-622,-453,-531,-240,demanddata_2026.csv,951.0,972.0,-790.0,-514.0,772.0,2026-05-05 07:30:00,2026,5,5,7,30,1,Tuesday,0,0.5450356297779376,0.1214979292103156,125,0.9659258262890684,-0.2588190451025206,0.4999999999999999,-0.8660254037844387,25231.0,21800.0,28686.0,21683.5,23752.041666666668,22684.70833333333,0,3491,28732,0.1214979292103156,660.0,6960.0,0.2653247941445563,0.0,0.029429704178103,0,0,0.6196853895840773,0.2900717186554912,1,MODERATE,0.6815249408445563,0.6196853895840773,74.36,0.0863059065871219,1.08,1.0107270560190704,1.138102589090209,Moderate
2026-05-05,17,26939,28950,24413,673,6606,4169,22126,0,13,981,891,259,-453,-531,50,demanddata_2026.csv,972.0,973.0,22.0,-514.0,482.0,2026-05-05 08:00:00,2026,5,5,8,0,1,Tuesday,0,0.5883091501258637,0.1685170361605123,125,0.8660254037844387,-0.4999999999999998,0.4999999999999999,-0.8660254037844387,26231.0,23278.0,28988.0,22167.75,23828.3125,22678.61011904762,0,4842,28732,0.1685170361605123,2650.0,5646.0,0.209576837416481,0.0,0.0178916109873793,0,0,0.588804446534166,0.3053659379590426,1,MODERATE,0.7118164050881046,0.588804446534166,79.99,0.1336878287808862,1.08,1.0430707552280851,1.1311394293799004,Moderate
2026-05-05,18,26255,28266,23810,706,6606,5427,22126,0,13,982,889,285,-453,-531,61,demanddata_2026.csv,945.0,973.0,88.0,-514.0,286.0,2026-05-05 08:30:00,2026,5,5,8,30,1,Tuesday,0,0.5610987349274187,0.2134479518323878,125,0.8660254037844387,-0.4999999999999998,0.4999999999999999,-0.8660254037844387,26939.0,23340.0,28974.0,22627.83333333333,23889.041666666668,22670.51785714286,0,6133,28732,0.2134479518323878,2725.0,5721.0,0.2178930530164533,0.0,0.0108927483241925,0,0,0.5600693909091576,0.290590166767476,1,MODERATE,0.692769114449193,0.5600693909091576,86.65,0.1939568939401512,1.08,1.044289738866616,1.1246601330294572,High
2026-05-05,19,25392,27400,22966,721,6606,6142,22126,0,11,1003,915,409,-452,-531,112,demanddata_2026.csv,573.0,958.0,526.0,-514.0,226.0,2026-05-05 09:00:00,2026,5,5,9,0,1,Tuesday,0,0.553616566281852,0.2388542790519611,125,0.7071067811865476,-0.7071067811865475,0.4999999999999999,-0.8660254037844387,26255.0,24457.0,29431.0,23035.5,23908.52083333333,22658.497023809523,0,6863,28732,0.2388542790519611,2999.0,5993.0,0.2360099239948017,0.0,0.008900090576143,0,0,0.5409684428444258,0.2719476367406895,1,MODERATE,0.6875315963972963,0.5409684428444258,75.81,0.2334867437664688,1.08,1.0487430924260484,1.120353174146172,Moderate
2026-05-05,20,24413,26420,21948,736,6606,7105,22126,0,10,1003,918,416,-452,-531,114,demanddata_2026.csv,534.0,956.0,561.0,-514.0,197.0,2026-05-05 09:30:00,2026,5,5,9,30,1,Tuesday,0,0.5360355848586131,0.272891796888595,125,0.7071067811865476,-0.7071067811865475,0.4999999999999999,-0.8660254037844387,25392.0,24187.0,29207.0,23396.08333333333,23913.229166666668,22644.229166666668,0,7841,28732,0.272891796888595,3005.0,5999.0,0.2457196690423527,0.0,0.008069140657,0,0,0.5124920885504791,0.2507992741726432,1,MODERATE,0.6752249094010292,0.5124920885504791,74.14,0.254937324135811,1.08,1.048840611117131,1.113932210816276,Moderate
2026-05-05,21,23829,25835,21281,752,6606,7885,22126,0,9,989,936,825,-452,-531,287,demanddata_2026.csv,629.0,921.0,730.0,-514.0,97.0,2026-05-05 10:00:00,2026,5,5,10,0,1,Tuesday,0,0.3264897493044859,0.3005951345143215,125,0.4999999999999999,-0.8660254037844387,0.4999999999999999,-0.8660254037844387,24413.0,24253.0,28893.0,23716.08333333333,23904.39583333333,22629.15773809524,0,8637,28732,0.3005951345143215,3820.0,6814.0,0.2859420898027696,0.0,0.0040704993705413,0,0,0.4969348463272716,0.2381837034476799,0,MODERATE,0.2285428245131401,0.4969348463272716,66.13,0.0959790665923247,0.95,1.0620868999891646,1.1104243010326575,Low
2026-05-05,22,23259,25265,20687,767,6606,8458,22126,0,9,984,937,843,-452,-531,293,demanddata_2026.csv,661.0,919.0,745.0,-514.0,341.0,2026-05-05 10:30:00,2026,5,5,10,30,1,Tuesday,0,0.2777255024485204,0.3210594090418682,125,0.4999999999999999,-0.8660254037844387,0.4999999999999999,-0.8660254037844387,23829.0,24145.0,28423.0,24030.0,23885.9375,22613.78869047619,0,9225,28732,0.3210594090418682,3885.0,6879.0,0.295743766122098,0.0,0.0146603611349957,0,0,0.4789209288679736,0.2258705607880411,0,LOW,0.1944078517139643,0.4789209288679736,59.39,0.310645094548408,0.95,1.063143352475891,1.106362450198806,Very Low
2026-05-05,23,23207,25213,20616,793,6606,9164,22126,0,9,841,928,462,-452,-531,116,demanddata_2026.csv,908.0,952.0,728.0,-514.0,281.0,2026-05-05 11:00:00,2026,5,5,11,0,1,Tuesday,0,0.3019015709208862,0.3465353426373855,125,0.258819045102521,-0.9659258262890682,0.4999999999999999,-0.8660254037844387,23259.0,24002.0,27513.0,24282.33333333333,23869.375,22600.97321428572,0,9957,28732,0.3465353426373855,3438.0,6432.0,0.2771458117890382,0.0,0.0121078938297138,0,0,0.458722620400382,0.2247472565454074,0,MODERATE,0.2113310996446203,0.458722620400382,64.08,0.1728973415493029,0.95,1.0558782099902482,1.1018080540616606,Low
2026-05-05,24,23010,25016,20529,818,6606,9528,22126,0,9,840,927,445,-452,-531,110,demanddata_2026.csv,946.0,954.0,726.0,-514.0,513.0,2026-05-05 11:30:00,2026,5,5,11,30,1,Tuesday,0,0.2922346524659433,0.3600737827585006,125,0.258819045102521,-0.9659258262890682,0.4999999999999999,-0.8660254037844387,23207.0,23534.0,26753.0,24508.75,23858.45833333333,22589.83333333333,0,10346,28732,0.3600737827585006,3451.0,6445.0,0.2800834383555691,0.0,0.0222936856286124,0,0,0.4480210962547697,0.2204916616261989,0,LOW,0.2045642567261603,0.4480210962547697,59.62,0.1042127752362584,0.95,1.0560895004875934,1.0993950311935057,Very Low
2026-05-05,25,23250,25256,20789,880,6606,9309,22126,0,9,922,902,506,-452,-531,274,demanddata_2026.csv,1045.0,968.0,700.0,-514.0,507.0,2026-05-05 12:00:00,2026,5,5,12,0,1,Tuesday,0,0.2929146501741995,0.3546096822468938,125,1.2246467991473532e-16,-1.0,0.4999999999999999,-0.8660254037844387,23010.0,23233.0,26117.0,24575.0,23858.8125,22581.30059523809,0,10189,28732,0.3546096822468938,3820.0,6814.0,0.2930626639714421,0.0,0.0218055137413444,0,0,0.4575319702082622,0.2256761427460468,0,LOW,0.2050402551219396,0.4575319702082622,65.41,0.1162234342391639,0.95,1.0620868999891646,1.101539581449492,Low
2026-05-05,26,23283,25301,20785,941,6606,8800,22126,0,9,928,903,511,-452,-531,282,demanddata_2026.csv,1032.0,969.0,699.0,-526.0,580.0,2026-05-05 12:30:00,2026,5,5,12,30,1,Tuesday,0,0.2879141921968101,0.3390178540354296,125,1.2246467991473532e-16,-1.0,0.4999999999999999,-0.8660254037844387,23250.0,23376.0,25203.0,24524.916666666668,23856.875,22575.58630952381,0,9741,28732,0.3390178540354296,3815.0,6833.0,0.2934633224531867,0.0,0.0249098093111149,0,0,0.4677105051736724,0.2263890089000259,0,LOW,0.201539934537767,0.4677105051736724,65.52,0.2180000660531457,0.95,1.0620056344132625,1.103834678605902,Low
2026-05-05,27,23527,25798,21090,972,6606,8402,22126,0,274,999,986,962,-452,-531,687,demanddata_2026.csv,712.0,995.0,760.0,-514.0,522.0,2026-05-05 13:00:00,2026,5,5,13,0,1,Tuesday,0,0.2696334285042104,0.3262450840496989,125,-0.2588190451025208,-0.9659258262890684,0.4999999999999999,-0.8660254037844387,23283.0,22844.0,24373.0,24382.916666666668,23871.104166666668,22573.06845238096,0,9374,28732,0.3262450840496989,4604.0,7598.0,0.3229343760625637,0.0,0.0221863311798707,0,0,0.4848119021363564,0.2316598980385379,0,LOW,0.1887433999529473,0.4848119021363564,71.57,0.064155450957732,0.95,1.0748293422906057,1.1076907706341828,Low
2026-05-05,28,23584,25869,21204,1003,6606,7626,22126,0,288,1002,992,981,-452,-531,704,demanddata_2026.csv,646.0,997.0,757.0,-514.0,641.0,2026-05-05 13:30:00,2026,5,5,13,30,1,Tuesday,0,0.3137005566945552,0.3003167090105453,125,-0.2588190451025208,-0.9659258262890684,0.4999999999999999,-0.8660254037844387,23527.0,22563.0,23516.0,24162.33333333333,23892.375,22573.27083333333,0,8629,28732,0.3003167090105453,4582.0,7576.0,0.3212211151155395,0.0,0.0271782912868348,0,0,0.5010339939363134,0.2328912123045018,0,MODERATE,0.2195903896861886,0.5010339939363134,59.74,0.206522139211228,0.95,1.0744717737566367,1.1113485933844731,Very Low
2026-05-05,29,23386,25673,21016,1037,6606,6806,22126,0,291,1003,992,645,-452,-530,810,demanddata_2026.csv,313.0,997.0,466.0,-514.0,611.0,2026-05-05 14:00:00,2026,5,5,14,0,1,Tuesday,0,0.3159484143075211,0.272961403264539,125,-0.4999999999999997,-0.8660254037844388,0.4999999999999999,-0.8660254037844387,23584.0,22516.0,22673.0,23866.25,23910.5,22575.39285714286,0,7843,28732,0.272961403264539,3730.0,6722.0,0.2874246376191901,0.0,0.0261256253474152,0,0,0.5085249976515076,0.2286140153806273,0,MODERATE,0.2211638900152647,0.5085249976515076,68.75,0.3206975014513342,0.95,1.0606241196229278,1.1130376951445815,Low
2026-05-05,30,23403,25690,21070,1071,6606,6402,22126,0,291,1003,992,631,-452,-530,814,demanddata_2026.csv,258.0,997.0,440.0,-514.0,730.0,2026-05-05 14:30:00,2026,5,5,14,30,1,Tuesday,0,0.2973937202745545,0.2600842237148922,125,-0.4999999999999997,-0.8660254037844388,0.4999999999999999,-0.8660254037844387,23386.0,22251.0,21517.0,23628.58333333333,23934.5,22581.00595238096,0,7473,28732,0.2600842237148922,3639.0,6631.0,0.2833276363014869,0.0,0.0311912493590839,0,0,0.5158183263164673,0.2289812494599498,0,LOW,0.2081756041921881,0.5158183263164673,69.55,0.0019933196701021,0.95,1.0591450861415104,1.1146822243363166,Low
2026-05-05,31,23805,25995,21555,1144,6606,5836,22126,0,193,1002,991,592,-452,-531,990,demanddata_2026.csv,72.0,996.0,241.0,-514.0,915.0,2026-05-05 15:00:00,2026,5,5,15,0,1,Tuesday,0,0.3203185460870101,0.2429262520446873,125,-0.7071067811865471,-0.7071067811865479,0.4999999999999999,-0.8660254037844387,23403.0,22341.0,20994.0,23496.33333333333,23965.0,22589.372023809523,0,6980,28732,0.2429262520446873,3387.0,6381.0,0.2680416701671847,0.0,0.0384356884818953,0,0,0.5278523795029177,0.2376652553356951,0,MODERATE,0.2242229822609071,0.5278523795029177,61.54,0.1813744680069068,0.95,1.0550493011160471,1.1173957112322372,Very Low
2026-05-05,32,24477,26603,22161,1217,6606,5334,22126,0,129,1002,992,590,-452,-531,994,demanddata_2026.csv,79.0,997.0,189.0,-514.0,883.0,2026-05-05 15:30:00,2026,5,5,15,30,1,Tuesday,0,0.3276944716615751,0.2279956844046914,125,-0.7071067811865471,-0.7071067811865479,0.4999999999999999,-0.8660254037844387,23805.0,23118.0,21246.0,23501.666666666668,23993.3125,22598.98809523809,0,6551,28732,0.2279956844046914,3346.0,6340.0,0.2590080888961516,0.0,0.0360732085954734,0,0,0.54224472160794,0.2521818024712693,0,MODERATE,0.2293861301631025,0.54224472160794,67.92,0.3075540323498844,0.95,1.0543829233936504,1.1206409546343152,Low
2026-05-05,33,24368,27175,22004,1267,6606,4707,22126,0,17,1003,992,386,-452,-530,588,demanddata_2026.csv,452.0,996.0,-794.0,-514.0,861.0,2026-05-05 16:00:00,2026,5,5,16,0,1,Tuesday,0,0.3405924288191214,0.2079142449448369,125,-0.8660254037844385,-0.5000000000000004,0.4999999999999999,-0.8660254037844387,24477.0,23760.0,21922.0,23546.58333333333,24005.979166666668,22606.26785714286,0,5974,28732,0.2079142449448369,2127.0,6707.0,0.2752267224752759,0.0,0.0353317739751323,1,0,0.5561753867285388,0.2498271839626717,0,MODERATE,0.2384147001733849,0.5561753867285388,94.88,0.2718892397758886,1.3,1.0345703759887313,1.12378209724608,High
2026-05-05,34,26301,29184,23832,1316,6606,4141,22126,0,13,1003,991,373,-452,-530,567,demanddata_2026.csv,528.0,994.0,-874.0,-514.0,960.0,2026-05-05 16:30:00,2026,5,5,16,30,1,Tuesday,0,0.3854277553207226,0.1899209967633035,125,-0.8660254037844385,-0.5000000000000004,0.4999999999999999,-0.8660254037844387,24368.0,24946.0,23187.0,23800.08333333333,24034.20833333333,22615.53571428572,0,5457,28732,0.1899209967633035,2086.0,6826.0,0.2595239905710592,0.0,0.0364991255417838,1,0,0.5816840906115786,0.2915838589821135,0,MODERATE,0.2697994287245058,0.5816840906115786,94.98,0.0240316204412964,1.3,1.0339039982663345,1.1295339027804348,High
2026-05-05,35,27017,30056,24467,1339,6606,3381,22126,0,14,977,974,105,-452,-530,98,demanddata_2026.csv,901.0,923.0,-1029.0,-514.0,1103.0,2026-05-05 17:00:00,2026,5,5,17,0,1,Tuesday,0,0.5688497234140378,0.164271047227926,125,-0.9659258262890684,-0.2588190451025206,0.4999999999999999,-0.8660254037844387,26301.0,26311.0,24715.0,24117.58333333333,24048.916666666668,22622.386904761905,0,4720,28732,0.164271047227926,1453.0,6503.0,0.2406913909245688,0.0,0.040824635428233,1,0,0.5979405182079427,0.3070508943229931,1,MODERATE,0.6981948063898265,0.5979405182079427,87.95,0.2256632947625513,1.3,1.0236157763571352,1.133199467704718,High
2026-05-05,36,27999,31060,25463,1362,6606,2516,22126,0,15,976,973,103,-452,-530,73,demanddata_2026.csv,977.0,919.0,-1050.0,-514.0,1010.0,2026-05-05 17:30:00,2026,5,5,17,30,1,Tuesday,0,0.6038476169466966,0.1349667629554867,125,-0.9659258262890684,-0.2588190451025206,0.4999999999999999,-0.8660254037844387,27017.0,26891.0,25842.0,24533.33333333333,24072.0,22628.80654761905,0,3878,28732,0.1349667629554867,1475.0,6567.0,0.2345357142857143,0.0,0.0360714285714285,1,0,0.619793666479723,0.3282640629050375,1,HIGH,0.7226933318626876,0.619793666479723,91.66,0.0391798944059181,1.3,1.023973344891104,1.1381270038017708,High
2026-05-05,37,28903,33191,26434,1421,6606,1894,22126,0,5,725,990,-427,-452,-530,-437,demanddata_2026.csv,1351.0,947.0,-1423.0,-514.0,1117.0,2026-05-05 18:00:00,2026,5,5,18,0,1,Tuesday,0,0.6186736966215705,0.1153725681272404,125,-1.0,-1.8369701987210287e-16,0.4999999999999999,-0.8660254037844387,27999.0,27174.0,26604.0,25004.416666666668,24108.02083333333,22635.64880952381,0,3315,28732,0.1153725681272404,230.0,7796.0,0.2697204539164129,0.0,0.0386451702186548,1,0,0.643324753343399,0.3477922751231314,1,HIGH,0.7330715876350993,0.643324753343399,94.67,0.0953752497695003,1.3,1.0037382164914943,1.1434328882666362,High
2026-05-05,38,29204,33561,26706,1480,6606,1201,22126,0,10,705,992,-488,-451,-521,-460,demanddata_2026.csv,1387.0,950.0,-1448.0,-479.0,865.0,2026-05-05 18:30:00,2026,5,5,18,30,1,Tuesday,0,0.6207239908186948,0.0933073469529808,125,-1.0,-1.8369701987210287e-16,0.4999999999999999,-0.8660254037844387,28903.0,27495.0,27743.0,25497.83333333333,24143.625,22639.997023809523,0,2681,28732,0.0933073469529808,187.0,7881.0,0.2698510529019003,0.0,0.029618216058894,1,0,0.6563242247801012,0.3542944785276073,1,HIGH,0.7345067935730862,0.6563242247801012,91.94,0.2243821009347648,1.3,1.0030393325387366,1.1463640615671749,High
2026-05-05,39,29394,34297,26948,1451,6606,619,22126,0,10,980,992,-887,-451,-529,-565,demanddata_2026.csv,1266.0,994.0,-1448.0,-513.0,972.0,2026-05-05 19:00:00,2026,5,5,19,0,1,Tuesday,0,0.6111032783110822,0.0720425991020777,125,-0.9659258262890684,0.2588190451025203,0.4999999999999999,-0.8660254037844387,29204.0,28032.0,29177.0,25986.75,24172.0,22640.64285714286,0,2070,28732,0.0720425991020777,-161.0,8625.0,0.2934172478312638,0.0,0.0330668481034189,1,0,0.6726916010259054,0.3583988594141536,1,HIGH,0.7277722948177575,0.6726916010259054,96.52,0.285008157925239,1.3,1.0026167515440458,1.150054643640852,High
2026-05-05,40,29483,34358,26998,1422,6606,238,22126,0,9,1005,992,-902,-451,-530,-544,demanddata_2026.csv,1261.0,997.0,-1425.0,-514.0,797.0,2026-05-05 19:30:00,2026,5,5,19,30,1,Tuesday,0,0.6505392494442652,0.0577732920335502,125,-0.9659258262890684,0.2588190451025203,0.4999999999999999,-0.8660254037844387,29394.0,28009.0,29386.0,26478.33333333333,24202.70833333333,22640.93154761905,0,1660,28732,0.0577732920335502,-111.0,8621.0,0.292395875729209,0.0,0.0270316103649436,1,0,0.6799983420899669,0.3603214378294305,1,HIGH,0.7553774746109856,0.6799983420899669,94.3,0.3064922701088332,1.3,1.0018040957850254,1.1517021971144843,High
2026-05-05,41,30223,33274,27607,1311,6606,38,22126,0,15,1003,992,-463,-451,-530,349,demanddata_2026.csv,1382.0,997.0,-578.0,-514.0,385.0,2026-05-05 20:00:00,2026,5,5,20,0,1,Tuesday,0,0.4458576356134374,0.0469495005742526,125,-0.8660254037844386,0.5000000000000001,0.4999999999999999,-0.8660254037844387,29483.0,27826.0,29652.0,27048.08333333333,24252.64583333333,22642.63095238096,0,1349,28732,0.0469495005742526,2187.0,7259.0,0.2401733721545791,0.0,0.0127382212811011,1,0,0.6791446003319611,0.376306921282295,0,MODERATE,0.3121003449294062,0.6791446003319611,89.75,0.2363668832571853,1.3,1.0355455628995558,1.1515096919761945,High
2026-05-05,42,30129,33097,27420,1200,6606,0,22126,0,14,1003,992,-442,-451,-530,406,demanddata_2026.csv,1397.0,997.0,-517.0,-514.0,333.0,2026-05-05 20:30:00,2026,5,5,20,30,1,Tuesday,0,0.4426993143040105,0.0417638255664218,125,-0.8660254037844386,0.5000000000000001,0.4999999999999999,-0.8660254037844387,30223.0,27733.0,29931.0,27608.58333333333,24302.5625,22643.22023809524,0,1200,28732,0.0417638255664218,2341.0,7249.0,0.2405907733156322,0.0,0.0110521075340192,1,0,0.6811538855968704,0.3742763328436879,0,MODERATE,0.3098895200128073,0.6811538855968704,101.22,0.5270877007086424,1.3,1.038048542637339,1.1519627537295392,High
2026-05-05,43,29776,32401,27104,1197,6606,0,22126,0,11,1003,992,-299,-451,-531,180,demanddata_2026.csv,1397.0,997.0,-319.0,-514.0,134.0,2026-05-05 21:00:00,2026,5,5,21,0,1,Tuesday,0,0.4379476510238652,0.0416594160025058,125,-0.7071067811865477,0.7071067811865474,0.4999999999999999,-0.8660254037844387,30129.0,28042.0,29661.0,28106.166666666668,24338.6875,22643.5625,0,1197,28732,0.0416594160025058,2455.0,6683.0,0.2244349665849481,0.0,0.0045001175403835,0,0,0.6759450264792396,0.3666508251965782,0,MODERATE,0.3065633557167056,0.6759450264792396,81.53,0.0762908132058912,1.0,1.0399013977679057,1.1507882391466802,Moderate
2026-05-05,44,28617,31218,25884,1194,6606,0,22126,0,5,1003,992,-294,-451,-530,171,demanddata_2026.csv,1367.0,997.0,-307.0,-514.0,-347.0,2026-05-05 21:30:00,2026,5,5,21,30,1,Tuesday,0,0.4054881638978626,0.0415550064385897,125,-0.7071067811865477,0.7071067811865474,0.4999999999999999,-0.8660254037844387,29776.0,27088.0,28285.0,28451.166666666668,24370.541666666668,22644.55059523809,0,1194,28732,0.0415550064385897,2434.0,6626.0,0.2315326018589698,0.0,-0.0121252358655391,0,0,0.6707193155926112,0.341614101788646,0,MODERATE,0.2838417147285038,0.6707193155926112,73.42,0.0487146521897112,1.0,1.039560082349117,1.1496099247589142,Low
2026-05-05,45,27019,30061,24474,1127,6606,0,22126,0,3,1004,992,-565,-451,-530,-89,demanddata_2026.csv,993.0,997.0,-390.0,-514.0,-213.0,2026-05-05 22:00:00,2026,5,5,22,0,1,Tuesday,0,0.4024088763827421,0.0392231928444645,125,-0.5000000000000004,0.8660254037844384,0.4999999999999999,-0.8660254037844387,28617.0,26177.0,27103.0,28672.08333333333,24388.08333333333,22644.30059523809,0,1127,28732,0.0392231928444645,1447.0,6525.0,0.2414877868245744,0.0,-0.0078830495928941,0,0,0.664604202703912,0.3070940983323252,0,MODERATE,0.2816862134679195,0.664604202703912,75.57,0.1833278481528207,1.0,1.0235182576660526,1.14823106441706,Moderate
2026-05-05,46,25360,28392,22994,1060,6606,0,22126,0,3,1004,991,-556,-451,-529,-89,demanddata_2026.csv,918.0,996.0,-390.0,-514.0,-269.0,2026-05-05 22:30:00,2026,5,5,22,30,1,Tuesday,0,0.4075150618007571,0.0368913792503393,125,-0.5000000000000004,0.8660254037844384,0.4999999999999999,-0.8660254037844387,27019.0,24071.0,25554.0,28593.666666666668,24414.9375,22643.72321428572,0,1060,28732,0.0368913792503393,1380.0,6438.0,0.2538543432829935,0.0,-0.0106068372698237,0,0,0.6586123169038915,0.2712563725913764,0,MODERATE,0.2852605432605299,0.6586123169038915,76.81,0.4835681449296025,1.0,1.0224292989489652,1.146879989816649,Moderate
2026-05-05,47,24012,26246,21802,1016,6606,0,22126,0,4,995,982,-106,-451,-516,554,demanddata_2026.csv,545.0,986.0,-143.0,-514.0,-343.0,2026-05-05 23:00:00,2026,5,5,23,0,1,Tuesday,0,0.3686365003330454,0.0353600389795705,125,-0.2588190451025215,0.965925826289068,0.4999999999999999,-0.8660254037844387,25360.0,23132.0,23890.0,28343.25,24433.27083333333,22644.08630952381,0,1016,28732,0.0353600389795705,2332.0,5792.0,0.2412026818806479,0.0,-0.0142839295381668,0,0,0.6489819038445461,0.2421368703015639,0,MODERATE,0.2580455502331317,0.6489819038445461,78.05,0.1112993953118974,1.0,1.0379022646007152,1.144708485400476,Moderate
2026-05-05,48,23168,25285,20983,972,6606,0,22126,0,5,994,981,-104,-451,-421,587,demanddata_2026.csv,497.0,984.0,-122.0,-514.0,-389.0,2026-05-05 23:30:00,2026,5,5,23,30,1,Tuesday,0,0.3579528329395074,0.0338286987088017,125,-0.2588190451025215,0.965925826289068,0.4999999999999999,-0.8660254037844387,24012.0,22406.0,23134.0,27940.666666666668,24449.14583333333,22644.1875,0,972,28732,0.0338286987088017,2431.0,5655.0,0.2440761362164961,0.0,-0.0167896758599853,0,0,0.6454509438166138,0.2239047783634321,0,MODERATE,0.2505669830576552,0.6454509438166138,66.33,0.5020644867877069,1.0,1.0395113230035755,1.1439123102783153,Low
2026-05-06,1,23175,25171,20939,947,6606,0,22126,0,12,978,963,314,-451,-507,692,demanddata_2026.csv,479.0,962.0,25.0,-526.0,-524.0,2026-05-06 00:00:00,2026,5,6,0,0,2,Wednesday,0,0.3687143319038733,0.0329586190095012,126,0.0,1.0,0.4999999999999999,-0.8660254037844387,23168.0,22150.0,22714.0,27463.33333333333,24470.5,22645.559523809523,0,947,28732,0.0329586190095012,2929.0,5897.0,0.2544442526751812,0.0,-0.0226095961339316,0,1,0.6481057891726778,0.2240559923960943,0,MODERATE,0.2581000323327113,0.6481057891726778,55.81,0.2518503192156857,0.82,1.0476053743634195,1.1445109355272451,Very Low
2026-05-06,2,22743,24920,20573,921,6606,0,22126,0,184,977,961,349,-451,-528,696,demanddata_2026.csv,476.0,960.0,40.0,-514.0,-445.0,2026-05-06 00:30:00,2026,5,6,0,30,2,Wednesday,0,0.3762262012993344,0.0320537361222287,126,0.0,1.0,0.4999999999999999,-0.8660254037844387,23175.0,21803.0,22451.0,26924.916666666668,24490.08333333333,22646.42857142857,0,921,28732,0.0320537361222287,2966.0,5952.0,0.2616953921913472,0.0,-0.0195655997186071,0,1,0.6475464949904627,0.2147239263803681,0,MODERATE,0.263358340909534,0.6475464949904627,55.13,0.1015791444032202,0.82,1.048206739625095,1.1443848236170773,Very Low
2026-05-06,3,22545,25105,20306,870,6606,0,22126,0,567,977,961,411,-451,-528,824,demanddata_2026.csv,461.0,960.0,242.0,-514.0,-516.0,2026-05-06 01:00:00,2026,5,6,1,0,2,Wednesday,0,0.3672317817436568,0.0302787735356558,126,0.2588190451025207,0.9659258262890684,0.4999999999999999,-0.8660254037844387,22743.0,21850.0,22142.0,26354.166666666668,24504.5625,22647.62797619048,0,870,28732,0.0302787735356558,3343.0,6329.0,0.2807149827020314,0.0,-0.0228865430675064,0,1,0.6512984790050818,0.2104467294564935,0,MODERATE,0.2570622472205597,0.6512984790050818,59.18,0.3209899651206393,0.82,1.0543341640481092,1.1452308361200665,Very Low
2026-05-06,4,22776,25355,20592,818,6606,0,22126,0,585,977,962,413,-451,-529,829,demanddata_2026.csv,455.0,960.0,257.0,-514.0,-317.0,2026-05-06 01:30:00,2026,5,6,1,30,2,Wednesday,0,0.3762858739906214,0.0284690077611109,126,0.2588190451025207,0.9659258262890684,0.4999999999999999,-0.8660254037844387,22545.0,21562.0,22153.0,25795.25,24529.854166666668,22649.48214285714,0,818,28732,0.0284690077611109,3359.0,6347.0,0.2786582956491197,0.0,-0.0139175484040918,0,1,0.653396987129537,0.2154367925343472,0,MODERATE,0.263400111793435,0.653396987129537,62.49,0.0085196298025158,0.82,1.0545942138909958,1.1457040162039889,Very Low
2026-05-06,5,22359,24940,20215,812,6606,0,22126,0,587,931,961,456,-451,-529,688,demanddata_2026.csv,408.0,960.0,280.0,-514.0,-340.0,2026-05-06 02:00:00,2026,5,6,2,0,2,Wednesday,0,0.3724913769107928,0.0282601886332788,126,0.4999999999999999,0.8660254037844387,0.4999999999999999,-0.8660254037844387,22776.0,21128.0,21790.0,25139.916666666668,24555.5,22651.17559523809,0,812,28732,0.0282601886332788,3190.0,6178.0,0.2762969588550983,0.0,-0.01520572450805,0,1,0.6506071119718366,0.2064287565886114,0,MODERATE,0.2607439638375549,0.6506071119718366,58.79,0.2659041336322911,0.82,1.0518474374255065,1.1450749438902486,Very Low
2026-05-06,6,21767,24547,19681,806,6606,0,22126,0,785,927,962,457,-451,-530,684,demanddata_2026.csv,383.0,961.0,281.0,-514.0,-376.0,2026-05-06 02:30:00,2026,5,6,2,30,2,Wednesday,0,0.3314565809183458,0.0280513695054466,126,0.4999999999999999,0.8660254037844387,0.4999999999999999,-0.8660254037844387,22359.0,20734.0,21358.0,24443.08333333333,24577.02083333333,22652.39285714286,0,806,28732,0.0280513695054466,3160.0,6150.0,0.2825248070562293,0.0,-0.0172730613744946,0,1,0.6484914118523323,0.1936403698263198,0,MODERATE,0.232019606642842,0.6484914118523323,65.53,0.3899389679508329,0.82,1.0513598439700942,1.1445978872858755,Low
2026-05-06,7,21716,24566,19634,794,6606,0,22126,0,854,973,977,357,-451,-531,957,demanddata_2026.csv,134.0,984.0,275.0,-514.0,-536.0,2026-05-06 03:00:00,2026,5,6,3,0,2,Wednesday,0,0.3495311820352483,0.0276337312497824,126,0.7071067811865476,0.7071067811865476,0.4999999999999999,-0.8660254037844387,21767.0,20500.0,20783.0,23771.416666666668,24602.354166666668,22655.16964285714,0,794,28732,0.0276337312497824,3161.0,6153.0,0.2833264263019754,0.0,-0.0246811253856425,0,1,0.6486256394551821,0.1925386675883522,0,MODERATE,0.2446718274246738,0.6486256394551821,64.53,0.0543195395783833,0.82,1.0513760970852746,1.1446281534676648,Low
2026-05-06,8,20805,23658,18700,781,6606,0,22126,0,858,977,978,343,-451,-530,968,demanddata_2026.csv,97.0,985.0,260.0,-514.0,-713.0,2026-05-06 03:30:00,2026,5,6,3,30,2,Wednesday,0,0.3285731435391681,0.0271812898061462,126,0.7071067811865476,0.7071067811865476,0.4999999999999999,-0.8660254037844387,21716.0,20086.0,20377.0,23120.416666666668,24617.33333333333,22656.44345238096,0,781,28732,0.0271812898061462,3113.0,6103.0,0.2933288474478516,0.0,-0.0342689608766701,0,1,0.6455134304204951,0.1728592413375961,0,MODERATE,0.2300012004774177,0.6455134304204951,66.85,0.0299193086010908,0.82,1.0505959475566151,1.143926400010027,Low
2026-05-06,9,20685,23872,18666,802,6606,0,22126,0,762,1000,991,-251,-451,-452,939,demanddata_2026.csv,6.0,996.0,-257.0,-514.0,-373.0,2026-05-06 04:00:00,2026,5,6,4,0,2,Wednesday,0,0.3339801598615656,0.0279121567535586,126,0.8660254037844386,0.5000000000000001,0.4999999999999999,-0.8660254037844387,20805.0,19989.0,20055.0,22592.58333333333,24631.83333333333,22658.31845238096,0,802,28732,0.0279121567535586,2007.0,5857.0,0.2831383544426182,0.0,-0.0180315189016726,0,1,0.6422496866023877,0.1702670007776721,0,MODERATE,0.2337861119030959,0.6422496866023877,56.55,0.466583304107693,0.82,1.032620002167082,1.143190477877653,Very Low
2026-05-06,10,21091,24228,19023,822,6606,0,22126,0,628,1002,992,-296,-451,-432,895,demanddata_2026.csv,-1.0,997.0,-315.0,-514.0,-358.0,2026-05-06 04:30:00,2026,5,6,4,30,2,Wednesday,0,0.3330041663943119,0.0286082205129989,126,0.8660254037844386,0.5000000000000001,0.4999999999999999,-0.8660254037844387,20685.0,19492.0,19949.0,22236.83333333333,24665.14583333333,22661.717261904763,0,822,28732,0.0286082205129989,1877.0,5895.0,0.2794898539730703,0.0,-0.0169732600037929,0,1,0.6434800700103829,0.1790374146720815,0,MODERATE,0.2331029164760183,0.6434800700103829,59.31,0.0846813342227291,0.82,1.0305070971936288,1.1434679096957463,Very Low
2026-05-06,11,20819,25026,18828,797,6606,0,22126,0,19,1004,992,-1034,-451,-349,-198,demanddata_2026.csv,44.0,997.0,-1142.0,-514.0,-246.0,2026-05-06 05:00:00,2026,5,6,5,0,2,Wednesday,0,0.3065177153485521,0.0277381408136985,126,0.9659258262890684,0.2588190451025207,0.4999999999999999,-0.8660254037844387,21091.0,20179.0,20156.0,21970.75,24678.479166666668,22663.69047619048,0,797,28732,0.0277381408136985,-651.0,6725.0,0.3230067243035542,0.0,-0.0118155619596541,0,1,0.6511484512671025,0.1731616694029206,0,MODERATE,0.2145624007439865,0.6511484512671025,53.53,0.0213419521786299,0.82,1.0105807779824467,1.1451970072600202,Very Low
2026-05-06,12,21282,25761,19194,772,6606,46,22126,0,52,1004,992,-1069,-451,-421,-284,demanddata_2026.csv,79.0,997.0,-1188.0,-514.0,-353.0,2026-05-06 05:30:00,2026,5,6,5,30,2,Wednesday,0,0.3232081839133136,0.0284690077611109,126,0.9659258262890684,0.2588190451025207,0.4999999999999999,-0.8660254037844387,20819.0,20293.0,20626.0,21813.58333333333,24699.08333333333,22665.64285714286,0,818,28732,0.0284690077611109,-855.0,6999.0,0.3288540149415026,0.0,-0.0165860076117088,0,1,0.6545913564239446,0.1831633975632938,0,MODERATE,0.2262457287393195,0.6545913564239446,57.06,0.1926595312008084,0.82,1.01389641347925,1.145973327414356,Very Low
2026-05-06,13,23062,26736,20798,780,6606,427,22126,0,80,1004,989,-750,-451,-317,-227,demanddata_2026.csv,452.0,997.0,-835.0,-514.0,-237.0,2026-05-06 06:00:00,2026,5,6,6,0,2,Wednesday,0,0.3584283635891869,0.042007447882226,126,1.0,6.123233995736766e-17,0.4999999999999999,-0.8660254037844387,21282.0,22455.0,22937.0,21804.166666666668,24711.729166666668,22666.01488095238,0,1207,28732,0.042007447882226,348.0,6536.0,0.2833976499154489,0.0,-0.0102761999739843,0,0,0.6475859892510131,0.2216149658688326,0,MODERATE,0.2508998545124308,0.6475859892510131,79.26,0.0753426101904043,1.08,1.0056560840827826,1.1443937289423909,Moderate
2026-05-06,14,24468,27990,22193,788,6606,1135,22126,0,13,1004,989,-673,-451,-397,-185,demanddata_2026.csv,528.0,997.0,-789.0,-514.0,128.0,2026-05-06 06:30:00,2026,5,6,6,30,2,Wednesday,0,0.3515127653766766,0.066926530470191,126,1.0,6.123233995736766e-17,0.4999999999999999,-0.8660254037844387,23062.0,23884.0,24416.0,21947.916666666668,24723.89583333333,22666.16964285714,0,1923,28732,0.066926530470191,509.0,6527.0,0.2667456782050758,0.0,0.0052311087498467,0,0,0.6382659705132825,0.251987384429275,0,MODERATE,0.2460589357636736,0.6382659705132825,69.38,0.2270064361012532,1.08,1.0082728356268285,1.1422922134909683,Low
2026-05-06,15,26912,28910,24316,806,6606,2046,22126,0,13,1002,992,538,-451,-520,875,demanddata_2026.csv,901.0,997.0,90.0,-514.0,-418.0,2026-05-06 07:00:00,2026,5,6,7,0,2,Wednesday,0,0.5714295723417829,0.099258692096196,126,0.9659258262890684,-0.2588190451025206,0.4999999999999999,-0.8660254037844387,24468.0,25231.0,25965.0,22311.83333333333,24758.916666666668,22668.98809523809,0,2852,28732,0.099258692096196,3910.0,6880.0,0.2556385389960242,0.0,-0.015531527514584,0,0,0.6347605454274995,0.3047826838330597,1,MODERATE,0.700000700639248,0.6347605454274995,71.42,0.1616034493260362,1.08,1.0635496803554014,1.1415017960906522,Low
2026-05-06,16,27499,29505,24713,824,6606,3010,22126,0,10,1001,992,632,-451,-531,955,demanddata_2026.csv,977.0,998.0,165.0,-514.0,-636.0,2026-05-06 07:30:00,2026,5,6,7,30,2,Wednesday,0,0.5998939456484409,0.1334354226847179,126,0.9659258262890684,-0.2588190451025206,0.4999999999999999,-0.8660254037844387,26912.0,26231.0,25838.0,22705.416666666668,24785.33333333333,22673.93154761905,0,3834,28732,0.1334354226847179,4224.0,7216.0,0.2624,0.0,-0.0231272727272727,0,0,0.6223691898544125,0.317463060572021,1,MODERATE,0.7199257619539086,0.6223691898544125,84.58,0.1227777803281407,1.08,1.06865315852205,1.1387077432101045,Moderate
2026-05-06,17,27843,29849,24962,816,6606,4078,22126,0,10,1002,992,824,-451,-531,984,demanddata_2026.csv,1349.0,997.0,685.0,-514.0,-928.0,2026-05-06 08:00:00,2026,5,6,8,0,2,Wednesday,0,0.5851503573607311,0.1703268019350572,126,0.8660254037844387,-0.4999999999999998,0.4999999999999999,-0.8660254037844387,27499.0,26939.0,25076.0,23162.416666666668,24804.166666666668,22682.166666666668,0,4894,28732,0.1703268019350572,5337.0,8329.0,0.2991308720011492,0.0,-0.0333285447493176,0,0,0.6132882781025236,0.3248941501771364,1,MODERATE,0.7096052501525116,0.6132882781025236,88.9,0.0110615740864524,1.08,1.086742875717846,1.1366601425671636,High
2026-05-06,18,27375,29383,24546,807,6606,5185,22126,0,12,1002,992,831,-451,-531,985,demanddata_2026.csv,1396.0,998.0,723.0,-514.0,-877.0,2026-05-06 08:30:00,2026,5,6,8,30,2,Wednesday,0,0.5799078968958429,0.2085407023283332,126,0.8660254037844387,-0.4999999999999998,0.4999999999999999,-0.8660254037844387,27843.0,26255.0,24049.0,23629.75,24827.5,22692.06547619048,0,5992,28732,0.2085407023283332,5431.0,8423.0,0.3076782583284629,0.0,-0.0320353594389246,0,0,0.5910655235946511,0.314784411993433,1,MODERATE,0.70593552782709,0.5910655235946511,74.22,0.3196715999544433,1.08,1.0882706685448045,1.1316492661638362,Moderate
2026-05-06,19,26853,28860,24020,799,6606,5936,22126,0,12,1002,992,1048,-451,-531,1010,demanddata_2026.csv,1397.0,997.0,790.0,-513.0,-966.0,2026-05-06 09:00:00,2026,5,6,9,0,2,Wednesday,0,0.5755983970780615,0.2343994709915428,126,0.7071067811865476,-0.7071067811865475,0.4999999999999999,-0.8660254037844387,27375.0,25392.0,22826.0,24057.83333333333,24857.9375,22704.05059523809,0,6735,28732,0.2343994709915428,5741.0,8731.0,0.3251284724808222,0.0,-0.0359722946302226,0,0,0.5759442526831787,0.3035081655577638,1,MODERATE,0.702918877954643,0.5759442526831787,82.16,0.4131677036236464,1.08,1.0933091342507313,1.1282396609516752,Moderate
2026-05-06,20,25652,27660,22864,791,6606,6777,22126,0,12,1002,991,1057,-451,-531,1011,demanddata_2026.csv,1397.0,998.0,793.0,-514.0,-1371.0,2026-05-06 09:30:00,2026,5,6,9,30,2,Wednesday,0,0.553799770779446,0.263390526572234,126,0.7071067811865476,-0.7071067811865475,0.4999999999999999,-0.8660254037844387,26853.0,24413.0,21131.0,24461.75,24883.75,22717.50595238096,0,7568,28732,0.263390526572234,5753.0,8745.0,0.3408958016606245,0.0,-0.0534440416325575,0,0,0.5508940577965198,0.2775641579538581,1,MODERATE,0.6876598395456122,0.5508940577965198,77.16,0.1302847825483697,1.08,1.0935041716328964,1.1225912418769002,Moderate
2026-05-06,21,24873,26835,22224,779,6606,7700,22126,0,11,1002,982,838,-451,-486,904,demanddata_2026.csv,1397.0,992.0,740.0,-514.0,-1212.0,2026-05-06 10:00:00,2026,5,6,10,0,2,Wednesday,0,0.300351034656203,0.2950962308147426,126,0.4999999999999999,-0.8660254037844387,0.4999999999999999,-0.8660254037844387,25652.0,23829.0,19548.0,24810.75,24905.5,22733.354166666668,0,8479,28732,0.2950962308147426,5404.0,8306.0,0.3339229717777599,0.0,-0.0487255769076143,0,0,0.5226130109995613,0.2607361963190184,0,MODERATE,0.2102457242593421,0.5226130109995613,68.28,0.0733980215878371,0.95,1.0878318344349334,1.1162143172699133,Low
2026-05-06,22,24359,26286,21748,767,6606,8680,22126,0,12,1002,982,829,-451,-450,900,demanddata_2026.csv,1397.0,991.0,736.0,-514.0,-1303.0,2026-05-06 10:30:00,2026,5,6,10,30,2,Wednesday,0,0.3151494303168911,0.3287857167716563,126,0.4999999999999999,-0.8660254037844387,0.4999999999999999,-0.8660254037844387,24873.0,23259.0,18479.0,25083.08333333333,24928.416666666668,22750.854166666668,0,9447,28732,0.3287857167716563,5422.0,8252.0,0.338752052545156,0.0,-0.0534893267651888,0,0,0.4975045852308331,0.2496327659206774,0,MODERATE,0.2206046012218237,0.4975045852308331,65.96,0.07828270043109,0.95,1.0881243905081808,1.1105527680607616,Low
2026-05-06,23,23842,25848,21298,722,6606,9489,22126,0,13,1002,991,1030,-451,-528,1012,demanddata_2026.csv,1397.0,998.0,762.0,-514.0,-1194.0,2026-05-06 11:00:00,2026,5,6,11,0,2,Wednesday,0,0.2770625544305918,0.3553753523822782,126,0.258819045102521,-0.9659258262890682,0.4999999999999999,-0.8660254037844387,24359.0,23207.0,17474.0,25335.0,24941.64583333333,22769.80654761905,0,10211,28732,0.3553753523822782,5699.0,8685.0,0.364257853458038,0.0,-0.0500775909071845,0,0,0.4797552098700628,0.2384645295083383,0,LOW,0.1939437881014142,0.4797552098700628,65.73,0.083530130272092,0.95,1.092626503413154,1.1065505672472855,Low
2026-05-06,24,23651,25660,21145,677,6606,10003,22126,0,14,1002,991,1037,-451,-530,1016,demanddata_2026.csv,1397.0,997.0,764.0,-514.0,-1085.0,2026-05-06 11:30:00,2026,5,6,11,30,2,Wednesday,0,0.2617883171406343,0.3716980475411547,126,0.258819045102521,-0.9659258262890682,0.4999999999999999,-0.8660254037844387,23842.0,23010.0,16783.0,25532.416666666668,24955.0,22790.247023809523,0,10680,28732,0.3716980475411547,5709.0,8699.0,0.3677913072890242,0.0,-0.0458734990698461,0,0,0.4678485062534497,0.234338546617126,0,LOW,0.183251821998444,0.4678485062534497,67.17,0.0061114621709664,0.95,1.0927890345649582,1.103865795646503,Low
2026-05-06,25,23524,25533,21046,702,6606,10001,22126,0,14,1002,973,1020,-451,-530,988,demanddata_2026.csv,1397.0,997.0,780.0,-514.0,-1097.0,2026-05-06 12:00:00,2026,5,6,12,0,2,Wednesday,0,0.267263505559274,0.3724985208645112,126,1.2246467991473532e-16,-1.0,0.4999999999999999,-0.8660254037844387,23651.0,23250.0,16919.0,25570.916666666668,24960.70833333333,22809.904761904763,0,10703,28732,0.3724985208645112,5662.0,8652.0,0.367778958554729,0.0,-0.0466312433581296,0,0,0.465493638981771,0.2315950920245398,0,LOW,0.1870844538914918,0.465493638981771,60.31,0.132559547522627,0.95,1.092025138151479,1.1033348106671008,Very Low
2026-05-06,26,23380,25390,20889,726,6606,9702,22126,0,15,1002,973,1019,-451,-530,986,demanddata_2026.csv,1397.0,998.0,794.0,-514.0,-1097.0,2026-05-06 12:30:00,2026,5,6,12,30,2,Wednesday,0,0.2477420043355971,0.3629276441722062,126,1.2246467991473532e-16,-1.0,0.4999999999999999,-0.8660254037844387,23524.0,23283.0,16561.0,25480.25,24962.729166666668,22830.199404761905,0,10428,28732,0.3629276441722062,5674.0,8664.0,0.3705572901073521,0.0,-0.0469184380479876,0,0,0.4697981116303975,0.2284844033526311,0,LOW,0.173419403034918,0.4697981116303975,68.85,0.0007289404052576,0.95,1.092220175533644,1.1043054005377728,Low
2026-05-06,27,23329,25487,20808,682,6606,9681,22126,0,175,1002,990,1013,-451,-519,1015,demanddata_2026.csv,1397.0,997.0,1248.0,-513.0,-1264.0,2026-05-06 13:00:00,2026,5,6,13,0,2,Wednesday,0,0.2891574263179632,0.360665436954025,126,-0.2588190451025208,-0.9659258262890684,0.4999999999999999,-0.8660254037844387,23380.0,23527.0,15894.0,25181.666666666668,24958.604166666668,22852.32738095238,0,10363,28732,0.360665436954025,6179.0,9145.0,0.3919845692241749,0.0,-0.054179168452636,0,0,0.474730235447393,0.2273827011146634,0,LOW,0.2024101984225742,0.474730235447393,67.13,0.0367578010826075,0.95,1.1004279986997507,1.105417515727819,Low
2026-05-06,28,23605,25665,21163,637,6606,9289,22126,0,96,1002,991,1013,-451,-529,1016,demanddata_2026.csv,1397.0,998.0,1279.0,-484.0,-1096.0,2026-05-06 13:30:00,2026,5,6,13,30,2,Wednesday,0,0.3019338857368556,0.345456443810253,126,-0.2588190451025208,-0.9659258262890684,0.4999999999999999,-0.8660254037844387,23329.0,23584.0,15647.0,24857.166666666668,24959.041666666668,22876.011904761905,0,9926,28732,0.345456443810253,6232.0,9160.0,0.3880369397610776,0.0,-0.0464288740150809,0,0,0.4871946748102086,0.2333448544024885,0,MODERATE,0.2113537200157989,0.4871946748102086,66.72,0.0095913450697176,0.95,1.1012894138043126,1.1082280478363258,Low
2026-05-06,29,23807,25820,21330,644,6606,8271,22126,0,20,1002,992,1013,-451,-529,926,demanddata_2026.csv,1397.0,998.0,1209.0,-513.0,-1158.0,2026-05-06 14:00:00,2026,5,6,14,0,2,Wednesday,0,0.2986351300575938,0.3102704207705425,126,-0.4999999999999997,-0.8660254037844388,0.4999999999999999,-0.8660254037844387,23605.0,23386.0,15714.0,24520.83333333333,24967.8125,22900.09821428572,0,8915,28732,0.3102704207705425,6044.0,9030.0,0.3792842741935484,0.0,-0.0486391129032258,0,0,0.5094857678039086,0.2377084593450272,0,LOW,0.2090445910403156,0.5094857678039086,65.59,0.0225398273242298,0.95,1.0982338281503954,1.113254333477331,Low
2026-05-06,30,24007,26022,21515,651,6606,7729,22126,0,19,1003,992,1011,-452,-530,923,demanddata_2026.csv,1394.0,997.0,1202.0,-514.0,-1135.0,2026-05-06 14:30:00,2026,5,6,14,30,2,Wednesday,0,0.327621639176566,0.2916507152055128,126,-0.4999999999999997,-0.8660254037844388,0.4999999999999999,-0.8660254037844387,23807.0,23403.0,16366.0,24240.166666666668,24980.39583333333,22922.839285714286,0,8380,28732,0.2916507152055128,6026.0,9018.0,0.375624791736088,0.0,-0.0472759080306564,0,0,0.5224709927023559,0.2420288602782338,0,MODERATE,0.2293351474235961,0.5224709927023559,70.24,0.0267488908752425,0.95,1.0979412720771482,1.1161822944109083,Low
2026-05-06,31,24946,26960,22510,652,6606,6983,22126,0,20,1003,992,983,-451,-529,875,demanddata_2026.csv,1357.0,998.0,1135.0,-514.0,-1117.0,2026-05-06 15:00:00,2026,5,6,15,0,2,Wednesday,0,0.3286627507085932,0.2657223401663592,126,-0.7071067811865471,-0.7071067811865479,0.4999999999999999,-0.8660254037844387,24007.0,23805.0,16507.0,24081.25,25004.166666666668,22947.95535714286,0,7635,28732,0.2657223401663592,5849.0,8837.0,0.35423096965567,0.0,-0.0447749228364132,0,0,0.5444597949032755,0.2623131426596388,0,MODERATE,0.2300639254960152,0.5444597949032755,71.86,0.0856756460255559,0.95,1.0950644706902155,1.1211404183035605,Low
2026-05-06,32,25633,27646,23213,652,6606,6177,22126,0,19,1002,992,981,-451,-529,873,demanddata_2026.csv,1339.0,998.0,1115.0,-514.0,-698.0,2026-05-06 15:30:00,2026,5,6,15,30,2,Wednesday,0,0.3295915136646633,0.2376709706609125,126,-0.7071067811865471,-0.7071067811865479,0.4999999999999999,-0.8660254037844387,24946.0,24477.0,17831.0,24079.666666666668,25028.25,22971.17559523809,0,6829,28732,0.2376709706609125,5806.0,8794.0,0.3430599984395724,0.0,-0.027229460872279,0,0,0.5655355607540704,0.2771537198652035,0,MODERATE,0.2307140595652643,0.5655355607540704,72.19,0.0368128258159793,0.95,1.094365586737458,1.1258926670739091,Low
2026-05-06,33,26647,28652,24193,662,6606,5389,22126,0,17,1003,992,926,-451,-523,806,demanddata_2026.csv,1177.0,997.0,565.0,-514.0,-418.0,2026-05-06 16:00:00,2026,5,6,16,0,2,Wednesday,0,0.3249992704676127,0.2105940904186823,126,-0.8660254037844385,-0.5000000000000004,0.4999999999999999,-0.8660254037844387,25633.0,24368.0,18857.0,24227.5,25075.729166666668,22994.36011904762,0,6051,28732,0.2105940904186823,4978.0,7954.0,0.29848393875713,0.0,-0.0156859801861302,1,0,0.5814341776755574,0.2990581525965609,0,MODERATE,0.2274994893273288,0.5814341776755574,103.48,0.3327957988947719,1.3,1.0809080073680788,1.1294775514026814,High
2026-05-06,34,27853,29861,25241,672,6606,4512,22126,0,15,1003,992,926,-451,-528,803,demanddata_2026.csv,1165.0,997.0,530.0,-514.0,78.0,2026-05-06 16:30:00,2026,5,6,16,30,2,Wednesday,0,0.4051325234310428,0.1804197264469425,126,-0.8660254037844385,-0.5000000000000004,0.4999999999999999,-0.8660254037844387,26647.0,26301.0,20607.0,24518.666666666668,25108.0625,23015.92559523809,0,5184,28732,0.1804197264469425,4923.0,7909.0,0.2839448553170101,0.0,0.0028003159330796,1,0,0.6051276752257164,0.3251101702237968,0,MODERATE,0.2835927664017299,0.6051276752257164,100.96,0.216105414623433,1.3,1.0800140860331564,1.1348200568848137,High
2026-05-06,35,28979,30988,26262,678,6606,3819,22126,0,15,1003,992,739,-451,-529,649,demanddata_2026.csv,1263.0,998.0,664.0,-514.0,109.0,2026-05-06 17:00:00,2026,5,6,17,0,2,Wednesday,0,0.5798168939022057,0.156509936310166,126,-0.9659258262890684,-0.2588190451025206,0.4999999999999999,-0.8660254037844387,27853.0,27017.0,22074.0,24946.75,25148.9375,23036.47619047619,0,4497,28732,0.156509936310166,4814.0,7802.0,0.2692201518288474,0.0,0.0037612146307798,1,0,0.6233675182737136,0.3494340274777499,1,MODERATE,0.705871825731544,0.6233675182737136,100.36,0.0885331135629683,1.3,1.0782424964784918,1.1389328503325036,High
2026-05-06,36,29885,31894,27157,684,6606,2951,22126,0,15,1003,990,728,-452,-528,643,demanddata_2026.csv,1284.0,996.0,656.0,-514.0,253.0,2026-05-06 17:30:00,2026,5,6,17,30,2,Wednesday,0,0.6223234871023307,0.1265095882782863,126,-0.9659258262890684,-0.2588190451025206,0.4999999999999999,-0.8660254037844387,28979.0,27999.0,23524.0,25466.25,25188.229166666668,23055.40773809524,0,3635,28732,0.1265095882782863,4806.0,7794.0,0.260791005822124,0.0,0.0084655022418523,1,0,0.6430545486910999,0.3690054437051758,1,HIGH,0.7356264409716314,0.6430545486910999,103.81,0.1229421062611732,1.3,1.0781124715570485,1.1433719614307756,High
2026-05-06,37,29907,31938,27194,710,6606,1969,22126,0,11,962,913,219,-451,-527,490,demanddata_2026.csv,1384.0,935.0,-29.0,-513.0,527.0,2026-05-06 18:00:00,2026,5,6,18,0,2,Wednesday,0,0.6327857325665652,0.0932377405770368,126,-1.0,-1.8369701987210287e-16,0.4999999999999999,-0.8660254037844387,29885.0,28903.0,25019.0,25998.166666666668,25209.14583333333,23069.95535714286,0,2679,28732,0.0932377405770368,3383.0,6423.0,0.2147585930185903,0.0,0.0176207034907048,1,0,0.6499868291097437,0.3694806878078285,1,HIGH,0.7429500127965956,0.6499868291097437,101.64,0.022056244981228,1.3,1.0549842886553256,1.1449350800063205,High
2026-05-06,38,30709,32751,28003,736,6606,1389,22126,0,5,931,911,195,-451,-496,486,demanddata_2026.csv,1384.0,934.0,-76.0,-514.0,511.0,2026-05-06 18:30:00,2026,5,6,18,30,2,Wednesday,0,0.6204905648547465,0.0739567744405387,126,-1.0,-1.8369701987210287e-16,0.4999999999999999,-0.8660254037844387,29907.0,29204.0,26470.0,26608.916666666668,25240.5,23082.571428571428,0,2125,28732,0.0739567744405387,3304.0,6378.0,0.2076847932269619,0.0,0.0166395310973624,1,0,0.6628329077012576,0.386805495549987,1,HIGH,0.7343433953983225,0.6628329077012576,103.24,0.0758052752256444,1.3,1.0537002925560732,1.147831665668854,High
2026-05-06,39,31215,33239,28542,747,6606,933,22126,0,6,996,987,507,-451,-494,813,demanddata_2026.csv,1221.0,994.0,-59.0,-514.0,669.0,2026-05-06 19:00:00,2026,5,6,19,0,2,Wednesday,0,0.654163641083539,0.0584693557929906,126,-0.9659258262890684,0.2588190451025203,0.4999999999999999,-0.8660254037844387,30709.0,29394.0,26897.0,27266.08333333333,25278.4375,23095.42261904762,0,1680,28732,0.0584693557929906,4000.0,7036.0,0.2253972321886212,0.0,0.0214313172731932,1,0,0.6766326708361906,0.3977361099109997,1,HIGH,0.7579145487584773,0.6766326708361906,105.51,0.030457383156425,1.3,1.0650124607216382,1.150943291972418,High
2026-05-06,40,31031,33083,28364,757,6606,382,22126,0,4,1002,987,521,-451,-528,826,demanddata_2026.csv,1197.0,996.0,-42.0,-527.0,764.0,2026-05-06 19:30:00,2026,5,6,19,30,2,Wednesday,0,0.6737116813867152,0.0396408311001287,126,-0.9659258262890684,0.2588190451025203,0.4999999999999999,-0.8660254037844387,31215.0,29483.0,27488.0,27884.916666666668,25310.6875,23105.967261904763,0,1139,28732,0.0396408311001287,3981.0,7077.0,0.2280549110595514,0.0,0.0246197473575663,1,0,0.684787386814479,0.3937613410524496,1,HIGH,0.7715981769707005,0.684787386814479,108.35,0.2682070567529597,1.3,1.0647036515332104,1.152782050253124,High
2026-05-06,41,30785,32785,28145,780,6606,68,22126,0,8,1003,812,658,-451,-527,686,demanddata_2026.csv,1136.0,962.0,519.0,-514.0,650.0,2026-05-06 20:00:00,2026,5,6,20,0,2,Wednesday,0,0.4544899482384431,0.0295131034002714,126,-0.8660254037844386,0.5000000000000001,0.4999999999999999,-0.8660254037844387,31031.0,30223.0,28210.0,28466.416666666668,25322.39583333333,23113.63095238096,0,848,28732,0.0295131034002714,4284.0,7268.0,0.2360813356720587,0.0,0.0211134931462353,1,0,0.6897233859769926,0.3884472479046055,0,MODERATE,0.3181429637669101,0.6897233859769926,113.27,0.0131689563504039,1.3,1.0696283454328743,1.1538950392717229,High
2026-05-06,42,30158,32159,27546,802,6606,0,22126,0,8,1003,805,663,-451,-528,681,demanddata_2026.csv,1136.0,960.0,562.0,-514.0,635.0,2026-05-06 20:30:00,2026,5,6,20,30,2,Wednesday,0,0.4326779259679454,0.0279121567535586,126,-0.8660254037844386,0.5000000000000001,0.4999999999999999,-0.8660254037844387,30785.0,30129.0,28281.0,28979.0,25323.0,23119.217261904763,0,802,28732,0.0279121567535586,4317.0,7303.0,0.2421499386584436,0.0,0.0210550747703836,1,0,0.6882304471962603,0.3749027909790028,0,MODERATE,0.3028745481775618,0.6882304471962603,98.08,0.083352850723155,1.3,1.0701646982338282,1.1535584054082055,High
2026-05-06,43,30735,32736,28163,838,6606,0,22126,0,9,1002,980,799,-451,-527,894,demanddata_2026.csv,1214.0,995.0,699.0,-514.0,927.0,2026-05-06 21:00:00,2026,5,6,21,0,2,Wednesday,0,0.4649087158017329,0.0291650715205512,126,-0.7071067811865477,0.7071067811865474,0.4999999999999999,-0.8660254037844387,30158.0,29776.0,28136.0,29461.416666666668,25342.979166666668,23126.95238095238,0,838,28732,0.0291650715205512,5091.0,8075.0,0.2627212389380531,0.0,0.030160072878709,0,0,0.6949378135344342,0.3873671476713039,0,MODERATE,0.325436101061213,0.6949378135344342,72.62,0.093528754113499,1.0,1.0827446093834652,1.155070809448871,Low
2026-05-06,44,29174,31180,26695,874,6606,0,22126,0,14,1002,990,804,-451,-527,898,demanddata_2026.csv,1197.0,990.0,710.0,-514.0,863.0,2026-05-06 21:30:00,2026,5,6,21,30,2,Wednesday,0,0.4403767661969342,0.0304179862875439,126,-0.7071067811865477,0.7071067811865474,0.4999999999999999,-0.8660254037844387,30735.0,28617.0,27058.0,29756.5,25354.58333333333,23133.25,0,874,28732,0.0304179862875439,5099.0,8083.0,0.2770522707797772,0.0,0.029580119965724,0,0,0.6885332709480945,0.3536464183876264,0,MODERATE,0.3082637363378539,0.6885332709480945,82.7,0.0740281353269655,1.0,1.0828746343049085,1.153626687330318,Moderate
2026-05-06,45,27740,29746,25454,900,6606,0,22126,0,13,1003,929,700,-451,-528,429,demanddata_2026.csv,848.0,744.0,756.0,-514.0,1223.0,2026-05-06 22:00:00,2026,5,6,22,0,2,Wednesday,0,0.4293966365062034,0.0313228691748164,126,-0.5000000000000004,0.8660254037844384,0.4999999999999999,-0.8660254037844387,29174.0,27019.0,25590.0,29847.58333333333,25369.604166666668,23139.64880952381,0,900,28732,0.0313228691748164,3916.0,6902.0,0.2488014130709059,0.0,0.0440863703543491,0,0,0.6743605191998994,0.322669143696535,0,MODERATE,0.3005776455543424,0.6743605191998994,74.36,0.271778559455004,1.0,1.063647199046484,1.1504309580484195,Moderate
2026-05-06,46,26520,28525,24470,926,6606,0,22126,0,12,1002,921,641,-451,-528,401,demanddata_2026.csv,776.0,729.0,737.0,-514.0,1451.0,2026-05-06 22:30:00,2026,5,6,22,30,2,Wednesday,0,0.4015339483297189,0.0322277520620888,126,-0.5000000000000004,0.8660254037844384,0.4999999999999999,-0.8660254037844387,27740.0,25360.0,24110.0,29736.5,25393.77083333333,23146.821428571428,0,926,28732,0.0322277520620888,3714.0,6700.0,0.2526299913276271,0.0,0.0547113608084159,0,0,0.6676965359311519,0.2963146980039747,0,MODERATE,0.2810737638308032,0.6676965359311519,84.94,0.3207813686446712,1.0,1.0603640697800412,1.1489283361973928,Moderate
2026-05-06,47,25182,27651,23283,937,6606,0,22126,0,11,851,795,-169,-451,-528,-177,demanddata_2026.csv,402.0,779.0,-119.0,-514.0,1829.0,2026-05-06 23:00:00,2026,5,6,23,0,2,Wednesday,0,0.3891774547606665,0.032610587129781,126,-0.2588190451025215,0.965925826289068,0.4999999999999999,-0.8660254037844387,26520.0,24012.0,23066.0,29420.08333333333,25418.14583333333,23153.11904761905,0,937,28732,0.032610587129781,869.0,4785.0,0.1900091331453758,0.0,0.0726283604018584,0,0,0.6472340699462902,0.2674112157608226,0,MODERATE,0.2724242183324665,0.6472340699462902,73.4,0.0401178889629139,1.0,1.014123957091776,1.1443143767568065,Low
2026-05-06,48,23942,26513,22164,947,6606,0,22126,0,12,837,791,-184,-451,-527,-205,demanddata_2026.csv,332.0,785.0,-178.0,-514.0,1778.0,2026-05-06 23:30:00,2026,5,6,23,30,2,Wednesday,0,0.3766711842948971,0.0329586190095012,126,-0.2588190451025215,0.965925826289068,0.4999999999999999,-0.8660254037844387,25182.0,23168.0,22191.0,28924.83333333333,25434.27083333333,23158.33035714286,0,947,28732,0.0329586190095012,686.0,4804.0,0.2006431942530175,0.0,0.074259700121121,0,0,0.6418937249273735,0.2406247299749416,0,MODERATE,0.263669829006428,0.6418937249273735,71.84,0.2486610614300163,1.0,1.011149637013761,1.1431102142020952,Low
2026-05-07,1,23641,26542,21796,1013,6606,0,22126,0,10,961,979,-447,-451,-527,-247,demanddata_2026.csv,33.0,892.0,-205.0,-514.0,1674.0,2026-05-07 00:00:00,2026,5,7,0,0,3,Thursday,0,0.3467533030217195,0.0352556294156544,127,0.0,1.0,0.4999999999999999,-0.8660254037844387,23942.0,23175.0,21810.0,28402.666666666668,25443.979166666668,23163.779761904763,0,1013,28732,0.0352556294156544,474.0,5256.0,0.2223162169021233,0.0,0.0708061923695118,0,1,0.6430527048268295,0.2341225265704657,0,MODERATE,0.2427273121152036,0.6430527048268295,59.59,0.1133392707575787,0.82,1.0077039765955145,1.1433715456688158,Very Low
2026-05-07,2,22956,26113,21016,1079,6606,0,22126,0,237,972,989,-458,-451,-527,-249,demanddata_2026.csv,-7.0,901.0,-214.0,-514.0,1490.0,2026-05-07 00:30:00,2026,5,7,0,30,3,Thursday,0,0.3772078275137744,0.0375526398218076,127,0.0,1.0,0.4999999999999999,-0.8660254037844387,23641.0,22743.0,21628.0,27756.58333333333,25448.416666666668,23167.73214285714,0,1079,28732,0.0375526398218076,442.0,5282.0,0.2300823278302914,0.0,0.06490395086466,0,1,0.6390518143351555,0.2193251533742331,0,MODERATE,0.2640454792596421,0.6390518143351555,55.76,0.187596368879581,0.82,1.007183876909741,1.1424694087285043,Very Low
2026-05-07,3,22861,26715,20976,1089,6606,0,22126,0,295,964,891,-717,-451,-527,-376,demanddata_2026.csv,-41.0,964.0,-433.0,-514.0,1831.0,2026-05-07 01:00:00,2026,5,7,1,0,3,Thursday,0,0.3651026524463828,0.0379006717015278,127,0.2588190451025207,0.9659258262890684,0.4999999999999999,-0.8660254037844387,22956.0,22545.0,21290.0,27060.416666666668,25455.0,23172.40773809524,0,1089,28732,0.0379006717015278,-240.0,5878.0,0.257107864578777,0.0,0.0800892310384043,0,1,0.6436582989914224,0.21727296293096,0,MODERATE,0.2555718567124679,0.6436582989914224,58.86,0.0433960711215611,0.82,1.0039007476432984,1.1435080974859309,Very Low
2026-05-07,4,23018,26926,21201,1099,6606,0,22126,0,295,963,886,-727,-451,-527,-380,demanddata_2026.csv,-67.0,969.0,-447.0,-514.0,1900.0,2026-05-07 01:30:00,2026,5,7,1,30,3,Thursday,0,0.3662728211874617,0.038248703581248,127,0.2588190451025207,0.9659258262890684,0.4999999999999999,-0.8660254037844387,22861.0,22776.0,21187.0,26392.666666666668,25460.041666666668,23177.85714285714,0,1099,28732,0.038248703581248,-295.0,5931.0,0.2576567183630913,0.0,0.0825405100134671,0,1,0.6445103075897073,0.2206644776635271,0,MODERATE,0.2563909748312231,0.6445103075897073,57.74,0.1759600056795185,0.82,1.0047946689782208,1.1437002118243702,Very Low
2026-05-07,5,22710,26824,20982,1112,6606,0,22126,0,168,1000,985,-762,-451,-527,-452,demanddata_2026.csv,-342.0,995.0,-398.0,-514.0,1965.0,2026-05-07 02:00:00,2026,5,7,2,0,3,Thursday,0,0.3585053134103413,0.0387011450248842,127,0.4999999999999999,0.8660254037844387,0.4999999999999999,-0.8660254037844387,23018.0,22359.0,20704.0,25719.75,25467.354166666668,23183.82738095238,0,1112,28732,0.0387011450248842,-466.0,6426.0,0.2829465897582669,0.0,0.0865219497159966,0,1,0.647394779836317,0.214011060226389,0,MODERATE,0.2509537193872389,0.647394779836317,57.43,0.1503131188784854,0.82,1.007573951674071,1.1443506142716218,Very Low
2026-05-07,6,22089,26321,20409,1124,6606,0,22126,0,223,1004,992,-764,-451,-527,-454,demanddata_2026.csv,-393.0,996.0,-406.0,-514.0,2029.0,2026-05-07 02:30:00,2026,5,7,2,30,3,Thursday,0,0.3598739908351609,0.0391187832805485,127,0.4999999999999999,0.8660254037844387,0.4999999999999999,-0.8660254037844387,22710.0,21767.0,20712.0,25047.33333333333,25474.0625,23187.92559523809,0,1124,28732,0.0391187832805485,-517.0,6501.0,0.2942960615663196,0.0,0.0918515165233137,0,1,0.6455523291532365,0.2005962153287825,0,MODERATE,0.2519117935846126,0.6455523291532365,55.0,0.2612119680546824,0.82,1.0084028605482718,1.143935171053326,Very Low
2026-05-07,7,21904,26483,20258,1121,6606,0,22126,0,25,1004,992,-761,-451,-527,-377,demanddata_2026.csv,-607.0,996.0,-817.0,-514.0,1954.0,2026-05-07 03:00:00,2026,5,7,3,0,3,Thursday,0,0.3348879098861571,0.0390143737166324,127,0.7071067811865476,0.7071067811865476,0.4999999999999999,-0.8660254037844387,22089.0,21716.0,19859.0,24311.416666666668,25477.979166666668,23194.011904761905,0,1121,28732,0.0390143737166324,-1062.0,7046.0,0.3216617210682492,0.0,0.0892033782241497,0,1,0.6499399220337078,0.1965998444655664,0,MODERATE,0.2344215369203099,0.6499399220337078,61.95,0.1919177369934391,0.82,1.017260808321595,1.1449245032094444,Very Low
2026-05-07,8,21336,25985,19701,1117,6606,0,22126,0,11,1004,992,-761,-451,-528,-375,demanddata_2026.csv,-656.0,997.0,-853.0,-514.0,1934.0,2026-05-07 03:30:00,2026,5,7,3,30,3,Thursday,0,0.3281647267943252,0.0388751609647443,127,0.7071067811865476,0.7071067811865476,0.4999999999999999,-0.8660254037844387,21904.0,20805.0,19805.0,23658.25,25489.041666666668,23198.56845238096,0,1117,28732,0.0388751609647443,-1145.0,7131.0,0.3342081829685522,0.0,0.0906406711346487,0,1,0.6489783472367812,0.1843299058152596,0,MODERATE,0.2297153087560276,0.6489783472367812,58.76,0.1484151632316233,0.82,1.018609816881569,1.1447076834421988,Very Low
2026-05-07,9,21073,26731,19532,1130,6606,0,22126,0,56,1004,992,-883,-451,-527,-664,demanddata_2026.csv,-931.0,981.0,-1132.0,-514.0,2224.0,2026-05-07 04:00:00,2026,5,7,4,0,3,Thursday,0,0.3179495604458854,0.0393276024083806,127,0.8660254037844386,0.5000000000000001,0.4999999999999999,-0.8660254037844387,21336.0,20685.0,19840.0,23102.666666666668,25497.125,23202.23809523809,0,1130,28732,0.0393276024083806,-2125.0,8079.0,0.3833633861630445,0.0,0.1055328841226155,0,1,0.6568391732131293,0.1786485785880929,0,MODERATE,0.2225646923121198,0.6568391732131293,58.62,0.3086558158430814,0.82,1.0345378697583705,1.1464801742187851,Very Low
2026-05-07,10,21083,26905,19626,1143,6606,0,22126,0,169,1004,992,-887,-451,-514,-675,demanddata_2026.csv,-954.0,980.0,-1158.0,-514.0,2438.0,2026-05-07 04:30:00,2026,5,7,4,30,3,Thursday,0,0.319628789675742,0.0397800438520168,127,0.8660254037844386,0.5000000000000001,0.4999999999999999,-0.8660254037844387,21073.0,21091.0,19586.0,22649.58333333333,25496.95833333333,23206.69345238096,0,1143,28732,0.0397800438520168,-2177.0,8129.0,0.385553025991273,0.0,0.1156327072661734,0,1,0.6570322913288603,0.1788645986347533,0,MODERATE,0.2237401527730193,0.6570322913288603,58.43,0.2575923124354788,0.82,1.0353830317477517,1.1465237192711697,Very Low
2026-05-07,11,20896,27169,19439,1139,6606,0,22126,0,316,1004,992,-1012,-451,-463,-805,demanddata_2026.csv,-813.0,996.0,-1399.0,-514.0,2518.0,2026-05-07 05:00:00,2026,5,7,5,0,3,Thursday,0,0.3565609563221197,0.0396408311001287,127,0.9659258262890684,0.2588190451025207,0.4999999999999999,-0.8660254037844387,21083.0,20819.0,19561.0,22292.416666666668,25498.5625,23210.666666666668,0,1139,28732,0.0396408311001287,-2465.0,8449.0,0.4043164090539312,0.0,0.1204957649423362,0,1,0.6596888116765038,0.1748250237622051,0,MODERATE,0.2495926694254838,0.6596888116765038,56.89,0.3685860230422179,0.82,1.0400639289197096,1.147122722203963,Very Low
2026-05-07,12,21117,27326,19621,1134,6606,65,22126,0,320,1004,992,-1017,-451,-429,-809,demanddata_2026.csv,-765.0,996.0,-1404.0,-514.0,2663.0,2026-05-07 05:30:00,2026,5,7,5,30,3,Thursday,0,0.3537491973674806,0.0417290223784498,127,0.9659258262890684,0.2588190451025207,0.4999999999999999,-0.8660254037844387,20896.0,21282.0,20261.0,22057.0,25495.125,23213.214285714286,0,1199,28732,0.0417290223784498,-2397.0,8381.0,0.3968652334501373,0.0,0.1261009565299744,0,1,0.6581850906660958,0.1795990667933984,0,MODERATE,0.2476244381572364,0.6581850906660958,56.96,0.5189297374866697,0.82,1.0389587170874417,1.1467836571197687,Very Low
2026-05-07,13,22759,27860,21153,1110,6606,390,22126,0,311,1004,992,-893,-451,-521,-537,demanddata_2026.csv,-382.0,996.0,-992.0,-514.0,2513.0,2026-05-07 06:00:00,2026,5,7,6,0,3,Thursday,0,0.3697667169807992,0.0522047819580273,127,1.0,6.123233995736766e-17,0.4999999999999999,-0.8660254037844387,21117.0,23062.0,22314.0,21983.5,25488.8125,23214.53869047619,0,1500,28732,0.0522047819580273,-1298.0,7282.0,0.3199472759226713,0.0,0.1104130052724077,0,0,0.6465726453135858,0.2150695584550246,0,MODERATE,0.2588367018865594,0.6465726453135858,79.54,0.2623001771196253,1.08,1.0210965435041717,1.1441652360603447,Moderate
2026-05-07,14,24413,29254,22673,1085,6606,894,22126,0,311,1004,992,-791,-451,-530,-495,demanddata_2026.csv,-305.0,996.0,-944.0,-514.0,2353.0,2026-05-07 06:30:00,2026,5,7,6,30,3,Thursday,0,0.3720294474631151,0.068875508996624,127,1.0,6.123233995736766e-17,0.4999999999999999,-0.8660254037844387,22759.0,24468.0,22879.0,22104.916666666668,25487.666666666668,23219.104166666668,0,1979,28732,0.068875508996624,-1038.0,7022.0,0.2876218563119521,0.0,0.0963791267305644,0,0,0.6409265933428113,0.2507992741726432,0,MODERATE,0.2604206132241806,0.6409265933428113,81.63,0.2564020482735875,1.08,1.016870733557265,1.1428921414679398,Moderate
2026-05-07,15,26658,29204,24629,1082,6606,1728,22126,0,313,1002,992,94,-451,-529,475,demanddata_2026.csv,74.0,996.0,-236.0,-517.0,2010.0,2026-05-07 07:00:00,2026,5,7,7,0,3,Thursday,0,0.5981912646738242,0.0977969582013712,127,0.9659258262890684,-0.2588190451025206,0.4999999999999999,-0.8660254037844387,24413.0,26912.0,24927.0,22421.33333333333,25482.375,23224.25595238096,0,2810,28732,0.0977969582013712,1900.0,5366.0,0.2012828688247871,0.0,0.0753966765445065,0,0,0.6228828780270401,0.2992957746478873,1,MODERATE,0.7187338852716769,0.6228828780270401,84.03,0.0706553570843693,1.08,1.030880918842778,1.138823571693112,Moderate
2026-05-07,16,27410,29891,25229,1079,6606,2825,22126,0,310,1001,992,103,-451,-529,543,demanddata_2026.csv,151.0,997.0,-177.0,-514.0,1860.0,2026-05-07 07:30:00,2026,5,7,7,30,3,Thursday,0,0.6028920306610174,0.1358716458427592,127,0.9659258262890684,-0.2588190451025206,0.4999999999999999,-0.8660254037844387,26658.0,27499.0,25170.0,22787.33333333333,25480.52083333333,23230.92261904762,0,3904,28732,0.1358716458427592,2116.0,5458.0,0.1991171427529094,0.0,0.0678559702309292,0,0,0.6077576150471192,0.3155404821567441,1,HIGH,0.7220244214627121,0.6077576150471192,75.54,0.4814615690402447,1.08,1.0343915917217468,1.1354130663332402,Moderate
2026-05-07,17,27726,30035,25409,1070,6606,3838,22126,0,314,1001,992,433,-451,-530,355,demanddata_2026.csv,523.0,997.0,238.0,-514.0,1618.0,2026-05-07 08:00:00,2026,5,7,8,0,3,Thursday,0,0.5745449947238075,0.1708140465666655,127,0.8660254037844387,-0.4999999999999998,0.4999999999999999,-0.8660254037844387,27410.0,27843.0,25115.0,23205.33333333333,25478.08333333333,23238.69345238096,0,4908,28732,0.1708140465666655,3044.0,6034.0,0.2176218126735672,0.0,0.0583546723410394,0,0,0.5957692169747107,0.3223667156312105,1,MODERATE,0.7021814963066653,0.5957692169747107,71.25,0.1733049973346729,1.08,1.0494744826091666,1.1327098739367512,Low
2026-05-07,18,27429,29737,25084,1060,6606,4746,22126,0,313,1002,992,471,-451,-530,354,demanddata_2026.csv,569.0,997.0,257.0,-514.0,1654.0,2026-05-07 08:30:00,2026,5,7,8,30,3,Thursday,0,0.5941013429373334,0.2020673093655378,127,0.8660254037844387,-0.4999999999999998,0.4999999999999999,-0.8660254037844387,27726.0,27375.0,23829.0,23650.33333333333,25479.20833333333,23249.40773809524,0,5806,28732,0.2020673093655378,3147.0,6137.0,0.2237331388990156,0.0,0.0602989427633977,0,0,0.5781565250133238,0.3159509202453988,1,MODERATE,0.7158709400561334,0.5781565250133238,81.8,0.1995110262158837,1.08,1.051148553472749,1.1287384930479814,Moderate
2026-05-07,19,27013,29526,24630,1124,6606,5540,22126,0,317,1001,992,785,-451,-530,893,demanddata_2026.csv,571.0,996.0,-201.0,-514.0,1537.0,2026-05-07 09:00:00,2026,5,7,9,0,3,Thursday,0,0.5479441908127117,0.2319284446455295,127,0.7071067811865476,-0.7071067811865475,0.4999999999999999,-0.8660254037844387,27429.0,26853.0,22742.0,24076.08333333333,25482.541666666668,23262.11904761905,0,6664,28732,0.2319284446455295,3542.0,6934.0,0.256681720589324,0.0,0.0568964240764048,0,0,0.5651240012787017,0.306964486304329,1,MODERATE,0.6835609335688981,0.5651240012787017,80.59,0.1770451000498634,1.08,1.0575685339690106,1.12579986698187,Moderate
2026-05-07,20,25979,28511,23626,1188,6606,6417,22126,0,320,1000,992,799,-451,-530,918,demanddata_2026.csv,555.0,997.0,-217.0,-514.0,1582.0,2026-05-07 09:30:00,2026,5,7,9,30,3,Thursday,0,0.5333749659796951,0.2646782445271987,127,0.7071067811865476,-0.7071067811865475,0.4999999999999999,-0.8660254037844387,27013.0,25652.0,21248.0,24463.0,25489.354166666668,23276.199404761905,0,7605,28732,0.2646782445271987,3549.0,6973.0,0.2683987682832948,0.0,0.0608929946112394,0,0,0.5391991895234882,0.2846280134796509,1,MODERATE,0.6733624761857866,0.5391991895234882,68.62,0.1832586385114893,1.08,1.0576823057752736,1.1199542357646022,Low
2026-05-07,21,25379,27620,23117,1265,6606,7560,22126,0,319,1000,992,926,-451,-457,918,demanddata_2026.csv,354.0,996.0,354.0,-514.0,1508.0,2026-05-07 10:00:00,2026,5,7,10,0,3,Thursday,0,0.3274125272358247,0.3071381338530609,127,0.4999999999999999,-0.8660254037844387,0.4999999999999999,-0.8660254037844387,25979.0,24873.0,19720.0,24821.83333333333,25499.89583333333,23293.041666666668,0,8825,28732,0.3071381338530609,4118.0,6962.0,0.2743104806934594,0.0,0.0594168636721828,0,0,0.5098408591734057,0.2716668106800311,0,MODERATE,0.2291887690650772,0.5098408591734057,61.22,0.2189065617147995,0.95,1.0669303283129266,1.1133344009128872,Very Low
2026-05-07,22,24735,27105,22465,1341,6606,8075,22126,0,591,1001,992,928,-451,-314,918,demanddata_2026.csv,307.0,997.0,412.0,-514.0,1310.0,2026-05-07 10:30:00,2026,5,7,10,30,3,Thursday,0,0.3273950807143742,0.3277068179445237,127,0.4999999999999999,-0.8660254037844387,0.4999999999999999,-0.8660254037844387,25379.0,24359.0,18908.0,25126.166666666668,25507.729166666668,23310.383928571428,0,9416,28732,0.3277068179445237,4276.0,6834.0,0.276277490297542,0.0,0.0529592496765847,0,0,0.490492488727531,0.2577551196751058,0,MODERATE,0.2291765565000619,0.490492488727531,66.56,0.2567323738954748,0.95,1.0694983205114317,1.1089716522322173,Low
2026-05-07,23,24636,27529,22249,1358,6606,8445,22126,0,1076,1000,992,1027,-451,-352,1013,demanddata_2026.csv,30.0,996.0,1073.0,-514.0,1230.0,2026-05-07 11:00:00,2026,5,7,11,0,3,Thursday,0,0.3191394010839169,0.3411756516896947,127,0.258819045102521,-0.9659258262890682,0.4999999999999999,-0.8660254037844387,24735.0,23842.0,18025.0,25437.83333333333,25524.27083333333,23330.059523809523,0,9803,28732,0.3411756516896947,4814.0,7448.0,0.3023095344400698,0.0,0.0499249096886796,0,0,0.486577473398929,0.2556165212131686,0,MODERATE,0.2233975807587418,0.486577473398929,66.24,0.1100995874135838,0.95,1.0782424964784918,1.108088878770367,Low
2026-05-07,24,24720,27624,22389,1374,6606,8433,22126,0,1174,1000,992,1031,-422,-301,1016,demanddata_2026.csv,7.0,996.0,1115.0,-507.0,1351.0,2026-05-07 11:30:00,2026,5,7,11,30,3,Thursday,0,0.3016795764045143,0.3413148644415828,127,0.258819045102521,-0.9659258262890682,0.4999999999999999,-0.8660254037844387,24636.0,23651.0,17178.0,25738.08333333333,25546.541666666668,23352.50595238096,0,9807,28732,0.3413148644415828,4927.0,7387.0,0.2988147728651754,0.0,0.0546498928036891,0,0,0.4869000550543689,0.2574310896051153,0,MODERATE,0.21117570348316,0.4869000550543689,70.42,0.0123319380478626,0.95,1.080079098493878,1.1081616157843508,Low
2026-05-07,25,24787,27818,22571,1452,6606,8035,22126,0,1166,1000,992,1054,-451,-407,1016,demanddata_2026.csv,143.0,997.0,1003.0,-507.0,1597.0,2026-05-07 12:00:00,2026,5,7,12,0,3,Thursday,0,0.3126882642733385,0.330177844290537,127,1.2246467991473532e-16,-1.0,0.4999999999999999,-0.8660254037844387,24720.0,23524.0,17115.0,25907.08333333333,25572.854166666668,23375.339285714286,0,9487,28732,0.330177844290537,4840.0,7570.0,0.3053897046958205,0.0,0.0644263353235436,0,0,0.4955460362626938,0.2588784239177396,0,MODERATE,0.2188817849913369,0.4955460362626938,62.44,0.4618627600137911,0.95,1.0786650774731823,1.1101111465324434,Very Low
2026-05-07,26,24717,27675,22485,1530,6606,7786,22126,0,1159,1000,992,1054,-451,-342,1016,demanddata_2026.csv,149.0,996.0,988.0,-506.0,1651.0,2026-05-07 12:30:00,2026,5,7,12,30,3,Thursday,0,0.311076720211658,0.3242264991473219,127,1.2246467991473532e-16,-1.0,0.4999999999999999,-0.8660254037844387,24787.0,23380.0,16678.0,25932.416666666668,25600.70833333333,23399.26488095238,0,9316,28732,0.3242264991473219,4896.0,7494.0,0.3031798689214338,0.0,0.0667934298891496,0,0,0.4976658041547152,0.2573662835911172,0,MODERATE,0.2177537041481606,0.4976658041547152,63.59,0.0653429493506574,0.95,1.0795752519232853,1.1105891203545857,Low
2026-05-07,27,24475,27446,22359,1561,6606,7586,22126,0,1166,1000,992,949,-451,-347,892,demanddata_2026.csv,12.0,996.0,733.0,-507.0,2012.0,2026-05-07 13:00:00,2026,5,7,13,0,3,Thursday,0,0.3116512172592349,0.3183447603800508,127,-0.2588190451025208,-0.9659258262890684,0.4999999999999999,-0.8660254037844387,24717.0,23329.0,16252.0,25750.5,25624.58333333333,23423.73809523809,0,9147,28732,0.3183447603800508,4269.0,6879.0,0.2810508252982513,0.0,0.0822029743422127,0,0,0.4936006405094146,0.2521385984619372,0,MODERATE,0.2181558520814644,0.4936006405094146,64.15,0.2859830327368264,0.95,1.0693845487051683,1.1096724908441131,Low
2026-05-07,28,24279,27120,22251,1591,6606,7340,22126,0,1044,1001,992,944,-451,-352,887,demanddata_2026.csv,-5.0,997.0,702.0,-489.0,2121.0,2026-05-07 13:30:00,2026,5,7,13,30,3,Thursday,0,0.3142338401093522,0.3108272717780949,127,-0.2588190451025208,-0.9659258262890684,0.4999999999999999,-0.8660254037844387,24475.0,23605.0,15881.0,25489.58333333333,25638.625,23448.73214285714,0,8931,28732,0.3108272717780949,4226.0,6820.0,0.2808896210873147,0.0,0.0873558484349258,0,0,0.4955131170146405,0.2479046055473948,0,MODERATE,0.2199636880765465,0.4955131170146405,64.54,0.1916948067866293,0.95,1.0686856647524108,1.1101037237674918,Low
2026-05-07,29,23876,26550,21970,1597,6606,6660,22126,0,888,1001,992,605,-451,-317,600,demanddata_2026.csv,-5.0,996.0,227.0,-513.0,2576.0,2026-05-07 14:00:00,2026,5,7,14,0,3,Thursday,0,0.303699579160369,0.2873699230849545,127,-0.4999999999999997,-0.8660254037844388,0.4999999999999999,-0.8660254037844387,24279.0,23807.0,15993.0,25168.75,25640.0625,23472.19345238096,0,8257,28732,0.2873699230849545,3135.0,5707.0,0.2390166268794237,0.0,0.1078862503664614,0,0,0.4961025167684124,0.2391989976669835,0,MODERATE,0.2125897054122583,0.4961025167684124,62.4,0.0736555728305764,0.95,1.050953516090584,1.1102366240034756,Very Low
2026-05-07,30,24360,26704,22426,1602,6606,5902,22126,0,610,1002,992,590,-451,-315,589,demanddata_2026.csv,-5.0,997.0,198.0,-463.0,2490.0,2026-05-07 14:30:00,2026,5,7,14,30,3,Thursday,0,0.2983674150472091,0.2611631225420248,127,-0.4999999999999997,-0.8660254037844388,0.4999999999999999,-0.8660254037844387,23876.0,24007.0,16004.0,24913.0,25647.416666666668,23497.0625,0,7504,28732,0.2611631225420248,3134.0,5602.0,0.2299577193054472,0.0,0.1022125528508682,0,0,0.5156380699727959,0.2496543679253434,0,LOW,0.2088571905330463,0.5156380699727959,66.76,0.0379264126385896,0.95,1.0509372629754037,1.1146415794082214,Low
2026-05-07,31,24638,26719,22799,1603,6606,5665,22126,0,326,1003,992,314,-451,-333,790,demanddata_2026.csv,-5.0,997.0,343.0,-466.0,2324.0,2026-05-07 15:00:00,2026,5,7,15,0,3,Thursday,0,0.3305874125128881,0.2529495701806285,127,-0.7071067811865471,-0.7071067811865479,0.4999999999999999,-0.8660254037844387,24360.0,24946.0,16134.0,24715.08333333333,25641.0,23522.372023809523,0,7268,28732,0.2529495701806285,3184.0,5694.0,0.2310970412760258,0.0,0.0943220098218271,0,0,0.5238041113599149,0.2556597252225006,0,MODERATE,0.2314111887590217,0.5238041113599149,71.04,0.1112126685668854,0.95,1.051749918734424,1.1164828913878326,Low
2026-05-07,32,25245,27236,23321,1603,6606,5265,22126,0,272,1003,992,302,-452,-249,797,demanddata_2026.csv,-5.0,997.0,356.0,-513.0,2289.0,2026-05-07 15:30:00,2026,5,7,15,30,3,Thursday,0,0.3265482328583485,0.2390282949918212,127,-0.7071067811865471,-0.7071067811865479,0.4999999999999999,-0.8660254037844387,24638.0,25633.0,16886.0,24653.916666666668,25632.916666666668,23547.25,0,6868,28732,0.2390282949918212,3228.0,5666.0,0.2244315931236631,0.0,0.0906678285669016,0,0,0.5370206526115231,0.2687721420547826,0,MODERATE,0.2285837630008439,0.5370206526115231,69.98,0.2188944249119652,0.95,1.052465055802362,1.1194630104665826,Low
2026-05-07,33,25809,27967,23796,1582,6606,4831,22126,0,18,1003,992,-299,-452,-371,797,demanddata_2026.csv,-4.0,997.0,461.0,-514.0,2592.0,2026-05-07 16:00:00,2026,5,7,16,0,3,Thursday,0,0.3359026812042219,0.2231928444645529,127,-0.8660254037844385,-0.5000000000000004,0.4999999999999999,-0.8660254037844387,25245.0,26647.0,18268.0,24689.75,25615.45833333333,23569.69345238096,0,6413,28732,0.2231928444645529,2610.0,5890.0,0.2282061216582719,0.0,0.1004261913986826,1,0,0.5524254515154768,0.2809556726864253,0,MODERATE,0.2351318768429553,0.5524254515154768,90.29,0.1105015068302814,1.3,1.042420630620869,1.122936546715137,High
2026-05-07,34,26752,29074,24651,1561,6606,4447,22126,0,18,1003,992,-328,-452,-505,796,demanddata_2026.csv,-5.0,996.0,446.0,-514.0,2712.0,2026-05-07 16:30:00,2026,5,7,16,30,3,Thursday,0,0.3833978943319367,0.2090975533358855,127,-0.8660254037844385,-0.5000000000000004,0.4999999999999999,-0.8660254037844387,25809.0,27853.0,19876.0,24857.83333333333,25592.52083333333,23590.15773809524,0,6008,28732,0.2090975533358855,2429.0,6037.0,0.2256569356707659,0.0,0.10137180876911,1,0,0.5686510605210608,0.3013263630864944,0,MODERATE,0.2683785260323557,0.5686510605210608,82.88,0.2014360862534415,1.3,1.039478816773215,1.126595162539152,Moderate
2026-05-07,35,27618,30093,25354,1543,6606,3877,22126,0,13,1003,992,-107,-452,-528,467,demanddata_2026.csv,-5.0,997.0,-356.0,-514.0,2675.0,2026-05-07 17:00:00,2026,5,7,17,0,3,Thursday,0,0.5788647790115874,0.1886332788083388,127,-0.9659258262890684,-0.2588190451025206,0.4999999999999999,-0.8660254037844387,26752.0,28979.0,21550.0,25106.33333333333,25564.166666666668,23608.217261904763,0,5420,28732,0.1886332788083388,1497.0,5421.0,0.1962779246171114,0.0,0.0968536152648539,1,0,0.5813371086583191,0.320033699127279,1,MODERATE,0.7052053453081111,0.5813371086583191,95.4,0.0379106276360314,1.3,1.024330913425073,1.129455663888791,High
2026-05-07,36,28485,31014,26219,1524,6606,2981,22126,0,11,1004,992,-104,-452,-528,453,demanddata_2026.csv,-5.0,997.0,-415.0,-514.0,2673.0,2026-05-07 17:30:00,2026,5,7,17,30,3,Thursday,0,0.6023778328297871,0.1567883618139421,127,-0.9659258262890684,-0.2588190451025206,0.4999999999999999,-0.8660254037844387,27618.0,29885.0,22751.0,25420.08333333333,25535.0,23625.28273809524,0,4505,28732,0.1567883618139421,1428.0,5464.0,0.1918135224320719,0.0,0.0938355683493646,1,0,0.603892469114166,0.3387626371727296,1,HIGH,0.721664482980851,0.603892469114166,90.23,0.1307523831505349,1.3,1.0232094484776248,1.1345415376240522,High
2026-05-07,37,28954,31634,26816,1480,6606,2156,22126,0,7,1004,992,-104,-452,-527,71,demanddata_2026.csv,-5.0,997.0,-571.0,-514.0,2852.0,2026-05-07 18:00:00,2026,5,7,18,0,3,Thursday,0,0.5990766817781931,0.1265443914662583,127,-1.0,-1.8369701987210287e-16,0.4999999999999999,-0.8660254037844387,28485.0,29907.0,24061.0,25767.33333333333,25515.14583333333,23639.84523809524,0,3636,28732,0.1265443914662583,891.0,5237.0,0.1808668623726472,0.0,0.0984976687964082,1,0,0.6203708565526622,0.3488939773610991,1,MODERATE,0.7193536772447351,0.6203708565526622,105.21,0.2969504938432369,1.3,1.014481525625745,1.1382571509496278,High
2026-05-07,38,29185,31891,27040,1436,6606,1400,22126,0,4,1004,992,-118,-451,-528,50,demanddata_2026.csv,-8.0,997.0,-583.0,-514.0,2644.0,2026-05-07 18:30:00,2026,5,7,18,30,3,Thursday,0,0.6223336485408266,0.0987018410886437,127,-1.0,-1.8369701987210287e-16,0.4999999999999999,-0.8660254037844387,28954.0,30709.0,25969.0,26139.666666666668,25483.39583333333,23649.416666666668,0,2836,28732,0.0987018410886437,841.0,5245.0,0.1797094497361749,0.0,0.0905913794284931,1,0,0.6355141876475804,0.3538840404389527,1,HIGH,0.7356335539785785,0.6355141876475804,102.37,0.1710376338447522,1.3,1.0136688698667244,1.1416717303810129,High
2026-05-07,39,29612,33217,27479,1420,6606,748,22126,0,3,1005,992,-503,-452,-529,-432,demanddata_2026.csv,-49.0,997.0,-623.0,-514.0,2775.0,2026-05-07 19:00:00,2026,5,7,19,0,3,Thursday,0,0.644115195489364,0.0754533115233355,127,-0.9659258262890684,0.2588190451025203,0.4999999999999999,-0.8660254037844387,29185.0,31215.0,26832.0,26567.75,25450.0,23657.69047619048,0,2168,28732,0.0754533115233355,-108.0,6096.0,0.2058555364198156,0.0,0.0937088440887448,1,0,0.6548904575078711,0.3631080964313488,1,HIGH,0.7508806368425548,0.6548904575078711,91.72,0.3843529330518873,1.3,1.0017553364394842,1.1460407699342796,High
2026-05-07,40,30297,33924,28090,1404,6606,352,22126,0,0,1005,992,-505,-451,-528,-453,demanddata_2026.csv,-51.0,997.0,-625.0,-514.0,2455.0,2026-05-07 19:30:00,2026,5,7,19,30,3,Thursday,0,0.6295777866162955,0.061114398078864,127,-0.9659258262890684,0.2588190451025203,0.4999999999999999,-0.8660254037844387,29612.0,31031.0,27337.0,27069.25,25434.70833333333,23666.5,0,1756,28732,0.061114398078864,-133.0,6121.0,0.2020265364050432,0.0,0.0810284507228199,1,0,0.6652287846013656,0.3779054696275814,1,HIGH,0.7407044506314068,0.6652287846013656,95.83,0.4303030195226712,1.3,1.0021616643189946,1.1483718976648372,High
2026-05-07,41,29806,33285,27557,1454,6606,57,22126,0,5,1006,992,-340,-451,-529,-562,demanddata_2026.csv,-10.0,997.0,-568.0,-514.0,2547.0,2026-05-07 20:00:00,2026,5,7,20,0,3,Thursday,0,0.4310507922560763,0.0525876170257195,127,-0.8660254037844386,0.5000000000000001,0.4999999999999999,-0.8660254037844387,30297.0,30785.0,28269.0,27563.416666666668,25414.3125,23671.074404761905,0,1511,28732,0.0525876170257195,21.0,5969.0,0.2002549736639044,0.0,0.0854497265742946,1,0,0.6660143329059838,0.3672988853365592,0,MODERATE,0.3017355545792534,0.6660143329059838,89.85,0.3808123921778896,1.3,1.0003413154187886,1.1485490262679492,High
2026-05-07,42,29922,33359,27644,1504,6606,0,22126,0,6,1006,992,-320,-452,-529,-565,demanddata_2026.csv,-5.0,997.0,-546.0,-514.0,2694.0,2026-05-07 20:30:00,2026,5,7,20,30,3,Thursday,0,0.4616265967291875,0.0523439947099154,127,-0.8660254037844386,0.5000000000000001,0.4999999999999999,-0.8660254037844387,29806.0,30158.0,28299.0,28026.916666666668,25409.39583333333,23675.904761904763,0,1504,28732,0.0523439947099154,64.0,5926.0,0.198041640209872,0.0,0.0900310797714133,1,0,0.6663757636975561,0.369804717877819,0,MODERATE,0.3231386177104312,0.6663757636975561,99.21,0.6523978378350328,1.3,1.0010401993715463,1.1486305231419882,High
2026-05-07,43,29580,31913,27283,1597,6606,0,22126,0,5,1005,992,94,-452,-529,-328,demanddata_2026.csv,-5.0,997.0,116.0,-514.0,2353.0,2026-05-07 21:00:00,2026,5,7,21,0,3,Thursday,0,0.4649573534074006,0.0555806911913131,127,-0.7071067811865477,0.7071067811865474,0.4999999999999999,-0.8660254037844387,29922.0,30735.0,28517.0,28438.75,25385.33333333333,23679.06845238096,0,1597,28732,0.0555806911913131,1376.0,5032.0,0.1701091917108955,0.0,0.0795443020857983,0,0,0.6571906075105276,0.3624168322820357,0,MODERATE,0.3254701473851804,0.6571906075105276,79.01,0.1889494324501489,1.0,1.0223642864882436,1.14655941704296,Moderate
2026-05-07,44,28636,30961,26442,1689,6606,0,22126,0,6,1005,992,102,-451,-529,-320,demanddata_2026.csv,-5.0,996.0,141.0,-514.0,2284.0,2026-05-07 21:30:00,2026,5,7,21,30,3,Thursday,0,0.4170000688510725,0.0587825844847388,127,-0.7071067811865477,0.7071067811865474,0.4999999999999999,-0.8660254037844387,29580.0,29174.0,27156.0,28721.33333333333,25374.125,23683.47321428572,0,1689,28732,0.0587825844847388,1417.0,5055.0,0.176519886859657,0.0,0.0797569577818905,0,0,0.6511844015358517,0.3420245398773006,0,MODERATE,0.2919000481957507,0.6511844015358517,68.92,0.1384675294358408,1.0,1.0230306642106404,1.145205113471755,Low
2026-05-07,45,27120,30869,25035,1721,6606,0,22126,0,12,1006,992,-493,-452,-529,-672,demanddata_2026.csv,-7.0,951.0,-570.0,-514.0,2501.0,2026-05-07 22:00:00,2026,5,7,22,0,3,Thursday,0,0.4080967948679411,0.0598962864998433,127,-0.5000000000000004,0.8660254037844384,0.4999999999999999,-0.8660254037844387,28636.0,27740.0,25620.0,28830.58333333333,25361.20833333333,23687.9375,0,1721,28732,0.0598962864998433,-288.0,6186.0,0.2280889347737915,0.0,0.0922163637034032,0,0,0.6515638985168158,0.3092759008035946,0,MODERATE,0.2856677564075587,0.6515638985168158,68.76,0.0048470497386726,1.0,1.004680897171958,1.145290683983114,Low
2026-05-07,46,25695,29636,23789,1753,6606,0,22126,0,12,1006,992,-571,-452,-530,-686,demanddata_2026.csv,-37.0,949.0,-639.0,-514.0,2335.0,2026-05-07 22:30:00,2026,5,7,22,30,3,Thursday,0,0.3903502477701281,0.0610099885149479,127,-0.5000000000000004,0.8660254037844384,0.4999999999999999,-0.8660254037844387,27120.0,26520.0,24696.0,28742.5,25344.02083333333,23690.91071428572,0,1753,28732,0.0610099885149479,-482.0,6376.0,0.24813200498132,0.0,0.0908701743462017,0,0,0.6459563341518648,0.2784930441544975,0,MODERATE,0.2732451734390896,0.6459563341518648,79.51,0.171436648475088,1.0,1.0078340015169571,1.144026267731451,Moderate
2026-05-07,47,24175,29868,22410,1713,6606,0,22126,0,139,1006,992,-962,-452,-530,-783,demanddata_2026.csv,-414.0,993.0,-1399.0,-514.0,2447.0,2026-05-07 23:00:00,2026,5,7,23,0,3,Thursday,0,0.3939665707410885,0.0596178609960672,127,-0.2588190451025215,0.965925826289068,0.4999999999999999,-0.8660254037844387,25695.0,25182.0,23208.0,28455.58333333333,25323.041666666668,23693.78869047619,0,1713,28732,0.0596178609960672,-2063.0,8045.0,0.3327680344142951,0.0,0.1012160820648577,0,0,0.6538499522297431,0.2456579970621273,0,MODERATE,0.2757765995187619,0.6538499522297431,71.82,0.0989989840567627,1.0,1.033530176617185,1.1458061526034775,Low
2026-05-07,48,23474,29316,21800,1673,6606,0,22126,0,167,1006,991,-978,-452,-530,-787,demanddata_2026.csv,-469.0,997.0,-1445.0,-514.0,2286.0,2026-05-07 23:30:00,2026,5,7,23,30,3,Thursday,0,0.3676637120691854,0.0582257334771865,127,-0.2588190451025215,0.965925826289068,0.4999999999999999,-0.8660254037844387,24175.0,23942.0,22784.0,28038.0,25313.291666666668,23695.842261904763,0,1673,28732,0.0582257334771865,-2181.0,8169.0,0.3479872204472843,0.0,0.0973801916932907,0,0,0.6531292170152412,0.2305149917912382,0,MODERATE,0.2573645984484298,0.6531292170152412,72.33,0.009123639547762,1.0,1.0354480442084733,1.1456436383175856,Low
