Dataset,SubmissionDateTime,PublishTime,SettlementDate,Region,GspGroupId,ForecastDemand60,ForecastDemand100
RZDF,2026-01-02T17:00:00Z,2026-01-02T17:00:05Z,2026-01-03,South East,N/A,7101,11834
RZDF,2026-01-02T17:00:00Z,2026-01-02T17:00:05Z,2026-01-03,South West,N/A,4560,7601
RZDF,2026-01-02T17:00:00Z,2026-01-02T17:00:05Z,2026-01-03,Midlands,N/A,4717,7862
RZDF,2026-01-02T17:00:00Z,2026-01-02T17:00:05Z,2026-01-03,North East,N/A,3109,5181
RZDF,2026-01-02T17:00:00Z,2026-01-02T17:00:05Z,2026-01-03,North West,N/A,3019,5032
RZDF,2026-01-02T17:00:00Z,2026-01-02T17:00:05Z,2026-01-03,South Scotland,N/A,1450,2416
RZDF,2026-01-02T17:00:00Z,2026-01-02T17:00:05Z,2026-01-03,North Scotland,N/A,123,205
RZDF,2026-01-02T11:45:00Z,2026-01-02T11:45:04Z,2026-01-03,South East,N/A,7077,11795
RZDF,2026-01-02T11:45:00Z,2026-01-02T11:45:04Z,2026-01-03,South West,N/A,4545,7575
RZDF,2026-01-02T11:45:00Z,2026-01-02T11:45:04Z,2026-01-03,Midlands,N/A,4701,7835
RZDF,2026-01-02T11:45:00Z,2026-01-02T11:45:04Z,2026-01-03,North East,N/A,3098,5163
RZDF,2026-01-02T11:45:00Z,2026-01-02T11:45:04Z,2026-01-03,North West,N/A,3009,5015
RZDF,2026-01-02T11:45:00Z,2026-01-02T11:45:04Z,2026-01-03,South Scotland,N/A,1445,2408
RZDF,2026-01-02T11:45:00Z,2026-01-02T11:45:04Z,2026-01-03,North Scotland,N/A,122,204
RZDF,2026-01-02T09:00:00Z,2026-01-02T09:00:05Z,2026-01-03,South East,N/A,7084,11807
RZDF,2026-01-02T09:00:00Z,2026-01-02T09:00:05Z,2026-01-03,South West,N/A,4550,7583
RZDF,2026-01-02T09:00:00Z,2026-01-02T09:00:05Z,2026-01-03,Midlands,N/A,4706,7844
RZDF,2026-01-02T09:00:00Z,2026-01-02T09:00:05Z,2026-01-03,North East,N/A,3101,5169
RZDF,2026-01-02T09:00:00Z,2026-01-02T09:00:05Z,2026-01-03,North West,N/A,3012,5021
RZDF,2026-01-02T09:00:00Z,2026-01-02T09:00:05Z,2026-01-03,South Scotland,N/A,1446,2410
RZDF,2026-01-02T09:00:00Z,2026-01-02T09:00:05Z,2026-01-03,North Scotland,N/A,123,204
RZDF,2026-01-01T17:00:00Z,2026-01-01T17:00:05Z,2026-01-02,South East,N/A,6894,11490
RZDF,2026-01-01T17:00:00Z,2026-01-01T17:00:05Z,2026-01-02,South West,N/A,4428,7379
RZDF,2026-01-01T17:00:00Z,2026-01-01T17:00:05Z,2026-01-02,Midlands,N/A,4580,7633
RZDF,2026-01-01T17:00:00Z,2026-01-01T17:00:05Z,2026-01-02,North East,N/A,3018,5030
RZDF,2026-01-01T17:00:00Z,2026-01-01T17:00:05Z,2026-01-02,North West,N/A,2932,4886
RZDF,2026-01-01T17:00:00Z,2026-01-01T17:00:05Z,2026-01-02,South Scotland,N/A,1407,2346
RZDF,2026-01-01T17:00:00Z,2026-01-01T17:00:05Z,2026-01-02,North Scotland,N/A,119,199
RZDF,2026-01-01T11:45:00Z,2026-01-01T11:45:05Z,2026-01-02,South East,N/A,6803,11338
RZDF,2026-01-01T11:45:00Z,2026-01-01T11:45:05Z,2026-01-02,South West,N/A,4369,7282
RZDF,2026-01-01T11:45:00Z,2026-01-01T11:45:05Z,2026-01-02,Midlands,N/A,4519,7531
RZDF,2026-01-01T11:45:00Z,2026-01-01T11:45:05Z,2026-01-02,North East,N/A,2978,4963
RZDF,2026-01-01T11:45:00Z,2026-01-01T11:45:05Z,2026-01-02,North West,N/A,2893,4821
RZDF,2026-01-01T11:45:00Z,2026-01-01T11:45:05Z,2026-01-02,South Scotland,N/A,1389,2314
RZDF,2026-01-01T11:45:00Z,2026-01-01T11:45:05Z,2026-01-02,North Scotland,N/A,118,196
RZDF,2026-01-01T09:00:00Z,2026-01-01T09:00:05Z,2026-01-02,South East,N/A,6798,11330
RZDF,2026-01-01T09:00:00Z,2026-01-01T09:00:05Z,2026-01-02,South West,N/A,4366,7277
RZDF,2026-01-01T09:00:00Z,2026-01-01T09:00:05Z,2026-01-02,Midlands,N/A,4516,7526
RZDF,2026-01-01T09:00:00Z,2026-01-01T09:00:05Z,2026-01-02,North East,N/A,2976,4960
RZDF,2026-01-01T09:00:00Z,2026-01-01T09:00:05Z,2026-01-02,North West,N/A,2891,4818
RZDF,2026-01-01T09:00:00Z,2026-01-01T09:00:05Z,2026-01-02,South Scotland,N/A,1388,2313
RZDF,2026-01-01T09:00:00Z,2026-01-01T09:00:05Z,2026-01-02,North Scotland,N/A,118,196
RZDF,2025-12-31T17:00:00Z,2025-12-31T17:00:04Z,2026-01-01,South East,N/A,4707,7845
RZDF,2025-12-31T17:00:00Z,2025-12-31T17:00:04Z,2026-01-01,South West,N/A,3023,5039
RZDF,2025-12-31T17:00:00Z,2025-12-31T17:00:04Z,2026-01-01,Midlands,N/A,3127,5212
RZDF,2025-12-31T17:00:00Z,2025-12-31T17:00:04Z,2026-01-01,North East,N/A,2061,3435
RZDF,2025-12-31T17:00:00Z,2025-12-31T17:00:04Z,2026-01-01,North West,N/A,2002,3336
RZDF,2025-12-31T17:00:00Z,2025-12-31T17:00:04Z,2026-01-01,South Scotland,N/A,961,1602
RZDF,2025-12-31T17:00:00Z,2025-12-31T17:00:04Z,2026-01-01,North Scotland,N/A,81,136
RZDF,2025-12-31T11:45:00Z,2025-12-31T11:45:04Z,2026-01-01,South East,N/A,4661,7769
RZDF,2025-12-31T11:45:00Z,2025-12-31T11:45:04Z,2026-01-01,South West,N/A,2994,4989
RZDF,2025-12-31T11:45:00Z,2025-12-31T11:45:04Z,2026-01-01,Midlands,N/A,3096,5161
RZDF,2025-12-31T11:45:00Z,2025-12-31T11:45:04Z,2026-01-01,North East,N/A,2041,3401
RZDF,2025-12-31T11:45:00Z,2025-12-31T11:45:04Z,2026-01-01,North West,N/A,1982,3303
RZDF,2025-12-31T11:45:00Z,2025-12-31T11:45:04Z,2026-01-01,South Scotland,N/A,952,1586
RZDF,2025-12-31T11:45:00Z,2025-12-31T11:45:04Z,2026-01-01,North Scotland,N/A,81,134
RZDF,2025-12-31T09:00:00Z,2025-12-31T09:00:05Z,2026-01-01,South East,N/A,4620,7701
RZDF,2025-12-31T09:00:00Z,2025-12-31T09:00:05Z,2026-01-01,South West,N/A,2967,4946
RZDF,2025-12-31T09:00:00Z,2025-12-31T09:00:05Z,2026-01-01,Midlands,N/A,3069,5116
RZDF,2025-12-31T09:00:00Z,2025-12-31T09:00:05Z,2026-01-01,North East,N/A,2023,3371
RZDF,2025-12-31T09:00:00Z,2025-12-31T09:00:05Z,2026-01-01,North West,N/A,1965,3275
RZDF,2025-12-31T09:00:00Z,2025-12-31T09:00:05Z,2026-01-01,South Scotland,N/A,943,1572
RZDF,2025-12-31T09:00:00Z,2025-12-31T09:00:05Z,2026-01-01,North Scotland,N/A,80,133
RZDF,2025-12-30T17:00:00Z,2025-12-30T17:00:05Z,2025-12-31,South East,N/A,6753,11256
RZDF,2025-12-30T17:00:00Z,2025-12-30T17:00:05Z,2025-12-31,South West,N/A,4337,7229
RZDF,2025-12-30T17:00:00Z,2025-12-30T17:00:05Z,2025-12-31,Midlands,N/A,4486,7477
RZDF,2025-12-30T17:00:00Z,2025-12-30T17:00:05Z,2025-12-31,North East,N/A,2956,4927
RZDF,2025-12-30T17:00:00Z,2025-12-30T17:00:05Z,2025-12-31,North West,N/A,2872,4786
RZDF,2025-12-30T17:00:00Z,2025-12-30T17:00:05Z,2025-12-31,South Scotland,N/A,1379,2298
RZDF,2025-12-30T17:00:00Z,2025-12-30T17:00:05Z,2025-12-31,North Scotland,N/A,117,195
RZDF,2025-12-30T11:45:00Z,2025-12-30T11:45:05Z,2025-12-31,South East,N/A,6713,11188
RZDF,2025-12-30T11:45:00Z,2025-12-30T11:45:05Z,2025-12-31,South West,N/A,4311,7186
RZDF,2025-12-30T11:45:00Z,2025-12-30T11:45:05Z,2025-12-31,Midlands,N/A,4459,7432
RZDF,2025-12-30T11:45:00Z,2025-12-30T11:45:05Z,2025-12-31,North East,N/A,2939,4898
RZDF,2025-12-30T11:45:00Z,2025-12-30T11:45:05Z,2025-12-31,North West,N/A,2854,4757
RZDF,2025-12-30T11:45:00Z,2025-12-30T11:45:05Z,2025-12-31,South Scotland,N/A,1370,2284
RZDF,2025-12-30T11:45:00Z,2025-12-30T11:45:05Z,2025-12-31,North Scotland,N/A,116,193
RZDF,2025-12-30T09:00:00Z,2025-12-30T09:00:05Z,2025-12-31,South East,N/A,6766,11276
RZDF,2025-12-30T09:00:00Z,2025-12-30T09:00:05Z,2025-12-31,South West,N/A,4345,7242
RZDF,2025-12-30T09:00:00Z,2025-12-30T09:00:05Z,2025-12-31,Midlands,N/A,4494,7490
RZDF,2025-12-30T09:00:00Z,2025-12-30T09:00:05Z,2025-12-31,North East,N/A,2962,4936
RZDF,2025-12-30T09:00:00Z,2025-12-30T09:00:05Z,2025-12-31,North West,N/A,2877,4795
RZDF,2025-12-30T09:00:00Z,2025-12-30T09:00:05Z,2025-12-31,South Scotland,N/A,1381,2302
RZDF,2025-12-30T09:00:00Z,2025-12-30T09:00:05Z,2025-12-31,North Scotland,N/A,117,195
RZDF,2025-12-29T17:00:00Z,2025-12-29T17:00:04Z,2025-12-30,South East,N/A,6832,11386
RZDF,2025-12-29T17:00:00Z,2025-12-29T17:00:04Z,2025-12-30,South West,N/A,4388,7313
RZDF,2025-12-29T17:00:00Z,2025-12-29T17:00:04Z,2025-12-30,Midlands,N/A,4538,7564
RZDF,2025-12-29T17:00:00Z,2025-12-29T17:00:04Z,2025-12-30,North East,N/A,2991,4985
RZDF,2025-12-29T17:00:00Z,2025-12-29T17:00:04Z,2025-12-30,North West,N/A,2905,4842
RZDF,2025-12-29T17:00:00Z,2025-12-29T17:00:04Z,2025-12-30,South Scotland,N/A,1395,2324
RZDF,2025-12-29T17:00:00Z,2025-12-29T17:00:04Z,2025-12-30,North Scotland,N/A,118,197
RZDF,2025-12-29T11:45:00Z,2025-12-29T11:45:05Z,2025-12-30,South East,N/A,7031,11718
RZDF,2025-12-29T11:45:00Z,2025-12-29T11:45:05Z,2025-12-30,South West,N/A,4516,7526
RZDF,2025-12-29T11:45:00Z,2025-12-29T11:45:05Z,2025-12-30,Midlands,N/A,4671,7785
RZDF,2025-12-29T11:45:00Z,2025-12-29T11:45:05Z,2025-12-30,North East,N/A,3078,5130
RZDF,2025-12-29T11:45:00Z,2025-12-29T11:45:05Z,2025-12-30,North West,N/A,2990,4983
RZDF,2025-12-29T11:45:00Z,2025-12-29T11:45:05Z,2025-12-30,South Scotland,N/A,1435,2392
RZDF,2025-12-29T11:45:00Z,2025-12-29T11:45:05Z,2025-12-30,North Scotland,N/A,122,203
RZDF,2025-12-29T09:00:00Z,2025-12-29T09:00:05Z,2025-12-30,South East,N/A,7094,11823
RZDF,2025-12-29T09:00:00Z,2025-12-29T09:00:05Z,2025-12-30,South West,N/A,4556,7594
RZDF,2025-12-29T09:00:00Z,2025-12-29T09:00:05Z,2025-12-30,Midlands,N/A,4713,7854
RZDF,2025-12-29T09:00:00Z,2025-12-29T09:00:05Z,2025-12-30,North East,N/A,3106,5176
RZDF,2025-12-29T09:00:00Z,2025-12-29T09:00:05Z,2025-12-30,North West,N/A,3017,5028
RZDF,2025-12-29T09:00:00Z,2025-12-29T09:00:05Z,2025-12-30,South Scotland,N/A,1448,2414
RZDF,2025-12-29T09:00:00Z,2025-12-29T09:00:05Z,2025-12-30,North Scotland,N/A,123,204
RZDF,2025-12-28T17:00:00Z,2025-12-28T17:00:07Z,2025-12-29,South East,N/A,7005,11676
RZDF,2025-12-28T17:00:00Z,2025-12-28T17:00:07Z,2025-12-29,South West,N/A,4499,7499
RZDF,2025-12-28T17:00:00Z,2025-12-28T17:00:07Z,2025-12-29,Midlands,N/A,4654,7756
RZDF,2025-12-28T17:00:00Z,2025-12-28T17:00:07Z,2025-12-29,North East,N/A,3067,5111
RZDF,2025-12-28T17:00:00Z,2025-12-28T17:00:07Z,2025-12-29,North West,N/A,2979,4965
RZDF,2025-12-28T17:00:00Z,2025-12-28T17:00:07Z,2025-12-29,South Scotland,N/A,1430,2383
RZDF,2025-12-28T17:00:00Z,2025-12-28T17:00:07Z,2025-12-29,North Scotland,N/A,121,202
RZDF,2025-12-28T11:45:00Z,2025-12-28T11:45:04Z,2025-12-29,South East,N/A,7278,12130
RZDF,2025-12-28T11:45:00Z,2025-12-28T11:45:04Z,2025-12-29,South West,N/A,4674,7790
RZDF,2025-12-28T11:45:00Z,2025-12-28T11:45:04Z,2025-12-29,Midlands,N/A,4835,8058
RZDF,2025-12-28T11:45:00Z,2025-12-28T11:45:04Z,2025-12-29,North East,N/A,3186,5310
RZDF,2025-12-28T11:45:00Z,2025-12-28T11:45:04Z,2025-12-29,North West,N/A,3095,5158
RZDF,2025-12-28T11:45:00Z,2025-12-28T11:45:04Z,2025-12-29,South Scotland,N/A,1486,2476
RZDF,2025-12-28T11:45:00Z,2025-12-28T11:45:04Z,2025-12-29,North Scotland,N/A,126,210
RZDF,2025-12-28T09:00:00Z,2025-12-28T09:00:06Z,2025-12-29,South East,N/A,7232,12053
RZDF,2025-12-28T09:00:00Z,2025-12-28T09:00:06Z,2025-12-29,South West,N/A,4645,7741
RZDF,2025-12-28T09:00:00Z,2025-12-28T09:00:06Z,2025-12-29,Midlands,N/A,4804,8007
RZDF,2025-12-28T09:00:00Z,2025-12-28T09:00:06Z,2025-12-29,North East,N/A,3166,5277
RZDF,2025-12-28T09:00:00Z,2025-12-28T09:00:06Z,2025-12-29,North West,N/A,3075,5125
RZDF,2025-12-28T09:00:00Z,2025-12-28T09:00:06Z,2025-12-29,South Scotland,N/A,1476,2461
RZDF,2025-12-28T09:00:00Z,2025-12-28T09:00:06Z,2025-12-29,North Scotland,N/A,125,208
RZDF,2025-12-27T17:00:00Z,2025-12-27T17:00:04Z,2025-12-28,South East,N/A,6664,11106
RZDF,2025-12-27T17:00:00Z,2025-12-27T17:00:04Z,2025-12-28,South West,N/A,4280,7133
RZDF,2025-12-27T17:00:00Z,2025-12-27T17:00:04Z,2025-12-28,Midlands,N/A,4427,7378
RZDF,2025-12-27T17:00:00Z,2025-12-27T17:00:04Z,2025-12-28,North East,N/A,2917,4862
RZDF,2025-12-27T17:00:00Z,2025-12-27T17:00:04Z,2025-12-28,North West,N/A,2834,4723
RZDF,2025-12-27T17:00:00Z,2025-12-27T17:00:04Z,2025-12-28,South Scotland,N/A,1360,2267
RZDF,2025-12-27T17:00:00Z,2025-12-27T17:00:04Z,2025-12-28,North Scotland,N/A,115,192
RZDF,2025-12-27T11:45:00Z,2025-12-27T11:45:05Z,2025-12-28,South East,N/A,6688,11146
RZDF,2025-12-27T11:45:00Z,2025-12-27T11:45:05Z,2025-12-28,South West,N/A,4295,7159
RZDF,2025-12-27T11:45:00Z,2025-12-27T11:45:05Z,2025-12-28,Midlands,N/A,4443,7404
RZDF,2025-12-27T11:45:00Z,2025-12-27T11:45:05Z,2025-12-28,North East,N/A,2928,4880
RZDF,2025-12-27T11:45:00Z,2025-12-27T11:45:05Z,2025-12-28,North West,N/A,2844,4740
RZDF,2025-12-27T11:45:00Z,2025-12-27T11:45:05Z,2025-12-28,South Scotland,N/A,1365,2275
RZDF,2025-12-27T11:45:00Z,2025-12-27T11:45:05Z,2025-12-28,North Scotland,N/A,116,193
RZDF,2025-12-27T09:00:00Z,2025-12-27T09:00:05Z,2025-12-28,South East,N/A,6816,11359
RZDF,2025-12-27T09:00:00Z,2025-12-27T09:00:05Z,2025-12-28,South West,N/A,4377,7296
RZDF,2025-12-27T09:00:00Z,2025-12-27T09:00:05Z,2025-12-28,Midlands,N/A,4528,7546
RZDF,2025-12-27T09:00:00Z,2025-12-27T09:00:05Z,2025-12-28,North East,N/A,2984,4973
RZDF,2025-12-27T09:00:00Z,2025-12-27T09:00:05Z,2025-12-28,North West,N/A,2898,4830
RZDF,2025-12-27T09:00:00Z,2025-12-27T09:00:05Z,2025-12-28,South Scotland,N/A,1391,2319
RZDF,2025-12-27T09:00:00Z,2025-12-27T09:00:05Z,2025-12-28,North Scotland,N/A,118,196
RZDF,2025-12-26T17:00:00Z,2025-12-26T17:00:04Z,2025-12-27,South East,N/A,6224,10373
RZDF,2025-12-26T17:00:00Z,2025-12-26T17:00:04Z,2025-12-27,South West,N/A,3997,6662
RZDF,2025-12-26T17:00:00Z,2025-12-26T17:00:04Z,2025-12-27,Midlands,N/A,4134,6891
RZDF,2025-12-26T17:00:00Z,2025-12-26T17:00:04Z,2025-12-27,North East,N/A,2725,4541
RZDF,2025-12-26T17:00:00Z,2025-12-26T17:00:04Z,2025-12-27,North West,N/A,2647,4411
RZDF,2025-12-26T17:00:00Z,2025-12-26T17:00:04Z,2025-12-27,South Scotland,N/A,1270,2117
RZDF,2025-12-26T17:00:00Z,2025-12-26T17:00:04Z,2025-12-27,North Scotland,N/A,108,179
RZDF,2025-12-26T11:45:00Z,2025-12-26T11:45:04Z,2025-12-27,South East,N/A,6084,10140
RZDF,2025-12-26T11:45:00Z,2025-12-26T11:45:04Z,2025-12-27,South West,N/A,3908,6513
RZDF,2025-12-26T11:45:00Z,2025-12-26T11:45:04Z,2025-12-27,Midlands,N/A,4042,6736
RZDF,2025-12-26T11:45:00Z,2025-12-26T11:45:04Z,2025-12-27,North East,N/A,2663,4439
RZDF,2025-12-26T11:45:00Z,2025-12-26T11:45:04Z,2025-12-27,North West,N/A,2587,4312
RZDF,2025-12-26T11:45:00Z,2025-12-26T11:45:04Z,2025-12-27,South Scotland,N/A,1242,2070
RZDF,2025-12-26T11:45:00Z,2025-12-26T11:45:04Z,2025-12-27,North Scotland,N/A,105,175
RZDF,2025-12-26T09:00:00Z,2025-12-26T09:00:06Z,2025-12-27,South East,N/A,6021,10036
RZDF,2025-12-26T09:00:00Z,2025-12-26T09:00:06Z,2025-12-27,South West,N/A,3867,6445
RZDF,2025-12-26T09:00:00Z,2025-12-26T09:00:06Z,2025-12-27,Midlands,N/A,4000,6667
RZDF,2025-12-26T09:00:00Z,2025-12-26T09:00:06Z,2025-12-27,North East,N/A,2636,4393
RZDF,2025-12-26T09:00:00Z,2025-12-26T09:00:06Z,2025-12-27,North West,N/A,2560,4267
RZDF,2025-12-26T09:00:00Z,2025-12-26T09:00:06Z,2025-12-27,South Scotland,N/A,1229,2049
RZDF,2025-12-26T09:00:00Z,2025-12-26T09:00:06Z,2025-12-27,North Scotland,N/A,104,174
RZDF,2025-12-25T17:00:00Z,2025-12-25T17:00:04Z,2025-12-26,South East,N/A,4354,7256
RZDF,2025-12-25T17:00:00Z,2025-12-25T17:00:04Z,2025-12-26,South West,N/A,2796,4660
RZDF,2025-12-25T17:00:00Z,2025-12-25T17:00:04Z,2025-12-26,Midlands,N/A,2892,4820
RZDF,2025-12-25T17:00:00Z,2025-12-25T17:00:04Z,2025-12-26,North East,N/A,1906,3177
RZDF,2025-12-25T17:00:00Z,2025-12-25T17:00:04Z,2025-12-26,North West,N/A,1851,3085
RZDF,2025-12-25T17:00:00Z,2025-12-25T17:00:04Z,2025-12-26,South Scotland,N/A,889,1481
RZDF,2025-12-25T17:00:00Z,2025-12-25T17:00:04Z,2025-12-26,North Scotland,N/A,75,125
RZDF,2025-12-25T11:45:00Z,2025-12-25T11:45:04Z,2025-12-26,South East,N/A,4227,7045
RZDF,2025-12-25T11:45:00Z,2025-12-25T11:45:04Z,2025-12-26,South West,N/A,2715,4525
RZDF,2025-12-25T11:45:00Z,2025-12-25T11:45:04Z,2025-12-26,Midlands,N/A,2808,4680
RZDF,2025-12-25T11:45:00Z,2025-12-25T11:45:04Z,2025-12-26,North East,N/A,1851,3084
RZDF,2025-12-25T11:45:00Z,2025-12-25T11:45:04Z,2025-12-26,North West,N/A,1798,2996
RZDF,2025-12-25T11:45:00Z,2025-12-25T11:45:04Z,2025-12-26,South Scotland,N/A,863,1438
RZDF,2025-12-25T11:45:00Z,2025-12-25T11:45:04Z,2025-12-26,North Scotland,N/A,73,122
RZDF,2025-12-25T09:00:00Z,2025-12-25T09:00:04Z,2025-12-26,South East,N/A,4336,7227
RZDF,2025-12-25T09:00:00Z,2025-12-25T09:00:04Z,2025-12-26,South West,N/A,2785,4641
RZDF,2025-12-25T09:00:00Z,2025-12-25T09:00:04Z,2025-12-26,Midlands,N/A,2880,4801
RZDF,2025-12-25T09:00:00Z,2025-12-25T09:00:04Z,2025-12-26,North East,N/A,1898,3164
RZDF,2025-12-25T09:00:00Z,2025-12-25T09:00:04Z,2025-12-26,North West,N/A,1844,3073
RZDF,2025-12-25T09:00:00Z,2025-12-25T09:00:04Z,2025-12-26,South Scotland,N/A,885,1475
RZDF,2025-12-25T09:00:00Z,2025-12-25T09:00:04Z,2025-12-26,North Scotland,N/A,75,125
RZDF,2025-12-24T17:00:00Z,2025-12-24T17:00:05Z,2025-12-25,South East,N/A,5154,8591
RZDF,2025-12-24T17:00:00Z,2025-12-24T17:00:05Z,2025-12-25,South West,N/A,3310,5517
RZDF,2025-12-24T17:00:00Z,2025-12-24T17:00:05Z,2025-12-25,Midlands,N/A,3424,5707
RZDF,2025-12-24T17:00:00Z,2025-12-24T17:00:05Z,2025-12-25,North East,N/A,2256,3761
RZDF,2025-12-24T17:00:00Z,2025-12-24T17:00:05Z,2025-12-25,North West,N/A,2192,3653
RZDF,2025-12-24T17:00:00Z,2025-12-24T17:00:05Z,2025-12-25,South Scotland,N/A,1052,1754
RZDF,2025-12-24T17:00:00Z,2025-12-24T17:00:05Z,2025-12-25,North Scotland,N/A,89,149
RZDF,2025-12-24T11:45:00Z,2025-12-24T11:45:04Z,2025-12-25,South East,N/A,5227,8712
RZDF,2025-12-24T11:45:00Z,2025-12-24T11:45:04Z,2025-12-25,South West,N/A,3357,5595
RZDF,2025-12-24T11:45:00Z,2025-12-24T11:45:04Z,2025-12-25,Midlands,N/A,3473,5788
RZDF,2025-12-24T11:45:00Z,2025-12-24T11:45:04Z,2025-12-25,North East,N/A,2288,3814
RZDF,2025-12-24T11:45:00Z,2025-12-24T11:45:04Z,2025-12-25,North West,N/A,2223,3705
RZDF,2025-12-24T11:45:00Z,2025-12-24T11:45:04Z,2025-12-25,South Scotland,N/A,1067,1778
RZDF,2025-12-24T11:45:00Z,2025-12-24T11:45:04Z,2025-12-25,North Scotland,N/A,90,151
RZDF,2025-12-24T09:00:00Z,2025-12-24T09:00:04Z,2025-12-25,South East,N/A,5364,8940
RZDF,2025-12-24T09:00:00Z,2025-12-24T09:00:04Z,2025-12-25,South West,N/A,3445,5741
RZDF,2025-12-24T09:00:00Z,2025-12-24T09:00:04Z,2025-12-25,Midlands,N/A,3563,5938
RZDF,2025-12-24T09:00:00Z,2025-12-24T09:00:04Z,2025-12-25,North East,N/A,2348,3914
RZDF,2025-12-24T09:00:00Z,2025-12-24T09:00:04Z,2025-12-25,North West,N/A,2281,3801
RZDF,2025-12-24T09:00:00Z,2025-12-24T09:00:04Z,2025-12-25,South Scotland,N/A,1095,1825
RZDF,2025-12-24T09:00:00Z,2025-12-24T09:00:04Z,2025-12-25,North Scotland,N/A,93,155
RZDF,2025-12-23T17:00:00Z,2025-12-23T17:00:05Z,2025-12-24,South East,N/A,7181,11968
RZDF,2025-12-23T17:00:00Z,2025-12-23T17:00:05Z,2025-12-24,South West,N/A,4612,7687
RZDF,2025-12-23T17:00:00Z,2025-12-23T17:00:05Z,2025-12-24,Midlands,N/A,4770,7950
RZDF,2025-12-23T17:00:00Z,2025-12-23T17:00:05Z,2025-12-24,North East,N/A,3144,5239
RZDF,2025-12-23T17:00:00Z,2025-12-23T17:00:05Z,2025-12-24,North West,N/A,3054,5089
RZDF,2025-12-23T17:00:00Z,2025-12-23T17:00:05Z,2025-12-24,South Scotland,N/A,1466,2443
RZDF,2025-12-23T17:00:00Z,2025-12-23T17:00:05Z,2025-12-24,North Scotland,N/A,124,207
RZDF,2025-12-23T11:45:00Z,2025-12-23T11:45:05Z,2025-12-24,South East,N/A,7206,12009
RZDF,2025-12-23T11:45:00Z,2025-12-23T11:45:05Z,2025-12-24,South West,N/A,4628,7713
RZDF,2025-12-23T11:45:00Z,2025-12-23T11:45:05Z,2025-12-24,Midlands,N/A,4787,7978
RZDF,2025-12-23T11:45:00Z,2025-12-23T11:45:05Z,2025-12-24,North East,N/A,3154,5257
RZDF,2025-12-23T11:45:00Z,2025-12-23T11:45:05Z,2025-12-24,North West,N/A,3064,5107
RZDF,2025-12-23T11:45:00Z,2025-12-23T11:45:05Z,2025-12-24,South Scotland,N/A,1471,2452
RZDF,2025-12-23T11:45:00Z,2025-12-23T11:45:05Z,2025-12-24,North Scotland,N/A,125,208
RZDF,2025-12-23T09:00:00Z,2025-12-23T09:00:04Z,2025-12-24,South East,N/A,7198,11997
RZDF,2025-12-23T09:00:00Z,2025-12-23T09:00:04Z,2025-12-24,South West,N/A,4623,7705
RZDF,2025-12-23T09:00:00Z,2025-12-23T09:00:04Z,2025-12-24,Midlands,N/A,4782,7970
RZDF,2025-12-23T09:00:00Z,2025-12-23T09:00:04Z,2025-12-24,North East,N/A,3151,5252
RZDF,2025-12-23T09:00:00Z,2025-12-23T09:00:04Z,2025-12-24,North West,N/A,3061,5102
RZDF,2025-12-23T09:00:00Z,2025-12-23T09:00:04Z,2025-12-24,South Scotland,N/A,1469,2449
RZDF,2025-12-23T09:00:00Z,2025-12-23T09:00:04Z,2025-12-24,North Scotland,N/A,124,207
RZDF,2025-12-22T17:00:00Z,2025-12-22T17:00:04Z,2025-12-23,South East,N/A,7096,11826
RZDF,2025-12-22T17:00:00Z,2025-12-22T17:00:04Z,2025-12-23,South West,N/A,4557,7595
RZDF,2025-12-22T17:00:00Z,2025-12-22T17:00:04Z,2025-12-23,Midlands,N/A,4714,7856
RZDF,2025-12-22T17:00:00Z,2025-12-22T17:00:04Z,2025-12-23,North East,N/A,3106,5177
RZDF,2025-12-22T17:00:00Z,2025-12-22T17:00:04Z,2025-12-23,North West,N/A,3017,5029
RZDF,2025-12-22T17:00:00Z,2025-12-22T17:00:04Z,2025-12-23,South Scotland,N/A,1448,2414
RZDF,2025-12-22T17:00:00Z,2025-12-22T17:00:04Z,2025-12-23,North Scotland,N/A,123,205
RZDF,2025-12-22T11:45:00Z,2025-12-22T11:45:04Z,2025-12-23,South East,N/A,7168,11946
RZDF,2025-12-22T11:45:00Z,2025-12-22T11:45:04Z,2025-12-23,South West,N/A,4603,7672
RZDF,2025-12-22T11:45:00Z,2025-12-22T11:45:04Z,2025-12-23,Midlands,N/A,4761,7936
RZDF,2025-12-22T11:45:00Z,2025-12-22T11:45:04Z,2025-12-23,North East,N/A,3138,5230
RZDF,2025-12-22T11:45:00Z,2025-12-22T11:45:04Z,2025-12-23,North West,N/A,3048,5080
RZDF,2025-12-22T11:45:00Z,2025-12-22T11:45:04Z,2025-12-23,South Scotland,N/A,1463,2439
RZDF,2025-12-22T11:45:00Z,2025-12-22T11:45:04Z,2025-12-23,North Scotland,N/A,124,207
RZDF,2025-12-22T09:00:00Z,2025-12-22T09:00:06Z,2025-12-23,South East,N/A,7150,11917
RZDF,2025-12-22T09:00:00Z,2025-12-22T09:00:06Z,2025-12-23,South West,N/A,4592,7654
RZDF,2025-12-22T09:00:00Z,2025-12-22T09:00:06Z,2025-12-23,Midlands,N/A,4750,7916
RZDF,2025-12-22T09:00:00Z,2025-12-22T09:00:06Z,2025-12-23,North East,N/A,3130,5217
RZDF,2025-12-22T09:00:00Z,2025-12-22T09:00:06Z,2025-12-23,North West,N/A,3040,5067
RZDF,2025-12-22T09:00:00Z,2025-12-22T09:00:06Z,2025-12-23,South Scotland,N/A,1460,2433
RZDF,2025-12-22T09:00:00Z,2025-12-22T09:00:06Z,2025-12-23,North Scotland,N/A,124,206
RZDF,2025-12-21T17:00:00Z,2025-12-21T17:00:05Z,2025-12-22,South East,N/A,7197,11994
RZDF,2025-12-21T17:00:00Z,2025-12-21T17:00:05Z,2025-12-22,South West,N/A,4622,7703
RZDF,2025-12-21T17:00:00Z,2025-12-21T17:00:05Z,2025-12-22,Midlands,N/A,4781,7968
RZDF,2025-12-21T17:00:00Z,2025-12-21T17:00:05Z,2025-12-22,North East,N/A,3150,5251
RZDF,2025-12-21T17:00:00Z,2025-12-21T17:00:05Z,2025-12-22,North West,N/A,3060,5100
RZDF,2025-12-21T17:00:00Z,2025-12-21T17:00:05Z,2025-12-22,South Scotland,N/A,1469,2448
RZDF,2025-12-21T17:00:00Z,2025-12-21T17:00:05Z,2025-12-22,North Scotland,N/A,124,207
RZDF,2025-12-21T11:45:00Z,2025-12-21T11:45:04Z,2025-12-22,South East,N/A,7221,12034
RZDF,2025-12-21T11:45:00Z,2025-12-21T11:45:04Z,2025-12-22,South West,N/A,4637,7729
RZDF,2025-12-21T11:45:00Z,2025-12-21T11:45:04Z,2025-12-22,Midlands,N/A,4797,7994
RZDF,2025-12-21T11:45:00Z,2025-12-21T11:45:04Z,2025-12-22,North East,N/A,3161,5268
RZDF,2025-12-21T11:45:00Z,2025-12-21T11:45:04Z,2025-12-22,North West,N/A,3070,5117
RZDF,2025-12-21T11:45:00Z,2025-12-21T11:45:04Z,2025-12-22,South Scotland,N/A,1474,2457
RZDF,2025-12-21T11:45:00Z,2025-12-21T11:45:04Z,2025-12-22,North Scotland,N/A,125,208
RZDF,2025-12-21T09:00:00Z,2025-12-21T09:00:05Z,2025-12-22,South East,N/A,7216,12027
RZDF,2025-12-21T09:00:00Z,2025-12-21T09:00:05Z,2025-12-22,South West,N/A,4635,7725
RZDF,2025-12-21T09:00:00Z,2025-12-21T09:00:05Z,2025-12-22,Midlands,N/A,4794,7990
RZDF,2025-12-21T09:00:00Z,2025-12-21T09:00:05Z,2025-12-22,North East,N/A,3159,5265
RZDF,2025-12-21T09:00:00Z,2025-12-21T09:00:05Z,2025-12-22,North West,N/A,3069,5114
RZDF,2025-12-21T09:00:00Z,2025-12-21T09:00:05Z,2025-12-22,South Scotland,N/A,1473,2455
RZDF,2025-12-21T09:00:00Z,2025-12-21T09:00:05Z,2025-12-22,North Scotland,N/A,125,208
RZDF,2025-12-20T17:00:00Z,2025-12-20T17:00:05Z,2025-12-21,South East,N/A,6759,11265
RZDF,2025-12-20T17:00:00Z,2025-12-20T17:00:05Z,2025-12-21,South West,N/A,4341,7235
RZDF,2025-12-20T17:00:00Z,2025-12-20T17:00:05Z,2025-12-21,Midlands,N/A,4490,7483
RZDF,2025-12-20T17:00:00Z,2025-12-20T17:00:05Z,2025-12-21,North East,N/A,2959,4932
RZDF,2025-12-20T17:00:00Z,2025-12-20T17:00:05Z,2025-12-21,North West,N/A,2874,4790
RZDF,2025-12-20T17:00:00Z,2025-12-20T17:00:05Z,2025-12-21,South Scotland,N/A,1380,2300
RZDF,2025-12-20T17:00:00Z,2025-12-20T17:00:05Z,2025-12-21,North Scotland,N/A,117,195
RZDF,2025-12-20T11:45:00Z,2025-12-20T11:45:06Z,2025-12-21,South East,N/A,6754,11257
RZDF,2025-12-20T11:45:00Z,2025-12-20T11:45:06Z,2025-12-21,South West,N/A,4338,7230
RZDF,2025-12-20T11:45:00Z,2025-12-20T11:45:06Z,2025-12-21,Midlands,N/A,4487,7478
RZDF,2025-12-20T11:45:00Z,2025-12-20T11:45:06Z,2025-12-21,North East,N/A,2957,4928
RZDF,2025-12-20T11:45:00Z,2025-12-20T11:45:06Z,2025-12-21,North West,N/A,2872,4787
RZDF,2025-12-20T11:45:00Z,2025-12-20T11:45:06Z,2025-12-21,South Scotland,N/A,1379,2298
RZDF,2025-12-20T11:45:00Z,2025-12-20T11:45:06Z,2025-12-21,North Scotland,N/A,117,195
RZDF,2025-12-20T09:00:00Z,2025-12-20T09:00:06Z,2025-12-21,South East,N/A,6704,11174
RZDF,2025-12-20T09:00:00Z,2025-12-20T09:00:06Z,2025-12-21,South West,N/A,4306,7176
RZDF,2025-12-20T09:00:00Z,2025-12-20T09:00:06Z,2025-12-21,Midlands,N/A,4454,7423
RZDF,2025-12-20T09:00:00Z,2025-12-20T09:00:06Z,2025-12-21,North East,N/A,2935,4892
RZDF,2025-12-20T09:00:00Z,2025-12-20T09:00:06Z,2025-12-21,North West,N/A,2851,4751
RZDF,2025-12-20T09:00:00Z,2025-12-20T09:00:06Z,2025-12-21,South Scotland,N/A,1369,2281
RZDF,2025-12-20T09:00:00Z,2025-12-20T09:00:06Z,2025-12-21,North Scotland,N/A,116,193
RZDF,2025-12-19T17:00:00Z,2025-12-19T17:00:07Z,2025-12-20,South East,N/A,6529,10882
RZDF,2025-12-19T17:00:00Z,2025-12-19T17:00:07Z,2025-12-20,South West,N/A,4193,6989
RZDF,2025-12-19T17:00:00Z,2025-12-19T17:00:07Z,2025-12-20,Midlands,N/A,4337,7229
RZDF,2025-12-19T17:00:00Z,2025-12-19T17:00:07Z,2025-12-20,North East,N/A,2858,4764
RZDF,2025-12-19T17:00:00Z,2025-12-19T17:00:07Z,2025-12-20,North West,N/A,2776,4627
RZDF,2025-12-19T17:00:00Z,2025-12-19T17:00:07Z,2025-12-20,South Scotland,N/A,1333,2221
RZDF,2025-12-19T17:00:00Z,2025-12-19T17:00:07Z,2025-12-20,North Scotland,N/A,113,188
RZDF,2025-12-19T11:45:00Z,2025-12-19T11:45:04Z,2025-12-20,South East,N/A,6508,10847
RZDF,2025-12-19T11:45:00Z,2025-12-19T11:45:04Z,2025-12-20,South West,N/A,4180,6966
RZDF,2025-12-19T11:45:00Z,2025-12-19T11:45:04Z,2025-12-20,Midlands,N/A,4323,7205
RZDF,2025-12-19T11:45:00Z,2025-12-19T11:45:04Z,2025-12-20,North East,N/A,2849,4748
RZDF,2025-12-19T11:45:00Z,2025-12-19T11:45:04Z,2025-12-20,North West,N/A,2767,4612
RZDF,2025-12-19T11:45:00Z,2025-12-19T11:45:04Z,2025-12-20,South Scotland,N/A,1329,2214
RZDF,2025-12-19T11:45:00Z,2025-12-19T11:45:04Z,2025-12-20,North Scotland,N/A,113,188
RZDF,2025-12-19T09:00:00Z,2025-12-19T09:00:05Z,2025-12-20,South East,N/A,6452,10753
RZDF,2025-12-19T09:00:00Z,2025-12-19T09:00:05Z,2025-12-20,South West,N/A,4144,6906
RZDF,2025-12-19T09:00:00Z,2025-12-19T09:00:05Z,2025-12-20,Midlands,N/A,4286,7143
RZDF,2025-12-19T09:00:00Z,2025-12-19T09:00:05Z,2025-12-20,North East,N/A,2824,4707
RZDF,2025-12-19T09:00:00Z,2025-12-19T09:00:05Z,2025-12-20,North West,N/A,2743,4572
RZDF,2025-12-19T09:00:00Z,2025-12-19T09:00:05Z,2025-12-20,South Scotland,N/A,1317,2195
RZDF,2025-12-19T09:00:00Z,2025-12-19T09:00:05Z,2025-12-20,North Scotland,N/A,112,186
RZDF,2025-12-18T17:00:00Z,2025-12-18T17:00:04Z,2025-12-19,South East,N/A,6707,11178
RZDF,2025-12-18T17:00:00Z,2025-12-18T17:00:04Z,2025-12-19,South West,N/A,4307,7179
RZDF,2025-12-18T17:00:00Z,2025-12-18T17:00:04Z,2025-12-19,Midlands,N/A,4455,7425
RZDF,2025-12-18T17:00:00Z,2025-12-18T17:00:04Z,2025-12-19,North East,N/A,2936,4893
RZDF,2025-12-18T17:00:00Z,2025-12-18T17:00:04Z,2025-12-19,North West,N/A,2852,4753
RZDF,2025-12-18T17:00:00Z,2025-12-18T17:00:04Z,2025-12-19,South Scotland,N/A,1369,2282
RZDF,2025-12-18T17:00:00Z,2025-12-18T17:00:04Z,2025-12-19,North Scotland,N/A,116,193
RZDF,2025-12-18T11:45:00Z,2025-12-18T11:45:04Z,2025-12-19,South East,N/A,6739,11231
RZDF,2025-12-18T11:45:00Z,2025-12-18T11:45:04Z,2025-12-19,South West,N/A,4328,7213
RZDF,2025-12-18T11:45:00Z,2025-12-18T11:45:04Z,2025-12-19,Midlands,N/A,4477,7461
RZDF,2025-12-18T11:45:00Z,2025-12-18T11:45:04Z,2025-12-19,North East,N/A,2950,4917
RZDF,2025-12-18T11:45:00Z,2025-12-18T11:45:04Z,2025-12-19,North West,N/A,2866,4776
RZDF,2025-12-18T11:45:00Z,2025-12-18T11:45:04Z,2025-12-19,South Scotland,N/A,1376,2293
RZDF,2025-12-18T11:45:00Z,2025-12-18T11:45:04Z,2025-12-19,North Scotland,N/A,117,194
RZDF,2025-12-18T09:00:00Z,2025-12-18T09:00:04Z,2025-12-19,South East,N/A,6737,11228
RZDF,2025-12-18T09:00:00Z,2025-12-18T09:00:04Z,2025-12-19,South West,N/A,4327,7211
RZDF,2025-12-18T09:00:00Z,2025-12-18T09:00:04Z,2025-12-19,Midlands,N/A,4475,7458
RZDF,2025-12-18T09:00:00Z,2025-12-18T09:00:04Z,2025-12-19,North East,N/A,2949,4915
RZDF,2025-12-18T09:00:00Z,2025-12-18T09:00:04Z,2025-12-19,North West,N/A,2865,4774
RZDF,2025-12-18T09:00:00Z,2025-12-18T09:00:04Z,2025-12-19,South Scotland,N/A,1375,2292
RZDF,2025-12-18T09:00:00Z,2025-12-18T09:00:04Z,2025-12-19,North Scotland,N/A,117,194
RZDF,2025-12-17T17:00:00Z,2025-12-17T17:00:04Z,2025-12-18,South East,N/A,6656,11094
RZDF,2025-12-17T17:00:00Z,2025-12-17T17:00:04Z,2025-12-18,South West,N/A,4275,7125
RZDF,2025-12-17T17:00:00Z,2025-12-17T17:00:04Z,2025-12-18,Midlands,N/A,4422,7369
RZDF,2025-12-17T17:00:00Z,2025-12-17T17:00:04Z,2025-12-18,North East,N/A,2914,4857
RZDF,2025-12-17T17:00:00Z,2025-12-17T17:00:04Z,2025-12-18,North West,N/A,2830,4717
RZDF,2025-12-17T17:00:00Z,2025-12-17T17:00:04Z,2025-12-18,South Scotland,N/A,1359,2265
RZDF,2025-12-17T17:00:00Z,2025-12-17T17:00:04Z,2025-12-18,North Scotland,N/A,115,192
RZDF,2025-12-17T11:45:00Z,2025-12-17T11:45:04Z,2025-12-18,South East,N/A,6623,11038
RZDF,2025-12-17T11:45:00Z,2025-12-17T11:45:04Z,2025-12-18,South West,N/A,4253,7089
RZDF,2025-12-17T11:45:00Z,2025-12-17T11:45:04Z,2025-12-18,Midlands,N/A,4399,7332
RZDF,2025-12-17T11:45:00Z,2025-12-17T11:45:04Z,2025-12-18,North East,N/A,2899,4832
RZDF,2025-12-17T11:45:00Z,2025-12-17T11:45:04Z,2025-12-18,North West,N/A,2816,4694
RZDF,2025-12-17T11:45:00Z,2025-12-17T11:45:04Z,2025-12-18,South Scotland,N/A,1352,2253
RZDF,2025-12-17T11:45:00Z,2025-12-17T11:45:04Z,2025-12-18,North Scotland,N/A,115,191
RZDF,2025-12-17T09:00:00Z,2025-12-17T09:00:06Z,2025-12-18,South East,N/A,6562,10937
RZDF,2025-12-17T09:00:00Z,2025-12-17T09:00:06Z,2025-12-18,South West,N/A,4214,7024
RZDF,2025-12-17T09:00:00Z,2025-12-17T09:00:06Z,2025-12-18,Midlands,N/A,4359,7265
RZDF,2025-12-17T09:00:00Z,2025-12-17T09:00:06Z,2025-12-18,North East,N/A,2873,4788
RZDF,2025-12-17T09:00:00Z,2025-12-17T09:00:06Z,2025-12-18,North West,N/A,2790,4651
RZDF,2025-12-17T09:00:00Z,2025-12-17T09:00:06Z,2025-12-18,South Scotland,N/A,1340,2233
RZDF,2025-12-17T09:00:00Z,2025-12-17T09:00:06Z,2025-12-18,North Scotland,N/A,113,189
RZDF,2025-12-16T17:00:00Z,2025-12-16T17:00:06Z,2025-12-17,South East,N/A,6666,11110
RZDF,2025-12-16T17:00:00Z,2025-12-16T17:00:06Z,2025-12-17,South West,N/A,4281,7136
RZDF,2025-12-16T17:00:00Z,2025-12-16T17:00:06Z,2025-12-17,Midlands,N/A,4428,7380
RZDF,2025-12-16T17:00:00Z,2025-12-16T17:00:06Z,2025-12-17,North East,N/A,2918,4864
RZDF,2025-12-16T17:00:00Z,2025-12-16T17:00:06Z,2025-12-17,North West,N/A,2835,4724
RZDF,2025-12-16T17:00:00Z,2025-12-16T17:00:06Z,2025-12-17,South Scotland,N/A,1361,2268
RZDF,2025-12-16T17:00:00Z,2025-12-16T17:00:06Z,2025-12-17,North Scotland,N/A,115,192
RZDF,2025-12-16T11:45:00Z,2025-12-16T11:45:05Z,2025-12-17,South East,N/A,6697,11161
RZDF,2025-12-16T11:45:00Z,2025-12-16T11:45:05Z,2025-12-17,South West,N/A,4301,7168
RZDF,2025-12-16T11:45:00Z,2025-12-16T11:45:05Z,2025-12-17,Midlands,N/A,4449,7414
RZDF,2025-12-16T11:45:00Z,2025-12-16T11:45:05Z,2025-12-17,North East,N/A,2932,4886
RZDF,2025-12-16T11:45:00Z,2025-12-16T11:45:05Z,2025-12-17,North West,N/A,2848,4746
RZDF,2025-12-16T11:45:00Z,2025-12-16T11:45:05Z,2025-12-17,South Scotland,N/A,1367,2278
RZDF,2025-12-16T11:45:00Z,2025-12-16T11:45:05Z,2025-12-17,North Scotland,N/A,116,193
RZDF,2025-12-16T09:00:00Z,2025-12-16T09:00:06Z,2025-12-17,South East,N/A,6630,11051
RZDF,2025-12-16T09:00:00Z,2025-12-16T09:00:06Z,2025-12-17,South West,N/A,4258,7097
RZDF,2025-12-16T09:00:00Z,2025-12-16T09:00:06Z,2025-12-17,Midlands,N/A,4405,7341
RZDF,2025-12-16T09:00:00Z,2025-12-16T09:00:06Z,2025-12-17,North East,N/A,2903,4838
RZDF,2025-12-16T09:00:00Z,2025-12-16T09:00:06Z,2025-12-17,North West,N/A,2819,4699
RZDF,2025-12-16T09:00:00Z,2025-12-16T09:00:06Z,2025-12-17,South Scotland,N/A,1354,2256
RZDF,2025-12-16T09:00:00Z,2025-12-16T09:00:06Z,2025-12-17,North Scotland,N/A,115,191
RZDF,2025-12-15T17:00:00Z,2025-12-15T17:00:06Z,2025-12-16,South East,N/A,7261,12102
RZDF,2025-12-15T17:00:00Z,2025-12-15T17:00:06Z,2025-12-16,South West,N/A,4664,7773
RZDF,2025-12-15T17:00:00Z,2025-12-15T17:00:06Z,2025-12-16,Midlands,N/A,4824,8039
RZDF,2025-12-15T17:00:00Z,2025-12-15T17:00:06Z,2025-12-16,North East,N/A,3179,5298
RZDF,2025-12-15T17:00:00Z,2025-12-15T17:00:06Z,2025-12-16,North West,N/A,3088,5146
RZDF,2025-12-15T17:00:00Z,2025-12-15T17:00:06Z,2025-12-16,South Scotland,N/A,1482,2471
RZDF,2025-12-15T17:00:00Z,2025-12-15T17:00:06Z,2025-12-16,North Scotland,N/A,126,209
RZDF,2025-12-15T11:45:00Z,2025-12-15T11:45:04Z,2025-12-16,South East,N/A,7294,12156
RZDF,2025-12-15T11:45:00Z,2025-12-15T11:45:04Z,2025-12-16,South West,N/A,4685,7808
RZDF,2025-12-15T11:45:00Z,2025-12-15T11:45:04Z,2025-12-16,Midlands,N/A,4845,8075
RZDF,2025-12-15T11:45:00Z,2025-12-15T11:45:04Z,2025-12-16,North East,N/A,3193,5322
RZDF,2025-12-15T11:45:00Z,2025-12-15T11:45:04Z,2025-12-16,North West,N/A,3102,5169
RZDF,2025-12-15T11:45:00Z,2025-12-15T11:45:04Z,2025-12-16,South Scotland,N/A,1489,2482
RZDF,2025-12-15T11:45:00Z,2025-12-15T11:45:04Z,2025-12-16,North Scotland,N/A,126,210
RZDF,2025-12-15T09:00:00Z,2025-12-15T09:00:06Z,2025-12-16,South East,N/A,7292,12154
RZDF,2025-12-15T09:00:00Z,2025-12-15T09:00:06Z,2025-12-16,South West,N/A,4683,7806
RZDF,2025-12-15T09:00:00Z,2025-12-15T09:00:06Z,2025-12-16,Midlands,N/A,4844,8074
RZDF,2025-12-15T09:00:00Z,2025-12-15T09:00:06Z,2025-12-16,North East,N/A,3192,5321
RZDF,2025-12-15T09:00:00Z,2025-12-15T09:00:06Z,2025-12-16,North West,N/A,3101,5168
RZDF,2025-12-15T09:00:00Z,2025-12-15T09:00:06Z,2025-12-16,South Scotland,N/A,1489,2481
RZDF,2025-12-15T09:00:00Z,2025-12-15T09:00:06Z,2025-12-16,North Scotland,N/A,126,210
RZDF,2025-12-14T17:00:00Z,2025-12-14T17:00:06Z,2025-12-15,South East,N/A,7131,11885
RZDF,2025-12-14T17:00:00Z,2025-12-14T17:00:06Z,2025-12-15,South West,N/A,4580,7633
RZDF,2025-12-14T17:00:00Z,2025-12-14T17:00:06Z,2025-12-15,Midlands,N/A,4737,7895
RZDF,2025-12-14T17:00:00Z,2025-12-14T17:00:06Z,2025-12-15,North East,N/A,3122,5203
RZDF,2025-12-14T17:00:00Z,2025-12-14T17:00:06Z,2025-12-15,North West,N/A,3032,5054
RZDF,2025-12-14T17:00:00Z,2025-12-14T17:00:06Z,2025-12-15,South Scotland,N/A,1456,2426
RZDF,2025-12-14T17:00:00Z,2025-12-14T17:00:06Z,2025-12-15,North Scotland,N/A,123,206
RZDF,2025-12-14T11:45:00Z,2025-12-14T11:45:06Z,2025-12-15,South East,N/A,7119,11865
RZDF,2025-12-14T11:45:00Z,2025-12-14T11:45:06Z,2025-12-15,South West,N/A,4572,7620
RZDF,2025-12-14T11:45:00Z,2025-12-14T11:45:06Z,2025-12-15,Midlands,N/A,4729,7882
RZDF,2025-12-14T11:45:00Z,2025-12-14T11:45:06Z,2025-12-15,North East,N/A,3116,5194
RZDF,2025-12-14T11:45:00Z,2025-12-14T11:45:06Z,2025-12-15,North West,N/A,3027,5045
RZDF,2025-12-14T11:45:00Z,2025-12-14T11:45:06Z,2025-12-15,South Scotland,N/A,1453,2422
RZDF,2025-12-14T11:45:00Z,2025-12-14T11:45:06Z,2025-12-15,North Scotland,N/A,123,205
RZDF,2025-12-14T09:00:00Z,2025-12-14T09:00:18Z,2025-12-15,South East,N/A,7111,11851
RZDF,2025-12-14T09:00:00Z,2025-12-14T09:00:18Z,2025-12-15,South West,N/A,4567,7611
RZDF,2025-12-14T09:00:00Z,2025-12-14T09:00:18Z,2025-12-15,Midlands,N/A,4724,7873
RZDF,2025-12-14T09:00:00Z,2025-12-14T09:00:18Z,2025-12-15,North East,N/A,3113,5188
RZDF,2025-12-14T09:00:00Z,2025-12-14T09:00:18Z,2025-12-15,North West,N/A,3024,5039
RZDF,2025-12-14T09:00:00Z,2025-12-14T09:00:18Z,2025-12-15,South Scotland,N/A,1452,2419
RZDF,2025-12-14T09:00:00Z,2025-12-14T09:00:18Z,2025-12-15,North Scotland,N/A,123,205
RZDF,2025-12-13T17:00:00Z,2025-12-13T17:00:07Z,2025-12-14,South East,N/A,6121,10202
RZDF,2025-12-13T17:00:00Z,2025-12-13T17:00:07Z,2025-12-14,South West,N/A,3931,6552
RZDF,2025-12-13T17:00:00Z,2025-12-13T17:00:07Z,2025-12-14,Midlands,N/A,4066,6777
RZDF,2025-12-13T17:00:00Z,2025-12-13T17:00:07Z,2025-12-14,North East,N/A,2680,4466
RZDF,2025-12-13T17:00:00Z,2025-12-13T17:00:07Z,2025-12-14,North West,N/A,2603,4338
RZDF,2025-12-13T17:00:00Z,2025-12-13T17:00:07Z,2025-12-14,South Scotland,N/A,1250,2083
RZDF,2025-12-13T17:00:00Z,2025-12-13T17:00:07Z,2025-12-14,North Scotland,N/A,106,176
RZDF,2025-12-13T11:45:00Z,2025-12-13T11:45:06Z,2025-12-14,South East,N/A,6090,10150
RZDF,2025-12-13T11:45:00Z,2025-12-13T11:45:06Z,2025-12-14,South West,N/A,3911,6519
RZDF,2025-12-13T11:45:00Z,2025-12-13T11:45:06Z,2025-12-14,Midlands,N/A,4046,6743
RZDF,2025-12-13T11:45:00Z,2025-12-13T11:45:06Z,2025-12-14,North East,N/A,2666,4443
RZDF,2025-12-13T11:45:00Z,2025-12-13T11:45:06Z,2025-12-14,North West,N/A,2590,4316
RZDF,2025-12-13T11:45:00Z,2025-12-13T11:45:06Z,2025-12-14,South Scotland,N/A,1243,2072
RZDF,2025-12-13T11:45:00Z,2025-12-13T11:45:06Z,2025-12-14,North Scotland,N/A,105,176
RZDF,2025-12-13T09:00:00Z,2025-12-13T09:00:08Z,2025-12-14,South East,N/A,6071,10118
RZDF,2025-12-13T09:00:00Z,2025-12-13T09:00:08Z,2025-12-14,South West,N/A,3899,6498
RZDF,2025-12-13T09:00:00Z,2025-12-13T09:00:08Z,2025-12-14,Midlands,N/A,4033,6721
RZDF,2025-12-13T09:00:00Z,2025-12-13T09:00:08Z,2025-12-14,North East,N/A,2658,4429
RZDF,2025-12-13T09:00:00Z,2025-12-13T09:00:08Z,2025-12-14,North West,N/A,2581,4302
RZDF,2025-12-13T09:00:00Z,2025-12-13T09:00:08Z,2025-12-14,South Scotland,N/A,1239,2065
RZDF,2025-12-13T09:00:00Z,2025-12-13T09:00:08Z,2025-12-14,North Scotland,N/A,105,175
RZDF,2025-12-12T17:00:00Z,2025-12-12T17:00:06Z,2025-12-13,South East,N/A,6180,10300
RZDF,2025-12-12T17:00:00Z,2025-12-12T17:00:06Z,2025-12-13,South West,N/A,3969,6615
RZDF,2025-12-12T17:00:00Z,2025-12-12T17:00:06Z,2025-12-13,Midlands,N/A,4105,6842
RZDF,2025-12-12T17:00:00Z,2025-12-12T17:00:06Z,2025-12-13,North East,N/A,2705,4509
RZDF,2025-12-12T17:00:00Z,2025-12-12T17:00:06Z,2025-12-13,North West,N/A,2628,4380
RZDF,2025-12-12T17:00:00Z,2025-12-12T17:00:06Z,2025-12-13,South Scotland,N/A,1262,2103
RZDF,2025-12-12T17:00:00Z,2025-12-12T17:00:06Z,2025-12-13,North Scotland,N/A,107,178
RZDF,2025-12-12T11:45:00Z,2025-12-12T11:45:04Z,2025-12-13,South East,N/A,6156,10260
RZDF,2025-12-12T11:45:00Z,2025-12-12T11:45:04Z,2025-12-13,South West,N/A,3954,6590
RZDF,2025-12-12T11:45:00Z,2025-12-12T11:45:04Z,2025-12-13,Midlands,N/A,4090,6816
RZDF,2025-12-12T11:45:00Z,2025-12-12T11:45:04Z,2025-12-13,North East,N/A,2695,4492
RZDF,2025-12-12T11:45:00Z,2025-12-12T11:45:04Z,2025-12-13,North West,N/A,2618,4363
RZDF,2025-12-12T11:45:00Z,2025-12-12T11:45:04Z,2025-12-13,South Scotland,N/A,1257,2095
RZDF,2025-12-12T11:45:00Z,2025-12-12T11:45:04Z,2025-12-13,North Scotland,N/A,106,177
RZDF,2025-12-12T09:00:00Z,2025-12-12T09:00:05Z,2025-12-13,South East,N/A,6088,10146
RZDF,2025-12-12T09:00:00Z,2025-12-12T09:00:05Z,2025-12-13,South West,N/A,3910,6516
RZDF,2025-12-12T09:00:00Z,2025-12-12T09:00:05Z,2025-12-13,Midlands,N/A,4044,6740
RZDF,2025-12-12T09:00:00Z,2025-12-12T09:00:05Z,2025-12-13,North East,N/A,2665,4442
RZDF,2025-12-12T09:00:00Z,2025-12-12T09:00:05Z,2025-12-13,North West,N/A,2589,4314
RZDF,2025-12-12T09:00:00Z,2025-12-12T09:00:05Z,2025-12-13,South Scotland,N/A,1243,2071
RZDF,2025-12-12T09:00:00Z,2025-12-12T09:00:05Z,2025-12-13,North Scotland,N/A,105,175
RZDF,2025-12-11T17:00:00Z,2025-12-11T17:00:06Z,2025-12-12,South East,N/A,6961,11601
RZDF,2025-12-11T17:00:00Z,2025-12-11T17:00:06Z,2025-12-12,South West,N/A,4470,7451
RZDF,2025-12-11T17:00:00Z,2025-12-11T17:00:06Z,2025-12-12,Midlands,N/A,4624,7706
RZDF,2025-12-11T17:00:00Z,2025-12-11T17:00:06Z,2025-12-12,North East,N/A,3047,5079
RZDF,2025-12-11T17:00:00Z,2025-12-11T17:00:06Z,2025-12-12,North West,N/A,2960,4933
RZDF,2025-12-11T17:00:00Z,2025-12-11T17:00:06Z,2025-12-12,South Scotland,N/A,1421,2368
RZDF,2025-12-11T17:00:00Z,2025-12-11T17:00:06Z,2025-12-12,North Scotland,N/A,120,201
RZDF,2025-12-11T11:45:00Z,2025-12-11T11:45:06Z,2025-12-12,South East,N/A,6937,11561
RZDF,2025-12-11T11:45:00Z,2025-12-11T11:45:06Z,2025-12-12,South West,N/A,4455,7425
RZDF,2025-12-11T11:45:00Z,2025-12-11T11:45:06Z,2025-12-12,Midlands,N/A,4608,7680
RZDF,2025-12-11T11:45:00Z,2025-12-11T11:45:06Z,2025-12-12,North East,N/A,3037,5061
RZDF,2025-12-11T11:45:00Z,2025-12-11T11:45:06Z,2025-12-12,North West,N/A,2950,4916
RZDF,2025-12-11T11:45:00Z,2025-12-11T11:45:06Z,2025-12-12,South Scotland,N/A,1416,2360
RZDF,2025-12-11T11:45:00Z,2025-12-11T11:45:06Z,2025-12-12,North Scotland,N/A,120,200
RZDF,2025-12-11T09:00:00Z,2025-12-11T09:00:06Z,2025-12-12,South East,N/A,6880,11467
RZDF,2025-12-11T09:00:00Z,2025-12-11T09:00:06Z,2025-12-12,South West,N/A,4419,7365
RZDF,2025-12-11T09:00:00Z,2025-12-11T09:00:06Z,2025-12-12,Midlands,N/A,4571,7618
RZDF,2025-12-11T09:00:00Z,2025-12-11T09:00:06Z,2025-12-12,North East,N/A,3012,5020
RZDF,2025-12-11T09:00:00Z,2025-12-11T09:00:06Z,2025-12-12,North West,N/A,2926,4876
RZDF,2025-12-11T09:00:00Z,2025-12-11T09:00:06Z,2025-12-12,South Scotland,N/A,1405,2341
RZDF,2025-12-11T09:00:00Z,2025-12-11T09:00:06Z,2025-12-12,North Scotland,N/A,119,198
RZDF,2025-12-10T17:00:00Z,2025-12-10T17:00:05Z,2025-12-11,South East,N/A,6668,11113
RZDF,2025-12-10T17:00:00Z,2025-12-10T17:00:05Z,2025-12-11,South West,N/A,4282,7137
RZDF,2025-12-10T17:00:00Z,2025-12-10T17:00:05Z,2025-12-11,Midlands,N/A,4429,7382
RZDF,2025-12-10T17:00:00Z,2025-12-10T17:00:05Z,2025-12-11,North East,N/A,2919,4865
RZDF,2025-12-10T17:00:00Z,2025-12-10T17:00:05Z,2025-12-11,North West,N/A,2835,4726
RZDF,2025-12-10T17:00:00Z,2025-12-10T17:00:05Z,2025-12-11,South Scotland,N/A,1361,2269
RZDF,2025-12-10T17:00:00Z,2025-12-10T17:00:05Z,2025-12-11,North Scotland,N/A,115,192
RZDF,2025-12-10T11:45:00Z,2025-12-10T11:45:04Z,2025-12-11,South East,N/A,6668,11113
RZDF,2025-12-10T11:45:00Z,2025-12-10T11:45:04Z,2025-12-11,South West,N/A,4282,7137
RZDF,2025-12-10T11:45:00Z,2025-12-10T11:45:04Z,2025-12-11,Midlands,N/A,4429,7382
RZDF,2025-12-10T11:45:00Z,2025-12-10T11:45:04Z,2025-12-11,North East,N/A,2919,4865
RZDF,2025-12-10T11:45:00Z,2025-12-10T11:45:04Z,2025-12-11,North West,N/A,2835,4726
RZDF,2025-12-10T11:45:00Z,2025-12-10T11:45:04Z,2025-12-11,South Scotland,N/A,1361,2269
RZDF,2025-12-10T11:45:00Z,2025-12-10T11:45:04Z,2025-12-11,North Scotland,N/A,115,192
RZDF,2025-12-10T09:00:00Z,2025-12-10T09:00:05Z,2025-12-11,South East,N/A,6667,11112
RZDF,2025-12-10T09:00:00Z,2025-12-10T09:00:05Z,2025-12-11,South West,N/A,4282,7137
RZDF,2025-12-10T09:00:00Z,2025-12-10T09:00:05Z,2025-12-11,Midlands,N/A,4429,7382
RZDF,2025-12-10T09:00:00Z,2025-12-10T09:00:05Z,2025-12-11,North East,N/A,2919,4865
RZDF,2025-12-10T09:00:00Z,2025-12-10T09:00:05Z,2025-12-11,North West,N/A,2835,4725
RZDF,2025-12-10T09:00:00Z,2025-12-10T09:00:05Z,2025-12-11,South Scotland,N/A,1361,2268
RZDF,2025-12-10T09:00:00Z,2025-12-10T09:00:05Z,2025-12-11,North Scotland,N/A,115,192
RZDF,2025-12-09T17:00:00Z,2025-12-09T17:00:07Z,2025-12-10,South East,N/A,6606,11011
RZDF,2025-12-09T17:00:00Z,2025-12-09T17:00:07Z,2025-12-10,South West,N/A,4243,7072
RZDF,2025-12-09T17:00:00Z,2025-12-09T17:00:07Z,2025-12-10,Midlands,N/A,4389,7314
RZDF,2025-12-09T17:00:00Z,2025-12-09T17:00:07Z,2025-12-10,North East,N/A,2892,4820
RZDF,2025-12-09T17:00:00Z,2025-12-09T17:00:07Z,2025-12-10,North West,N/A,2809,4682
RZDF,2025-12-09T17:00:00Z,2025-12-09T17:00:07Z,2025-12-10,South Scotland,N/A,1349,2248
RZDF,2025-12-09T17:00:00Z,2025-12-09T17:00:07Z,2025-12-10,North Scotland,N/A,114,190
RZDF,2025-12-09T11:45:00Z,2025-12-09T11:45:04Z,2025-12-10,South East,N/A,6571,10951
RZDF,2025-12-09T11:45:00Z,2025-12-09T11:45:04Z,2025-12-10,South West,N/A,4220,7033
RZDF,2025-12-09T11:45:00Z,2025-12-09T11:45:04Z,2025-12-10,Midlands,N/A,4365,7275
RZDF,2025-12-09T11:45:00Z,2025-12-09T11:45:04Z,2025-12-10,North East,N/A,2876,4794
RZDF,2025-12-09T11:45:00Z,2025-12-09T11:45:04Z,2025-12-10,North West,N/A,2794,4657
RZDF,2025-12-09T11:45:00Z,2025-12-09T11:45:04Z,2025-12-10,South Scotland,N/A,1341,2236
RZDF,2025-12-09T11:45:00Z,2025-12-09T11:45:04Z,2025-12-10,North Scotland,N/A,114,189
RZDF,2025-12-09T09:00:00Z,2025-12-09T09:00:06Z,2025-12-10,South East,N/A,6534,10889
RZDF,2025-12-09T09:00:00Z,2025-12-09T09:00:06Z,2025-12-10,South West,N/A,4196,6994
RZDF,2025-12-09T09:00:00Z,2025-12-09T09:00:06Z,2025-12-10,Midlands,N/A,4340,7234
RZDF,2025-12-09T09:00:00Z,2025-12-09T09:00:06Z,2025-12-10,North East,N/A,2860,4767
RZDF,2025-12-09T09:00:00Z,2025-12-09T09:00:06Z,2025-12-10,North West,N/A,2778,4630
RZDF,2025-12-09T09:00:00Z,2025-12-09T09:00:06Z,2025-12-10,South Scotland,N/A,1334,2223
RZDF,2025-12-09T09:00:00Z,2025-12-09T09:00:06Z,2025-12-10,North Scotland,N/A,113,188
RZDF,2025-12-08T17:00:00Z,2025-12-08T17:00:04Z,2025-12-09,South East,N/A,6421,10702
RZDF,2025-12-08T17:00:00Z,2025-12-08T17:00:04Z,2025-12-09,South West,N/A,4124,6874
RZDF,2025-12-08T17:00:00Z,2025-12-08T17:00:04Z,2025-12-09,Midlands,N/A,4266,7110
RZDF,2025-12-08T17:00:00Z,2025-12-08T17:00:04Z,2025-12-09,North East,N/A,2811,4685
RZDF,2025-12-08T17:00:00Z,2025-12-08T17:00:04Z,2025-12-09,North West,N/A,2731,4551
RZDF,2025-12-08T17:00:00Z,2025-12-08T17:00:04Z,2025-12-09,South Scotland,N/A,1311,2185
RZDF,2025-12-08T17:00:00Z,2025-12-08T17:00:04Z,2025-12-09,North Scotland,N/A,111,185
RZDF,2025-12-08T11:45:00Z,2025-12-08T11:45:06Z,2025-12-09,South East,N/A,6389,10649
RZDF,2025-12-08T11:45:00Z,2025-12-08T11:45:06Z,2025-12-09,South West,N/A,4103,6839
RZDF,2025-12-08T11:45:00Z,2025-12-08T11:45:06Z,2025-12-09,Midlands,N/A,4244,7074
RZDF,2025-12-08T11:45:00Z,2025-12-08T11:45:06Z,2025-12-09,North East,N/A,2797,4662
RZDF,2025-12-08T11:45:00Z,2025-12-08T11:45:06Z,2025-12-09,North West,N/A,2717,4528
RZDF,2025-12-08T11:45:00Z,2025-12-08T11:45:06Z,2025-12-09,South Scotland,N/A,1304,2174
RZDF,2025-12-08T11:45:00Z,2025-12-08T11:45:06Z,2025-12-09,North Scotland,N/A,110,184
RZDF,2025-12-08T09:00:00Z,2025-12-08T09:00:05Z,2025-12-09,South East,N/A,6381,10635
RZDF,2025-12-08T09:00:00Z,2025-12-08T09:00:05Z,2025-12-09,South West,N/A,4098,6831
RZDF,2025-12-08T09:00:00Z,2025-12-08T09:00:05Z,2025-12-09,Midlands,N/A,4239,7065
RZDF,2025-12-08T09:00:00Z,2025-12-08T09:00:05Z,2025-12-09,North East,N/A,2794,4656
RZDF,2025-12-08T09:00:00Z,2025-12-08T09:00:05Z,2025-12-09,North West,N/A,2713,4522
RZDF,2025-12-08T09:00:00Z,2025-12-08T09:00:05Z,2025-12-09,South Scotland,N/A,1303,2171
RZDF,2025-12-08T09:00:00Z,2025-12-08T09:00:05Z,2025-12-09,North Scotland,N/A,110,184
RZDF,2025-12-07T17:00:00Z,2025-12-07T17:00:06Z,2025-12-08,South East,N/A,6851,11419
RZDF,2025-12-07T17:00:00Z,2025-12-07T17:00:06Z,2025-12-08,South West,N/A,4400,7334
RZDF,2025-12-07T17:00:00Z,2025-12-07T17:00:06Z,2025-12-08,Midlands,N/A,4551,7585
RZDF,2025-12-07T17:00:00Z,2025-12-07T17:00:06Z,2025-12-08,North East,N/A,2999,4999
RZDF,2025-12-07T17:00:00Z,2025-12-07T17:00:06Z,2025-12-08,North West,N/A,2913,4856
RZDF,2025-12-07T17:00:00Z,2025-12-07T17:00:06Z,2025-12-08,South Scotland,N/A,1399,2331
RZDF,2025-12-07T17:00:00Z,2025-12-07T17:00:06Z,2025-12-08,North Scotland,N/A,118,197
RZDF,2025-12-07T11:45:00Z,2025-12-07T11:45:04Z,2025-12-08,South East,N/A,6837,11396
RZDF,2025-12-07T11:45:00Z,2025-12-07T11:45:04Z,2025-12-08,South West,N/A,4391,7319
RZDF,2025-12-07T11:45:00Z,2025-12-07T11:45:04Z,2025-12-08,Midlands,N/A,4542,7570
RZDF,2025-12-07T11:45:00Z,2025-12-07T11:45:04Z,2025-12-08,North East,N/A,2993,4989
RZDF,2025-12-07T11:45:00Z,2025-12-07T11:45:04Z,2025-12-08,North West,N/A,2907,4846
RZDF,2025-12-07T11:45:00Z,2025-12-07T11:45:04Z,2025-12-08,South Scotland,N/A,1396,2326
RZDF,2025-12-07T11:45:00Z,2025-12-07T11:45:04Z,2025-12-08,North Scotland,N/A,118,197
RZDF,2025-12-07T09:00:00Z,2025-12-07T09:00:06Z,2025-12-08,South East,N/A,6803,11339
RZDF,2025-12-07T09:00:00Z,2025-12-07T09:00:06Z,2025-12-08,South West,N/A,4369,7282
RZDF,2025-12-07T09:00:00Z,2025-12-07T09:00:06Z,2025-12-08,Midlands,N/A,4519,7532
RZDF,2025-12-07T09:00:00Z,2025-12-07T09:00:06Z,2025-12-08,North East,N/A,2978,4964
RZDF,2025-12-07T09:00:00Z,2025-12-07T09:00:06Z,2025-12-08,North West,N/A,2893,4822
RZDF,2025-12-07T09:00:00Z,2025-12-07T09:00:06Z,2025-12-08,South Scotland,N/A,1389,2315
RZDF,2025-12-07T09:00:00Z,2025-12-07T09:00:06Z,2025-12-08,North Scotland,N/A,118,196
RZDF,2025-12-06T17:00:00Z,2025-12-06T17:00:04Z,2025-12-07,South East,N/A,6302,10503
RZDF,2025-12-06T17:00:00Z,2025-12-06T17:00:04Z,2025-12-07,South West,N/A,4047,6745
RZDF,2025-12-06T17:00:00Z,2025-12-06T17:00:04Z,2025-12-07,Midlands,N/A,4186,6977
RZDF,2025-12-06T17:00:00Z,2025-12-06T17:00:04Z,2025-12-07,North East,N/A,2759,4598
RZDF,2025-12-06T17:00:00Z,2025-12-06T17:00:04Z,2025-12-07,North West,N/A,2680,4466
RZDF,2025-12-06T17:00:00Z,2025-12-06T17:00:04Z,2025-12-07,South Scotland,N/A,1286,2144
RZDF,2025-12-06T17:00:00Z,2025-12-06T17:00:04Z,2025-12-07,North Scotland,N/A,109,182
RZDF,2025-12-06T11:45:00Z,2025-12-06T11:45:04Z,2025-12-07,South East,N/A,6372,10619
RZDF,2025-12-06T11:45:00Z,2025-12-06T11:45:04Z,2025-12-07,South West,N/A,4092,6820
RZDF,2025-12-06T11:45:00Z,2025-12-06T11:45:04Z,2025-12-07,Midlands,N/A,4233,7054
RZDF,2025-12-06T11:45:00Z,2025-12-06T11:45:04Z,2025-12-07,North East,N/A,2789,4649
RZDF,2025-12-06T11:45:00Z,2025-12-06T11:45:04Z,2025-12-07,North West,N/A,2709,4516
RZDF,2025-12-06T11:45:00Z,2025-12-06T11:45:04Z,2025-12-07,South Scotland,N/A,1301,2168
RZDF,2025-12-06T11:45:00Z,2025-12-06T11:45:04Z,2025-12-07,North Scotland,N/A,110,184
RZDF,2025-12-06T09:00:00Z,2025-12-06T09:00:06Z,2025-12-07,South East,N/A,6326,10543
RZDF,2025-12-06T09:00:00Z,2025-12-06T09:00:06Z,2025-12-07,South West,N/A,4063,6771
RZDF,2025-12-06T09:00:00Z,2025-12-06T09:00:06Z,2025-12-07,Midlands,N/A,4202,7004
RZDF,2025-12-06T09:00:00Z,2025-12-06T09:00:06Z,2025-12-07,North East,N/A,2769,4615
RZDF,2025-12-06T09:00:00Z,2025-12-06T09:00:06Z,2025-12-07,North West,N/A,2690,4483
RZDF,2025-12-06T09:00:00Z,2025-12-06T09:00:06Z,2025-12-07,South Scotland,N/A,1291,2152
RZDF,2025-12-06T09:00:00Z,2025-12-06T09:00:06Z,2025-12-07,North Scotland,N/A,109,182
RZDF,2025-12-05T17:00:00Z,2025-12-05T17:00:04Z,2025-12-06,South East,N/A,6625,11042
RZDF,2025-12-05T17:00:00Z,2025-12-05T17:00:04Z,2025-12-06,South West,N/A,4255,7092
RZDF,2025-12-05T17:00:00Z,2025-12-05T17:00:04Z,2025-12-06,Midlands,N/A,4401,7335
RZDF,2025-12-05T17:00:00Z,2025-12-05T17:00:04Z,2025-12-06,North East,N/A,2900,4834
RZDF,2025-12-05T17:00:00Z,2025-12-05T17:00:04Z,2025-12-06,North West,N/A,2817,4695
RZDF,2025-12-05T17:00:00Z,2025-12-05T17:00:04Z,2025-12-06,South Scotland,N/A,1352,2254
RZDF,2025-12-05T17:00:00Z,2025-12-05T17:00:04Z,2025-12-06,North Scotland,N/A,115,191
RZDF,2025-12-05T11:45:00Z,2025-12-05T11:45:05Z,2025-12-06,South East,N/A,6674,11123
RZDF,2025-12-05T11:45:00Z,2025-12-05T11:45:05Z,2025-12-06,South West,N/A,4286,7144
RZDF,2025-12-05T11:45:00Z,2025-12-05T11:45:05Z,2025-12-06,Midlands,N/A,4433,7389
RZDF,2025-12-05T11:45:00Z,2025-12-05T11:45:05Z,2025-12-06,North East,N/A,2922,4870
RZDF,2025-12-05T11:45:00Z,2025-12-05T11:45:05Z,2025-12-06,North West,N/A,2838,4730
RZDF,2025-12-05T11:45:00Z,2025-12-05T11:45:05Z,2025-12-06,South Scotland,N/A,1362,2271
RZDF,2025-12-05T11:45:00Z,2025-12-05T11:45:05Z,2025-12-06,North Scotland,N/A,115,192
RZDF,2025-12-05T09:00:00Z,2025-12-05T09:00:05Z,2025-12-06,South East,N/A,6691,11152
RZDF,2025-12-05T09:00:00Z,2025-12-05T09:00:05Z,2025-12-06,South West,N/A,4297,7162
RZDF,2025-12-05T09:00:00Z,2025-12-05T09:00:05Z,2025-12-06,Midlands,N/A,4445,7408
RZDF,2025-12-05T09:00:00Z,2025-12-05T09:00:05Z,2025-12-06,North East,N/A,2929,4882
RZDF,2025-12-05T09:00:00Z,2025-12-05T09:00:05Z,2025-12-06,North West,N/A,2845,4742
RZDF,2025-12-05T09:00:00Z,2025-12-05T09:00:05Z,2025-12-06,South Scotland,N/A,1366,2276
RZDF,2025-12-05T09:00:00Z,2025-12-05T09:00:05Z,2025-12-06,North Scotland,N/A,116,193
RZDF,2025-12-04T17:00:00Z,2025-12-04T17:00:10Z,2025-12-05,South East,N/A,6823,11372
RZDF,2025-12-04T17:00:00Z,2025-12-04T17:00:10Z,2025-12-05,South West,N/A,4382,7304
RZDF,2025-12-04T17:00:00Z,2025-12-04T17:00:10Z,2025-12-05,Midlands,N/A,4533,7554
RZDF,2025-12-04T17:00:00Z,2025-12-04T17:00:10Z,2025-12-05,North East,N/A,2987,4978
RZDF,2025-12-04T17:00:00Z,2025-12-04T17:00:10Z,2025-12-05,North West,N/A,2901,4836
RZDF,2025-12-04T17:00:00Z,2025-12-04T17:00:10Z,2025-12-05,South Scotland,N/A,1393,2321
RZDF,2025-12-04T17:00:00Z,2025-12-04T17:00:10Z,2025-12-05,North Scotland,N/A,118,197
RZDF,2025-12-04T11:45:00Z,2025-12-04T11:45:05Z,2025-12-05,South East,N/A,6788,11313
RZDF,2025-12-04T11:45:00Z,2025-12-04T11:45:05Z,2025-12-05,South West,N/A,4360,7266
RZDF,2025-12-04T11:45:00Z,2025-12-04T11:45:05Z,2025-12-05,Midlands,N/A,4509,7515
RZDF,2025-12-04T11:45:00Z,2025-12-04T11:45:05Z,2025-12-05,North East,N/A,2972,4953
RZDF,2025-12-04T11:45:00Z,2025-12-04T11:45:05Z,2025-12-05,North West,N/A,2886,4811
RZDF,2025-12-04T11:45:00Z,2025-12-04T11:45:05Z,2025-12-05,South Scotland,N/A,1386,2309
RZDF,2025-12-04T11:45:00Z,2025-12-04T11:45:05Z,2025-12-05,North Scotland,N/A,117,196
RZDF,2025-12-04T09:00:00Z,2025-12-04T09:00:09Z,2025-12-05,South East,N/A,6738,11230
RZDF,2025-12-04T09:00:00Z,2025-12-04T09:00:09Z,2025-12-05,South West,N/A,4327,7212
RZDF,2025-12-04T09:00:00Z,2025-12-04T09:00:09Z,2025-12-05,Midlands,N/A,4476,7460
RZDF,2025-12-04T09:00:00Z,2025-12-04T09:00:09Z,2025-12-05,North East,N/A,2950,4916
RZDF,2025-12-04T09:00:00Z,2025-12-04T09:00:09Z,2025-12-05,North West,N/A,2865,4775
RZDF,2025-12-04T09:00:00Z,2025-12-04T09:00:09Z,2025-12-05,South Scotland,N/A,1375,2292
RZDF,2025-12-04T09:00:00Z,2025-12-04T09:00:09Z,2025-12-05,North Scotland,N/A,117,194
RZDF,2025-12-03T17:00:00Z,2025-12-03T17:00:05Z,2025-12-04,South East,N/A,7438,12397
RZDF,2025-12-03T17:00:00Z,2025-12-03T17:00:05Z,2025-12-04,South West,N/A,4777,7962
RZDF,2025-12-03T17:00:00Z,2025-12-03T17:00:05Z,2025-12-04,Midlands,N/A,4941,8235
RZDF,2025-12-03T17:00:00Z,2025-12-03T17:00:05Z,2025-12-04,North East,N/A,3256,5427
RZDF,2025-12-03T17:00:00Z,2025-12-03T17:00:05Z,2025-12-04,North West,N/A,3163,5271
RZDF,2025-12-03T17:00:00Z,2025-12-03T17:00:05Z,2025-12-04,South Scotland,N/A,1518,2531
RZDF,2025-12-03T17:00:00Z,2025-12-03T17:00:05Z,2025-12-04,North Scotland,N/A,129,214
RZDF,2025-12-03T11:45:00Z,2025-12-03T11:45:04Z,2025-12-04,South East,N/A,7453,12422
RZDF,2025-12-03T11:45:00Z,2025-12-03T11:45:04Z,2025-12-04,South West,N/A,4787,7978
RZDF,2025-12-03T11:45:00Z,2025-12-03T11:45:04Z,2025-12-04,Midlands,N/A,4951,8252
RZDF,2025-12-03T11:45:00Z,2025-12-03T11:45:04Z,2025-12-04,North East,N/A,3263,5438
RZDF,2025-12-03T11:45:00Z,2025-12-03T11:45:04Z,2025-12-04,North West,N/A,3169,5282
RZDF,2025-12-03T11:45:00Z,2025-12-03T11:45:04Z,2025-12-04,South Scotland,N/A,1521,2536
RZDF,2025-12-03T11:45:00Z,2025-12-03T11:45:04Z,2025-12-04,North Scotland,N/A,129,215
RZDF,2025-12-03T09:00:00Z,2025-12-03T09:00:05Z,2025-12-04,South East,N/A,7464,12440
RZDF,2025-12-03T09:00:00Z,2025-12-03T09:00:05Z,2025-12-04,South West,N/A,4794,7989
RZDF,2025-12-03T09:00:00Z,2025-12-03T09:00:05Z,2025-12-04,Midlands,N/A,4958,8264
RZDF,2025-12-03T09:00:00Z,2025-12-03T09:00:05Z,2025-12-04,North East,N/A,3267,5446
RZDF,2025-12-03T09:00:00Z,2025-12-03T09:00:05Z,2025-12-04,North West,N/A,3174,5290
RZDF,2025-12-03T09:00:00Z,2025-12-03T09:00:05Z,2025-12-04,South Scotland,N/A,1524,2539
RZDF,2025-12-03T09:00:00Z,2025-12-03T09:00:05Z,2025-12-04,North Scotland,N/A,129,215
RZDF,2025-12-02T17:00:00Z,2025-12-02T17:00:07Z,2025-12-03,South East,N/A,7179,11965
RZDF,2025-12-02T17:00:00Z,2025-12-02T17:00:07Z,2025-12-03,South West,N/A,4611,7685
RZDF,2025-12-02T17:00:00Z,2025-12-02T17:00:07Z,2025-12-03,Midlands,N/A,4769,7948
RZDF,2025-12-02T17:00:00Z,2025-12-02T17:00:07Z,2025-12-03,North East,N/A,3143,5238
RZDF,2025-12-02T17:00:00Z,2025-12-02T17:00:07Z,2025-12-03,North West,N/A,3053,5088
RZDF,2025-12-02T17:00:00Z,2025-12-02T17:00:07Z,2025-12-03,South Scotland,N/A,1466,2443
RZDF,2025-12-02T17:00:00Z,2025-12-02T17:00:07Z,2025-12-03,North Scotland,N/A,124,207
RZDF,2025-12-02T11:45:00Z,2025-12-02T11:45:05Z,2025-12-03,South East,N/A,7370,12283
RZDF,2025-12-02T11:45:00Z,2025-12-02T11:45:05Z,2025-12-03,South West,N/A,4733,7889
RZDF,2025-12-02T11:45:00Z,2025-12-02T11:45:05Z,2025-12-03,Midlands,N/A,4896,8160
RZDF,2025-12-02T11:45:00Z,2025-12-02T11:45:05Z,2025-12-03,North East,N/A,3226,5377
RZDF,2025-12-02T11:45:00Z,2025-12-02T11:45:05Z,2025-12-03,North West,N/A,3134,5223
RZDF,2025-12-02T11:45:00Z,2025-12-02T11:45:05Z,2025-12-03,South Scotland,N/A,1504,2507
RZDF,2025-12-02T11:45:00Z,2025-12-02T11:45:05Z,2025-12-03,North Scotland,N/A,127,212
RZDF,2025-12-02T09:00:00Z,2025-12-02T09:00:08Z,2025-12-03,South East,N/A,7349,12248
RZDF,2025-12-02T09:00:00Z,2025-12-02T09:00:08Z,2025-12-03,South West,N/A,4720,7866
RZDF,2025-12-02T09:00:00Z,2025-12-02T09:00:08Z,2025-12-03,Midlands,N/A,4882,8136
RZDF,2025-12-02T09:00:00Z,2025-12-02T09:00:08Z,2025-12-03,North East,N/A,3217,5362
RZDF,2025-12-02T09:00:00Z,2025-12-02T09:00:08Z,2025-12-03,North West,N/A,3125,5208
RZDF,2025-12-02T09:00:00Z,2025-12-02T09:00:08Z,2025-12-03,South Scotland,N/A,1500,2500
RZDF,2025-12-02T09:00:00Z,2025-12-02T09:00:08Z,2025-12-03,North Scotland,N/A,127,212
RZDF,2025-12-01T17:00:00Z,2025-12-01T17:00:06Z,2025-12-02,South East,N/A,7441,12402
RZDF,2025-12-01T17:00:00Z,2025-12-01T17:00:06Z,2025-12-02,South West,N/A,4779,7965
RZDF,2025-12-01T17:00:00Z,2025-12-01T17:00:06Z,2025-12-02,Midlands,N/A,4943,8239
RZDF,2025-12-01T17:00:00Z,2025-12-01T17:00:06Z,2025-12-02,North East,N/A,3258,5429
RZDF,2025-12-01T17:00:00Z,2025-12-01T17:00:06Z,2025-12-02,North West,N/A,3164,5274
RZDF,2025-12-01T17:00:00Z,2025-12-01T17:00:06Z,2025-12-02,South Scotland,N/A,1519,2532
RZDF,2025-12-01T17:00:00Z,2025-12-01T17:00:06Z,2025-12-02,North Scotland,N/A,129,214
RZDF,2025-12-01T11:45:00Z,2025-12-01T11:45:05Z,2025-12-02,South East,N/A,7330,12217
RZDF,2025-12-01T11:45:00Z,2025-12-01T11:45:05Z,2025-12-02,South West,N/A,4708,7847
RZDF,2025-12-01T11:45:00Z,2025-12-01T11:45:05Z,2025-12-02,Midlands,N/A,4869,8116
RZDF,2025-12-01T11:45:00Z,2025-12-01T11:45:05Z,2025-12-02,North East,N/A,3209,5348
RZDF,2025-12-01T11:45:00Z,2025-12-01T11:45:05Z,2025-12-02,North West,N/A,3117,5195
RZDF,2025-12-01T11:45:00Z,2025-12-01T11:45:05Z,2025-12-02,South Scotland,N/A,1496,2494
RZDF,2025-12-01T11:45:00Z,2025-12-01T11:45:05Z,2025-12-02,North Scotland,N/A,127,211
RZDF,2025-12-01T09:00:00Z,2025-12-01T09:00:08Z,2025-12-02,South East,N/A,7367,12278
RZDF,2025-12-01T09:00:00Z,2025-12-01T09:00:08Z,2025-12-02,South West,N/A,4731,7885
RZDF,2025-12-01T09:00:00Z,2025-12-01T09:00:08Z,2025-12-02,Midlands,N/A,4894,8156
RZDF,2025-12-01T09:00:00Z,2025-12-01T09:00:08Z,2025-12-02,North East,N/A,3225,5375
RZDF,2025-12-01T09:00:00Z,2025-12-01T09:00:08Z,2025-12-02,North West,N/A,3132,5221
RZDF,2025-12-01T09:00:00Z,2025-12-01T09:00:08Z,2025-12-02,South Scotland,N/A,1504,2506
RZDF,2025-12-01T09:00:00Z,2025-12-01T09:00:08Z,2025-12-02,North Scotland,N/A,127,212
RZDF,2025-11-30T17:00:00Z,2025-11-30T17:00:06Z,2025-12-01,South East,N/A,6931,11551
RZDF,2025-11-30T17:00:00Z,2025-11-30T17:00:06Z,2025-12-01,South West,N/A,4451,7419
RZDF,2025-11-30T17:00:00Z,2025-11-30T17:00:06Z,2025-12-01,Midlands,N/A,4604,7673
RZDF,2025-11-30T17:00:00Z,2025-11-30T17:00:06Z,2025-12-01,North East,N/A,3034,5057
RZDF,2025-11-30T17:00:00Z,2025-11-30T17:00:06Z,2025-12-01,North West,N/A,2947,4912
RZDF,2025-11-30T17:00:00Z,2025-11-30T17:00:06Z,2025-12-01,South Scotland,N/A,1415,2358
RZDF,2025-11-30T17:00:00Z,2025-11-30T17:00:06Z,2025-12-01,North Scotland,N/A,120,200
RZDF,2025-11-30T11:45:00Z,2025-11-30T11:45:05Z,2025-12-01,South East,N/A,7014,11690
RZDF,2025-11-30T11:45:00Z,2025-11-30T11:45:05Z,2025-12-01,South West,N/A,4505,7508
RZDF,2025-11-30T11:45:00Z,2025-11-30T11:45:05Z,2025-12-01,Midlands,N/A,4659,7766
RZDF,2025-11-30T11:45:00Z,2025-11-30T11:45:05Z,2025-12-01,North East,N/A,3071,5118
RZDF,2025-11-30T11:45:00Z,2025-11-30T11:45:05Z,2025-12-01,North West,N/A,2983,4971
RZDF,2025-11-30T11:45:00Z,2025-11-30T11:45:05Z,2025-12-01,South Scotland,N/A,1432,2386
RZDF,2025-11-30T11:45:00Z,2025-11-30T11:45:05Z,2025-12-01,North Scotland,N/A,121,202
RZDF,2025-11-30T09:00:00Z,2025-11-30T09:00:05Z,2025-12-01,South East,N/A,7059,11766
RZDF,2025-11-30T09:00:00Z,2025-11-30T09:00:05Z,2025-12-01,South West,N/A,4534,7557
RZDF,2025-11-30T09:00:00Z,2025-11-30T09:00:05Z,2025-12-01,Midlands,N/A,4690,7816
RZDF,2025-11-30T09:00:00Z,2025-11-30T09:00:05Z,2025-12-01,North East,N/A,3090,5151
RZDF,2025-11-30T09:00:00Z,2025-11-30T09:00:05Z,2025-12-01,North West,N/A,3002,5003
RZDF,2025-11-30T09:00:00Z,2025-11-30T09:00:05Z,2025-12-01,South Scotland,N/A,1441,2402
RZDF,2025-11-30T09:00:00Z,2025-11-30T09:00:05Z,2025-12-01,North Scotland,N/A,122,203
RZDF,2025-11-29T17:00:00Z,2025-11-29T17:00:05Z,2025-11-30,South East,N/A,7202,12003
RZDF,2025-11-29T17:00:00Z,2025-11-29T17:00:05Z,2025-11-30,South West,N/A,4625,7709
RZDF,2025-11-29T17:00:00Z,2025-11-29T17:00:05Z,2025-11-30,Midlands,N/A,4784,7973
RZDF,2025-11-29T17:00:00Z,2025-11-29T17:00:05Z,2025-11-30,North East,N/A,3153,5254
RZDF,2025-11-29T17:00:00Z,2025-11-29T17:00:05Z,2025-11-30,North West,N/A,3062,5104
RZDF,2025-11-29T17:00:00Z,2025-11-29T17:00:05Z,2025-11-30,South Scotland,N/A,1470,2450
RZDF,2025-11-29T17:00:00Z,2025-11-29T17:00:05Z,2025-11-30,North Scotland,N/A,125,208
RZDF,2025-11-29T11:45:00Z,2025-11-29T11:45:04Z,2025-11-30,South East,N/A,7093,11822
RZDF,2025-11-29T11:45:00Z,2025-11-29T11:45:04Z,2025-11-30,South West,N/A,4556,7593
RZDF,2025-11-29T11:45:00Z,2025-11-29T11:45:04Z,2025-11-30,Midlands,N/A,4712,7853
RZDF,2025-11-29T11:45:00Z,2025-11-29T11:45:04Z,2025-11-30,North East,N/A,3105,5175
RZDF,2025-11-29T11:45:00Z,2025-11-29T11:45:04Z,2025-11-30,North West,N/A,3016,5027
RZDF,2025-11-29T11:45:00Z,2025-11-29T11:45:04Z,2025-11-30,South Scotland,N/A,1448,2413
RZDF,2025-11-29T11:45:00Z,2025-11-29T11:45:04Z,2025-11-30,North Scotland,N/A,123,204
RZDF,2025-11-29T09:00:00Z,2025-11-29T09:00:07Z,2025-11-30,South East,N/A,7051,11751
RZDF,2025-11-29T09:00:00Z,2025-11-29T09:00:07Z,2025-11-30,South West,N/A,4528,7547
RZDF,2025-11-29T09:00:00Z,2025-11-29T09:00:07Z,2025-11-30,Midlands,N/A,4684,7806
RZDF,2025-11-29T09:00:00Z,2025-11-29T09:00:07Z,2025-11-30,North East,N/A,3087,5144
RZDF,2025-11-29T09:00:00Z,2025-11-29T09:00:07Z,2025-11-30,North West,N/A,2998,4997
RZDF,2025-11-29T09:00:00Z,2025-11-29T09:00:07Z,2025-11-30,South Scotland,N/A,1439,2399
RZDF,2025-11-29T09:00:00Z,2025-11-29T09:00:07Z,2025-11-30,North Scotland,N/A,122,203
RZDF,2025-11-28T17:00:00Z,2025-11-28T17:00:09Z,2025-11-29,South East,N/A,6666,11111
RZDF,2025-11-28T17:00:00Z,2025-11-28T17:00:09Z,2025-11-29,South West,N/A,4282,7136
RZDF,2025-11-28T17:00:00Z,2025-11-28T17:00:09Z,2025-11-29,Midlands,N/A,4428,7381
RZDF,2025-11-28T17:00:00Z,2025-11-28T17:00:09Z,2025-11-29,North East,N/A,2918,4864
RZDF,2025-11-28T17:00:00Z,2025-11-28T17:00:09Z,2025-11-29,North West,N/A,2835,4725
RZDF,2025-11-28T17:00:00Z,2025-11-28T17:00:09Z,2025-11-29,South Scotland,N/A,1361,2268
RZDF,2025-11-28T17:00:00Z,2025-11-28T17:00:09Z,2025-11-29,North Scotland,N/A,115,192
RZDF,2025-11-28T11:45:00Z,2025-11-28T11:45:05Z,2025-11-29,South East,N/A,66,110
RZDF,2025-11-28T11:45:00Z,2025-11-28T11:45:05Z,2025-11-29,South West,N/A,42,71
RZDF,2025-11-28T11:45:00Z,2025-11-28T11:45:05Z,2025-11-29,Midlands,N/A,44,73
RZDF,2025-11-28T11:45:00Z,2025-11-28T11:45:05Z,2025-11-29,North East,N/A,29,48
RZDF,2025-11-28T11:45:00Z,2025-11-28T11:45:05Z,2025-11-29,North West,N/A,28,47
RZDF,2025-11-28T11:45:00Z,2025-11-28T11:45:05Z,2025-11-29,South Scotland,N/A,13,22
RZDF,2025-11-28T11:45:00Z,2025-11-28T11:45:05Z,2025-11-29,North Scotland,N/A,1,2
RZDF,2025-11-28T09:00:00Z,2025-11-28T09:00:05Z,2025-11-29,South East,N/A,65,109
RZDF,2025-11-28T09:00:00Z,2025-11-28T09:00:05Z,2025-11-29,South West,N/A,42,70
RZDF,2025-11-28T09:00:00Z,2025-11-28T09:00:05Z,2025-11-29,Midlands,N/A,43,72
RZDF,2025-11-28T09:00:00Z,2025-11-28T09:00:05Z,2025-11-29,North East,N/A,29,48
RZDF,2025-11-28T09:00:00Z,2025-11-28T09:00:05Z,2025-11-29,North West,N/A,28,46
RZDF,2025-11-28T09:00:00Z,2025-11-28T09:00:05Z,2025-11-29,South Scotland,N/A,13,22
RZDF,2025-11-28T09:00:00Z,2025-11-28T09:00:05Z,2025-11-29,North Scotland,N/A,1,2
RZDF,2025-11-27T17:00:00Z,2025-11-27T17:00:04Z,2025-11-28,South East,N/A,69,116
RZDF,2025-11-27T17:00:00Z,2025-11-27T17:00:04Z,2025-11-28,South West,N/A,45,74
RZDF,2025-11-27T17:00:00Z,2025-11-27T17:00:04Z,2025-11-28,Midlands,N/A,46,77
RZDF,2025-11-27T17:00:00Z,2025-11-27T17:00:04Z,2025-11-28,North East,N/A,30,51
RZDF,2025-11-27T17:00:00Z,2025-11-27T17:00:04Z,2025-11-28,North West,N/A,30,49
RZDF,2025-11-27T17:00:00Z,2025-11-27T17:00:04Z,2025-11-28,South Scotland,N/A,14,24
RZDF,2025-11-27T17:00:00Z,2025-11-27T17:00:04Z,2025-11-28,North Scotland,N/A,1,2
RZDF,2025-11-27T11:45:00Z,2025-11-27T11:45:04Z,2025-11-28,South East,N/A,68,114
RZDF,2025-11-27T11:45:00Z,2025-11-27T11:45:04Z,2025-11-28,South West,N/A,44,73
RZDF,2025-11-27T11:45:00Z,2025-11-27T11:45:04Z,2025-11-28,Midlands,N/A,45,76
RZDF,2025-11-27T11:45:00Z,2025-11-27T11:45:04Z,2025-11-28,North East,N/A,30,50
RZDF,2025-11-27T11:45:00Z,2025-11-27T11:45:04Z,2025-11-28,North West,N/A,29,48
RZDF,2025-11-27T11:45:00Z,2025-11-27T11:45:04Z,2025-11-28,South Scotland,N/A,14,23
RZDF,2025-11-27T11:45:00Z,2025-11-27T11:45:04Z,2025-11-28,North Scotland,N/A,1,2
RZDF,2025-11-27T09:00:00Z,2025-11-27T09:00:04Z,2025-11-28,South East,N/A,68,114
RZDF,2025-11-27T09:00:00Z,2025-11-27T09:00:04Z,2025-11-28,South West,N/A,44,73
RZDF,2025-11-27T09:00:00Z,2025-11-27T09:00:04Z,2025-11-28,Midlands,N/A,45,76
RZDF,2025-11-27T09:00:00Z,2025-11-27T09:00:04Z,2025-11-28,North East,N/A,30,50
RZDF,2025-11-27T09:00:00Z,2025-11-27T09:00:04Z,2025-11-28,North West,N/A,29,48
RZDF,2025-11-27T09:00:00Z,2025-11-27T09:00:04Z,2025-11-28,South Scotland,N/A,14,23
RZDF,2025-11-27T09:00:00Z,2025-11-27T09:00:04Z,2025-11-28,North Scotland,N/A,1,2
RZDF,2025-11-26T17:00:00Z,2025-11-26T17:00:06Z,2025-11-27,South East,N/A,68,114
RZDF,2025-11-26T17:00:00Z,2025-11-26T17:00:06Z,2025-11-27,South West,N/A,44,73
RZDF,2025-11-26T17:00:00Z,2025-11-26T17:00:06Z,2025-11-27,Midlands,N/A,45,76
RZDF,2025-11-26T17:00:00Z,2025-11-26T17:00:06Z,2025-11-27,North East,N/A,30,50
RZDF,2025-11-26T17:00:00Z,2025-11-26T17:00:06Z,2025-11-27,North West,N/A,29,48
RZDF,2025-11-26T17:00:00Z,2025-11-26T17:00:06Z,2025-11-27,South Scotland,N/A,14,23
RZDF,2025-11-26T17:00:00Z,2025-11-26T17:00:06Z,2025-11-27,North Scotland,N/A,1,2
RZDF,2025-11-26T11:45:00Z,2025-11-26T11:45:05Z,2025-11-27,South East,N/A,69,114
RZDF,2025-11-26T11:45:00Z,2025-11-26T11:45:05Z,2025-11-27,South West,N/A,44,73
RZDF,2025-11-26T11:45:00Z,2025-11-26T11:45:05Z,2025-11-27,Midlands,N/A,46,76
RZDF,2025-11-26T11:45:00Z,2025-11-26T11:45:05Z,2025-11-27,North East,N/A,30,50
RZDF,2025-11-26T11:45:00Z,2025-11-26T11:45:05Z,2025-11-27,North West,N/A,29,49
RZDF,2025-11-26T11:45:00Z,2025-11-26T11:45:05Z,2025-11-27,South Scotland,N/A,14,23
RZDF,2025-11-26T11:45:00Z,2025-11-26T11:45:05Z,2025-11-27,North Scotland,N/A,1,2
RZDF,2025-11-26T09:00:00Z,2025-11-26T09:00:05Z,2025-11-27,South East,N/A,68,114
RZDF,2025-11-26T09:00:00Z,2025-11-26T09:00:05Z,2025-11-27,South West,N/A,44,73
RZDF,2025-11-26T09:00:00Z,2025-11-26T09:00:05Z,2025-11-27,Midlands,N/A,45,76
RZDF,2025-11-26T09:00:00Z,2025-11-26T09:00:05Z,2025-11-27,North East,N/A,30,50
RZDF,2025-11-26T09:00:00Z,2025-11-26T09:00:05Z,2025-11-27,North West,N/A,29,49
RZDF,2025-11-26T09:00:00Z,2025-11-26T09:00:05Z,2025-11-27,South Scotland,N/A,14,23
RZDF,2025-11-26T09:00:00Z,2025-11-26T09:00:05Z,2025-11-27,North Scotland,N/A,1,2
RZDF,2025-11-25T17:00:00Z,2025-11-25T17:00:06Z,2025-11-26,South East,N/A,75,126
RZDF,2025-11-25T17:00:00Z,2025-11-25T17:00:06Z,2025-11-26,South West,N/A,48,81
RZDF,2025-11-25T17:00:00Z,2025-11-25T17:00:06Z,2025-11-26,Midlands,N/A,50,83
RZDF,2025-11-25T17:00:00Z,2025-11-25T17:00:06Z,2025-11-26,North East,N/A,33,55
RZDF,2025-11-25T17:00:00Z,2025-11-25T17:00:06Z,2025-11-26,North West,N/A,32,53
RZDF,2025-11-25T17:00:00Z,2025-11-25T17:00:06Z,2025-11-26,South Scotland,N/A,15,26
RZDF,2025-11-25T17:00:00Z,2025-11-25T17:00:06Z,2025-11-26,North Scotland,N/A,1,2
RZDF,2025-11-25T11:45:00Z,2025-11-25T11:45:08Z,2025-11-26,South East,N/A,75,125
RZDF,2025-11-25T11:45:00Z,2025-11-25T11:45:08Z,2025-11-26,South West,N/A,48,81
RZDF,2025-11-25T11:45:00Z,2025-11-25T11:45:08Z,2025-11-26,Midlands,N/A,50,83
RZDF,2025-11-25T11:45:00Z,2025-11-25T11:45:08Z,2025-11-26,North East,N/A,33,55
RZDF,2025-11-25T11:45:00Z,2025-11-25T11:45:08Z,2025-11-26,North West,N/A,32,53
RZDF,2025-11-25T11:45:00Z,2025-11-25T11:45:08Z,2025-11-26,South Scotland,N/A,15,26
RZDF,2025-11-25T11:45:00Z,2025-11-25T11:45:08Z,2025-11-26,North Scotland,N/A,1,2
RZDF,2025-11-25T09:00:00Z,2025-11-25T09:00:05Z,2025-11-26,South East,N/A,75,124
RZDF,2025-11-25T09:00:00Z,2025-11-25T09:00:05Z,2025-11-26,South West,N/A,48,80
RZDF,2025-11-25T09:00:00Z,2025-11-25T09:00:05Z,2025-11-26,Midlands,N/A,50,83
RZDF,2025-11-25T09:00:00Z,2025-11-25T09:00:05Z,2025-11-26,North East,N/A,33,54
RZDF,2025-11-25T09:00:00Z,2025-11-25T09:00:05Z,2025-11-26,North West,N/A,32,53
RZDF,2025-11-25T09:00:00Z,2025-11-25T09:00:05Z,2025-11-26,South Scotland,N/A,15,25
RZDF,2025-11-25T09:00:00Z,2025-11-25T09:00:05Z,2025-11-26,North Scotland,N/A,1,2
RZDF,2025-11-24T17:00:00Z,2025-11-24T17:00:06Z,2025-11-25,South East,N/A,77,129
RZDF,2025-11-24T17:00:00Z,2025-11-24T17:00:06Z,2025-11-25,South West,N/A,50,83
RZDF,2025-11-24T17:00:00Z,2025-11-24T17:00:06Z,2025-11-25,Midlands,N/A,51,85
RZDF,2025-11-24T17:00:00Z,2025-11-24T17:00:06Z,2025-11-25,North East,N/A,34,56
RZDF,2025-11-24T17:00:00Z,2025-11-24T17:00:06Z,2025-11-25,North West,N/A,33,55
RZDF,2025-11-24T17:00:00Z,2025-11-24T17:00:06Z,2025-11-25,South Scotland,N/A,16,26
RZDF,2025-11-24T17:00:00Z,2025-11-24T17:00:06Z,2025-11-25,North Scotland,N/A,1,2
RZDF,2025-11-24T11:45:00Z,2025-11-24T11:45:04Z,2025-11-25,South East,N/A,77,128
RZDF,2025-11-24T11:45:00Z,2025-11-24T11:45:04Z,2025-11-25,South West,N/A,49,82
RZDF,2025-11-24T11:45:00Z,2025-11-24T11:45:04Z,2025-11-25,Midlands,N/A,51,85
RZDF,2025-11-24T11:45:00Z,2025-11-24T11:45:04Z,2025-11-25,North East,N/A,34,56
RZDF,2025-11-24T11:45:00Z,2025-11-24T11:45:04Z,2025-11-25,North West,N/A,33,55
RZDF,2025-11-24T11:45:00Z,2025-11-24T11:45:04Z,2025-11-25,South Scotland,N/A,16,26
RZDF,2025-11-24T11:45:00Z,2025-11-24T11:45:04Z,2025-11-25,North Scotland,N/A,1,2
RZDF,2025-11-24T09:00:00Z,2025-11-24T09:00:05Z,2025-11-25,South East,N/A,77,129
RZDF,2025-11-24T09:00:00Z,2025-11-24T09:00:05Z,2025-11-25,South West,N/A,50,83
RZDF,2025-11-24T09:00:00Z,2025-11-24T09:00:05Z,2025-11-25,Midlands,N/A,51,86
RZDF,2025-11-24T09:00:00Z,2025-11-24T09:00:05Z,2025-11-25,North East,N/A,34,56
RZDF,2025-11-24T09:00:00Z,2025-11-24T09:00:05Z,2025-11-25,North West,N/A,33,55
RZDF,2025-11-24T09:00:00Z,2025-11-24T09:00:05Z,2025-11-25,South Scotland,N/A,16,26
RZDF,2025-11-24T09:00:00Z,2025-11-24T09:00:05Z,2025-11-25,North Scotland,N/A,1,2
RZDF,2025-11-23T17:00:00Z,2025-11-23T17:00:06Z,2025-11-24,South East,N/A,74,123
RZDF,2025-11-23T17:00:00Z,2025-11-23T17:00:06Z,2025-11-24,South West,N/A,48,79
RZDF,2025-11-23T17:00:00Z,2025-11-23T17:00:06Z,2025-11-24,Midlands,N/A,49,82
RZDF,2025-11-23T17:00:00Z,2025-11-23T17:00:06Z,2025-11-24,North East,N/A,32,54
RZDF,2025-11-23T17:00:00Z,2025-11-23T17:00:06Z,2025-11-24,North West,N/A,31,52
RZDF,2025-11-23T17:00:00Z,2025-11-23T17:00:06Z,2025-11-24,South Scotland,N/A,15,25
RZDF,2025-11-23T17:00:00Z,2025-11-23T17:00:06Z,2025-11-24,North Scotland,N/A,1,2
RZDF,2025-11-23T11:45:00Z,2025-11-23T11:45:05Z,2025-11-24,South East,N/A,74,123
RZDF,2025-11-23T11:45:00Z,2025-11-23T11:45:05Z,2025-11-24,South West,N/A,47,79
RZDF,2025-11-23T11:45:00Z,2025-11-23T11:45:05Z,2025-11-24,Midlands,N/A,49,82
RZDF,2025-11-23T11:45:00Z,2025-11-23T11:45:05Z,2025-11-24,North East,N/A,32,54
RZDF,2025-11-23T11:45:00Z,2025-11-23T11:45:05Z,2025-11-24,North West,N/A,31,52
RZDF,2025-11-23T11:45:00Z,2025-11-23T11:45:05Z,2025-11-24,South Scotland,N/A,15,25
RZDF,2025-11-23T11:45:00Z,2025-11-23T11:45:05Z,2025-11-24,North Scotland,N/A,1,2
RZDF,2025-11-23T09:00:00Z,2025-11-23T09:00:05Z,2025-11-24,South East,N/A,74,123
RZDF,2025-11-23T09:00:00Z,2025-11-23T09:00:05Z,2025-11-24,South West,N/A,47,79
RZDF,2025-11-23T09:00:00Z,2025-11-23T09:00:05Z,2025-11-24,Midlands,N/A,49,82
RZDF,2025-11-23T09:00:00Z,2025-11-23T09:00:05Z,2025-11-24,North East,N/A,32,54
RZDF,2025-11-23T09:00:00Z,2025-11-23T09:00:05Z,2025-11-24,North West,N/A,31,52
RZDF,2025-11-23T09:00:00Z,2025-11-23T09:00:05Z,2025-11-24,South Scotland,N/A,15,25
RZDF,2025-11-23T09:00:00Z,2025-11-23T09:00:05Z,2025-11-24,North Scotland,N/A,1,2
RZDF,2025-11-22T17:00:00Z,2025-11-22T17:00:05Z,2025-11-23,South East,N/A,72,119
RZDF,2025-11-22T17:00:00Z,2025-11-22T17:00:05Z,2025-11-23,South West,N/A,46,77
RZDF,2025-11-22T17:00:00Z,2025-11-22T17:00:05Z,2025-11-23,Midlands,N/A,48,79
RZDF,2025-11-22T17:00:00Z,2025-11-22T17:00:05Z,2025-11-23,North East,N/A,31,52
RZDF,2025-11-22T17:00:00Z,2025-11-22T17:00:05Z,2025-11-23,North West,N/A,30,51
RZDF,2025-11-22T17:00:00Z,2025-11-22T17:00:05Z,2025-11-23,South Scotland,N/A,15,24
RZDF,2025-11-22T17:00:00Z,2025-11-22T17:00:05Z,2025-11-23,North Scotland,N/A,1,2
RZDF,2025-11-22T11:45:00Z,2025-11-22T11:45:04Z,2025-11-23,South East,N/A,71,118
RZDF,2025-11-22T11:45:00Z,2025-11-22T11:45:04Z,2025-11-23,South West,N/A,45,76
RZDF,2025-11-22T11:45:00Z,2025-11-22T11:45:04Z,2025-11-23,Midlands,N/A,47,78
RZDF,2025-11-22T11:45:00Z,2025-11-22T11:45:04Z,2025-11-23,North East,N/A,31,52
RZDF,2025-11-22T11:45:00Z,2025-11-22T11:45:04Z,2025-11-23,North West,N/A,30,50
RZDF,2025-11-22T11:45:00Z,2025-11-22T11:45:04Z,2025-11-23,South Scotland,N/A,14,24
RZDF,2025-11-22T11:45:00Z,2025-11-22T11:45:04Z,2025-11-23,North Scotland,N/A,1,2
RZDF,2025-11-22T09:00:00Z,2025-11-22T09:00:05Z,2025-11-23,South East,N/A,71,118
RZDF,2025-11-22T09:00:00Z,2025-11-22T09:00:05Z,2025-11-23,South West,N/A,46,76
RZDF,2025-11-22T09:00:00Z,2025-11-22T09:00:05Z,2025-11-23,Midlands,N/A,47,79
RZDF,2025-11-22T09:00:00Z,2025-11-22T09:00:05Z,2025-11-23,North East,N/A,31,52
RZDF,2025-11-22T09:00:00Z,2025-11-22T09:00:05Z,2025-11-23,North West,N/A,30,50
RZDF,2025-11-22T09:00:00Z,2025-11-22T09:00:05Z,2025-11-23,South Scotland,N/A,14,24
RZDF,2025-11-22T09:00:00Z,2025-11-22T09:00:05Z,2025-11-23,North Scotland,N/A,1,2
RZDF,2025-11-21T17:00:00Z,2025-11-21T17:00:05Z,2025-11-22,South East,N/A,73,122
RZDF,2025-11-21T17:00:00Z,2025-11-21T17:00:05Z,2025-11-22,South West,N/A,47,78
RZDF,2025-11-21T17:00:00Z,2025-11-21T17:00:05Z,2025-11-22,Midlands,N/A,49,81
RZDF,2025-11-21T17:00:00Z,2025-11-21T17:00:05Z,2025-11-22,North East,N/A,32,53
RZDF,2025-11-21T17:00:00Z,2025-11-21T17:00:05Z,2025-11-22,North West,N/A,31,52
RZDF,2025-11-21T17:00:00Z,2025-11-21T17:00:05Z,2025-11-22,South Scotland,N/A,15,25
RZDF,2025-11-21T17:00:00Z,2025-11-21T17:00:05Z,2025-11-22,North Scotland,N/A,1,2
RZDF,2025-11-21T11:45:00Z,2025-11-21T11:45:06Z,2025-11-22,South East,N/A,72,121
RZDF,2025-11-21T11:45:00Z,2025-11-21T11:45:06Z,2025-11-22,South West,N/A,47,78
RZDF,2025-11-21T11:45:00Z,2025-11-21T11:45:06Z,2025-11-22,Midlands,N/A,48,80
RZDF,2025-11-21T11:45:00Z,2025-11-21T11:45:06Z,2025-11-22,North East,N/A,32,53
RZDF,2025-11-21T11:45:00Z,2025-11-21T11:45:06Z,2025-11-22,North West,N/A,31,51
RZDF,2025-11-21T11:45:00Z,2025-11-21T11:45:06Z,2025-11-22,South Scotland,N/A,15,25
RZDF,2025-11-21T11:45:00Z,2025-11-21T11:45:06Z,2025-11-22,North Scotland,N/A,1,2
RZDF,2025-11-21T09:00:00Z,2025-11-21T09:00:06Z,2025-11-22,South East,N/A,72,120
RZDF,2025-11-21T09:00:00Z,2025-11-21T09:00:06Z,2025-11-22,South West,N/A,46,77
RZDF,2025-11-21T09:00:00Z,2025-11-21T09:00:06Z,2025-11-22,Midlands,N/A,48,80
RZDF,2025-11-21T09:00:00Z,2025-11-21T09:00:06Z,2025-11-22,North East,N/A,32,53
RZDF,2025-11-21T09:00:00Z,2025-11-21T09:00:06Z,2025-11-22,North West,N/A,31,51
RZDF,2025-11-21T09:00:00Z,2025-11-21T09:00:06Z,2025-11-22,South Scotland,N/A,15,25
RZDF,2025-11-21T09:00:00Z,2025-11-21T09:00:06Z,2025-11-22,North Scotland,N/A,1,2
RZDF,2025-11-20T17:00:00Z,2025-11-20T17:00:06Z,2025-11-21,South East,N/A,78,130
RZDF,2025-11-20T17:00:00Z,2025-11-20T17:00:06Z,2025-11-21,South West,N/A,50,83
RZDF,2025-11-20T17:00:00Z,2025-11-20T17:00:06Z,2025-11-21,Midlands,N/A,52,86
RZDF,2025-11-20T17:00:00Z,2025-11-20T17:00:06Z,2025-11-21,North East,N/A,34,57
RZDF,2025-11-20T17:00:00Z,2025-11-20T17:00:06Z,2025-11-21,North West,N/A,33,55
RZDF,2025-11-20T17:00:00Z,2025-11-20T17:00:06Z,2025-11-21,South Scotland,N/A,16,26
RZDF,2025-11-20T17:00:00Z,2025-11-20T17:00:06Z,2025-11-21,North Scotland,N/A,1,2
RZDF,2025-11-20T11:45:00Z,2025-11-20T11:45:06Z,2025-11-21,South East,N/A,77,128
RZDF,2025-11-20T11:45:00Z,2025-11-20T11:45:06Z,2025-11-21,South West,N/A,49,82
RZDF,2025-11-20T11:45:00Z,2025-11-20T11:45:06Z,2025-11-21,Midlands,N/A,51,85
RZDF,2025-11-20T11:45:00Z,2025-11-20T11:45:06Z,2025-11-21,North East,N/A,34,56
RZDF,2025-11-20T11:45:00Z,2025-11-20T11:45:06Z,2025-11-21,North West,N/A,33,55
RZDF,2025-11-20T11:45:00Z,2025-11-20T11:45:06Z,2025-11-21,South Scotland,N/A,16,26
RZDF,2025-11-20T11:45:00Z,2025-11-20T11:45:06Z,2025-11-21,North Scotland,N/A,1,2
RZDF,2025-11-20T09:00:00Z,2025-11-20T09:00:05Z,2025-11-21,South East,N/A,77,128
RZDF,2025-11-20T09:00:00Z,2025-11-20T09:00:05Z,2025-11-21,South West,N/A,49,82
RZDF,2025-11-20T09:00:00Z,2025-11-20T09:00:05Z,2025-11-21,Midlands,N/A,51,85
RZDF,2025-11-20T09:00:00Z,2025-11-20T09:00:05Z,2025-11-21,North East,N/A,34,56
RZDF,2025-11-20T09:00:00Z,2025-11-20T09:00:05Z,2025-11-21,North West,N/A,33,54
RZDF,2025-11-20T09:00:00Z,2025-11-20T09:00:05Z,2025-11-21,South Scotland,N/A,16,26
RZDF,2025-11-20T09:00:00Z,2025-11-20T09:00:05Z,2025-11-21,North Scotland,N/A,1,2
RZDF,2025-11-19T17:00:00Z,2025-11-19T17:00:07Z,2025-11-20,South East,N/A,76,127
RZDF,2025-11-19T17:00:00Z,2025-11-19T17:00:07Z,2025-11-20,South West,N/A,49,82
RZDF,2025-11-19T17:00:00Z,2025-11-19T17:00:07Z,2025-11-20,Midlands,N/A,51,84
RZDF,2025-11-19T17:00:00Z,2025-11-19T17:00:07Z,2025-11-20,North East,N/A,33,56
RZDF,2025-11-19T17:00:00Z,2025-11-19T17:00:07Z,2025-11-20,North West,N/A,32,54
RZDF,2025-11-19T17:00:00Z,2025-11-19T17:00:07Z,2025-11-20,South Scotland,N/A,16,26
RZDF,2025-11-19T17:00:00Z,2025-11-19T17:00:07Z,2025-11-20,North Scotland,N/A,1,2
RZDF,2025-11-19T11:45:00Z,2025-11-19T11:45:04Z,2025-11-20,South East,N/A,3077,5129
RZDF,2025-11-19T11:45:00Z,2025-11-19T11:45:04Z,2025-11-20,South West,N/A,11075,18458
RZDF,2025-11-19T11:45:00Z,2025-11-19T11:45:04Z,2025-11-20,Midlands,N/A,4580,7633
RZDF,2025-11-19T11:45:00Z,2025-11-19T11:45:04Z,2025-11-20,North East,N/A,2995,4992
RZDF,2025-11-19T11:45:00Z,2025-11-19T11:45:04Z,2025-11-20,North West,N/A,2796,4659
RZDF,2025-11-19T11:45:00Z,2025-11-19T11:45:04Z,2025-11-20,South Scotland,N/A,1078,1796
RZDF,2025-11-19T11:45:00Z,2025-11-19T11:45:04Z,2025-11-20,North Scotland,N/A,0,0
RZDF,2025-11-19T09:00:00Z,2025-11-19T09:00:08Z,2025-11-20,South East,N/A,3063,5105
RZDF,2025-11-19T09:00:00Z,2025-11-19T09:00:08Z,2025-11-20,South West,N/A,11024,18374
RZDF,2025-11-19T09:00:00Z,2025-11-19T09:00:08Z,2025-11-20,Midlands,N/A,4559,7598
RZDF,2025-11-19T09:00:00Z,2025-11-19T09:00:08Z,2025-11-20,North East,N/A,2982,4969
RZDF,2025-11-19T09:00:00Z,2025-11-19T09:00:08Z,2025-11-20,North West,N/A,2783,4638
RZDF,2025-11-19T09:00:00Z,2025-11-19T09:00:08Z,2025-11-20,South Scotland,N/A,1073,1788
RZDF,2025-11-19T09:00:00Z,2025-11-19T09:00:08Z,2025-11-20,North Scotland,N/A,0,0
RZDF,2025-11-18T17:00:00Z,2025-11-18T17:00:04Z,2025-11-19,South East,N/A,3088,5147
RZDF,2025-11-18T17:00:00Z,2025-11-18T17:00:04Z,2025-11-19,South West,N/A,11114,18524
RZDF,2025-11-18T17:00:00Z,2025-11-18T17:00:04Z,2025-11-19,Midlands,N/A,4596,7660
RZDF,2025-11-18T17:00:00Z,2025-11-18T17:00:04Z,2025-11-19,North East,N/A,3006,5010
RZDF,2025-11-18T17:00:00Z,2025-11-18T17:00:04Z,2025-11-19,North West,N/A,2806,4676
RZDF,2025-11-18T17:00:00Z,2025-11-18T17:00:04Z,2025-11-19,South Scotland,N/A,1082,1803
RZDF,2025-11-18T17:00:00Z,2025-11-18T17:00:04Z,2025-11-19,North Scotland,N/A,0,0
RZDF,2025-11-18T11:45:00Z,2025-11-18T11:45:07Z,2025-11-19,South East,N/A,3060,5101
RZDF,2025-11-18T11:45:00Z,2025-11-18T11:45:07Z,2025-11-19,South West,N/A,11014,18357
RZDF,2025-11-18T11:45:00Z,2025-11-18T11:45:07Z,2025-11-19,Midlands,N/A,4555,7591
RZDF,2025-11-18T11:45:00Z,2025-11-18T11:45:07Z,2025-11-19,North East,N/A,2979,4965
RZDF,2025-11-18T11:45:00Z,2025-11-18T11:45:07Z,2025-11-19,North West,N/A,2780,4634
RZDF,2025-11-18T11:45:00Z,2025-11-18T11:45:07Z,2025-11-19,South Scotland,N/A,1072,1786
RZDF,2025-11-18T11:45:00Z,2025-11-18T11:45:07Z,2025-11-19,North Scotland,N/A,0,0
RZDF,2025-11-18T09:00:00Z,2025-11-18T09:00:05Z,2025-11-19,South East,N/A,3075,5125
RZDF,2025-11-18T09:00:00Z,2025-11-18T09:00:05Z,2025-11-19,South West,N/A,11067,18445
RZDF,2025-11-18T09:00:00Z,2025-11-18T09:00:05Z,2025-11-19,Midlands,N/A,4577,7628
RZDF,2025-11-18T09:00:00Z,2025-11-18T09:00:05Z,2025-11-19,North East,N/A,2993,4989
RZDF,2025-11-18T09:00:00Z,2025-11-18T09:00:05Z,2025-11-19,North West,N/A,2794,4656
RZDF,2025-11-18T09:00:00Z,2025-11-18T09:00:05Z,2025-11-19,South Scotland,N/A,1077,1795
RZDF,2025-11-18T09:00:00Z,2025-11-18T09:00:05Z,2025-11-19,North Scotland,N/A,0,0
RZDF,2025-11-17T17:00:00Z,2025-11-17T17:00:05Z,2025-11-18,South East,N/A,2681,4469
RZDF,2025-11-17T17:00:00Z,2025-11-17T17:00:05Z,2025-11-18,South West,N/A,9651,16084
RZDF,2025-11-17T17:00:00Z,2025-11-17T17:00:05Z,2025-11-18,Midlands,N/A,3991,6652
RZDF,2025-11-17T17:00:00Z,2025-11-17T17:00:05Z,2025-11-18,North East,N/A,2610,4350
RZDF,2025-11-17T17:00:00Z,2025-11-17T17:00:05Z,2025-11-18,North West,N/A,2436,4060
RZDF,2025-11-17T17:00:00Z,2025-11-17T17:00:05Z,2025-11-18,South Scotland,N/A,939,1565
RZDF,2025-11-17T17:00:00Z,2025-11-17T17:00:05Z,2025-11-18,North Scotland,N/A,0,0
RZDF,2025-11-17T11:45:00Z,2025-11-17T11:45:05Z,2025-11-18,South East,N/A,2681,4469
RZDF,2025-11-17T11:45:00Z,2025-11-17T11:45:05Z,2025-11-18,South West,N/A,9651,16084
RZDF,2025-11-17T11:45:00Z,2025-11-17T11:45:05Z,2025-11-18,Midlands,N/A,3991,6652
RZDF,2025-11-17T11:45:00Z,2025-11-17T11:45:05Z,2025-11-18,North East,N/A,2610,4350
RZDF,2025-11-17T11:45:00Z,2025-11-17T11:45:05Z,2025-11-18,North West,N/A,2436,4060
RZDF,2025-11-17T11:45:00Z,2025-11-17T11:45:05Z,2025-11-18,South Scotland,N/A,939,1565
RZDF,2025-11-17T11:45:00Z,2025-11-17T11:45:05Z,2025-11-18,North Scotland,N/A,0,0
RZDF,2025-11-17T09:00:00Z,2025-11-17T09:00:06Z,2025-11-18,South East,N/A,2681,4469
RZDF,2025-11-17T09:00:00Z,2025-11-17T09:00:06Z,2025-11-18,South West,N/A,9651,16084
RZDF,2025-11-17T09:00:00Z,2025-11-17T09:00:06Z,2025-11-18,Midlands,N/A,3991,6652
RZDF,2025-11-17T09:00:00Z,2025-11-17T09:00:06Z,2025-11-18,North East,N/A,2610,4350
RZDF,2025-11-17T09:00:00Z,2025-11-17T09:00:06Z,2025-11-18,North West,N/A,2436,4060
RZDF,2025-11-17T09:00:00Z,2025-11-17T09:00:06Z,2025-11-18,South Scotland,N/A,939,1565
RZDF,2025-11-17T09:00:00Z,2025-11-17T09:00:06Z,2025-11-18,North Scotland,N/A,0,0
RZDF,2025-11-16T17:00:00Z,2025-11-16T17:00:05Z,2025-11-17,South East,N/A,2681,4469
RZDF,2025-11-16T17:00:00Z,2025-11-16T17:00:05Z,2025-11-17,South West,N/A,9651,16084
RZDF,2025-11-16T17:00:00Z,2025-11-16T17:00:05Z,2025-11-17,Midlands,N/A,3991,6652
RZDF,2025-11-16T17:00:00Z,2025-11-16T17:00:05Z,2025-11-17,North East,N/A,2610,4350
RZDF,2025-11-16T17:00:00Z,2025-11-16T17:00:05Z,2025-11-17,North West,N/A,2436,4060
RZDF,2025-11-16T17:00:00Z,2025-11-16T17:00:05Z,2025-11-17,South Scotland,N/A,939,1565
RZDF,2025-11-16T17:00:00Z,2025-11-16T17:00:05Z,2025-11-17,North Scotland,N/A,0,0
RZDF,2025-11-16T11:45:00Z,2025-11-16T11:45:05Z,2025-11-17,South East,N/A,2681,4469
RZDF,2025-11-16T11:45:00Z,2025-11-16T11:45:05Z,2025-11-17,South West,N/A,9651,16084
RZDF,2025-11-16T11:45:00Z,2025-11-16T11:45:05Z,2025-11-17,Midlands,N/A,3991,6652
RZDF,2025-11-16T11:45:00Z,2025-11-16T11:45:05Z,2025-11-17,North East,N/A,2610,4350
RZDF,2025-11-16T11:45:00Z,2025-11-16T11:45:05Z,2025-11-17,North West,N/A,2436,4060
RZDF,2025-11-16T11:45:00Z,2025-11-16T11:45:05Z,2025-11-17,South Scotland,N/A,939,1565
RZDF,2025-11-16T11:45:00Z,2025-11-16T11:45:05Z,2025-11-17,North Scotland,N/A,0,0
RZDF,2025-11-16T09:00:00Z,2025-11-16T09:00:05Z,2025-11-17,South East,N/A,2681,4469
RZDF,2025-11-16T09:00:00Z,2025-11-16T09:00:05Z,2025-11-17,South West,N/A,9651,16084
RZDF,2025-11-16T09:00:00Z,2025-11-16T09:00:05Z,2025-11-17,Midlands,N/A,3991,6652
RZDF,2025-11-16T09:00:00Z,2025-11-16T09:00:05Z,2025-11-17,North East,N/A,2610,4350
RZDF,2025-11-16T09:00:00Z,2025-11-16T09:00:05Z,2025-11-17,North West,N/A,2436,4060
RZDF,2025-11-16T09:00:00Z,2025-11-16T09:00:05Z,2025-11-17,South Scotland,N/A,939,1565
RZDF,2025-11-16T09:00:00Z,2025-11-16T09:00:05Z,2025-11-17,North Scotland,N/A,0,0
RZDF,2025-11-15T17:00:00Z,2025-11-15T17:00:08Z,2025-11-16,South East,N/A,2681,4469
RZDF,2025-11-15T17:00:00Z,2025-11-15T17:00:08Z,2025-11-16,South West,N/A,9651,16084
RZDF,2025-11-15T17:00:00Z,2025-11-15T17:00:08Z,2025-11-16,Midlands,N/A,3991,6652
RZDF,2025-11-15T17:00:00Z,2025-11-15T17:00:08Z,2025-11-16,North East,N/A,2610,4350
RZDF,2025-11-15T17:00:00Z,2025-11-15T17:00:08Z,2025-11-16,North West,N/A,2436,4060
RZDF,2025-11-15T17:00:00Z,2025-11-15T17:00:08Z,2025-11-16,South Scotland,N/A,939,1565
RZDF,2025-11-15T17:00:00Z,2025-11-15T17:00:08Z,2025-11-16,North Scotland,N/A,0,0
RZDF,2025-11-15T11:45:00Z,2025-11-15T11:45:04Z,2025-11-16,South East,N/A,2681,4469
RZDF,2025-11-15T11:45:00Z,2025-11-15T11:45:04Z,2025-11-16,South West,N/A,9651,16084
RZDF,2025-11-15T11:45:00Z,2025-11-15T11:45:04Z,2025-11-16,Midlands,N/A,3991,6652
RZDF,2025-11-15T11:45:00Z,2025-11-15T11:45:04Z,2025-11-16,North East,N/A,2610,4350
RZDF,2025-11-15T11:45:00Z,2025-11-15T11:45:04Z,2025-11-16,North West,N/A,2436,4060
RZDF,2025-11-15T11:45:00Z,2025-11-15T11:45:04Z,2025-11-16,South Scotland,N/A,939,1565
RZDF,2025-11-15T11:45:00Z,2025-11-15T11:45:04Z,2025-11-16,North Scotland,N/A,0,0
RZDF,2025-11-15T09:00:00Z,2025-11-15T09:00:06Z,2025-11-16,South East,N/A,2681,4469
RZDF,2025-11-15T09:00:00Z,2025-11-15T09:00:06Z,2025-11-16,South West,N/A,9651,16084
RZDF,2025-11-15T09:00:00Z,2025-11-15T09:00:06Z,2025-11-16,Midlands,N/A,3991,6652
RZDF,2025-11-15T09:00:00Z,2025-11-15T09:00:06Z,2025-11-16,North East,N/A,2610,4350
RZDF,2025-11-15T09:00:00Z,2025-11-15T09:00:06Z,2025-11-16,North West,N/A,2436,4060
RZDF,2025-11-15T09:00:00Z,2025-11-15T09:00:06Z,2025-11-16,South Scotland,N/A,939,1565
RZDF,2025-11-15T09:00:00Z,2025-11-15T09:00:06Z,2025-11-16,North Scotland,N/A,0,0
RZDF,2025-11-14T17:00:00Z,2025-11-14T17:00:04Z,2025-11-15,South East,N/A,2681,4469
RZDF,2025-11-14T17:00:00Z,2025-11-14T17:00:04Z,2025-11-15,South West,N/A,9651,16084
RZDF,2025-11-14T17:00:00Z,2025-11-14T17:00:04Z,2025-11-15,Midlands,N/A,3991,6652
RZDF,2025-11-14T17:00:00Z,2025-11-14T17:00:04Z,2025-11-15,North East,N/A,2610,4350
RZDF,2025-11-14T17:00:00Z,2025-11-14T17:00:04Z,2025-11-15,North West,N/A,2436,4060
RZDF,2025-11-14T17:00:00Z,2025-11-14T17:00:04Z,2025-11-15,South Scotland,N/A,939,1565
RZDF,2025-11-14T17:00:00Z,2025-11-14T17:00:04Z,2025-11-15,North Scotland,N/A,0,0
RZDF,2025-11-14T11:45:00Z,2025-11-14T11:45:04Z,2025-11-15,South East,N/A,2681,4469
RZDF,2025-11-14T11:45:00Z,2025-11-14T11:45:04Z,2025-11-15,South West,N/A,9651,16084
RZDF,2025-11-14T11:45:00Z,2025-11-14T11:45:04Z,2025-11-15,Midlands,N/A,3991,6652
RZDF,2025-11-14T11:45:00Z,2025-11-14T11:45:04Z,2025-11-15,North East,N/A,2610,4350
RZDF,2025-11-14T11:45:00Z,2025-11-14T11:45:04Z,2025-11-15,North West,N/A,2436,4060
RZDF,2025-11-14T11:45:00Z,2025-11-14T11:45:04Z,2025-11-15,South Scotland,N/A,939,1565
RZDF,2025-11-14T11:45:00Z,2025-11-14T11:45:04Z,2025-11-15,North Scotland,N/A,0,0
RZDF,2025-11-14T09:00:00Z,2025-11-14T09:00:05Z,2025-11-15,South East,N/A,2681,4469
RZDF,2025-11-14T09:00:00Z,2025-11-14T09:00:05Z,2025-11-15,South West,N/A,9651,16084
RZDF,2025-11-14T09:00:00Z,2025-11-14T09:00:05Z,2025-11-15,Midlands,N/A,3991,6652
RZDF,2025-11-14T09:00:00Z,2025-11-14T09:00:05Z,2025-11-15,North East,N/A,2610,4350
RZDF,2025-11-14T09:00:00Z,2025-11-14T09:00:05Z,2025-11-15,North West,N/A,2436,4060
RZDF,2025-11-14T09:00:00Z,2025-11-14T09:00:05Z,2025-11-15,South Scotland,N/A,939,1565
RZDF,2025-11-14T09:00:00Z,2025-11-14T09:00:05Z,2025-11-15,North Scotland,N/A,0,0
RZDF,2025-11-13T17:00:00Z,2025-11-13T17:00:06Z,2025-11-14,South East,N/A,2681,4469
RZDF,2025-11-13T17:00:00Z,2025-11-13T17:00:06Z,2025-11-14,South West,N/A,9651,16084
RZDF,2025-11-13T17:00:00Z,2025-11-13T17:00:06Z,2025-11-14,Midlands,N/A,3991,6652
RZDF,2025-11-13T17:00:00Z,2025-11-13T17:00:06Z,2025-11-14,North East,N/A,2610,4350
RZDF,2025-11-13T17:00:00Z,2025-11-13T17:00:06Z,2025-11-14,North West,N/A,2436,4060
RZDF,2025-11-13T17:00:00Z,2025-11-13T17:00:06Z,2025-11-14,South Scotland,N/A,939,1565
RZDF,2025-11-13T17:00:00Z,2025-11-13T17:00:06Z,2025-11-14,North Scotland,N/A,0,0
RZDF,2025-11-13T11:45:00Z,2025-11-13T11:45:05Z,2025-11-14,South East,N/A,2681,4469
RZDF,2025-11-13T11:45:00Z,2025-11-13T11:45:05Z,2025-11-14,South West,N/A,9651,16084
RZDF,2025-11-13T11:45:00Z,2025-11-13T11:45:05Z,2025-11-14,Midlands,N/A,3991,6652
RZDF,2025-11-13T11:45:00Z,2025-11-13T11:45:05Z,2025-11-14,North East,N/A,2610,4350
RZDF,2025-11-13T11:45:00Z,2025-11-13T11:45:05Z,2025-11-14,North West,N/A,2436,4060
RZDF,2025-11-13T11:45:00Z,2025-11-13T11:45:05Z,2025-11-14,South Scotland,N/A,939,1565
RZDF,2025-11-13T11:45:00Z,2025-11-13T11:45:05Z,2025-11-14,North Scotland,N/A,0,0
RZDF,2025-11-13T09:00:00Z,2025-11-13T09:00:05Z,2025-11-14,South East,N/A,2681,4469
RZDF,2025-11-13T09:00:00Z,2025-11-13T09:00:05Z,2025-11-14,South West,N/A,9651,16084
RZDF,2025-11-13T09:00:00Z,2025-11-13T09:00:05Z,2025-11-14,Midlands,N/A,3991,6652
RZDF,2025-11-13T09:00:00Z,2025-11-13T09:00:05Z,2025-11-14,North East,N/A,2610,4350
RZDF,2025-11-13T09:00:00Z,2025-11-13T09:00:05Z,2025-11-14,North West,N/A,2436,4060
RZDF,2025-11-13T09:00:00Z,2025-11-13T09:00:05Z,2025-11-14,South Scotland,N/A,939,1565
RZDF,2025-11-13T09:00:00Z,2025-11-13T09:00:05Z,2025-11-14,North Scotland,N/A,0,0
RZDF,2025-11-12T17:00:00Z,2025-11-12T17:00:04Z,2025-11-13,South East,N/A,2681,4469
RZDF,2025-11-12T17:00:00Z,2025-11-12T17:00:04Z,2025-11-13,South West,N/A,9651,16084
RZDF,2025-11-12T17:00:00Z,2025-11-12T17:00:04Z,2025-11-13,Midlands,N/A,3991,6652
RZDF,2025-11-12T17:00:00Z,2025-11-12T17:00:04Z,2025-11-13,North East,N/A,2610,4350
RZDF,2025-11-12T17:00:00Z,2025-11-12T17:00:04Z,2025-11-13,North West,N/A,2436,4060
RZDF,2025-11-12T17:00:00Z,2025-11-12T17:00:04Z,2025-11-13,South Scotland,N/A,939,1565
RZDF,2025-11-12T17:00:00Z,2025-11-12T17:00:04Z,2025-11-13,North Scotland,N/A,0,0
RZDF,2025-11-12T11:45:00Z,2025-11-12T11:45:04Z,2025-11-13,South East,N/A,2681,4469
RZDF,2025-11-12T11:45:00Z,2025-11-12T11:45:04Z,2025-11-13,South West,N/A,9651,16084
RZDF,2025-11-12T11:45:00Z,2025-11-12T11:45:04Z,2025-11-13,Midlands,N/A,3991,6652
RZDF,2025-11-12T11:45:00Z,2025-11-12T11:45:04Z,2025-11-13,North East,N/A,2610,4350
RZDF,2025-11-12T11:45:00Z,2025-11-12T11:45:04Z,2025-11-13,North West,N/A,2436,4060
RZDF,2025-11-12T11:45:00Z,2025-11-12T11:45:04Z,2025-11-13,South Scotland,N/A,939,1565
RZDF,2025-11-12T11:45:00Z,2025-11-12T11:45:04Z,2025-11-13,North Scotland,N/A,0,0
RZDF,2025-11-12T09:00:00Z,2025-11-12T09:00:04Z,2025-11-13,South East,N/A,2681,4469
RZDF,2025-11-12T09:00:00Z,2025-11-12T09:00:04Z,2025-11-13,South West,N/A,9651,16084
RZDF,2025-11-12T09:00:00Z,2025-11-12T09:00:04Z,2025-11-13,Midlands,N/A,3991,6652
RZDF,2025-11-12T09:00:00Z,2025-11-12T09:00:04Z,2025-11-13,North East,N/A,2610,4350
RZDF,2025-11-12T09:00:00Z,2025-11-12T09:00:04Z,2025-11-13,North West,N/A,2436,4060
RZDF,2025-11-12T09:00:00Z,2025-11-12T09:00:04Z,2025-11-13,South Scotland,N/A,939,1565
RZDF,2025-11-12T09:00:00Z,2025-11-12T09:00:04Z,2025-11-13,North Scotland,N/A,0,0
RZDF,2025-11-11T17:00:00Z,2025-11-11T17:00:04Z,2025-11-12,South East,N/A,2681,4469
RZDF,2025-11-11T17:00:00Z,2025-11-11T17:00:04Z,2025-11-12,South West,N/A,9651,16084
RZDF,2025-11-11T17:00:00Z,2025-11-11T17:00:04Z,2025-11-12,Midlands,N/A,3991,6652
RZDF,2025-11-11T17:00:00Z,2025-11-11T17:00:04Z,2025-11-12,North East,N/A,2610,4350
RZDF,2025-11-11T17:00:00Z,2025-11-11T17:00:04Z,2025-11-12,North West,N/A,2436,4060
RZDF,2025-11-11T17:00:00Z,2025-11-11T17:00:04Z,2025-11-12,South Scotland,N/A,939,1565
RZDF,2025-11-11T17:00:00Z,2025-11-11T17:00:04Z,2025-11-12,North Scotland,N/A,0,0
RZDF,2025-11-11T11:45:00Z,2025-11-11T11:45:04Z,2025-11-12,South East,N/A,2681,4469
RZDF,2025-11-11T11:45:00Z,2025-11-11T11:45:04Z,2025-11-12,South West,N/A,9651,16084
RZDF,2025-11-11T11:45:00Z,2025-11-11T11:45:04Z,2025-11-12,Midlands,N/A,3991,6652
RZDF,2025-11-11T11:45:00Z,2025-11-11T11:45:04Z,2025-11-12,North East,N/A,2610,4350
RZDF,2025-11-11T11:45:00Z,2025-11-11T11:45:04Z,2025-11-12,North West,N/A,2436,4060
RZDF,2025-11-11T11:45:00Z,2025-11-11T11:45:04Z,2025-11-12,South Scotland,N/A,939,1565
RZDF,2025-11-11T11:45:00Z,2025-11-11T11:45:04Z,2025-11-12,North Scotland,N/A,0,0
RZDF,2025-11-11T09:00:00Z,2025-11-11T09:00:05Z,2025-11-12,South East,N/A,2681,4469
RZDF,2025-11-11T09:00:00Z,2025-11-11T09:00:05Z,2025-11-12,South West,N/A,9651,16084
RZDF,2025-11-11T09:00:00Z,2025-11-11T09:00:05Z,2025-11-12,Midlands,N/A,3991,6652
RZDF,2025-11-11T09:00:00Z,2025-11-11T09:00:05Z,2025-11-12,North East,N/A,2610,4350
RZDF,2025-11-11T09:00:00Z,2025-11-11T09:00:05Z,2025-11-12,North West,N/A,2436,4060
RZDF,2025-11-11T09:00:00Z,2025-11-11T09:00:05Z,2025-11-12,South Scotland,N/A,939,1565
RZDF,2025-11-11T09:00:00Z,2025-11-11T09:00:05Z,2025-11-12,North Scotland,N/A,0,0
RZDF,2025-11-10T17:00:00Z,2025-11-10T17:00:05Z,2025-11-11,South East,N/A,2681,4469
RZDF,2025-11-10T17:00:00Z,2025-11-10T17:00:05Z,2025-11-11,South West,N/A,9651,16084
RZDF,2025-11-10T17:00:00Z,2025-11-10T17:00:05Z,2025-11-11,Midlands,N/A,3991,6652
RZDF,2025-11-10T17:00:00Z,2025-11-10T17:00:05Z,2025-11-11,North East,N/A,2610,4350
RZDF,2025-11-10T17:00:00Z,2025-11-10T17:00:05Z,2025-11-11,North West,N/A,2436,4060
RZDF,2025-11-10T17:00:00Z,2025-11-10T17:00:05Z,2025-11-11,South Scotland,N/A,939,1565
RZDF,2025-11-10T17:00:00Z,2025-11-10T17:00:05Z,2025-11-11,North Scotland,N/A,0,0
RZDF,2025-11-10T11:45:00Z,2025-11-10T11:45:04Z,2025-11-11,South East,N/A,2681,4469
RZDF,2025-11-10T11:45:00Z,2025-11-10T11:45:04Z,2025-11-11,South West,N/A,9651,16084
RZDF,2025-11-10T11:45:00Z,2025-11-10T11:45:04Z,2025-11-11,Midlands,N/A,3991,6652
RZDF,2025-11-10T11:45:00Z,2025-11-10T11:45:04Z,2025-11-11,North East,N/A,2610,4350
RZDF,2025-11-10T11:45:00Z,2025-11-10T11:45:04Z,2025-11-11,North West,N/A,2436,4060
RZDF,2025-11-10T11:45:00Z,2025-11-10T11:45:04Z,2025-11-11,South Scotland,N/A,939,1565
RZDF,2025-11-10T11:45:00Z,2025-11-10T11:45:04Z,2025-11-11,North Scotland,N/A,0,0
RZDF,2025-11-10T09:00:00Z,2025-11-10T09:00:05Z,2025-11-11,South East,N/A,2681,4469
RZDF,2025-11-10T09:00:00Z,2025-11-10T09:00:05Z,2025-11-11,South West,N/A,9651,16084
RZDF,2025-11-10T09:00:00Z,2025-11-10T09:00:05Z,2025-11-11,Midlands,N/A,3991,6652
RZDF,2025-11-10T09:00:00Z,2025-11-10T09:00:05Z,2025-11-11,North East,N/A,2610,4350
RZDF,2025-11-10T09:00:00Z,2025-11-10T09:00:05Z,2025-11-11,North West,N/A,2436,4060
RZDF,2025-11-10T09:00:00Z,2025-11-10T09:00:05Z,2025-11-11,South Scotland,N/A,939,1565
RZDF,2025-11-10T09:00:00Z,2025-11-10T09:00:05Z,2025-11-11,North Scotland,N/A,0,0
RZDF,2025-11-09T17:00:00Z,2025-11-09T17:00:06Z,2025-11-10,South East,N/A,2681,4469
RZDF,2025-11-09T17:00:00Z,2025-11-09T17:00:06Z,2025-11-10,South West,N/A,9651,16084
RZDF,2025-11-09T17:00:00Z,2025-11-09T17:00:06Z,2025-11-10,Midlands,N/A,3991,6652
RZDF,2025-11-09T17:00:00Z,2025-11-09T17:00:06Z,2025-11-10,North East,N/A,2610,4350
RZDF,2025-11-09T17:00:00Z,2025-11-09T17:00:06Z,2025-11-10,North West,N/A,2436,4060
RZDF,2025-11-09T17:00:00Z,2025-11-09T17:00:06Z,2025-11-10,South Scotland,N/A,939,1565
RZDF,2025-11-09T17:00:00Z,2025-11-09T17:00:06Z,2025-11-10,North Scotland,N/A,0,0
RZDF,2025-11-09T11:45:00Z,2025-11-09T11:45:04Z,2025-11-10,South East,N/A,2681,4469
RZDF,2025-11-09T11:45:00Z,2025-11-09T11:45:04Z,2025-11-10,South West,N/A,9651,16084
RZDF,2025-11-09T11:45:00Z,2025-11-09T11:45:04Z,2025-11-10,Midlands,N/A,3991,6652
RZDF,2025-11-09T11:45:00Z,2025-11-09T11:45:04Z,2025-11-10,North East,N/A,2610,4350
RZDF,2025-11-09T11:45:00Z,2025-11-09T11:45:04Z,2025-11-10,North West,N/A,2436,4060
RZDF,2025-11-09T11:45:00Z,2025-11-09T11:45:04Z,2025-11-10,South Scotland,N/A,939,1565
RZDF,2025-11-09T11:45:00Z,2025-11-09T11:45:04Z,2025-11-10,North Scotland,N/A,0,0
RZDF,2025-11-09T09:00:00Z,2025-11-09T09:00:05Z,2025-11-10,South East,N/A,2681,4469
RZDF,2025-11-09T09:00:00Z,2025-11-09T09:00:05Z,2025-11-10,South West,N/A,9651,16084
RZDF,2025-11-09T09:00:00Z,2025-11-09T09:00:05Z,2025-11-10,Midlands,N/A,3991,6652
RZDF,2025-11-09T09:00:00Z,2025-11-09T09:00:05Z,2025-11-10,North East,N/A,2610,4350
RZDF,2025-11-09T09:00:00Z,2025-11-09T09:00:05Z,2025-11-10,North West,N/A,2436,4060
RZDF,2025-11-09T09:00:00Z,2025-11-09T09:00:05Z,2025-11-10,South Scotland,N/A,939,1565
RZDF,2025-11-09T09:00:00Z,2025-11-09T09:00:05Z,2025-11-10,North Scotland,N/A,0,0
RZDF,2025-11-08T17:00:00Z,2025-11-08T17:00:05Z,2025-11-09,South East,N/A,2681,4469
RZDF,2025-11-08T17:00:00Z,2025-11-08T17:00:05Z,2025-11-09,South West,N/A,9651,16084
RZDF,2025-11-08T17:00:00Z,2025-11-08T17:00:05Z,2025-11-09,Midlands,N/A,3991,6652
RZDF,2025-11-08T17:00:00Z,2025-11-08T17:00:05Z,2025-11-09,North East,N/A,2610,4350
RZDF,2025-11-08T17:00:00Z,2025-11-08T17:00:05Z,2025-11-09,North West,N/A,2436,4060
RZDF,2025-11-08T17:00:00Z,2025-11-08T17:00:05Z,2025-11-09,South Scotland,N/A,939,1565
RZDF,2025-11-08T17:00:00Z,2025-11-08T17:00:05Z,2025-11-09,North Scotland,N/A,0,0
RZDF,2025-11-08T11:45:00Z,2025-11-08T11:45:05Z,2025-11-09,South East,N/A,2681,4469
RZDF,2025-11-08T11:45:00Z,2025-11-08T11:45:05Z,2025-11-09,South West,N/A,9651,16084
RZDF,2025-11-08T11:45:00Z,2025-11-08T11:45:05Z,2025-11-09,Midlands,N/A,3991,6652
RZDF,2025-11-08T11:45:00Z,2025-11-08T11:45:05Z,2025-11-09,North East,N/A,2610,4350
RZDF,2025-11-08T11:45:00Z,2025-11-08T11:45:05Z,2025-11-09,North West,N/A,2436,4060
RZDF,2025-11-08T11:45:00Z,2025-11-08T11:45:05Z,2025-11-09,South Scotland,N/A,939,1565
RZDF,2025-11-08T11:45:00Z,2025-11-08T11:45:05Z,2025-11-09,North Scotland,N/A,0,0
RZDF,2025-11-08T09:00:00Z,2025-11-08T09:00:05Z,2025-11-09,South East,N/A,2681,4469
RZDF,2025-11-08T09:00:00Z,2025-11-08T09:00:05Z,2025-11-09,South West,N/A,9651,16084
RZDF,2025-11-08T09:00:00Z,2025-11-08T09:00:05Z,2025-11-09,Midlands,N/A,3991,6652
RZDF,2025-11-08T09:00:00Z,2025-11-08T09:00:05Z,2025-11-09,North East,N/A,2610,4350
RZDF,2025-11-08T09:00:00Z,2025-11-08T09:00:05Z,2025-11-09,North West,N/A,2436,4060
RZDF,2025-11-08T09:00:00Z,2025-11-08T09:00:05Z,2025-11-09,South Scotland,N/A,939,1565
RZDF,2025-11-08T09:00:00Z,2025-11-08T09:00:05Z,2025-11-09,North Scotland,N/A,0,0
RZDF,2025-11-07T17:00:00Z,2025-11-07T17:00:05Z,2025-11-08,South East,N/A,2681,4469
RZDF,2025-11-07T17:00:00Z,2025-11-07T17:00:05Z,2025-11-08,South West,N/A,9651,16084
RZDF,2025-11-07T17:00:00Z,2025-11-07T17:00:05Z,2025-11-08,Midlands,N/A,3991,6652
RZDF,2025-11-07T17:00:00Z,2025-11-07T17:00:05Z,2025-11-08,North East,N/A,2610,4350
RZDF,2025-11-07T17:00:00Z,2025-11-07T17:00:05Z,2025-11-08,North West,N/A,2436,4060
RZDF,2025-11-07T17:00:00Z,2025-11-07T17:00:05Z,2025-11-08,South Scotland,N/A,939,1565
RZDF,2025-11-07T17:00:00Z,2025-11-07T17:00:05Z,2025-11-08,North Scotland,N/A,0,0
RZDF,2025-11-07T11:45:00Z,2025-11-07T11:45:04Z,2025-11-08,South East,N/A,2681,4469
RZDF,2025-11-07T11:45:00Z,2025-11-07T11:45:04Z,2025-11-08,South West,N/A,9651,16084
RZDF,2025-11-07T11:45:00Z,2025-11-07T11:45:04Z,2025-11-08,Midlands,N/A,3991,6652
RZDF,2025-11-07T11:45:00Z,2025-11-07T11:45:04Z,2025-11-08,North East,N/A,2610,4350
RZDF,2025-11-07T11:45:00Z,2025-11-07T11:45:04Z,2025-11-08,North West,N/A,2436,4060
RZDF,2025-11-07T11:45:00Z,2025-11-07T11:45:04Z,2025-11-08,South Scotland,N/A,939,1565
RZDF,2025-11-07T11:45:00Z,2025-11-07T11:45:04Z,2025-11-08,North Scotland,N/A,0,0
RZDF,2025-11-07T09:00:00Z,2025-11-07T09:00:06Z,2025-11-08,South East,N/A,2681,4469
RZDF,2025-11-07T09:00:00Z,2025-11-07T09:00:06Z,2025-11-08,South West,N/A,9651,16084
RZDF,2025-11-07T09:00:00Z,2025-11-07T09:00:06Z,2025-11-08,Midlands,N/A,3991,6652
RZDF,2025-11-07T09:00:00Z,2025-11-07T09:00:06Z,2025-11-08,North East,N/A,2610,4350
RZDF,2025-11-07T09:00:00Z,2025-11-07T09:00:06Z,2025-11-08,North West,N/A,2436,4060
RZDF,2025-11-07T09:00:00Z,2025-11-07T09:00:06Z,2025-11-08,South Scotland,N/A,939,1565
RZDF,2025-11-07T09:00:00Z,2025-11-07T09:00:06Z,2025-11-08,North Scotland,N/A,0,0
RZDF,2025-11-06T17:00:00Z,2025-11-06T17:00:05Z,2025-11-07,South East,N/A,2681,4469
RZDF,2025-11-06T17:00:00Z,2025-11-06T17:00:05Z,2025-11-07,South West,N/A,9651,16084
RZDF,2025-11-06T17:00:00Z,2025-11-06T17:00:05Z,2025-11-07,Midlands,N/A,3991,6652
RZDF,2025-11-06T17:00:00Z,2025-11-06T17:00:05Z,2025-11-07,North East,N/A,2610,4350
RZDF,2025-11-06T17:00:00Z,2025-11-06T17:00:05Z,2025-11-07,North West,N/A,2436,4060
RZDF,2025-11-06T17:00:00Z,2025-11-06T17:00:05Z,2025-11-07,South Scotland,N/A,939,1565
RZDF,2025-11-06T17:00:00Z,2025-11-06T17:00:05Z,2025-11-07,North Scotland,N/A,0,0
RZDF,2025-11-06T11:45:00Z,2025-11-06T11:45:04Z,2025-11-07,South East,N/A,2681,4469
RZDF,2025-11-06T11:45:00Z,2025-11-06T11:45:04Z,2025-11-07,South West,N/A,9651,16084
RZDF,2025-11-06T11:45:00Z,2025-11-06T11:45:04Z,2025-11-07,Midlands,N/A,3991,6652
RZDF,2025-11-06T11:45:00Z,2025-11-06T11:45:04Z,2025-11-07,North East,N/A,2610,4350
RZDF,2025-11-06T11:45:00Z,2025-11-06T11:45:04Z,2025-11-07,North West,N/A,2436,4060
RZDF,2025-11-06T11:45:00Z,2025-11-06T11:45:04Z,2025-11-07,South Scotland,N/A,939,1565
RZDF,2025-11-06T11:45:00Z,2025-11-06T11:45:04Z,2025-11-07,North Scotland,N/A,0,0
RZDF,2025-11-06T09:00:00Z,2025-11-06T09:00:07Z,2025-11-07,South East,N/A,2651,4418
RZDF,2025-11-06T09:00:00Z,2025-11-06T09:00:07Z,2025-11-07,South West,N/A,9541,15902
RZDF,2025-11-06T09:00:00Z,2025-11-06T09:00:07Z,2025-11-07,Midlands,N/A,3946,6576
RZDF,2025-11-06T09:00:00Z,2025-11-06T09:00:07Z,2025-11-07,North East,N/A,2580,4301
RZDF,2025-11-06T09:00:00Z,2025-11-06T09:00:07Z,2025-11-07,North West,N/A,2408,4014
RZDF,2025-11-06T09:00:00Z,2025-11-06T09:00:07Z,2025-11-07,South Scotland,N/A,929,1548
RZDF,2025-11-06T09:00:00Z,2025-11-06T09:00:07Z,2025-11-07,North Scotland,N/A,0,0
RZDF,2025-11-05T17:00:00Z,2025-11-05T17:00:05Z,2025-11-06,South East,N/A,2715,4525
RZDF,2025-11-05T17:00:00Z,2025-11-05T17:00:05Z,2025-11-06,South West,N/A,9770,16284
RZDF,2025-11-05T17:00:00Z,2025-11-05T17:00:05Z,2025-11-06,Midlands,N/A,4040,6734
RZDF,2025-11-05T17:00:00Z,2025-11-05T17:00:05Z,2025-11-06,North East,N/A,2642,4404
RZDF,2025-11-05T17:00:00Z,2025-11-05T17:00:05Z,2025-11-06,North West,N/A,2466,4110
RZDF,2025-11-05T17:00:00Z,2025-11-05T17:00:05Z,2025-11-06,South Scotland,N/A,951,1585
RZDF,2025-11-05T17:00:00Z,2025-11-05T17:00:05Z,2025-11-06,North Scotland,N/A,0,0
RZDF,2025-11-05T11:45:00Z,2025-11-05T11:45:04Z,2025-11-06,South East,N/A,2700,4500
RZDF,2025-11-05T11:45:00Z,2025-11-05T11:45:04Z,2025-11-06,South West,N/A,9717,16195
RZDF,2025-11-05T11:45:00Z,2025-11-05T11:45:04Z,2025-11-06,Midlands,N/A,4018,6697
RZDF,2025-11-05T11:45:00Z,2025-11-05T11:45:04Z,2025-11-06,North East,N/A,2628,4380
RZDF,2025-11-05T11:45:00Z,2025-11-05T11:45:04Z,2025-11-06,North West,N/A,2453,4088
RZDF,2025-11-05T11:45:00Z,2025-11-05T11:45:04Z,2025-11-06,South Scotland,N/A,946,1576
RZDF,2025-11-05T11:45:00Z,2025-11-05T11:45:04Z,2025-11-06,North Scotland,N/A,0,0
RZDF,2025-11-05T09:00:00Z,2025-11-05T09:00:05Z,2025-11-06,South East,N/A,2685,4476
RZDF,2025-11-05T09:00:00Z,2025-11-05T09:00:05Z,2025-11-06,South West,N/A,9665,16108
RZDF,2025-11-05T09:00:00Z,2025-11-05T09:00:05Z,2025-11-06,Midlands,N/A,3997,6661
RZDF,2025-11-05T09:00:00Z,2025-11-05T09:00:05Z,2025-11-06,North East,N/A,2614,4357
RZDF,2025-11-05T09:00:00Z,2025-11-05T09:00:05Z,2025-11-06,North West,N/A,2440,4066
RZDF,2025-11-05T09:00:00Z,2025-11-05T09:00:05Z,2025-11-06,South Scotland,N/A,941,1568
RZDF,2025-11-05T09:00:00Z,2025-11-05T09:00:05Z,2025-11-06,North Scotland,N/A,0,0
RZDF,2025-11-04T17:00:00Z,2025-11-04T17:00:07Z,2025-11-05,South East,N/A,2703,4505
RZDF,2025-11-04T17:00:00Z,2025-11-04T17:00:07Z,2025-11-05,South West,N/A,9728,16213
RZDF,2025-11-04T17:00:00Z,2025-11-04T17:00:07Z,2025-11-05,Midlands,N/A,4023,6705
RZDF,2025-11-04T17:00:00Z,2025-11-04T17:00:07Z,2025-11-05,North East,N/A,2631,4385
RZDF,2025-11-04T17:00:00Z,2025-11-04T17:00:07Z,2025-11-05,North West,N/A,2456,4093
RZDF,2025-11-04T17:00:00Z,2025-11-04T17:00:07Z,2025-11-05,South Scotland,N/A,947,1578
RZDF,2025-11-04T17:00:00Z,2025-11-04T17:00:07Z,2025-11-05,North Scotland,N/A,0,0
RZDF,2025-11-04T11:45:00Z,2025-11-04T11:45:05Z,2025-11-05,South East,N/A,2700,4500
RZDF,2025-11-04T11:45:00Z,2025-11-04T11:45:05Z,2025-11-05,South West,N/A,9718,16196
RZDF,2025-11-04T11:45:00Z,2025-11-04T11:45:05Z,2025-11-05,Midlands,N/A,4019,6698
RZDF,2025-11-04T11:45:00Z,2025-11-04T11:45:05Z,2025-11-05,North East,N/A,2628,4380
RZDF,2025-11-04T11:45:00Z,2025-11-04T11:45:05Z,2025-11-05,North West,N/A,2453,4088
RZDF,2025-11-04T11:45:00Z,2025-11-04T11:45:05Z,2025-11-05,South Scotland,N/A,946,1576
RZDF,2025-11-04T11:45:00Z,2025-11-04T11:45:05Z,2025-11-05,North Scotland,N/A,0,0
RZDF,2025-11-04T09:00:00Z,2025-11-04T09:00:07Z,2025-11-05,South East,N/A,2700,4500
RZDF,2025-11-04T09:00:00Z,2025-11-04T09:00:07Z,2025-11-05,South West,N/A,9717,16195
RZDF,2025-11-04T09:00:00Z,2025-11-04T09:00:07Z,2025-11-05,Midlands,N/A,4018,6697
RZDF,2025-11-04T09:00:00Z,2025-11-04T09:00:07Z,2025-11-05,North East,N/A,2628,4380
RZDF,2025-11-04T09:00:00Z,2025-11-04T09:00:07Z,2025-11-05,North West,N/A,2453,4088
RZDF,2025-11-04T09:00:00Z,2025-11-04T09:00:07Z,2025-11-05,South Scotland,N/A,946,1576
RZDF,2025-11-04T09:00:00Z,2025-11-04T09:00:07Z,2025-11-05,North Scotland,N/A,0,0
RZDF,2025-11-03T17:00:00Z,2025-11-03T17:00:04Z,2025-11-04,South East,N/A,2728,4547
RZDF,2025-11-03T17:00:00Z,2025-11-03T17:00:04Z,2025-11-04,South West,N/A,9819,16365
RZDF,2025-11-03T17:00:00Z,2025-11-03T17:00:04Z,2025-11-04,Midlands,N/A,4061,6768
RZDF,2025-11-03T17:00:00Z,2025-11-03T17:00:04Z,2025-11-04,North East,N/A,2656,4426
RZDF,2025-11-03T17:00:00Z,2025-11-03T17:00:04Z,2025-11-04,North West,N/A,2479,4131
RZDF,2025-11-03T17:00:00Z,2025-11-03T17:00:04Z,2025-11-04,South Scotland,N/A,956,1593
RZDF,2025-11-03T17:00:00Z,2025-11-03T17:00:04Z,2025-11-04,North Scotland,N/A,0,0
RZDF,2025-11-03T11:45:00Z,2025-11-03T11:45:05Z,2025-11-04,South East,N/A,2736,4560
RZDF,2025-11-03T11:45:00Z,2025-11-03T11:45:05Z,2025-11-04,South West,N/A,9846,16410
RZDF,2025-11-03T11:45:00Z,2025-11-03T11:45:05Z,2025-11-04,Midlands,N/A,4072,6786
RZDF,2025-11-03T11:45:00Z,2025-11-03T11:45:05Z,2025-11-04,North East,N/A,2663,4438
RZDF,2025-11-03T11:45:00Z,2025-11-03T11:45:05Z,2025-11-04,North West,N/A,2485,4142
RZDF,2025-11-03T11:45:00Z,2025-11-03T11:45:05Z,2025-11-04,South Scotland,N/A,958,1597
RZDF,2025-11-03T11:45:00Z,2025-11-03T11:45:05Z,2025-11-04,North Scotland,N/A,0,0
RZDF,2025-11-03T09:00:00Z,2025-11-03T09:00:05Z,2025-11-04,South East,N/A,2715,4525
RZDF,2025-11-03T09:00:00Z,2025-11-03T09:00:05Z,2025-11-04,South West,N/A,9772,16286
RZDF,2025-11-03T09:00:00Z,2025-11-03T09:00:05Z,2025-11-04,Midlands,N/A,4041,6735
RZDF,2025-11-03T09:00:00Z,2025-11-03T09:00:05Z,2025-11-04,North East,N/A,2643,4405
RZDF,2025-11-03T09:00:00Z,2025-11-03T09:00:05Z,2025-11-04,North West,N/A,2467,4111
RZDF,2025-11-03T09:00:00Z,2025-11-03T09:00:05Z,2025-11-04,South Scotland,N/A,951,1585
RZDF,2025-11-03T09:00:00Z,2025-11-03T09:00:05Z,2025-11-04,North Scotland,N/A,0,0
RZDF,2025-11-02T17:00:00Z,2025-11-02T17:00:08Z,2025-11-03,South East,N/A,2569,4281
RZDF,2025-11-02T17:00:00Z,2025-11-02T17:00:08Z,2025-11-03,South West,N/A,9244,15407
RZDF,2025-11-02T17:00:00Z,2025-11-02T17:00:08Z,2025-11-03,Midlands,N/A,3823,6372
RZDF,2025-11-02T17:00:00Z,2025-11-02T17:00:08Z,2025-11-03,North East,N/A,2500,4167
RZDF,2025-11-02T17:00:00Z,2025-11-02T17:00:08Z,2025-11-03,North West,N/A,2334,3889
RZDF,2025-11-02T17:00:00Z,2025-11-02T17:00:08Z,2025-11-03,South Scotland,N/A,900,1499
RZDF,2025-11-02T17:00:00Z,2025-11-02T17:00:08Z,2025-11-03,North Scotland,N/A,0,0
RZDF,2025-11-02T11:45:00Z,2025-11-02T11:45:04Z,2025-11-03,South East,N/A,2560,4267
RZDF,2025-11-02T11:45:00Z,2025-11-02T11:45:04Z,2025-11-03,South West,N/A,9215,15358
RZDF,2025-11-02T11:45:00Z,2025-11-02T11:45:04Z,2025-11-03,Midlands,N/A,3811,6351
RZDF,2025-11-02T11:45:00Z,2025-11-02T11:45:04Z,2025-11-03,North East,N/A,2492,4154
RZDF,2025-11-02T11:45:00Z,2025-11-02T11:45:04Z,2025-11-03,North West,N/A,2326,3877
RZDF,2025-11-02T11:45:00Z,2025-11-02T11:45:04Z,2025-11-03,South Scotland,N/A,897,1495
RZDF,2025-11-02T11:45:00Z,2025-11-02T11:45:04Z,2025-11-03,North Scotland,N/A,0,0
RZDF,2025-11-02T09:00:00Z,2025-11-02T09:00:05Z,2025-11-03,South East,N/A,2551,4251
RZDF,2025-11-02T09:00:00Z,2025-11-02T09:00:05Z,2025-11-03,South West,N/A,9179,15299
RZDF,2025-11-02T09:00:00Z,2025-11-02T09:00:05Z,2025-11-03,Midlands,N/A,3796,6327
RZDF,2025-11-02T09:00:00Z,2025-11-02T09:00:05Z,2025-11-03,North East,N/A,2483,4138
RZDF,2025-11-02T09:00:00Z,2025-11-02T09:00:05Z,2025-11-03,North West,N/A,2317,3862
RZDF,2025-11-02T09:00:00Z,2025-11-02T09:00:05Z,2025-11-03,South Scotland,N/A,893,1489
RZDF,2025-11-02T09:00:00Z,2025-11-02T09:00:05Z,2025-11-03,North Scotland,N/A,0,0
RZDF,2025-11-01T17:00:00Z,2025-11-01T17:00:04Z,2025-11-02,South East,N/A,2536,4227
RZDF,2025-11-01T17:00:00Z,2025-11-01T17:00:04Z,2025-11-02,South West,N/A,9128,15213
RZDF,2025-11-01T17:00:00Z,2025-11-01T17:00:04Z,2025-11-02,Midlands,N/A,3775,6291
RZDF,2025-11-01T17:00:00Z,2025-11-01T17:00:04Z,2025-11-02,North East,N/A,2469,4114
RZDF,2025-11-01T17:00:00Z,2025-11-01T17:00:04Z,2025-11-02,North West,N/A,2304,3840
RZDF,2025-11-01T17:00:00Z,2025-11-01T17:00:04Z,2025-11-02,South Scotland,N/A,888,1480
RZDF,2025-11-01T17:00:00Z,2025-11-01T17:00:04Z,2025-11-02,North Scotland,N/A,0,0
RZDF,2025-11-01T11:45:00Z,2025-11-01T11:45:05Z,2025-11-02,South East,N/A,2482,4137
RZDF,2025-11-01T11:45:00Z,2025-11-01T11:45:05Z,2025-11-02,South West,N/A,8933,14889
RZDF,2025-11-01T11:45:00Z,2025-11-01T11:45:05Z,2025-11-02,Midlands,N/A,3694,6157
RZDF,2025-11-01T11:45:00Z,2025-11-01T11:45:05Z,2025-11-02,North East,N/A,2416,4027
RZDF,2025-11-01T11:45:00Z,2025-11-01T11:45:05Z,2025-11-02,North West,N/A,2255,3758
RZDF,2025-11-01T11:45:00Z,2025-11-01T11:45:05Z,2025-11-02,South Scotland,N/A,869,1449
RZDF,2025-11-01T11:45:00Z,2025-11-01T11:45:05Z,2025-11-02,North Scotland,N/A,0,0
RZDF,2025-11-01T09:00:00Z,2025-11-01T09:00:05Z,2025-11-02,South East,N/A,2490,4150
RZDF,2025-11-01T09:00:00Z,2025-11-01T09:00:05Z,2025-11-02,South West,N/A,8962,14937
RZDF,2025-11-01T09:00:00Z,2025-11-01T09:00:05Z,2025-11-02,Midlands,N/A,3706,6177
RZDF,2025-11-01T09:00:00Z,2025-11-01T09:00:05Z,2025-11-02,North East,N/A,2424,4040
RZDF,2025-11-01T09:00:00Z,2025-11-01T09:00:05Z,2025-11-02,North West,N/A,2262,3770
RZDF,2025-11-01T09:00:00Z,2025-11-01T09:00:05Z,2025-11-02,South Scotland,N/A,872,1454
RZDF,2025-11-01T09:00:00Z,2025-11-01T09:00:05Z,2025-11-02,North Scotland,N/A,0,0
RZDF,2025-10-31T17:00:00Z,2025-10-31T17:00:04Z,2025-11-01,South East,N/A,2472,4119
RZDF,2025-10-31T17:00:00Z,2025-10-31T17:00:04Z,2025-11-01,South West,N/A,8895,14825
RZDF,2025-10-31T17:00:00Z,2025-10-31T17:00:04Z,2025-11-01,Midlands,N/A,3679,6131
RZDF,2025-10-31T17:00:00Z,2025-10-31T17:00:04Z,2025-11-01,North East,N/A,2406,4010
RZDF,2025-10-31T17:00:00Z,2025-10-31T17:00:04Z,2025-11-01,North West,N/A,2245,3742
RZDF,2025-10-31T17:00:00Z,2025-10-31T17:00:04Z,2025-11-01,South Scotland,N/A,866,1443
RZDF,2025-10-31T17:00:00Z,2025-10-31T17:00:04Z,2025-11-01,North Scotland,N/A,0,0
RZDF,2025-10-31T11:45:00Z,2025-10-31T11:45:04Z,2025-11-01,South East,N/A,2477,4129
RZDF,2025-10-31T11:45:00Z,2025-10-31T11:45:04Z,2025-11-01,South West,N/A,8916,14860
RZDF,2025-10-31T11:45:00Z,2025-10-31T11:45:04Z,2025-11-01,Midlands,N/A,3687,6145
RZDF,2025-10-31T11:45:00Z,2025-10-31T11:45:04Z,2025-11-01,North East,N/A,2411,4019
RZDF,2025-10-31T11:45:00Z,2025-10-31T11:45:04Z,2025-11-01,North West,N/A,2251,3751
RZDF,2025-10-31T11:45:00Z,2025-10-31T11:45:04Z,2025-11-01,South Scotland,N/A,868,1446
RZDF,2025-10-31T11:45:00Z,2025-10-31T11:45:04Z,2025-11-01,North Scotland,N/A,0,0
RZDF,2025-10-31T09:00:00Z,2025-10-31T09:00:05Z,2025-11-01,South East,N/A,2489,4148
RZDF,2025-10-31T09:00:00Z,2025-10-31T09:00:05Z,2025-11-01,South West,N/A,8957,14928
RZDF,2025-10-31T09:00:00Z,2025-10-31T09:00:05Z,2025-11-01,Midlands,N/A,3704,6173
RZDF,2025-10-31T09:00:00Z,2025-10-31T09:00:05Z,2025-11-01,North East,N/A,2422,4037
RZDF,2025-10-31T09:00:00Z,2025-10-31T09:00:05Z,2025-11-01,North West,N/A,2261,3768
RZDF,2025-10-31T09:00:00Z,2025-10-31T09:00:05Z,2025-11-01,South Scotland,N/A,872,1453
RZDF,2025-10-31T09:00:00Z,2025-10-31T09:00:05Z,2025-11-01,North Scotland,N/A,0,0
RZDF,2025-10-30T17:00:00Z,2025-10-30T17:00:06Z,2025-10-31,South East,N/A,2525,4208
RZDF,2025-10-30T17:00:00Z,2025-10-30T17:00:06Z,2025-10-31,South West,N/A,9086,15144
RZDF,2025-10-30T17:00:00Z,2025-10-30T17:00:06Z,2025-10-31,Midlands,N/A,3758,6263
RZDF,2025-10-30T17:00:00Z,2025-10-30T17:00:06Z,2025-10-31,North East,N/A,2457,4096
RZDF,2025-10-30T17:00:00Z,2025-10-30T17:00:06Z,2025-10-31,North West,N/A,2294,3823
RZDF,2025-10-30T17:00:00Z,2025-10-30T17:00:06Z,2025-10-31,South Scotland,N/A,884,1474
RZDF,2025-10-30T17:00:00Z,2025-10-30T17:00:06Z,2025-10-31,North Scotland,N/A,0,0
RZDF,2025-10-30T11:45:00Z,2025-10-30T11:45:05Z,2025-10-31,South East,N/A,2536,4227
RZDF,2025-10-30T11:45:00Z,2025-10-30T11:45:05Z,2025-10-31,South West,N/A,9129,15215
RZDF,2025-10-30T11:45:00Z,2025-10-30T11:45:05Z,2025-10-31,Midlands,N/A,3775,6292
RZDF,2025-10-30T11:45:00Z,2025-10-30T11:45:05Z,2025-10-31,North East,N/A,2469,4115
RZDF,2025-10-30T11:45:00Z,2025-10-30T11:45:05Z,2025-10-31,North West,N/A,2304,3841
RZDF,2025-10-30T11:45:00Z,2025-10-30T11:45:05Z,2025-10-31,South Scotland,N/A,888,1481
RZDF,2025-10-30T11:45:00Z,2025-10-30T11:45:05Z,2025-10-31,North Scotland,N/A,0,0
RZDF,2025-10-30T09:00:00Z,2025-10-30T09:00:05Z,2025-10-31,South East,N/A,2539,4231
RZDF,2025-10-30T09:00:00Z,2025-10-30T09:00:05Z,2025-10-31,South West,N/A,9137,15229
RZDF,2025-10-30T09:00:00Z,2025-10-30T09:00:05Z,2025-10-31,Midlands,N/A,3779,6298
RZDF,2025-10-30T09:00:00Z,2025-10-30T09:00:05Z,2025-10-31,North East,N/A,2471,4119
RZDF,2025-10-30T09:00:00Z,2025-10-30T09:00:05Z,2025-10-31,North West,N/A,2307,3844
RZDF,2025-10-30T09:00:00Z,2025-10-30T09:00:05Z,2025-10-31,South Scotland,N/A,889,1482
RZDF,2025-10-30T09:00:00Z,2025-10-30T09:00:05Z,2025-10-31,North Scotland,N/A,0,0
RZDF,2025-10-29T17:00:00Z,2025-10-29T17:00:04Z,2025-10-30,South East,N/A,2642,4403
RZDF,2025-10-29T17:00:00Z,2025-10-29T17:00:04Z,2025-10-30,South West,N/A,9509,15848
RZDF,2025-10-29T17:00:00Z,2025-10-29T17:00:04Z,2025-10-30,Midlands,N/A,3932,6554
RZDF,2025-10-29T17:00:00Z,2025-10-29T17:00:04Z,2025-10-30,North East,N/A,2572,4286
RZDF,2025-10-29T17:00:00Z,2025-10-29T17:00:04Z,2025-10-30,North West,N/A,2400,4000
RZDF,2025-10-29T17:00:00Z,2025-10-29T17:00:04Z,2025-10-30,South Scotland,N/A,925,1542
RZDF,2025-10-29T17:00:00Z,2025-10-29T17:00:04Z,2025-10-30,North Scotland,N/A,0,0
RZDF,2025-10-29T11:45:00Z,2025-10-29T11:45:06Z,2025-10-30,South East,N/A,2630,4383
RZDF,2025-10-29T11:45:00Z,2025-10-29T11:45:06Z,2025-10-30,South West,N/A,9465,15776
RZDF,2025-10-29T11:45:00Z,2025-10-29T11:45:06Z,2025-10-30,Midlands,N/A,3914,6524
RZDF,2025-10-29T11:45:00Z,2025-10-29T11:45:06Z,2025-10-30,North East,N/A,2560,4267
RZDF,2025-10-29T11:45:00Z,2025-10-29T11:45:06Z,2025-10-30,North West,N/A,2389,3982
RZDF,2025-10-29T11:45:00Z,2025-10-29T11:45:06Z,2025-10-30,South Scotland,N/A,921,1535
RZDF,2025-10-29T11:45:00Z,2025-10-29T11:45:06Z,2025-10-30,North Scotland,N/A,0,0
RZDF,2025-10-29T09:00:00Z,2025-10-29T09:00:05Z,2025-10-30,South East,N/A,2637,4396
RZDF,2025-10-29T09:00:00Z,2025-10-29T09:00:05Z,2025-10-30,South West,N/A,9492,15820
RZDF,2025-10-29T09:00:00Z,2025-10-29T09:00:05Z,2025-10-30,Midlands,N/A,3925,6542
RZDF,2025-10-29T09:00:00Z,2025-10-29T09:00:05Z,2025-10-30,North East,N/A,2567,4279
RZDF,2025-10-29T09:00:00Z,2025-10-29T09:00:05Z,2025-10-30,North West,N/A,2396,3993
RZDF,2025-10-29T09:00:00Z,2025-10-29T09:00:05Z,2025-10-30,South Scotland,N/A,924,1540
RZDF,2025-10-29T09:00:00Z,2025-10-29T09:00:05Z,2025-10-30,North Scotland,N/A,0,0
RZDF,2025-10-28T17:00:00Z,2025-10-28T17:00:06Z,2025-10-29,South East,N/A,2808,4680
RZDF,2025-10-28T17:00:00Z,2025-10-28T17:00:06Z,2025-10-29,South West,N/A,10105,16842
RZDF,2025-10-28T17:00:00Z,2025-10-28T17:00:06Z,2025-10-29,Midlands,N/A,4179,6965
RZDF,2025-10-28T17:00:00Z,2025-10-28T17:00:06Z,2025-10-29,North East,N/A,2733,4555
RZDF,2025-10-28T17:00:00Z,2025-10-28T17:00:06Z,2025-10-29,North West,N/A,2551,4251
RZDF,2025-10-28T17:00:00Z,2025-10-28T17:00:06Z,2025-10-29,South Scotland,N/A,983,1639
RZDF,2025-10-28T17:00:00Z,2025-10-28T17:00:06Z,2025-10-29,North Scotland,N/A,0,0
RZDF,2025-10-28T11:45:00Z,2025-10-28T11:45:05Z,2025-10-29,South East,N/A,2827,4711
RZDF,2025-10-28T11:45:00Z,2025-10-28T11:45:05Z,2025-10-29,South West,N/A,10173,16955
RZDF,2025-10-28T11:45:00Z,2025-10-28T11:45:05Z,2025-10-29,Midlands,N/A,4207,7012
RZDF,2025-10-28T11:45:00Z,2025-10-28T11:45:05Z,2025-10-29,North East,N/A,2751,4586
RZDF,2025-10-28T11:45:00Z,2025-10-28T11:45:05Z,2025-10-29,North West,N/A,2568,4280
RZDF,2025-10-28T11:45:00Z,2025-10-28T11:45:05Z,2025-10-29,South Scotland,N/A,990,1650
RZDF,2025-10-28T11:45:00Z,2025-10-28T11:45:05Z,2025-10-29,North Scotland,N/A,0,0
RZDF,2025-10-28T09:00:00Z,2025-10-28T09:00:05Z,2025-10-29,South East,N/A,2825,4708
RZDF,2025-10-28T09:00:00Z,2025-10-28T09:00:05Z,2025-10-29,South West,N/A,10166,16944
RZDF,2025-10-28T09:00:00Z,2025-10-28T09:00:05Z,2025-10-29,Midlands,N/A,4204,7007
RZDF,2025-10-28T09:00:00Z,2025-10-28T09:00:05Z,2025-10-29,North East,N/A,2750,4583
RZDF,2025-10-28T09:00:00Z,2025-10-28T09:00:05Z,2025-10-29,North West,N/A,2566,4277
RZDF,2025-10-28T09:00:00Z,2025-10-28T09:00:05Z,2025-10-29,South Scotland,N/A,989,1649
RZDF,2025-10-28T09:00:00Z,2025-10-28T09:00:05Z,2025-10-29,North Scotland,N/A,0,0
RZDF,2025-10-27T17:00:00Z,2025-10-27T17:00:04Z,2025-10-28,South East,N/A,2765,4609
RZDF,2025-10-27T17:00:00Z,2025-10-27T17:00:04Z,2025-10-28,South West,N/A,9953,16588
RZDF,2025-10-27T17:00:00Z,2025-10-27T17:00:04Z,2025-10-28,Midlands,N/A,4116,6860
RZDF,2025-10-27T17:00:00Z,2025-10-27T17:00:04Z,2025-10-28,North East,N/A,2692,4486
RZDF,2025-10-27T17:00:00Z,2025-10-27T17:00:04Z,2025-10-28,North West,N/A,2512,4187
RZDF,2025-10-27T17:00:00Z,2025-10-27T17:00:04Z,2025-10-28,South Scotland,N/A,969,1614
RZDF,2025-10-27T17:00:00Z,2025-10-27T17:00:04Z,2025-10-28,North Scotland,N/A,0,0
RZDF,2025-10-27T11:45:00Z,2025-10-27T11:45:04Z,2025-10-28,South East,N/A,2732,4553
RZDF,2025-10-27T11:45:00Z,2025-10-27T11:45:04Z,2025-10-28,South West,N/A,9831,16386
RZDF,2025-10-27T11:45:00Z,2025-10-27T11:45:04Z,2025-10-28,Midlands,N/A,4066,6776
RZDF,2025-10-27T11:45:00Z,2025-10-27T11:45:04Z,2025-10-28,North East,N/A,2659,4432
RZDF,2025-10-27T11:45:00Z,2025-10-27T11:45:04Z,2025-10-28,North West,N/A,2482,4136
RZDF,2025-10-27T11:45:00Z,2025-10-27T11:45:04Z,2025-10-28,South Scotland,N/A,957,1595
RZDF,2025-10-27T11:45:00Z,2025-10-27T11:45:04Z,2025-10-28,North Scotland,N/A,0,0
RZDF,2025-10-27T09:00:00Z,2025-10-27T09:00:04Z,2025-10-28,South East,N/A,2734,4556
RZDF,2025-10-27T09:00:00Z,2025-10-27T09:00:04Z,2025-10-28,South West,N/A,9839,16398
RZDF,2025-10-27T09:00:00Z,2025-10-27T09:00:04Z,2025-10-28,Midlands,N/A,4069,6781
RZDF,2025-10-27T09:00:00Z,2025-10-27T09:00:04Z,2025-10-28,North East,N/A,2661,4435
RZDF,2025-10-27T09:00:00Z,2025-10-27T09:00:04Z,2025-10-28,North West,N/A,2484,4139
RZDF,2025-10-27T09:00:00Z,2025-10-27T09:00:04Z,2025-10-28,South Scotland,N/A,958,1596
RZDF,2025-10-27T09:00:00Z,2025-10-27T09:00:04Z,2025-10-28,North Scotland,N/A,0,0
RZDF,2025-10-26T17:00:00Z,2025-10-26T17:00:05Z,2025-10-27,South East,N/A,2829,4715
RZDF,2025-10-26T17:00:00Z,2025-10-26T17:00:05Z,2025-10-27,South West,N/A,10183,16971
RZDF,2025-10-26T17:00:00Z,2025-10-26T17:00:05Z,2025-10-27,Midlands,N/A,4211,7018
RZDF,2025-10-26T17:00:00Z,2025-10-26T17:00:05Z,2025-10-27,North East,N/A,2754,4590
RZDF,2025-10-26T17:00:00Z,2025-10-26T17:00:05Z,2025-10-27,North West,N/A,2570,4284
RZDF,2025-10-26T17:00:00Z,2025-10-26T17:00:05Z,2025-10-27,South Scotland,N/A,991,1652
RZDF,2025-10-26T17:00:00Z,2025-10-26T17:00:05Z,2025-10-27,North Scotland,N/A,0,0
RZDF,2025-10-26T11:45:00Z,2025-10-26T11:45:05Z,2025-10-27,South East,N/A,2838,4729
RZDF,2025-10-26T11:45:00Z,2025-10-26T11:45:05Z,2025-10-27,South West,N/A,10212,17021
RZDF,2025-10-26T11:45:00Z,2025-10-26T11:45:05Z,2025-10-27,Midlands,N/A,4223,7039
RZDF,2025-10-26T11:45:00Z,2025-10-26T11:45:05Z,2025-10-27,North East,N/A,2762,4603
RZDF,2025-10-26T11:45:00Z,2025-10-26T11:45:05Z,2025-10-27,North West,N/A,2578,4296
RZDF,2025-10-26T11:45:00Z,2025-10-26T11:45:05Z,2025-10-27,South Scotland,N/A,994,1656
RZDF,2025-10-26T11:45:00Z,2025-10-26T11:45:05Z,2025-10-27,North Scotland,N/A,0,0
RZDF,2025-10-26T09:00:00Z,2025-10-26T09:00:05Z,2025-10-27,South East,N/A,2821,4702
RZDF,2025-10-26T09:00:00Z,2025-10-26T09:00:05Z,2025-10-27,South West,N/A,10154,16923
RZDF,2025-10-26T09:00:00Z,2025-10-26T09:00:05Z,2025-10-27,Midlands,N/A,4199,6998
RZDF,2025-10-26T09:00:00Z,2025-10-26T09:00:05Z,2025-10-27,North East,N/A,2746,4577
RZDF,2025-10-26T09:00:00Z,2025-10-26T09:00:05Z,2025-10-27,North West,N/A,2563,4272
RZDF,2025-10-26T09:00:00Z,2025-10-26T09:00:05Z,2025-10-27,South Scotland,N/A,988,1647
RZDF,2025-10-26T09:00:00Z,2025-10-26T09:00:05Z,2025-10-27,North Scotland,N/A,0,0
RZDF,2025-10-25T16:00:00Z,2025-10-25T16:00:04Z,2025-10-26,South East,N/A,2449,4081
RZDF,2025-10-25T16:00:00Z,2025-10-25T16:00:04Z,2025-10-26,South West,N/A,8813,14688
RZDF,2025-10-25T16:00:00Z,2025-10-25T16:00:04Z,2025-10-26,Midlands,N/A,3644,6074
RZDF,2025-10-25T16:00:00Z,2025-10-25T16:00:04Z,2025-10-26,North East,N/A,2383,3972
RZDF,2025-10-25T16:00:00Z,2025-10-25T16:00:04Z,2025-10-26,North West,N/A,2225,3708
RZDF,2025-10-25T16:00:00Z,2025-10-25T16:00:04Z,2025-10-26,South Scotland,N/A,858,1429
RZDF,2025-10-25T16:00:00Z,2025-10-25T16:00:04Z,2025-10-26,North Scotland,N/A,0,0
RZDF,2025-10-25T10:45:00Z,2025-10-25T10:45:04Z,2025-10-26,South East,N/A,2405,4009
RZDF,2025-10-25T10:45:00Z,2025-10-25T10:45:04Z,2025-10-26,South West,N/A,8657,14429
RZDF,2025-10-25T10:45:00Z,2025-10-25T10:45:04Z,2025-10-26,Midlands,N/A,3580,5967
RZDF,2025-10-25T10:45:00Z,2025-10-25T10:45:04Z,2025-10-26,North East,N/A,2341,3902
RZDF,2025-10-25T10:45:00Z,2025-10-25T10:45:04Z,2025-10-26,North West,N/A,2185,3642
RZDF,2025-10-25T10:45:00Z,2025-10-25T10:45:04Z,2025-10-26,South Scotland,N/A,842,1404
RZDF,2025-10-25T10:45:00Z,2025-10-25T10:45:04Z,2025-10-26,North Scotland,N/A,0,0
RZDF,2025-10-25T08:00:00Z,2025-10-25T08:00:08Z,2025-10-26,South East,N/A,2413,4021
RZDF,2025-10-25T08:00:00Z,2025-10-25T08:00:08Z,2025-10-26,South West,N/A,8684,14473
RZDF,2025-10-25T08:00:00Z,2025-10-25T08:00:08Z,2025-10-26,Midlands,N/A,3591,5985
RZDF,2025-10-25T08:00:00Z,2025-10-25T08:00:08Z,2025-10-26,North East,N/A,2349,3914
RZDF,2025-10-25T08:00:00Z,2025-10-25T08:00:08Z,2025-10-26,North West,N/A,2192,3653
RZDF,2025-10-25T08:00:00Z,2025-10-25T08:00:08Z,2025-10-26,South Scotland,N/A,845,1408
RZDF,2025-10-25T08:00:00Z,2025-10-25T08:00:08Z,2025-10-26,North Scotland,N/A,0,0
RZDF,2025-10-24T16:00:00Z,2025-10-24T16:00:05Z,2025-10-25,South East,N/A,2339,3899
RZDF,2025-10-24T16:00:00Z,2025-10-24T16:00:05Z,2025-10-25,South West,N/A,8419,14032
RZDF,2025-10-24T16:00:00Z,2025-10-24T16:00:05Z,2025-10-25,Midlands,N/A,3482,5803
RZDF,2025-10-24T16:00:00Z,2025-10-24T16:00:05Z,2025-10-25,North East,N/A,2277,3795
RZDF,2025-10-24T16:00:00Z,2025-10-24T16:00:05Z,2025-10-25,North West,N/A,2125,3542
RZDF,2025-10-24T16:00:00Z,2025-10-24T16:00:05Z,2025-10-25,South Scotland,N/A,819,1366
RZDF,2025-10-24T16:00:00Z,2025-10-24T16:00:05Z,2025-10-25,North Scotland,N/A,0,0
RZDF,2025-10-24T10:45:00Z,2025-10-24T10:45:06Z,2025-10-25,South East,N/A,2322,3870
RZDF,2025-10-24T10:45:00Z,2025-10-24T10:45:06Z,2025-10-25,South West,N/A,8358,13929
RZDF,2025-10-24T10:45:00Z,2025-10-24T10:45:06Z,2025-10-25,Midlands,N/A,3456,5760
RZDF,2025-10-24T10:45:00Z,2025-10-24T10:45:06Z,2025-10-25,North East,N/A,2260,3767
RZDF,2025-10-24T10:45:00Z,2025-10-24T10:45:06Z,2025-10-25,North West,N/A,2110,3516
RZDF,2025-10-24T10:45:00Z,2025-10-24T10:45:06Z,2025-10-25,South Scotland,N/A,813,1356
RZDF,2025-10-24T10:45:00Z,2025-10-24T10:45:06Z,2025-10-25,North Scotland,N/A,0,0
RZDF,2025-10-24T08:00:00Z,2025-10-24T08:00:06Z,2025-10-25,South East,N/A,2357,3929
RZDF,2025-10-24T08:00:00Z,2025-10-24T08:00:06Z,2025-10-25,South West,N/A,8484,14140
RZDF,2025-10-24T08:00:00Z,2025-10-24T08:00:06Z,2025-10-25,Midlands,N/A,3508,5847
RZDF,2025-10-24T08:00:00Z,2025-10-24T08:00:06Z,2025-10-25,North East,N/A,2295,3824
RZDF,2025-10-24T08:00:00Z,2025-10-24T08:00:06Z,2025-10-25,North West,N/A,2142,3569
RZDF,2025-10-24T08:00:00Z,2025-10-24T08:00:06Z,2025-10-25,South Scotland,N/A,826,1376
RZDF,2025-10-24T08:00:00Z,2025-10-24T08:00:06Z,2025-10-25,North Scotland,N/A,0,0
RZDF,2025-10-23T16:00:00Z,2025-10-23T16:00:06Z,2025-10-24,South East,N/A,2517,4195
RZDF,2025-10-23T16:00:00Z,2025-10-23T16:00:06Z,2025-10-24,South West,N/A,9058,15096
RZDF,2025-10-23T16:00:00Z,2025-10-23T16:00:06Z,2025-10-24,Midlands,N/A,3746,6243
RZDF,2025-10-23T16:00:00Z,2025-10-23T16:00:06Z,2025-10-24,North East,N/A,2450,4083
RZDF,2025-10-23T16:00:00Z,2025-10-23T16:00:06Z,2025-10-24,North West,N/A,2286,3811
RZDF,2025-10-23T16:00:00Z,2025-10-23T16:00:06Z,2025-10-24,South Scotland,N/A,881,1469
RZDF,2025-10-23T16:00:00Z,2025-10-23T16:00:06Z,2025-10-24,North Scotland,N/A,0,0
RZDF,2025-10-23T10:45:00Z,2025-10-23T10:45:05Z,2025-10-24,South East,N/A,2521,4202
RZDF,2025-10-23T10:45:00Z,2025-10-23T10:45:05Z,2025-10-24,South West,N/A,9074,15123
RZDF,2025-10-23T10:45:00Z,2025-10-23T10:45:05Z,2025-10-24,Midlands,N/A,3752,6254
RZDF,2025-10-23T10:45:00Z,2025-10-23T10:45:05Z,2025-10-24,North East,N/A,2454,4090
RZDF,2025-10-23T10:45:00Z,2025-10-23T10:45:05Z,2025-10-24,North West,N/A,2290,3817
RZDF,2025-10-23T10:45:00Z,2025-10-23T10:45:05Z,2025-10-24,South Scotland,N/A,883,1472
RZDF,2025-10-23T10:45:00Z,2025-10-23T10:45:05Z,2025-10-24,North Scotland,N/A,0,0
RZDF,2025-10-23T08:00:00Z,2025-10-23T08:00:07Z,2025-10-24,South East,N/A,2531,4219
RZDF,2025-10-23T08:00:00Z,2025-10-23T08:00:07Z,2025-10-24,South West,N/A,9110,15183
RZDF,2025-10-23T08:00:00Z,2025-10-23T08:00:07Z,2025-10-24,Midlands,N/A,3767,6279
RZDF,2025-10-23T08:00:00Z,2025-10-23T08:00:07Z,2025-10-24,North East,N/A,2464,4106
RZDF,2025-10-23T08:00:00Z,2025-10-23T08:00:07Z,2025-10-24,North West,N/A,2300,3833
RZDF,2025-10-23T08:00:00Z,2025-10-23T08:00:07Z,2025-10-24,South Scotland,N/A,887,1478
RZDF,2025-10-23T08:00:00Z,2025-10-23T08:00:07Z,2025-10-24,North Scotland,N/A,0,0
RZDF,2025-10-22T16:00:00Z,2025-10-22T16:00:07Z,2025-10-23,South East,N/A,2603,4339
RZDF,2025-10-22T16:00:00Z,2025-10-22T16:00:07Z,2025-10-23,South West,N/A,9370,15617
RZDF,2025-10-22T16:00:00Z,2025-10-22T16:00:07Z,2025-10-23,Midlands,N/A,3875,6458
RZDF,2025-10-22T16:00:00Z,2025-10-22T16:00:07Z,2025-10-23,North East,N/A,2534,4224
RZDF,2025-10-22T16:00:00Z,2025-10-22T16:00:07Z,2025-10-23,North West,N/A,2365,3942
RZDF,2025-10-22T16:00:00Z,2025-10-22T16:00:07Z,2025-10-23,South Scotland,N/A,912,1520
RZDF,2025-10-22T16:00:00Z,2025-10-22T16:00:07Z,2025-10-23,North Scotland,N/A,0,0
RZDF,2025-10-22T10:45:00Z,2025-10-22T10:45:05Z,2025-10-23,South East,N/A,2578,4297
RZDF,2025-10-22T10:45:00Z,2025-10-22T10:45:05Z,2025-10-23,South West,N/A,9278,15463
RZDF,2025-10-22T10:45:00Z,2025-10-22T10:45:05Z,2025-10-23,Midlands,N/A,3837,6395
RZDF,2025-10-22T10:45:00Z,2025-10-22T10:45:05Z,2025-10-23,North East,N/A,2509,4182
RZDF,2025-10-22T10:45:00Z,2025-10-22T10:45:05Z,2025-10-23,North West,N/A,2342,3903
RZDF,2025-10-22T10:45:00Z,2025-10-22T10:45:05Z,2025-10-23,South Scotland,N/A,903,1505
RZDF,2025-10-22T10:45:00Z,2025-10-22T10:45:05Z,2025-10-23,North Scotland,N/A,0,0
RZDF,2025-10-22T08:00:00Z,2025-10-22T08:00:07Z,2025-10-23,South East,N/A,2568,4280
RZDF,2025-10-22T08:00:00Z,2025-10-22T08:00:07Z,2025-10-23,South West,N/A,9241,15402
RZDF,2025-10-22T08:00:00Z,2025-10-22T08:00:07Z,2025-10-23,Midlands,N/A,3822,6369
RZDF,2025-10-22T08:00:00Z,2025-10-22T08:00:07Z,2025-10-23,North East,N/A,2499,4166
RZDF,2025-10-22T08:00:00Z,2025-10-22T08:00:07Z,2025-10-23,North West,N/A,2333,3888
RZDF,2025-10-22T08:00:00Z,2025-10-22T08:00:07Z,2025-10-23,South Scotland,N/A,899,1499
RZDF,2025-10-22T08:00:00Z,2025-10-22T08:00:07Z,2025-10-23,North Scotland,N/A,0,0
RZDF,2025-10-21T16:00:00Z,2025-10-21T16:00:06Z,2025-10-22,South East,N/A,2682,4470
RZDF,2025-10-21T16:00:00Z,2025-10-21T16:00:06Z,2025-10-22,South West,N/A,9652,16087
RZDF,2025-10-21T16:00:00Z,2025-10-21T16:00:06Z,2025-10-22,Midlands,N/A,3992,6653
RZDF,2025-10-21T16:00:00Z,2025-10-21T16:00:06Z,2025-10-22,North East,N/A,2610,4351
RZDF,2025-10-21T16:00:00Z,2025-10-21T16:00:06Z,2025-10-22,North West,N/A,2436,4061
RZDF,2025-10-21T16:00:00Z,2025-10-21T16:00:06Z,2025-10-22,South Scotland,N/A,939,1566
RZDF,2025-10-21T16:00:00Z,2025-10-21T16:00:06Z,2025-10-22,North Scotland,N/A,0,0
RZDF,2025-10-21T10:45:00Z,2025-10-21T10:45:05Z,2025-10-22,South East,N/A,2652,4420
RZDF,2025-10-21T10:45:00Z,2025-10-21T10:45:05Z,2025-10-22,South West,N/A,9544,15907
RZDF,2025-10-21T10:45:00Z,2025-10-21T10:45:05Z,2025-10-22,Midlands,N/A,3947,6578
RZDF,2025-10-21T10:45:00Z,2025-10-21T10:45:05Z,2025-10-22,North East,N/A,2581,4302
RZDF,2025-10-21T10:45:00Z,2025-10-21T10:45:05Z,2025-10-22,North West,N/A,2409,4015
RZDF,2025-10-21T10:45:00Z,2025-10-21T10:45:05Z,2025-10-22,South Scotland,N/A,929,1548
RZDF,2025-10-21T10:45:00Z,2025-10-21T10:45:05Z,2025-10-22,North Scotland,N/A,0,0
RZDF,2025-10-21T08:00:00Z,2025-10-21T08:00:06Z,2025-10-22,South East,N/A,2689,4482
RZDF,2025-10-21T08:00:00Z,2025-10-21T08:00:06Z,2025-10-22,South West,N/A,9678,16129
RZDF,2025-10-21T08:00:00Z,2025-10-21T08:00:06Z,2025-10-22,Midlands,N/A,4002,6670
RZDF,2025-10-21T08:00:00Z,2025-10-21T08:00:06Z,2025-10-22,North East,N/A,2617,4362
RZDF,2025-10-21T08:00:00Z,2025-10-21T08:00:06Z,2025-10-22,North West,N/A,2443,4072
RZDF,2025-10-21T08:00:00Z,2025-10-21T08:00:06Z,2025-10-22,South Scotland,N/A,942,1570
RZDF,2025-10-21T08:00:00Z,2025-10-21T08:00:06Z,2025-10-22,North Scotland,N/A,0,0
RZDF,2025-10-20T16:00:00Z,2025-10-20T16:00:07Z,2025-10-21,South East,N/A,2583,4305
RZDF,2025-10-20T16:00:00Z,2025-10-20T16:00:07Z,2025-10-21,South West,N/A,9296,15494
RZDF,2025-10-20T16:00:00Z,2025-10-20T16:00:07Z,2025-10-21,Midlands,N/A,3844,6407
RZDF,2025-10-20T16:00:00Z,2025-10-20T16:00:07Z,2025-10-21,North East,N/A,2514,4190
RZDF,2025-10-20T16:00:00Z,2025-10-20T16:00:07Z,2025-10-21,North West,N/A,2347,3911
RZDF,2025-10-20T16:00:00Z,2025-10-20T16:00:07Z,2025-10-21,South Scotland,N/A,905,1508
RZDF,2025-10-20T16:00:00Z,2025-10-20T16:00:07Z,2025-10-21,North Scotland,N/A,0,0
RZDF,2025-10-20T10:45:00Z,2025-10-20T10:45:12Z,2025-10-21,South East,N/A,2589,4315
RZDF,2025-10-20T10:45:00Z,2025-10-20T10:45:12Z,2025-10-21,South West,N/A,9318,15531
RZDF,2025-10-20T10:45:00Z,2025-10-20T10:45:12Z,2025-10-21,Midlands,N/A,3854,6423
RZDF,2025-10-20T10:45:00Z,2025-10-20T10:45:12Z,2025-10-21,North East,N/A,2520,4200
RZDF,2025-10-20T10:45:00Z,2025-10-20T10:45:12Z,2025-10-21,North West,N/A,2352,3920
RZDF,2025-10-20T10:45:00Z,2025-10-20T10:45:12Z,2025-10-21,South Scotland,N/A,907,1511
RZDF,2025-10-20T10:45:00Z,2025-10-20T10:45:12Z,2025-10-21,North Scotland,N/A,0,0
RZDF,2025-10-20T08:00:00Z,2025-10-20T08:00:07Z,2025-10-21,South East,N/A,2596,4326
RZDF,2025-10-20T08:00:00Z,2025-10-20T08:00:07Z,2025-10-21,South West,N/A,9342,15570
RZDF,2025-10-20T08:00:00Z,2025-10-20T08:00:07Z,2025-10-21,Midlands,N/A,3863,6439
RZDF,2025-10-20T08:00:00Z,2025-10-20T08:00:07Z,2025-10-21,North East,N/A,2527,4211
RZDF,2025-10-20T08:00:00Z,2025-10-20T08:00:07Z,2025-10-21,North West,N/A,2358,3930
RZDF,2025-10-20T08:00:00Z,2025-10-20T08:00:07Z,2025-10-21,South Scotland,N/A,909,1515
RZDF,2025-10-20T08:00:00Z,2025-10-20T08:00:07Z,2025-10-21,North Scotland,N/A,0,0
RZDF,2025-10-19T16:00:00Z,2025-10-19T16:00:04Z,2025-10-20,South East,N/A,2711,4519
RZDF,2025-10-19T16:00:00Z,2025-10-19T16:00:04Z,2025-10-20,South West,N/A,9758,16263
RZDF,2025-10-19T16:00:00Z,2025-10-19T16:00:04Z,2025-10-20,Midlands,N/A,4035,6726
RZDF,2025-10-19T16:00:00Z,2025-10-19T16:00:04Z,2025-10-20,North East,N/A,2639,4399
RZDF,2025-10-19T16:00:00Z,2025-10-19T16:00:04Z,2025-10-20,North West,N/A,2463,4105
RZDF,2025-10-19T16:00:00Z,2025-10-19T16:00:04Z,2025-10-20,South Scotland,N/A,950,1583
RZDF,2025-10-19T16:00:00Z,2025-10-19T16:00:04Z,2025-10-20,North Scotland,N/A,0,0
RZDF,2025-10-19T10:45:00Z,2025-10-19T10:45:04Z,2025-10-20,South East,N/A,2695,4492
RZDF,2025-10-19T10:45:00Z,2025-10-19T10:45:04Z,2025-10-20,South West,N/A,9700,16167
RZDF,2025-10-19T10:45:00Z,2025-10-19T10:45:04Z,2025-10-20,Midlands,N/A,4011,6686
RZDF,2025-10-19T10:45:00Z,2025-10-19T10:45:04Z,2025-10-20,North East,N/A,2623,4372
RZDF,2025-10-19T10:45:00Z,2025-10-19T10:45:04Z,2025-10-20,North West,N/A,2449,4081
RZDF,2025-10-19T10:45:00Z,2025-10-19T10:45:04Z,2025-10-20,South Scotland,N/A,944,1573
RZDF,2025-10-19T10:45:00Z,2025-10-19T10:45:04Z,2025-10-20,North Scotland,N/A,0,0
RZDF,2025-10-19T08:00:00Z,2025-10-19T08:00:10Z,2025-10-20,South East,N/A,2665,4441
RZDF,2025-10-19T08:00:00Z,2025-10-19T08:00:10Z,2025-10-20,South West,N/A,9590,15984
RZDF,2025-10-19T08:00:00Z,2025-10-19T08:00:10Z,2025-10-20,Midlands,N/A,3966,6610
RZDF,2025-10-19T08:00:00Z,2025-10-19T08:00:10Z,2025-10-20,North East,N/A,2594,4323
RZDF,2025-10-19T08:00:00Z,2025-10-19T08:00:10Z,2025-10-20,North West,N/A,2421,4035
RZDF,2025-10-19T08:00:00Z,2025-10-19T08:00:10Z,2025-10-20,South Scotland,N/A,933,1556
RZDF,2025-10-19T08:00:00Z,2025-10-19T08:00:10Z,2025-10-20,North Scotland,N/A,0,0
RZDF,2025-10-18T16:00:00Z,2025-10-18T16:00:06Z,2025-10-19,South East,N/A,2395,3991
RZDF,2025-10-18T16:00:00Z,2025-10-18T16:00:06Z,2025-10-19,South West,N/A,8618,14364
RZDF,2025-10-18T16:00:00Z,2025-10-18T16:00:06Z,2025-10-19,Midlands,N/A,3564,5940
RZDF,2025-10-18T16:00:00Z,2025-10-18T16:00:06Z,2025-10-19,North East,N/A,2331,3885
RZDF,2025-10-18T16:00:00Z,2025-10-18T16:00:06Z,2025-10-19,North West,N/A,2176,3626
RZDF,2025-10-18T16:00:00Z,2025-10-18T16:00:06Z,2025-10-19,South Scotland,N/A,839,1398
RZDF,2025-10-18T16:00:00Z,2025-10-18T16:00:06Z,2025-10-19,North Scotland,N/A,0,0
RZDF,2025-10-18T10:45:00Z,2025-10-18T10:45:05Z,2025-10-19,South East,N/A,2381,3969
RZDF,2025-10-18T10:45:00Z,2025-10-18T10:45:05Z,2025-10-19,South West,N/A,8570,14283
RZDF,2025-10-18T10:45:00Z,2025-10-18T10:45:05Z,2025-10-19,Midlands,N/A,3544,5907
RZDF,2025-10-18T10:45:00Z,2025-10-18T10:45:05Z,2025-10-19,North East,N/A,2318,3863
RZDF,2025-10-18T10:45:00Z,2025-10-18T10:45:05Z,2025-10-19,North West,N/A,2163,3605
RZDF,2025-10-18T10:45:00Z,2025-10-18T10:45:05Z,2025-10-19,South Scotland,N/A,834,1390
RZDF,2025-10-18T10:45:00Z,2025-10-18T10:45:05Z,2025-10-19,North Scotland,N/A,0,0
RZDF,2025-10-18T08:00:00Z,2025-10-18T08:00:10Z,2025-10-19,South East,N/A,2375,3958
RZDF,2025-10-18T08:00:00Z,2025-10-18T08:00:10Z,2025-10-19,South West,N/A,8547,14245
RZDF,2025-10-18T08:00:00Z,2025-10-18T08:00:10Z,2025-10-19,Midlands,N/A,3535,5891
RZDF,2025-10-18T08:00:00Z,2025-10-18T08:00:10Z,2025-10-19,North East,N/A,2312,3853
RZDF,2025-10-18T08:00:00Z,2025-10-18T08:00:10Z,2025-10-19,North West,N/A,2158,3596
RZDF,2025-10-18T08:00:00Z,2025-10-18T08:00:10Z,2025-10-19,South Scotland,N/A,832,1386
RZDF,2025-10-18T08:00:00Z,2025-10-18T08:00:10Z,2025-10-19,North Scotland,N/A,0,0
RZDF,2025-10-17T16:00:00Z,2025-10-17T16:00:05Z,2025-10-18,South East,N/A,2320,3867
RZDF,2025-10-17T16:00:00Z,2025-10-17T16:00:05Z,2025-10-18,South West,N/A,8351,13918
RZDF,2025-10-17T16:00:00Z,2025-10-17T16:00:05Z,2025-10-18,Midlands,N/A,3454,5756
RZDF,2025-10-17T16:00:00Z,2025-10-17T16:00:05Z,2025-10-18,North East,N/A,2259,3764
RZDF,2025-10-17T16:00:00Z,2025-10-17T16:00:05Z,2025-10-18,North West,N/A,2108,3513
RZDF,2025-10-17T16:00:00Z,2025-10-17T16:00:05Z,2025-10-18,South Scotland,N/A,813,1355
RZDF,2025-10-17T16:00:00Z,2025-10-17T16:00:05Z,2025-10-18,North Scotland,N/A,0,0
RZDF,2025-10-17T10:45:00Z,2025-10-17T10:45:05Z,2025-10-18,South East,N/A,2326,3877
RZDF,2025-10-17T10:45:00Z,2025-10-17T10:45:05Z,2025-10-18,South West,N/A,8371,13952
RZDF,2025-10-17T10:45:00Z,2025-10-17T10:45:05Z,2025-10-18,Midlands,N/A,3462,5770
RZDF,2025-10-17T10:45:00Z,2025-10-17T10:45:05Z,2025-10-18,North East,N/A,2264,3773
RZDF,2025-10-17T10:45:00Z,2025-10-17T10:45:05Z,2025-10-18,North West,N/A,2113,3522
RZDF,2025-10-17T10:45:00Z,2025-10-17T10:45:05Z,2025-10-18,South Scotland,N/A,815,1358
RZDF,2025-10-17T10:45:00Z,2025-10-17T10:45:05Z,2025-10-18,North Scotland,N/A,0,0
RZDF,2025-10-17T08:00:00Z,2025-10-17T08:00:05Z,2025-10-18,South East,N/A,2308,3847
RZDF,2025-10-17T08:00:00Z,2025-10-17T08:00:05Z,2025-10-18,South West,N/A,8307,13845
RZDF,2025-10-17T08:00:00Z,2025-10-17T08:00:05Z,2025-10-18,Midlands,N/A,3435,5725
RZDF,2025-10-17T08:00:00Z,2025-10-17T08:00:05Z,2025-10-18,North East,N/A,2247,3744
RZDF,2025-10-17T08:00:00Z,2025-10-17T08:00:05Z,2025-10-18,North West,N/A,2097,3495
RZDF,2025-10-17T08:00:00Z,2025-10-17T08:00:05Z,2025-10-18,South Scotland,N/A,808,1347
RZDF,2025-10-17T08:00:00Z,2025-10-17T08:00:05Z,2025-10-18,North Scotland,N/A,0,0
RZDF,2025-10-16T16:00:00Z,2025-10-16T16:00:05Z,2025-10-17,South East,N/A,2597,4329
RZDF,2025-10-16T16:00:00Z,2025-10-16T16:00:05Z,2025-10-17,South West,N/A,9348,15580
RZDF,2025-10-16T16:00:00Z,2025-10-16T16:00:05Z,2025-10-17,Midlands,N/A,3866,6443
RZDF,2025-10-16T16:00:00Z,2025-10-16T16:00:05Z,2025-10-17,North East,N/A,2528,4214
RZDF,2025-10-16T16:00:00Z,2025-10-16T16:00:05Z,2025-10-17,North West,N/A,2360,3933
RZDF,2025-10-16T16:00:00Z,2025-10-16T16:00:05Z,2025-10-17,South Scotland,N/A,910,1516
RZDF,2025-10-16T16:00:00Z,2025-10-16T16:00:05Z,2025-10-17,North Scotland,N/A,0,0
RZDF,2025-10-16T10:45:00Z,2025-10-16T10:45:05Z,2025-10-17,South East,N/A,2597,4328
RZDF,2025-10-16T10:45:00Z,2025-10-16T10:45:05Z,2025-10-17,South West,N/A,9347,15578
RZDF,2025-10-16T10:45:00Z,2025-10-16T10:45:05Z,2025-10-17,Midlands,N/A,3865,6442
RZDF,2025-10-16T10:45:00Z,2025-10-16T10:45:05Z,2025-10-17,North East,N/A,2528,4213
RZDF,2025-10-16T10:45:00Z,2025-10-16T10:45:05Z,2025-10-17,North West,N/A,2359,3932
RZDF,2025-10-16T10:45:00Z,2025-10-16T10:45:05Z,2025-10-17,South Scotland,N/A,910,1516
RZDF,2025-10-16T10:45:00Z,2025-10-16T10:45:05Z,2025-10-17,North Scotland,N/A,0,0
RZDF,2025-10-16T08:00:00Z,2025-10-16T08:00:10Z,2025-10-17,South East,N/A,2598,4330
RZDF,2025-10-16T08:00:00Z,2025-10-16T08:00:10Z,2025-10-17,South West,N/A,9351,15585
RZDF,2025-10-16T08:00:00Z,2025-10-16T08:00:10Z,2025-10-17,Midlands,N/A,3867,6445
RZDF,2025-10-16T08:00:00Z,2025-10-16T08:00:10Z,2025-10-17,North East,N/A,2529,4215
RZDF,2025-10-16T08:00:00Z,2025-10-16T08:00:10Z,2025-10-17,North West,N/A,2360,3934
RZDF,2025-10-16T08:00:00Z,2025-10-16T08:00:10Z,2025-10-17,South Scotland,N/A,910,1517
RZDF,2025-10-16T08:00:00Z,2025-10-16T08:00:10Z,2025-10-17,North Scotland,N/A,0,0
RZDF,2025-10-15T16:00:00Z,2025-10-15T16:00:06Z,2025-10-16,South East,N/A,2661,4435
RZDF,2025-10-15T16:00:00Z,2025-10-15T16:00:06Z,2025-10-16,South West,N/A,9577,15961
RZDF,2025-10-15T16:00:00Z,2025-10-15T16:00:06Z,2025-10-16,Midlands,N/A,3960,6601
RZDF,2025-10-15T16:00:00Z,2025-10-15T16:00:06Z,2025-10-16,North East,N/A,2590,4317
RZDF,2025-10-15T16:00:00Z,2025-10-15T16:00:06Z,2025-10-16,North West,N/A,2417,4029
RZDF,2025-10-15T16:00:00Z,2025-10-15T16:00:06Z,2025-10-16,South Scotland,N/A,932,1553
RZDF,2025-10-15T16:00:00Z,2025-10-15T16:00:06Z,2025-10-16,North Scotland,N/A,0,0
RZDF,2025-10-15T10:45:00Z,2025-10-15T10:45:04Z,2025-10-16,South East,N/A,2662,4437
RZDF,2025-10-15T10:45:00Z,2025-10-15T10:45:04Z,2025-10-16,South West,N/A,9582,15970
RZDF,2025-10-15T10:45:00Z,2025-10-15T10:45:04Z,2025-10-16,Midlands,N/A,3963,6604
RZDF,2025-10-15T10:45:00Z,2025-10-15T10:45:04Z,2025-10-16,North East,N/A,2592,4319
RZDF,2025-10-15T10:45:00Z,2025-10-15T10:45:04Z,2025-10-16,North West,N/A,2419,4031
RZDF,2025-10-15T10:45:00Z,2025-10-15T10:45:04Z,2025-10-16,South Scotland,N/A,933,1554
RZDF,2025-10-15T10:45:00Z,2025-10-15T10:45:04Z,2025-10-16,North Scotland,N/A,0,0
RZDF,2025-10-15T08:00:00Z,2025-10-15T08:00:08Z,2025-10-16,South East,N/A,2663,4438
RZDF,2025-10-15T08:00:00Z,2025-10-15T08:00:08Z,2025-10-16,South West,N/A,9584,15974
RZDF,2025-10-15T08:00:00Z,2025-10-15T08:00:08Z,2025-10-16,Midlands,N/A,3964,6606
RZDF,2025-10-15T08:00:00Z,2025-10-15T08:00:08Z,2025-10-16,North East,N/A,2592,4320
RZDF,2025-10-15T08:00:00Z,2025-10-15T08:00:08Z,2025-10-16,North West,N/A,2419,4032
RZDF,2025-10-15T08:00:00Z,2025-10-15T08:00:08Z,2025-10-16,South Scotland,N/A,933,1555
RZDF,2025-10-15T08:00:00Z,2025-10-15T08:00:08Z,2025-10-16,North Scotland,N/A,0,0
RZDF,2025-10-14T16:00:00Z,2025-10-14T16:00:05Z,2025-10-15,South East,N/A,2679,4464
RZDF,2025-10-14T16:00:00Z,2025-10-14T16:00:05Z,2025-10-15,South West,N/A,9641,16068
RZDF,2025-10-14T16:00:00Z,2025-10-14T16:00:05Z,2025-10-15,Midlands,N/A,3987,6645
RZDF,2025-10-14T16:00:00Z,2025-10-14T16:00:05Z,2025-10-15,North East,N/A,2607,4346
RZDF,2025-10-14T16:00:00Z,2025-10-14T16:00:05Z,2025-10-15,North West,N/A,2434,4056
RZDF,2025-10-14T16:00:00Z,2025-10-14T16:00:05Z,2025-10-15,South Scotland,N/A,938,1564
RZDF,2025-10-14T16:00:00Z,2025-10-14T16:00:05Z,2025-10-15,North Scotland,N/A,0,0
RZDF,2025-10-14T10:45:00Z,2025-10-14T10:45:05Z,2025-10-15,South East,N/A,2688,4479
RZDF,2025-10-14T10:45:00Z,2025-10-14T10:45:05Z,2025-10-15,South West,N/A,9673,16121
RZDF,2025-10-14T10:45:00Z,2025-10-14T10:45:05Z,2025-10-15,Midlands,N/A,4000,6667
RZDF,2025-10-14T10:45:00Z,2025-10-14T10:45:05Z,2025-10-15,North East,N/A,2616,4360
RZDF,2025-10-14T10:45:00Z,2025-10-14T10:45:05Z,2025-10-15,North West,N/A,2442,4069
RZDF,2025-10-14T10:45:00Z,2025-10-14T10:45:05Z,2025-10-15,South Scotland,N/A,941,1569
RZDF,2025-10-14T10:45:00Z,2025-10-14T10:45:05Z,2025-10-15,North Scotland,N/A,0,0
RZDF,2025-10-14T08:00:00Z,2025-10-14T08:00:08Z,2025-10-15,South East,N/A,2687,4479
RZDF,2025-10-14T08:00:00Z,2025-10-14T08:00:08Z,2025-10-15,South West,N/A,9671,16119
RZDF,2025-10-14T08:00:00Z,2025-10-14T08:00:08Z,2025-10-15,Midlands,N/A,4000,6666
RZDF,2025-10-14T08:00:00Z,2025-10-14T08:00:08Z,2025-10-15,North East,N/A,2616,4359
RZDF,2025-10-14T08:00:00Z,2025-10-14T08:00:08Z,2025-10-15,North West,N/A,2441,4069
RZDF,2025-10-14T08:00:00Z,2025-10-14T08:00:08Z,2025-10-15,South Scotland,N/A,941,1569
RZDF,2025-10-14T08:00:00Z,2025-10-14T08:00:08Z,2025-10-15,North Scotland,N/A,0,0
RZDF,2025-10-13T16:00:00Z,2025-10-13T16:00:07Z,2025-10-14,South East,N/A,2659,4431
RZDF,2025-10-13T16:00:00Z,2025-10-13T16:00:07Z,2025-10-14,South West,N/A,9569,15949
RZDF,2025-10-13T16:00:00Z,2025-10-13T16:00:07Z,2025-10-14,Midlands,N/A,3957,6596
RZDF,2025-10-13T16:00:00Z,2025-10-13T16:00:07Z,2025-10-14,North East,N/A,2588,4313
RZDF,2025-10-13T16:00:00Z,2025-10-13T16:00:07Z,2025-10-14,North West,N/A,2416,4026
RZDF,2025-10-13T16:00:00Z,2025-10-13T16:00:07Z,2025-10-14,South Scotland,N/A,931,1552
RZDF,2025-10-13T16:00:00Z,2025-10-13T16:00:07Z,2025-10-14,North Scotland,N/A,0,0
RZDF,2025-10-13T10:45:00Z,2025-10-13T10:45:07Z,2025-10-14,South East,N/A,2669,4448
RZDF,2025-10-13T10:45:00Z,2025-10-13T10:45:07Z,2025-10-14,South West,N/A,9606,16010
RZDF,2025-10-13T10:45:00Z,2025-10-13T10:45:07Z,2025-10-14,Midlands,N/A,3972,6621
RZDF,2025-10-13T10:45:00Z,2025-10-13T10:45:07Z,2025-10-14,North East,N/A,2598,4330
RZDF,2025-10-13T10:45:00Z,2025-10-13T10:45:07Z,2025-10-14,North West,N/A,2425,4041
RZDF,2025-10-13T10:45:00Z,2025-10-13T10:45:07Z,2025-10-14,South Scotland,N/A,935,1558
RZDF,2025-10-13T10:45:00Z,2025-10-13T10:45:07Z,2025-10-14,North Scotland,N/A,0,0
RZDF,2025-10-13T08:00:00Z,2025-10-13T08:00:06Z,2025-10-14,South East,N/A,2662,4437
RZDF,2025-10-13T08:00:00Z,2025-10-13T08:00:06Z,2025-10-14,South West,N/A,9582,15970
RZDF,2025-10-13T08:00:00Z,2025-10-13T08:00:06Z,2025-10-14,Midlands,N/A,3963,6604
RZDF,2025-10-13T08:00:00Z,2025-10-13T08:00:06Z,2025-10-14,North East,N/A,2592,4319
RZDF,2025-10-13T08:00:00Z,2025-10-13T08:00:06Z,2025-10-14,North West,N/A,2419,4031
RZDF,2025-10-13T08:00:00Z,2025-10-13T08:00:06Z,2025-10-14,South Scotland,N/A,933,1554
RZDF,2025-10-13T08:00:00Z,2025-10-13T08:00:06Z,2025-10-14,North Scotland,N/A,0,0
RZDF,2025-10-12T16:00:00Z,2025-10-12T16:00:04Z,2025-10-13,South East,N/A,2639,4399
RZDF,2025-10-12T16:00:00Z,2025-10-12T16:00:04Z,2025-10-13,South West,N/A,9499,15831
RZDF,2025-10-12T16:00:00Z,2025-10-12T16:00:04Z,2025-10-13,Midlands,N/A,3928,6547
RZDF,2025-10-12T16:00:00Z,2025-10-12T16:00:04Z,2025-10-13,North East,N/A,2569,4282
RZDF,2025-10-12T16:00:00Z,2025-10-12T16:00:04Z,2025-10-13,North West,N/A,2398,3996
RZDF,2025-10-12T16:00:00Z,2025-10-12T16:00:04Z,2025-10-13,South Scotland,N/A,924,1541
RZDF,2025-10-12T16:00:00Z,2025-10-12T16:00:04Z,2025-10-13,North Scotland,N/A,0,0
RZDF,2025-10-12T10:45:00Z,2025-10-12T10:45:05Z,2025-10-13,South East,N/A,2623,4372
RZDF,2025-10-12T10:45:00Z,2025-10-12T10:45:05Z,2025-10-13,South West,N/A,9441,15735
RZDF,2025-10-12T10:45:00Z,2025-10-12T10:45:05Z,2025-10-13,Midlands,N/A,3904,6507
RZDF,2025-10-12T10:45:00Z,2025-10-12T10:45:05Z,2025-10-13,North East,N/A,2553,4256
RZDF,2025-10-12T10:45:00Z,2025-10-12T10:45:05Z,2025-10-13,North West,N/A,2383,3972
RZDF,2025-10-12T10:45:00Z,2025-10-12T10:45:05Z,2025-10-13,South Scotland,N/A,919,1531
RZDF,2025-10-12T10:45:00Z,2025-10-12T10:45:05Z,2025-10-13,North Scotland,N/A,0,0
RZDF,2025-10-12T08:00:00Z,2025-10-12T08:00:06Z,2025-10-13,South East,N/A,2593,4322
RZDF,2025-10-12T08:00:00Z,2025-10-12T08:00:06Z,2025-10-13,South West,N/A,9334,15556
RZDF,2025-10-12T08:00:00Z,2025-10-12T08:00:06Z,2025-10-13,Midlands,N/A,3860,6433
RZDF,2025-10-12T08:00:00Z,2025-10-12T08:00:06Z,2025-10-13,North East,N/A,2524,4207
RZDF,2025-10-12T08:00:00Z,2025-10-12T08:00:06Z,2025-10-13,North West,N/A,2356,3927
RZDF,2025-10-12T08:00:00Z,2025-10-12T08:00:06Z,2025-10-13,South Scotland,N/A,908,1514
RZDF,2025-10-12T08:00:00Z,2025-10-12T08:00:06Z,2025-10-13,North Scotland,N/A,0,0
RZDF,2025-10-11T16:00:00Z,2025-10-11T16:00:05Z,2025-10-12,South East,N/A,2378,3964
RZDF,2025-10-11T16:00:00Z,2025-10-11T16:00:05Z,2025-10-12,South West,N/A,8560,14266
RZDF,2025-10-11T16:00:00Z,2025-10-11T16:00:05Z,2025-10-12,Midlands,N/A,3540,5900
RZDF,2025-10-11T16:00:00Z,2025-10-11T16:00:05Z,2025-10-12,North East,N/A,2315,3858
RZDF,2025-10-11T16:00:00Z,2025-10-11T16:00:05Z,2025-10-12,North West,N/A,2161,3601
RZDF,2025-10-11T16:00:00Z,2025-10-11T16:00:05Z,2025-10-12,South Scotland,N/A,833,1388
RZDF,2025-10-11T16:00:00Z,2025-10-11T16:00:05Z,2025-10-12,North Scotland,N/A,0,0
RZDF,2025-10-11T10:45:00Z,2025-10-11T10:45:04Z,2025-10-12,South East,N/A,2326,3876
RZDF,2025-10-11T10:45:00Z,2025-10-11T10:45:04Z,2025-10-12,South West,N/A,8370,13950
RZDF,2025-10-11T10:45:00Z,2025-10-11T10:45:04Z,2025-10-12,Midlands,N/A,3461,5769
RZDF,2025-10-11T10:45:00Z,2025-10-11T10:45:04Z,2025-10-12,North East,N/A,2264,3773
RZDF,2025-10-11T10:45:00Z,2025-10-11T10:45:04Z,2025-10-12,North West,N/A,2113,3521
RZDF,2025-10-11T10:45:00Z,2025-10-11T10:45:04Z,2025-10-12,South Scotland,N/A,815,1358
RZDF,2025-10-11T10:45:00Z,2025-10-11T10:45:04Z,2025-10-12,North Scotland,N/A,0,0
RZDF,2025-10-11T08:00:00Z,2025-10-11T08:00:08Z,2025-10-12,South East,N/A,2311,3851
RZDF,2025-10-11T08:00:00Z,2025-10-11T08:00:08Z,2025-10-12,South West,N/A,8316,13861
RZDF,2025-10-11T08:00:00Z,2025-10-11T08:00:08Z,2025-10-12,Midlands,N/A,3439,5732
RZDF,2025-10-11T08:00:00Z,2025-10-11T08:00:08Z,2025-10-12,North East,N/A,2249,3749
RZDF,2025-10-11T08:00:00Z,2025-10-11T08:00:08Z,2025-10-12,North West,N/A,2099,3499
RZDF,2025-10-11T08:00:00Z,2025-10-11T08:00:08Z,2025-10-12,South Scotland,N/A,809,1349
RZDF,2025-10-11T08:00:00Z,2025-10-11T08:00:08Z,2025-10-12,North Scotland,N/A,0,0
RZDF,2025-10-10T16:00:00Z,2025-10-10T16:00:06Z,2025-10-11,South East,N/A,2294,3823
RZDF,2025-10-10T16:00:00Z,2025-10-10T16:00:06Z,2025-10-11,South West,N/A,8255,13758
RZDF,2025-10-10T16:00:00Z,2025-10-10T16:00:06Z,2025-10-11,Midlands,N/A,3414,5689
RZDF,2025-10-10T16:00:00Z,2025-10-10T16:00:06Z,2025-10-11,North East,N/A,2233,3721
RZDF,2025-10-10T16:00:00Z,2025-10-10T16:00:06Z,2025-10-11,North West,N/A,2084,3473
RZDF,2025-10-10T16:00:00Z,2025-10-10T16:00:06Z,2025-10-11,South Scotland,N/A,803,1339
RZDF,2025-10-10T16:00:00Z,2025-10-10T16:00:06Z,2025-10-11,North Scotland,N/A,0,0
RZDF,2025-10-10T10:45:00Z,2025-10-10T10:45:04Z,2025-10-11,South East,N/A,2274,3790
RZDF,2025-10-10T10:45:00Z,2025-10-10T10:45:04Z,2025-10-11,South West,N/A,8184,13640
RZDF,2025-10-10T10:45:00Z,2025-10-10T10:45:04Z,2025-10-11,Midlands,N/A,3385,5641
RZDF,2025-10-10T10:45:00Z,2025-10-10T10:45:04Z,2025-10-11,North East,N/A,2213,3689
RZDF,2025-10-10T10:45:00Z,2025-10-10T10:45:04Z,2025-10-11,North West,N/A,2066,3443
RZDF,2025-10-10T10:45:00Z,2025-10-10T10:45:04Z,2025-10-11,South Scotland,N/A,796,1327
RZDF,2025-10-10T10:45:00Z,2025-10-10T10:45:04Z,2025-10-11,North Scotland,N/A,0,0
RZDF,2025-10-10T08:00:00Z,2025-10-10T08:00:05Z,2025-10-11,South East,N/A,2261,3768
RZDF,2025-10-10T08:00:00Z,2025-10-10T08:00:05Z,2025-10-11,South West,N/A,8137,13562
RZDF,2025-10-10T08:00:00Z,2025-10-10T08:00:05Z,2025-10-11,Midlands,N/A,3365,5608
RZDF,2025-10-10T08:00:00Z,2025-10-10T08:00:05Z,2025-10-11,North East,N/A,2201,3668
RZDF,2025-10-10T08:00:00Z,2025-10-10T08:00:05Z,2025-10-11,North West,N/A,2054,3423
RZDF,2025-10-10T08:00:00Z,2025-10-10T08:00:05Z,2025-10-11,South Scotland,N/A,792,1320
RZDF,2025-10-10T08:00:00Z,2025-10-10T08:00:05Z,2025-10-11,North Scotland,N/A,0,0
RZDF,2025-10-09T16:00:00Z,2025-10-09T16:00:04Z,2025-10-10,South East,N/A,2424,4040
RZDF,2025-10-09T16:00:00Z,2025-10-09T16:00:04Z,2025-10-10,South West,N/A,8724,14540
RZDF,2025-10-09T16:00:00Z,2025-10-09T16:00:04Z,2025-10-10,Midlands,N/A,3608,6013
RZDF,2025-10-09T16:00:00Z,2025-10-09T16:00:04Z,2025-10-10,North East,N/A,2360,3933
RZDF,2025-10-09T16:00:00Z,2025-10-09T16:00:04Z,2025-10-10,North West,N/A,2202,3670
RZDF,2025-10-09T16:00:00Z,2025-10-09T16:00:04Z,2025-10-10,South Scotland,N/A,849,1415
RZDF,2025-10-09T16:00:00Z,2025-10-09T16:00:04Z,2025-10-10,North Scotland,N/A,0,0
RZDF,2025-10-09T10:45:00Z,2025-10-09T10:45:05Z,2025-10-10,South East,N/A,2409,4015
RZDF,2025-10-09T10:45:00Z,2025-10-09T10:45:05Z,2025-10-10,South West,N/A,8670,14450
RZDF,2025-10-09T10:45:00Z,2025-10-09T10:45:05Z,2025-10-10,Midlands,N/A,3585,5976
RZDF,2025-10-09T10:45:00Z,2025-10-09T10:45:05Z,2025-10-10,North East,N/A,2345,3908
RZDF,2025-10-09T10:45:00Z,2025-10-09T10:45:05Z,2025-10-10,North West,N/A,2188,3647
RZDF,2025-10-09T10:45:00Z,2025-10-09T10:45:05Z,2025-10-10,South Scotland,N/A,844,1406
RZDF,2025-10-09T10:45:00Z,2025-10-09T10:45:05Z,2025-10-10,North Scotland,N/A,0,0
RZDF,2025-10-09T08:00:00Z,2025-10-09T08:00:05Z,2025-10-10,South East,N/A,2393,3988
RZDF,2025-10-09T08:00:00Z,2025-10-09T08:00:05Z,2025-10-10,South West,N/A,8611,14351
RZDF,2025-10-09T08:00:00Z,2025-10-09T08:00:05Z,2025-10-10,Midlands,N/A,3561,5935
RZDF,2025-10-09T08:00:00Z,2025-10-09T08:00:05Z,2025-10-10,North East,N/A,2329,3881
RZDF,2025-10-09T08:00:00Z,2025-10-09T08:00:05Z,2025-10-10,North West,N/A,2174,3623
RZDF,2025-10-09T08:00:00Z,2025-10-09T08:00:05Z,2025-10-10,South Scotland,N/A,838,1397
RZDF,2025-10-09T08:00:00Z,2025-10-09T08:00:05Z,2025-10-10,North Scotland,N/A,0,0
RZDF,2025-10-08T16:00:00Z,2025-10-08T16:00:05Z,2025-10-09,South East,N/A,2469,4114
RZDF,2025-10-08T16:00:00Z,2025-10-08T16:00:05Z,2025-10-09,South West,N/A,8885,14808
RZDF,2025-10-08T16:00:00Z,2025-10-08T16:00:05Z,2025-10-09,Midlands,N/A,3674,6124
RZDF,2025-10-08T16:00:00Z,2025-10-08T16:00:05Z,2025-10-09,North East,N/A,2403,4005
RZDF,2025-10-08T16:00:00Z,2025-10-08T16:00:05Z,2025-10-09,North West,N/A,2243,3738
RZDF,2025-10-08T16:00:00Z,2025-10-08T16:00:05Z,2025-10-09,South Scotland,N/A,865,1441
RZDF,2025-10-08T16:00:00Z,2025-10-08T16:00:05Z,2025-10-09,North Scotland,N/A,0,0
RZDF,2025-10-08T10:45:00Z,2025-10-08T10:45:04Z,2025-10-09,South East,N/A,2422,4036
RZDF,2025-10-08T10:45:00Z,2025-10-08T10:45:04Z,2025-10-09,South West,N/A,8715,14525
RZDF,2025-10-08T10:45:00Z,2025-10-08T10:45:04Z,2025-10-09,Midlands,N/A,3604,6007
RZDF,2025-10-08T10:45:00Z,2025-10-08T10:45:04Z,2025-10-09,North East,N/A,2357,3928
RZDF,2025-10-08T10:45:00Z,2025-10-08T10:45:04Z,2025-10-09,North West,N/A,2200,3667
RZDF,2025-10-08T10:45:00Z,2025-10-08T10:45:04Z,2025-10-09,South Scotland,N/A,848,1414
RZDF,2025-10-08T10:45:00Z,2025-10-08T10:45:04Z,2025-10-09,North Scotland,N/A,0,0
RZDF,2025-10-08T08:00:00Z,2025-10-08T08:00:05Z,2025-10-09,South East,N/A,2423,4038
RZDF,2025-10-08T08:00:00Z,2025-10-08T08:00:05Z,2025-10-09,South West,N/A,8720,14534
RZDF,2025-10-08T08:00:00Z,2025-10-08T08:00:05Z,2025-10-09,Midlands,N/A,3606,6010
RZDF,2025-10-08T08:00:00Z,2025-10-08T08:00:05Z,2025-10-09,North East,N/A,2358,3931
RZDF,2025-10-08T08:00:00Z,2025-10-08T08:00:05Z,2025-10-09,North West,N/A,2201,3669
RZDF,2025-10-08T08:00:00Z,2025-10-08T08:00:05Z,2025-10-09,South Scotland,N/A,849,1414
RZDF,2025-10-08T08:00:00Z,2025-10-08T08:00:05Z,2025-10-09,North Scotland,N/A,0,0
RZDF,2025-10-07T16:00:00Z,2025-10-07T16:00:05Z,2025-10-08,South East,N/A,2496,4161
RZDF,2025-10-07T16:00:00Z,2025-10-07T16:00:05Z,2025-10-08,South West,N/A,8985,14974
RZDF,2025-10-07T16:00:00Z,2025-10-07T16:00:05Z,2025-10-08,Midlands,N/A,3716,6193
RZDF,2025-10-07T16:00:00Z,2025-10-07T16:00:05Z,2025-10-08,North East,N/A,2430,4050
RZDF,2025-10-07T16:00:00Z,2025-10-07T16:00:05Z,2025-10-08,North West,N/A,2268,3780
RZDF,2025-10-07T16:00:00Z,2025-10-07T16:00:05Z,2025-10-08,South Scotland,N/A,874,1457
RZDF,2025-10-07T16:00:00Z,2025-10-07T16:00:05Z,2025-10-08,North Scotland,N/A,0,0
RZDF,2025-10-07T10:45:00Z,2025-10-07T10:45:05Z,2025-10-08,South East,N/A,2470,4116
RZDF,2025-10-07T10:45:00Z,2025-10-07T10:45:05Z,2025-10-08,South West,N/A,8888,14813
RZDF,2025-10-07T10:45:00Z,2025-10-07T10:45:05Z,2025-10-08,Midlands,N/A,3676,6126
RZDF,2025-10-07T10:45:00Z,2025-10-07T10:45:05Z,2025-10-08,North East,N/A,2404,4006
RZDF,2025-10-07T10:45:00Z,2025-10-07T10:45:05Z,2025-10-08,North West,N/A,2244,3739
RZDF,2025-10-07T10:45:00Z,2025-10-07T10:45:05Z,2025-10-08,South Scotland,N/A,865,1442
RZDF,2025-10-07T10:45:00Z,2025-10-07T10:45:05Z,2025-10-08,North Scotland,N/A,0,0
RZDF,2025-10-07T08:00:00Z,2025-10-07T08:00:05Z,2025-10-08,South East,N/A,2496,4159
RZDF,2025-10-07T08:00:00Z,2025-10-07T08:00:05Z,2025-10-08,South West,N/A,8982,14970
RZDF,2025-10-07T08:00:00Z,2025-10-07T08:00:05Z,2025-10-08,Midlands,N/A,3714,6191
RZDF,2025-10-07T08:00:00Z,2025-10-07T08:00:05Z,2025-10-08,North East,N/A,2429,4049
RZDF,2025-10-07T08:00:00Z,2025-10-07T08:00:05Z,2025-10-08,North West,N/A,2267,3779
RZDF,2025-10-07T08:00:00Z,2025-10-07T08:00:05Z,2025-10-08,South Scotland,N/A,874,1457
RZDF,2025-10-07T08:00:00Z,2025-10-07T08:00:05Z,2025-10-08,North Scotland,N/A,0,0
RZDF,2025-10-06T16:00:00Z,2025-10-06T16:00:06Z,2025-10-07,South East,N/A,2512,4187
RZDF,2025-10-06T16:00:00Z,2025-10-06T16:00:06Z,2025-10-07,South West,N/A,9042,15070
RZDF,2025-10-06T16:00:00Z,2025-10-06T16:00:06Z,2025-10-07,Midlands,N/A,3739,6232
RZDF,2025-10-06T16:00:00Z,2025-10-06T16:00:06Z,2025-10-07,North East,N/A,2446,4076
RZDF,2025-10-06T16:00:00Z,2025-10-06T16:00:06Z,2025-10-07,North West,N/A,2283,3804
RZDF,2025-10-06T16:00:00Z,2025-10-06T16:00:06Z,2025-10-07,South Scotland,N/A,880,1467
RZDF,2025-10-06T16:00:00Z,2025-10-06T16:00:06Z,2025-10-07,North Scotland,N/A,0,0
RZDF,2025-10-06T10:45:00Z,2025-10-06T10:45:04Z,2025-10-07,South East,N/A,2508,4179
RZDF,2025-10-06T10:45:00Z,2025-10-06T10:45:04Z,2025-10-07,South West,N/A,9025,15041
RZDF,2025-10-06T10:45:00Z,2025-10-06T10:45:04Z,2025-10-07,Midlands,N/A,3732,6220
RZDF,2025-10-06T10:45:00Z,2025-10-06T10:45:04Z,2025-10-07,North East,N/A,2441,4068
RZDF,2025-10-06T10:45:00Z,2025-10-06T10:45:04Z,2025-10-07,North West,N/A,2278,3797
RZDF,2025-10-06T10:45:00Z,2025-10-06T10:45:04Z,2025-10-07,South Scotland,N/A,878,1464
RZDF,2025-10-06T10:45:00Z,2025-10-06T10:45:04Z,2025-10-07,North Scotland,N/A,0,0
RZDF,2025-10-06T08:00:00Z,2025-10-06T08:00:07Z,2025-10-07,South East,N/A,2530,4216
RZDF,2025-10-06T08:00:00Z,2025-10-06T08:00:07Z,2025-10-07,South West,N/A,9104,15173
RZDF,2025-10-06T08:00:00Z,2025-10-06T08:00:07Z,2025-10-07,Midlands,N/A,3765,6275
RZDF,2025-10-06T08:00:00Z,2025-10-06T08:00:07Z,2025-10-07,North East,N/A,2462,4104
RZDF,2025-10-06T08:00:00Z,2025-10-06T08:00:07Z,2025-10-07,North West,N/A,2298,3830
RZDF,2025-10-06T08:00:00Z,2025-10-06T08:00:07Z,2025-10-07,South Scotland,N/A,886,1477
RZDF,2025-10-06T08:00:00Z,2025-10-06T08:00:07Z,2025-10-07,North Scotland,N/A,0,0
RZDF,2025-10-05T16:00:00Z,2025-10-05T16:00:06Z,2025-10-06,South East,N/A,2492,4153
RZDF,2025-10-05T16:00:00Z,2025-10-05T16:00:06Z,2025-10-06,South West,N/A,8968,14946
RZDF,2025-10-05T16:00:00Z,2025-10-05T16:00:06Z,2025-10-06,Midlands,N/A,3709,6181
RZDF,2025-10-05T16:00:00Z,2025-10-05T16:00:06Z,2025-10-06,North East,N/A,2425,4042
RZDF,2025-10-05T16:00:00Z,2025-10-05T16:00:06Z,2025-10-06,North West,N/A,2264,3773
RZDF,2025-10-05T16:00:00Z,2025-10-05T16:00:06Z,2025-10-06,South Scotland,N/A,873,1455
RZDF,2025-10-05T16:00:00Z,2025-10-05T16:00:06Z,2025-10-06,North Scotland,N/A,0,0
RZDF,2025-10-05T10:45:00Z,2025-10-05T10:45:05Z,2025-10-06,South East,N/A,2467,4112
RZDF,2025-10-05T10:45:00Z,2025-10-05T10:45:05Z,2025-10-06,South West,N/A,8879,14798
RZDF,2025-10-05T10:45:00Z,2025-10-05T10:45:05Z,2025-10-06,Midlands,N/A,3672,6120
RZDF,2025-10-05T10:45:00Z,2025-10-05T10:45:05Z,2025-10-06,North East,N/A,2401,4002
RZDF,2025-10-05T10:45:00Z,2025-10-05T10:45:05Z,2025-10-06,North West,N/A,2241,3735
RZDF,2025-10-05T10:45:00Z,2025-10-05T10:45:05Z,2025-10-06,South Scotland,N/A,864,1440
RZDF,2025-10-05T10:45:00Z,2025-10-05T10:45:05Z,2025-10-06,North Scotland,N/A,0,0
RZDF,2025-10-05T08:00:00Z,2025-10-05T08:00:05Z,2025-10-06,South East,N/A,2447,4079
RZDF,2025-10-05T08:00:00Z,2025-10-05T08:00:05Z,2025-10-06,South West,N/A,8808,14679
RZDF,2025-10-05T08:00:00Z,2025-10-05T08:00:05Z,2025-10-06,Midlands,N/A,3642,6071
RZDF,2025-10-05T08:00:00Z,2025-10-05T08:00:05Z,2025-10-06,North East,N/A,2382,3970
RZDF,2025-10-05T08:00:00Z,2025-10-05T08:00:05Z,2025-10-06,North West,N/A,2223,3705
RZDF,2025-10-05T08:00:00Z,2025-10-05T08:00:05Z,2025-10-06,South Scotland,N/A,857,1429
RZDF,2025-10-05T08:00:00Z,2025-10-05T08:00:05Z,2025-10-06,North Scotland,N/A,0,0
RZDF,2025-10-04T16:00:00Z,2025-10-04T16:00:04Z,2025-10-05,South East,N/A,2197,3661
RZDF,2025-10-04T16:00:00Z,2025-10-04T16:00:04Z,2025-10-05,South West,N/A,7906,13176
RZDF,2025-10-04T16:00:00Z,2025-10-04T16:00:04Z,2025-10-05,Midlands,N/A,3269,5449
RZDF,2025-10-04T16:00:00Z,2025-10-04T16:00:04Z,2025-10-05,North East,N/A,2138,3564
RZDF,2025-10-04T16:00:00Z,2025-10-04T16:00:04Z,2025-10-05,North West,N/A,1996,3326
RZDF,2025-10-04T16:00:00Z,2025-10-04T16:00:04Z,2025-10-05,South Scotland,N/A,769,1282
RZDF,2025-10-04T16:00:00Z,2025-10-04T16:00:04Z,2025-10-05,North Scotland,N/A,0,0
RZDF,2025-10-04T10:45:00Z,2025-10-04T10:45:05Z,2025-10-05,South East,N/A,2155,3591
RZDF,2025-10-04T10:45:00Z,2025-10-04T10:45:05Z,2025-10-05,South West,N/A,7755,12925
RZDF,2025-10-04T10:45:00Z,2025-10-04T10:45:05Z,2025-10-05,Midlands,N/A,3207,5345
RZDF,2025-10-04T10:45:00Z,2025-10-04T10:45:05Z,2025-10-05,North East,N/A,2097,3496
RZDF,2025-10-04T10:45:00Z,2025-10-04T10:45:05Z,2025-10-05,North West,N/A,1958,3263
RZDF,2025-10-04T10:45:00Z,2025-10-04T10:45:05Z,2025-10-05,South Scotland,N/A,755,1258
RZDF,2025-10-04T10:45:00Z,2025-10-04T10:45:05Z,2025-10-05,North Scotland,N/A,0,0
RZDF,2025-10-04T08:00:00Z,2025-10-04T08:00:05Z,2025-10-05,South East,N/A,2148,3579
RZDF,2025-10-04T08:00:00Z,2025-10-04T08:00:05Z,2025-10-05,South West,N/A,7729,12881
RZDF,2025-10-04T08:00:00Z,2025-10-04T08:00:05Z,2025-10-05,Midlands,N/A,3196,5327
RZDF,2025-10-04T08:00:00Z,2025-10-04T08:00:05Z,2025-10-05,North East,N/A,2090,3484
RZDF,2025-10-04T08:00:00Z,2025-10-04T08:00:05Z,2025-10-05,North West,N/A,1951,3252
RZDF,2025-10-04T08:00:00Z,2025-10-04T08:00:05Z,2025-10-05,South Scotland,N/A,752,1254
RZDF,2025-10-04T08:00:00Z,2025-10-04T08:00:05Z,2025-10-05,North Scotland,N/A,0,0
RZDF,2025-10-03T16:00:00Z,2025-10-03T16:00:06Z,2025-10-04,South East,N/A,2006,3344
RZDF,2025-10-03T16:00:00Z,2025-10-03T16:00:06Z,2025-10-04,South West,N/A,7221,12035
RZDF,2025-10-03T16:00:00Z,2025-10-03T16:00:06Z,2025-10-04,Midlands,N/A,2986,4977
RZDF,2025-10-03T16:00:00Z,2025-10-03T16:00:06Z,2025-10-04,North East,N/A,1953,3255
RZDF,2025-10-03T16:00:00Z,2025-10-03T16:00:06Z,2025-10-04,North West,N/A,1823,3038
RZDF,2025-10-03T16:00:00Z,2025-10-03T16:00:06Z,2025-10-04,South Scotland,N/A,703,1171
RZDF,2025-10-03T16:00:00Z,2025-10-03T16:00:06Z,2025-10-04,North Scotland,N/A,0,0
RZDF,2025-10-03T10:45:00Z,2025-10-03T10:45:07Z,2025-10-04,South East,N/A,2009,3349
RZDF,2025-10-03T10:45:00Z,2025-10-03T10:45:07Z,2025-10-04,South West,N/A,7232,12053
RZDF,2025-10-03T10:45:00Z,2025-10-03T10:45:07Z,2025-10-04,Midlands,N/A,2991,4984
RZDF,2025-10-03T10:45:00Z,2025-10-03T10:45:07Z,2025-10-04,North East,N/A,1956,3260
RZDF,2025-10-03T10:45:00Z,2025-10-03T10:45:07Z,2025-10-04,North West,N/A,1825,3042
RZDF,2025-10-03T10:45:00Z,2025-10-03T10:45:07Z,2025-10-04,South Scotland,N/A,704,1173
RZDF,2025-10-03T10:45:00Z,2025-10-03T10:45:07Z,2025-10-04,North Scotland,N/A,0,0
RZDF,2025-10-03T08:00:00Z,2025-10-03T08:00:06Z,2025-10-04,South East,N/A,2008,3347
RZDF,2025-10-03T08:00:00Z,2025-10-03T08:00:06Z,2025-10-04,South West,N/A,7227,12045
RZDF,2025-10-03T08:00:00Z,2025-10-03T08:00:06Z,2025-10-04,Midlands,N/A,2989,4981
RZDF,2025-10-03T08:00:00Z,2025-10-03T08:00:06Z,2025-10-04,North East,N/A,1955,3258
RZDF,2025-10-03T08:00:00Z,2025-10-03T08:00:06Z,2025-10-04,North West,N/A,1824,3040
RZDF,2025-10-03T08:00:00Z,2025-10-03T08:00:06Z,2025-10-04,South Scotland,N/A,703,1172
RZDF,2025-10-03T08:00:00Z,2025-10-03T08:00:06Z,2025-10-04,North Scotland,N/A,0,0
RZDF,2025-10-02T16:00:00Z,2025-10-02T16:00:05Z,2025-10-03,South East,N/A,2245,3742
RZDF,2025-10-02T16:00:00Z,2025-10-02T16:00:05Z,2025-10-03,South West,N/A,8081,13469
RZDF,2025-10-02T16:00:00Z,2025-10-02T16:00:05Z,2025-10-03,Midlands,N/A,3342,5570
RZDF,2025-10-02T16:00:00Z,2025-10-02T16:00:05Z,2025-10-03,North East,N/A,2186,3643
RZDF,2025-10-02T16:00:00Z,2025-10-02T16:00:05Z,2025-10-03,North West,N/A,2040,3400
RZDF,2025-10-02T16:00:00Z,2025-10-02T16:00:05Z,2025-10-03,South Scotland,N/A,786,1311
RZDF,2025-10-02T16:00:00Z,2025-10-02T16:00:05Z,2025-10-03,North Scotland,N/A,0,0
RZDF,2025-10-02T10:45:00Z,2025-10-02T10:45:04Z,2025-10-03,South East,N/A,2276,3793
RZDF,2025-10-02T10:45:00Z,2025-10-02T10:45:04Z,2025-10-03,South West,N/A,8191,13652
RZDF,2025-10-02T10:45:00Z,2025-10-02T10:45:04Z,2025-10-03,Midlands,N/A,3387,5646
RZDF,2025-10-02T10:45:00Z,2025-10-02T10:45:04Z,2025-10-03,North East,N/A,2215,3692
RZDF,2025-10-02T10:45:00Z,2025-10-02T10:45:04Z,2025-10-03,North West,N/A,2068,3446
RZDF,2025-10-02T10:45:00Z,2025-10-02T10:45:04Z,2025-10-03,South Scotland,N/A,797,1329
RZDF,2025-10-02T10:45:00Z,2025-10-02T10:45:04Z,2025-10-03,North Scotland,N/A,0,0
RZDF,2025-10-02T08:00:00Z,2025-10-02T08:00:05Z,2025-10-03,South East,N/A,2249,3748
RZDF,2025-10-02T08:00:00Z,2025-10-02T08:00:05Z,2025-10-03,South West,N/A,8093,13488
RZDF,2025-10-02T08:00:00Z,2025-10-02T08:00:05Z,2025-10-03,Midlands,N/A,3347,5578
RZDF,2025-10-02T08:00:00Z,2025-10-02T08:00:05Z,2025-10-03,North East,N/A,2189,3648
RZDF,2025-10-02T08:00:00Z,2025-10-02T08:00:05Z,2025-10-03,North West,N/A,2043,3405
RZDF,2025-10-02T08:00:00Z,2025-10-02T08:00:05Z,2025-10-03,South Scotland,N/A,788,1313
RZDF,2025-10-02T08:00:00Z,2025-10-02T08:00:05Z,2025-10-03,North Scotland,N/A,0,0
RZDF,2025-10-01T16:00:00Z,2025-10-01T16:00:05Z,2025-10-02,South East,N/A,2305,3842
RZDF,2025-10-01T16:00:00Z,2025-10-01T16:00:05Z,2025-10-02,South West,N/A,8297,13828
RZDF,2025-10-01T16:00:00Z,2025-10-01T16:00:05Z,2025-10-02,Midlands,N/A,3431,5718
RZDF,2025-10-01T16:00:00Z,2025-10-01T16:00:05Z,2025-10-02,North East,N/A,2244,3740
RZDF,2025-10-01T16:00:00Z,2025-10-01T16:00:05Z,2025-10-02,North West,N/A,2094,3490
RZDF,2025-10-01T16:00:00Z,2025-10-01T16:00:05Z,2025-10-02,South Scotland,N/A,807,1346
RZDF,2025-10-01T16:00:00Z,2025-10-01T16:00:05Z,2025-10-02,North Scotland,N/A,0,0
RZDF,2025-10-01T10:45:00Z,2025-10-01T10:45:06Z,2025-10-02,South East,N/A,2296,3826
RZDF,2025-10-01T10:45:00Z,2025-10-01T10:45:06Z,2025-10-02,South West,N/A,8262,13769
RZDF,2025-10-01T10:45:00Z,2025-10-01T10:45:06Z,2025-10-02,Midlands,N/A,3417,5694
RZDF,2025-10-01T10:45:00Z,2025-10-01T10:45:06Z,2025-10-02,North East,N/A,2234,3724
RZDF,2025-10-01T10:45:00Z,2025-10-01T10:45:06Z,2025-10-02,North West,N/A,2085,3476
RZDF,2025-10-01T10:45:00Z,2025-10-01T10:45:06Z,2025-10-02,South Scotland,N/A,804,1340
RZDF,2025-10-01T10:45:00Z,2025-10-01T10:45:06Z,2025-10-02,North Scotland,N/A,0,0
RZDF,2025-10-01T08:00:00Z,2025-10-01T08:00:07Z,2025-10-02,South East,N/A,2275,3792
RZDF,2025-10-01T08:00:00Z,2025-10-01T08:00:07Z,2025-10-02,South West,N/A,8188,13647
RZDF,2025-10-01T08:00:00Z,2025-10-01T08:00:07Z,2025-10-02,Midlands,N/A,3386,5644
RZDF,2025-10-01T08:00:00Z,2025-10-01T08:00:07Z,2025-10-02,North East,N/A,2215,3691
RZDF,2025-10-01T08:00:00Z,2025-10-01T08:00:07Z,2025-10-02,North West,N/A,2067,3445
RZDF,2025-10-01T08:00:00Z,2025-10-01T08:00:07Z,2025-10-02,South Scotland,N/A,797,1328
RZDF,2025-10-01T08:00:00Z,2025-10-01T08:00:07Z,2025-10-02,North Scotland,N/A,0,0
RZDF,2025-09-30T16:00:00Z,2025-09-30T16:00:05Z,2025-10-01,South East,N/A,2417,4029
RZDF,2025-09-30T16:00:00Z,2025-09-30T16:00:05Z,2025-10-01,South West,N/A,8700,14500
RZDF,2025-09-30T16:00:00Z,2025-09-30T16:00:05Z,2025-10-01,Midlands,N/A,3598,5997
RZDF,2025-09-30T16:00:00Z,2025-09-30T16:00:05Z,2025-10-01,North East,N/A,2353,3922
RZDF,2025-09-30T16:00:00Z,2025-09-30T16:00:05Z,2025-10-01,North West,N/A,2196,3660
RZDF,2025-09-30T16:00:00Z,2025-09-30T16:00:05Z,2025-10-01,South Scotland,N/A,847,1411
RZDF,2025-09-30T16:00:00Z,2025-09-30T16:00:05Z,2025-10-01,North Scotland,N/A,0,0
RZDF,2025-09-30T10:45:00Z,2025-09-30T10:45:05Z,2025-10-01,South East,N/A,2404,4007
RZDF,2025-09-30T10:45:00Z,2025-09-30T10:45:05Z,2025-10-01,South West,N/A,8652,14420
RZDF,2025-09-30T10:45:00Z,2025-09-30T10:45:05Z,2025-10-01,Midlands,N/A,3578,5963
RZDF,2025-09-30T10:45:00Z,2025-09-30T10:45:05Z,2025-10-01,North East,N/A,2340,3900
RZDF,2025-09-30T10:45:00Z,2025-09-30T10:45:05Z,2025-10-01,North West,N/A,2184,3640
RZDF,2025-09-30T10:45:00Z,2025-09-30T10:45:05Z,2025-10-01,South Scotland,N/A,842,1403
RZDF,2025-09-30T10:45:00Z,2025-09-30T10:45:05Z,2025-10-01,North Scotland,N/A,0,0
RZDF,2025-09-30T08:00:00Z,2025-09-30T08:00:05Z,2025-10-01,South East,N/A,2418,4030
RZDF,2025-09-30T08:00:00Z,2025-09-30T08:00:05Z,2025-10-01,South West,N/A,8703,14504
RZDF,2025-09-30T08:00:00Z,2025-09-30T08:00:05Z,2025-10-01,Midlands,N/A,3599,5998
RZDF,2025-09-30T08:00:00Z,2025-09-30T08:00:05Z,2025-10-01,North East,N/A,2354,3923
RZDF,2025-09-30T08:00:00Z,2025-09-30T08:00:05Z,2025-10-01,North West,N/A,2197,3661
RZDF,2025-09-30T08:00:00Z,2025-09-30T08:00:05Z,2025-10-01,South Scotland,N/A,847,1412
RZDF,2025-09-30T08:00:00Z,2025-09-30T08:00:05Z,2025-10-01,North Scotland,N/A,0,0
RZDF,2025-09-29T16:00:00Z,2025-09-29T16:00:04Z,2025-09-30,South East,N/A,5989,9982
RZDF,2025-09-29T16:00:00Z,2025-09-29T16:00:04Z,2025-09-30,South West,N/A,3855,6425
RZDF,2025-09-29T16:00:00Z,2025-09-29T16:00:04Z,2025-09-30,Midlands,N/A,3988,6646
RZDF,2025-09-29T16:00:00Z,2025-09-29T16:00:04Z,2025-09-30,North East,N/A,2627,4379
RZDF,2025-09-29T16:00:00Z,2025-09-29T16:00:04Z,2025-09-30,North West,N/A,2578,4297
RZDF,2025-09-29T16:00:00Z,2025-09-29T16:00:04Z,2025-09-30,South Scotland,N/A,1224,2040
RZDF,2025-09-29T16:00:00Z,2025-09-29T16:00:04Z,2025-09-30,North Scotland,N/A,104,173
RZDF,2025-09-29T10:45:00Z,2025-09-29T10:45:05Z,2025-09-30,South East,N/A,6001,10002
RZDF,2025-09-29T10:45:00Z,2025-09-29T10:45:05Z,2025-09-30,South West,N/A,3863,6438
RZDF,2025-09-29T10:45:00Z,2025-09-29T10:45:05Z,2025-09-30,Midlands,N/A,3996,6659
RZDF,2025-09-29T10:45:00Z,2025-09-29T10:45:05Z,2025-09-30,North East,N/A,2632,4387
RZDF,2025-09-29T10:45:00Z,2025-09-29T10:45:05Z,2025-09-30,North West,N/A,2583,4306
RZDF,2025-09-29T10:45:00Z,2025-09-29T10:45:05Z,2025-09-30,South Scotland,N/A,1226,2044
RZDF,2025-09-29T10:45:00Z,2025-09-29T10:45:05Z,2025-09-30,North Scotland,N/A,104,173
RZDF,2025-09-29T08:00:00Z,2025-09-29T08:00:11Z,2025-09-30,South East,N/A,6039,10065
RZDF,2025-09-29T08:00:00Z,2025-09-29T08:00:11Z,2025-09-30,South West,N/A,3887,6478
RZDF,2025-09-29T08:00:00Z,2025-09-29T08:00:11Z,2025-09-30,Midlands,N/A,4021,6701
RZDF,2025-09-29T08:00:00Z,2025-09-29T08:00:11Z,2025-09-30,North East,N/A,2649,4415
RZDF,2025-09-29T08:00:00Z,2025-09-29T08:00:11Z,2025-09-30,North West,N/A,2600,4333
RZDF,2025-09-29T08:00:00Z,2025-09-29T08:00:11Z,2025-09-30,South Scotland,N/A,1234,2057
RZDF,2025-09-29T08:00:00Z,2025-09-29T08:00:11Z,2025-09-30,North Scotland,N/A,105,175
RZDF,2025-09-28T16:00:00Z,2025-09-28T16:00:06Z,2025-09-29,South East,N/A,6202,10337
RZDF,2025-09-28T16:00:00Z,2025-09-28T16:00:06Z,2025-09-29,South West,N/A,3992,6654
RZDF,2025-09-28T16:00:00Z,2025-09-28T16:00:06Z,2025-09-29,Midlands,N/A,4129,6882
RZDF,2025-09-28T16:00:00Z,2025-09-28T16:00:06Z,2025-09-29,North East,N/A,2721,4534
RZDF,2025-09-28T16:00:00Z,2025-09-28T16:00:06Z,2025-09-29,North West,N/A,2670,4450
RZDF,2025-09-28T16:00:00Z,2025-09-28T16:00:06Z,2025-09-29,South Scotland,N/A,1267,2112
RZDF,2025-09-28T16:00:00Z,2025-09-28T16:00:06Z,2025-09-29,North Scotland,N/A,108,179
RZDF,2025-09-28T10:45:00Z,2025-09-28T10:45:05Z,2025-09-29,South East,N/A,6146,10243
RZDF,2025-09-28T10:45:00Z,2025-09-28T10:45:05Z,2025-09-29,South West,N/A,3956,6593
RZDF,2025-09-28T10:45:00Z,2025-09-28T10:45:05Z,2025-09-29,Midlands,N/A,4092,6820
RZDF,2025-09-28T10:45:00Z,2025-09-28T10:45:05Z,2025-09-29,North East,N/A,2696,4493
RZDF,2025-09-28T10:45:00Z,2025-09-28T10:45:05Z,2025-09-29,North West,N/A,2646,4409
RZDF,2025-09-28T10:45:00Z,2025-09-28T10:45:05Z,2025-09-29,South Scotland,N/A,1256,2093
RZDF,2025-09-28T10:45:00Z,2025-09-28T10:45:05Z,2025-09-29,North Scotland,N/A,107,178
RZDF,2025-09-28T08:00:00Z,2025-09-28T08:00:06Z,2025-09-29,South East,N/A,6174,10290
RZDF,2025-09-28T08:00:00Z,2025-09-28T08:00:06Z,2025-09-29,South West,N/A,3974,6623
RZDF,2025-09-28T08:00:00Z,2025-09-28T08:00:06Z,2025-09-29,Midlands,N/A,4110,6851
RZDF,2025-09-28T08:00:00Z,2025-09-28T08:00:06Z,2025-09-29,North East,N/A,2708,4513
RZDF,2025-09-28T08:00:00Z,2025-09-28T08:00:06Z,2025-09-29,North West,N/A,2658,4430
RZDF,2025-09-28T08:00:00Z,2025-09-28T08:00:06Z,2025-09-29,South Scotland,N/A,1262,2103
RZDF,2025-09-28T08:00:00Z,2025-09-28T08:00:06Z,2025-09-29,North Scotland,N/A,107,178
RZDF,2025-09-27T16:00:00Z,2025-09-27T16:00:05Z,2025-09-28,South East,N/A,5610,9350
RZDF,2025-09-27T16:00:00Z,2025-09-27T16:00:05Z,2025-09-28,South West,N/A,3611,6018
RZDF,2025-09-27T16:00:00Z,2025-09-27T16:00:05Z,2025-09-28,Midlands,N/A,3735,6225
RZDF,2025-09-27T16:00:00Z,2025-09-27T16:00:05Z,2025-09-28,North East,N/A,2461,4101
RZDF,2025-09-27T16:00:00Z,2025-09-27T16:00:05Z,2025-09-28,North West,N/A,2415,4025
RZDF,2025-09-27T16:00:00Z,2025-09-27T16:00:05Z,2025-09-28,South Scotland,N/A,1146,1911
RZDF,2025-09-27T16:00:00Z,2025-09-27T16:00:05Z,2025-09-28,North Scotland,N/A,97,162
RZDF,2025-09-27T10:45:00Z,2025-09-27T10:45:06Z,2025-09-28,South East,N/A,5548,9246
RZDF,2025-09-27T10:45:00Z,2025-09-27T10:45:06Z,2025-09-28,South West,N/A,3571,5951
RZDF,2025-09-27T10:45:00Z,2025-09-27T10:45:06Z,2025-09-28,Midlands,N/A,3693,6156
RZDF,2025-09-27T10:45:00Z,2025-09-27T10:45:06Z,2025-09-28,North East,N/A,2433,4056
RZDF,2025-09-27T10:45:00Z,2025-09-27T10:45:06Z,2025-09-28,North West,N/A,2388,3980
RZDF,2025-09-27T10:45:00Z,2025-09-27T10:45:06Z,2025-09-28,South Scotland,N/A,1134,1889
RZDF,2025-09-27T10:45:00Z,2025-09-27T10:45:06Z,2025-09-28,North Scotland,N/A,96,160
RZDF,2025-09-27T08:00:00Z,2025-09-27T08:00:06Z,2025-09-28,South East,N/A,5562,9269
RZDF,2025-09-27T08:00:00Z,2025-09-27T08:00:06Z,2025-09-28,South West,N/A,3580,5966
RZDF,2025-09-27T08:00:00Z,2025-09-27T08:00:06Z,2025-09-28,Midlands,N/A,3703,6171
RZDF,2025-09-27T08:00:00Z,2025-09-27T08:00:06Z,2025-09-28,North East,N/A,2439,4066
RZDF,2025-09-27T08:00:00Z,2025-09-27T08:00:06Z,2025-09-28,North West,N/A,2394,3990
RZDF,2025-09-27T08:00:00Z,2025-09-27T08:00:06Z,2025-09-28,South Scotland,N/A,1137,1894
RZDF,2025-09-27T08:00:00Z,2025-09-27T08:00:06Z,2025-09-28,North Scotland,N/A,96,161
RZDF,2025-09-26T16:00:00Z,2025-09-26T16:00:05Z,2025-09-27,South East,N/A,5247,8744
RZDF,2025-09-26T16:00:00Z,2025-09-26T16:00:05Z,2025-09-27,South West,N/A,3377,5628
RZDF,2025-09-26T16:00:00Z,2025-09-26T16:00:05Z,2025-09-27,Midlands,N/A,3493,5822
RZDF,2025-09-26T16:00:00Z,2025-09-26T16:00:05Z,2025-09-27,North East,N/A,2301,3836
RZDF,2025-09-26T16:00:00Z,2025-09-26T16:00:05Z,2025-09-27,North West,N/A,2258,3764
RZDF,2025-09-26T16:00:00Z,2025-09-26T16:00:05Z,2025-09-27,South Scotland,N/A,1072,1787
RZDF,2025-09-26T16:00:00Z,2025-09-26T16:00:05Z,2025-09-27,North Scotland,N/A,91,152
RZDF,2025-09-26T10:45:00Z,2025-09-26T10:45:05Z,2025-09-27,South East,N/A,5282,8803
RZDF,2025-09-26T10:45:00Z,2025-09-26T10:45:05Z,2025-09-27,South West,N/A,3400,5666
RZDF,2025-09-26T10:45:00Z,2025-09-26T10:45:05Z,2025-09-27,Midlands,N/A,3516,5861
RZDF,2025-09-26T10:45:00Z,2025-09-26T10:45:05Z,2025-09-27,North East,N/A,2317,3861
RZDF,2025-09-26T10:45:00Z,2025-09-26T10:45:05Z,2025-09-27,North West,N/A,2274,3789
RZDF,2025-09-26T10:45:00Z,2025-09-26T10:45:05Z,2025-09-27,South Scotland,N/A,1079,1799
RZDF,2025-09-26T10:45:00Z,2025-09-26T10:45:05Z,2025-09-27,North Scotland,N/A,92,153
RZDF,2025-09-26T08:00:00Z,2025-09-26T08:00:07Z,2025-09-27,South East,N/A,5227,8711
RZDF,2025-09-26T08:00:00Z,2025-09-26T08:00:07Z,2025-09-27,South West,N/A,3364,5607
RZDF,2025-09-26T08:00:00Z,2025-09-26T08:00:07Z,2025-09-27,Midlands,N/A,3480,5800
RZDF,2025-09-26T08:00:00Z,2025-09-26T08:00:07Z,2025-09-27,North East,N/A,2293,3821
RZDF,2025-09-26T08:00:00Z,2025-09-26T08:00:07Z,2025-09-27,North West,N/A,2250,3750
RZDF,2025-09-26T08:00:00Z,2025-09-26T08:00:07Z,2025-09-27,South Scotland,N/A,1068,1780
RZDF,2025-09-26T08:00:00Z,2025-09-26T08:00:07Z,2025-09-27,North Scotland,N/A,91,151
RZDF,2025-09-25T16:00:00Z,2025-09-25T16:00:04Z,2025-09-26,South East,N/A,5736,9560
RZDF,2025-09-25T16:00:00Z,2025-09-25T16:00:04Z,2025-09-26,South West,N/A,3692,6154
RZDF,2025-09-25T16:00:00Z,2025-09-25T16:00:04Z,2025-09-26,Midlands,N/A,3819,6365
RZDF,2025-09-25T16:00:00Z,2025-09-25T16:00:04Z,2025-09-26,North East,N/A,2516,4193
RZDF,2025-09-25T16:00:00Z,2025-09-25T16:00:04Z,2025-09-26,North West,N/A,2469,4115
RZDF,2025-09-25T16:00:00Z,2025-09-25T16:00:04Z,2025-09-26,South Scotland,N/A,1172,1954
RZDF,2025-09-25T16:00:00Z,2025-09-25T16:00:04Z,2025-09-26,North Scotland,N/A,99,166
RZDF,2025-09-25T10:45:00Z,2025-09-25T10:45:06Z,2025-09-26,South East,N/A,5693,9488
RZDF,2025-09-25T10:45:00Z,2025-09-25T10:45:06Z,2025-09-26,South West,N/A,3664,6107
RZDF,2025-09-25T10:45:00Z,2025-09-25T10:45:06Z,2025-09-26,Midlands,N/A,3790,6317
RZDF,2025-09-25T10:45:00Z,2025-09-25T10:45:06Z,2025-09-26,North East,N/A,2497,4162
RZDF,2025-09-25T10:45:00Z,2025-09-25T10:45:06Z,2025-09-26,North West,N/A,2451,4084
RZDF,2025-09-25T10:45:00Z,2025-09-25T10:45:06Z,2025-09-26,South Scotland,N/A,1163,1939
RZDF,2025-09-25T10:45:00Z,2025-09-25T10:45:06Z,2025-09-26,North Scotland,N/A,99,165
RZDF,2025-09-25T08:00:00Z,2025-09-25T08:00:05Z,2025-09-26,South East,N/A,5777,9629
RZDF,2025-09-25T08:00:00Z,2025-09-25T08:00:05Z,2025-09-26,South West,N/A,3718,6197
RZDF,2025-09-25T08:00:00Z,2025-09-25T08:00:05Z,2025-09-26,Midlands,N/A,3846,6410
RZDF,2025-09-25T08:00:00Z,2025-09-25T08:00:05Z,2025-09-26,North East,N/A,2534,4223
RZDF,2025-09-25T08:00:00Z,2025-09-25T08:00:05Z,2025-09-26,North West,N/A,2487,4145
RZDF,2025-09-25T08:00:00Z,2025-09-25T08:00:05Z,2025-09-26,South Scotland,N/A,1181,1968
RZDF,2025-09-25T08:00:00Z,2025-09-25T08:00:05Z,2025-09-26,North Scotland,N/A,100,167
RZDF,2025-09-24T16:00:00Z,2025-09-24T16:00:06Z,2025-09-25,South East,N/A,5808,9681
RZDF,2025-09-24T16:00:00Z,2025-09-24T16:00:06Z,2025-09-25,South West,N/A,3739,6231
RZDF,2025-09-24T16:00:00Z,2025-09-24T16:00:06Z,2025-09-25,Midlands,N/A,3867,6445
RZDF,2025-09-24T16:00:00Z,2025-09-24T16:00:06Z,2025-09-25,North East,N/A,2548,4246
RZDF,2025-09-24T16:00:00Z,2025-09-24T16:00:06Z,2025-09-25,North West,N/A,2500,4167
RZDF,2025-09-24T16:00:00Z,2025-09-24T16:00:06Z,2025-09-25,South Scotland,N/A,1187,1978
RZDF,2025-09-24T16:00:00Z,2025-09-24T16:00:06Z,2025-09-25,North Scotland,N/A,101,168
RZDF,2025-09-24T10:45:00Z,2025-09-24T10:45:05Z,2025-09-25,South East,N/A,5797,9662
RZDF,2025-09-24T10:45:00Z,2025-09-24T10:45:05Z,2025-09-25,South West,N/A,3731,6219
RZDF,2025-09-24T10:45:00Z,2025-09-24T10:45:05Z,2025-09-25,Midlands,N/A,3859,6432
RZDF,2025-09-24T10:45:00Z,2025-09-24T10:45:05Z,2025-09-25,North East,N/A,2543,4238
RZDF,2025-09-24T10:45:00Z,2025-09-24T10:45:05Z,2025-09-25,North West,N/A,2495,4159
RZDF,2025-09-24T10:45:00Z,2025-09-24T10:45:05Z,2025-09-25,South Scotland,N/A,1185,1974
RZDF,2025-09-24T10:45:00Z,2025-09-24T10:45:05Z,2025-09-25,North Scotland,N/A,101,168
RZDF,2025-09-24T08:00:00Z,2025-09-24T08:00:06Z,2025-09-25,South East,N/A,5815,9691
RZDF,2025-09-24T08:00:00Z,2025-09-24T08:00:06Z,2025-09-25,South West,N/A,3743,6238
RZDF,2025-09-24T08:00:00Z,2025-09-24T08:00:06Z,2025-09-25,Midlands,N/A,3871,6452
RZDF,2025-09-24T08:00:00Z,2025-09-24T08:00:06Z,2025-09-25,North East,N/A,2551,4251
RZDF,2025-09-24T08:00:00Z,2025-09-24T08:00:06Z,2025-09-25,North West,N/A,2503,4172
RZDF,2025-09-24T08:00:00Z,2025-09-24T08:00:06Z,2025-09-25,South Scotland,N/A,1188,1980
RZDF,2025-09-24T08:00:00Z,2025-09-24T08:00:06Z,2025-09-25,North Scotland,N/A,101,168
RZDF,2025-09-23T16:00:00Z,2025-09-23T16:00:05Z,2025-09-24,South East,N/A,5973,9954
RZDF,2025-09-23T16:00:00Z,2025-09-23T16:00:05Z,2025-09-24,South West,N/A,3844,6407
RZDF,2025-09-23T16:00:00Z,2025-09-23T16:00:05Z,2025-09-24,Midlands,N/A,3976,6627
RZDF,2025-09-23T16:00:00Z,2025-09-23T16:00:05Z,2025-09-24,North East,N/A,2620,4366
RZDF,2025-09-23T16:00:00Z,2025-09-23T16:00:05Z,2025-09-24,North West,N/A,2571,4285
RZDF,2025-09-23T16:00:00Z,2025-09-23T16:00:05Z,2025-09-24,South Scotland,N/A,1220,2034
RZDF,2025-09-23T16:00:00Z,2025-09-23T16:00:05Z,2025-09-24,North Scotland,N/A,104,173
RZDF,2025-09-23T10:45:00Z,2025-09-23T10:45:04Z,2025-09-24,South East,N/A,5955,9925
RZDF,2025-09-23T10:45:00Z,2025-09-23T10:45:04Z,2025-09-24,South West,N/A,3833,6389
RZDF,2025-09-23T10:45:00Z,2025-09-23T10:45:04Z,2025-09-24,Midlands,N/A,3965,6608
RZDF,2025-09-23T10:45:00Z,2025-09-23T10:45:04Z,2025-09-24,North East,N/A,2612,4354
RZDF,2025-09-23T10:45:00Z,2025-09-23T10:45:04Z,2025-09-24,North West,N/A,2564,4273
RZDF,2025-09-23T10:45:00Z,2025-09-23T10:45:04Z,2025-09-24,South Scotland,N/A,1217,2028
RZDF,2025-09-23T10:45:00Z,2025-09-23T10:45:04Z,2025-09-24,North Scotland,N/A,103,172
RZDF,2025-09-23T08:00:00Z,2025-09-23T08:00:05Z,2025-09-24,South East,N/A,6014,10024
RZDF,2025-09-23T08:00:00Z,2025-09-23T08:00:05Z,2025-09-24,South West,N/A,3871,6452
RZDF,2025-09-23T08:00:00Z,2025-09-23T08:00:05Z,2025-09-24,Midlands,N/A,4004,6673
RZDF,2025-09-23T08:00:00Z,2025-09-23T08:00:05Z,2025-09-24,North East,N/A,2638,4397
RZDF,2025-09-23T08:00:00Z,2025-09-23T08:00:05Z,2025-09-24,North West,N/A,2589,4315
RZDF,2025-09-23T08:00:00Z,2025-09-23T08:00:05Z,2025-09-24,South Scotland,N/A,1229,2048
RZDF,2025-09-23T08:00:00Z,2025-09-23T08:00:05Z,2025-09-24,North Scotland,N/A,104,174
RZDF,2025-09-22T16:00:00Z,2025-09-22T16:00:05Z,2025-09-23,South East,N/A,6003,10005
RZDF,2025-09-22T16:00:00Z,2025-09-22T16:00:05Z,2025-09-23,South West,N/A,3864,6440
RZDF,2025-09-22T16:00:00Z,2025-09-22T16:00:05Z,2025-09-23,Midlands,N/A,3997,6661
RZDF,2025-09-22T16:00:00Z,2025-09-22T16:00:05Z,2025-09-23,North East,N/A,2633,4388
RZDF,2025-09-22T16:00:00Z,2025-09-22T16:00:05Z,2025-09-23,North West,N/A,2584,4307
RZDF,2025-09-22T16:00:00Z,2025-09-22T16:00:05Z,2025-09-23,South Scotland,N/A,1227,2045
RZDF,2025-09-22T16:00:00Z,2025-09-22T16:00:05Z,2025-09-23,North Scotland,N/A,104,173
RZDF,2025-09-22T10:45:00Z,2025-09-22T10:45:04Z,2025-09-23,South East,N/A,5979,9965
RZDF,2025-09-22T10:45:00Z,2025-09-22T10:45:04Z,2025-09-23,South West,N/A,3848,6414
RZDF,2025-09-22T10:45:00Z,2025-09-22T10:45:04Z,2025-09-23,Midlands,N/A,3981,6634
RZDF,2025-09-22T10:45:00Z,2025-09-22T10:45:04Z,2025-09-23,North East,N/A,2623,4371
RZDF,2025-09-22T10:45:00Z,2025-09-22T10:45:04Z,2025-09-23,North West,N/A,2574,4290
RZDF,2025-09-22T10:45:00Z,2025-09-22T10:45:04Z,2025-09-23,South Scotland,N/A,1222,2036
RZDF,2025-09-22T10:45:00Z,2025-09-22T10:45:04Z,2025-09-23,North Scotland,N/A,104,173
RZDF,2025-09-22T08:00:00Z,2025-09-22T08:00:06Z,2025-09-23,South East,N/A,6010,10017
RZDF,2025-09-22T08:00:00Z,2025-09-22T08:00:06Z,2025-09-23,South West,N/A,3869,6448
RZDF,2025-09-22T08:00:00Z,2025-09-22T08:00:06Z,2025-09-23,Midlands,N/A,4001,6669
RZDF,2025-09-22T08:00:00Z,2025-09-22T08:00:06Z,2025-09-23,North East,N/A,2636,4394
RZDF,2025-09-22T08:00:00Z,2025-09-22T08:00:06Z,2025-09-23,North West,N/A,2587,4312
RZDF,2025-09-22T08:00:00Z,2025-09-22T08:00:06Z,2025-09-23,South Scotland,N/A,1228,2047
RZDF,2025-09-22T08:00:00Z,2025-09-22T08:00:06Z,2025-09-23,North Scotland,N/A,104,174
RZDF,2025-09-21T16:00:00Z,2025-09-21T16:00:04Z,2025-09-22,South East,N/A,5902,9836
RZDF,2025-09-21T16:00:00Z,2025-09-21T16:00:04Z,2025-09-22,South West,N/A,3799,6331
RZDF,2025-09-21T16:00:00Z,2025-09-21T16:00:04Z,2025-09-22,Midlands,N/A,3929,6549
RZDF,2025-09-21T16:00:00Z,2025-09-21T16:00:04Z,2025-09-22,North East,N/A,2589,4314
RZDF,2025-09-21T16:00:00Z,2025-09-21T16:00:04Z,2025-09-22,North West,N/A,2540,4234
RZDF,2025-09-21T16:00:00Z,2025-09-21T16:00:04Z,2025-09-22,South Scotland,N/A,1206,2010
RZDF,2025-09-21T16:00:00Z,2025-09-21T16:00:04Z,2025-09-22,North Scotland,N/A,102,171
RZDF,2025-09-21T10:45:00Z,2025-09-21T10:45:04Z,2025-09-22,South East,N/A,5827,9711
RZDF,2025-09-21T10:45:00Z,2025-09-21T10:45:04Z,2025-09-22,South West,N/A,3750,6251
RZDF,2025-09-21T10:45:00Z,2025-09-21T10:45:04Z,2025-09-22,Midlands,N/A,3879,6465
RZDF,2025-09-21T10:45:00Z,2025-09-21T10:45:04Z,2025-09-22,North East,N/A,2556,4259
RZDF,2025-09-21T10:45:00Z,2025-09-21T10:45:04Z,2025-09-22,North West,N/A,2508,4180
RZDF,2025-09-21T10:45:00Z,2025-09-21T10:45:04Z,2025-09-22,South Scotland,N/A,1191,1984
RZDF,2025-09-21T10:45:00Z,2025-09-21T10:45:04Z,2025-09-22,North Scotland,N/A,101,168
RZDF,2025-09-21T08:00:00Z,2025-09-21T08:00:05Z,2025-09-22,South East,N/A,5856,9759
RZDF,2025-09-21T08:00:00Z,2025-09-21T08:00:05Z,2025-09-22,South West,N/A,3769,6282
RZDF,2025-09-21T08:00:00Z,2025-09-21T08:00:05Z,2025-09-22,Midlands,N/A,3898,6497
RZDF,2025-09-21T08:00:00Z,2025-09-21T08:00:05Z,2025-09-22,North East,N/A,2568,4281
RZDF,2025-09-21T08:00:00Z,2025-09-21T08:00:05Z,2025-09-22,North West,N/A,2521,4201
RZDF,2025-09-21T08:00:00Z,2025-09-21T08:00:05Z,2025-09-22,South Scotland,N/A,1197,1994
RZDF,2025-09-21T08:00:00Z,2025-09-21T08:00:05Z,2025-09-22,North Scotland,N/A,102,169
RZDF,2025-09-20T16:00:00Z,2025-09-20T16:00:06Z,2025-09-21,South East,N/A,5201,8668
RZDF,2025-09-20T16:00:00Z,2025-09-20T16:00:06Z,2025-09-21,South West,N/A,3347,5579
RZDF,2025-09-20T16:00:00Z,2025-09-20T16:00:06Z,2025-09-21,Midlands,N/A,3462,5771
RZDF,2025-09-20T16:00:00Z,2025-09-20T16:00:06Z,2025-09-21,North East,N/A,2281,3802
RZDF,2025-09-20T16:00:00Z,2025-09-20T16:00:06Z,2025-09-21,North West,N/A,2239,3731
RZDF,2025-09-20T16:00:00Z,2025-09-20T16:00:06Z,2025-09-21,South Scotland,N/A,1063,1771
RZDF,2025-09-20T16:00:00Z,2025-09-20T16:00:06Z,2025-09-21,North Scotland,N/A,90,150
RZDF,2025-09-20T10:45:00Z,2025-09-20T10:45:05Z,2025-09-21,South East,N/A,5150,8583
RZDF,2025-09-20T10:45:00Z,2025-09-20T10:45:05Z,2025-09-21,South West,N/A,3315,5525
RZDF,2025-09-20T10:45:00Z,2025-09-20T10:45:05Z,2025-09-21,Midlands,N/A,3429,5714
RZDF,2025-09-20T10:45:00Z,2025-09-20T10:45:05Z,2025-09-21,North East,N/A,2259,3765
RZDF,2025-09-20T10:45:00Z,2025-09-20T10:45:05Z,2025-09-21,North West,N/A,2217,3695
RZDF,2025-09-20T10:45:00Z,2025-09-20T10:45:05Z,2025-09-21,South Scotland,N/A,1052,1754
RZDF,2025-09-20T10:45:00Z,2025-09-20T10:45:05Z,2025-09-21,North Scotland,N/A,89,149
RZDF,2025-09-20T08:00:00Z,2025-09-20T08:00:07Z,2025-09-21,South East,N/A,5184,8639
RZDF,2025-09-20T08:00:00Z,2025-09-20T08:00:07Z,2025-09-21,South West,N/A,3336,5561
RZDF,2025-09-20T08:00:00Z,2025-09-20T08:00:07Z,2025-09-21,Midlands,N/A,3451,5752
RZDF,2025-09-20T08:00:00Z,2025-09-20T08:00:07Z,2025-09-21,North East,N/A,2274,3789
RZDF,2025-09-20T08:00:00Z,2025-09-20T08:00:07Z,2025-09-21,North West,N/A,2231,3719
RZDF,2025-09-20T08:00:00Z,2025-09-20T08:00:07Z,2025-09-21,South Scotland,N/A,1059,1765
RZDF,2025-09-20T08:00:00Z,2025-09-20T08:00:07Z,2025-09-21,North Scotland,N/A,90,150
RZDF,2025-09-19T16:00:00Z,2025-09-19T16:00:05Z,2025-09-20,South East,N/A,4929,8215
RZDF,2025-09-19T16:00:00Z,2025-09-19T16:00:05Z,2025-09-20,South West,N/A,3173,5288
RZDF,2025-09-19T16:00:00Z,2025-09-19T16:00:05Z,2025-09-20,Midlands,N/A,3282,5469
RZDF,2025-09-19T16:00:00Z,2025-09-19T16:00:05Z,2025-09-20,North East,N/A,2162,3603
RZDF,2025-09-19T16:00:00Z,2025-09-19T16:00:05Z,2025-09-20,North West,N/A,2122,3536
RZDF,2025-09-19T16:00:00Z,2025-09-19T16:00:05Z,2025-09-20,South Scotland,N/A,1007,1679
RZDF,2025-09-19T16:00:00Z,2025-09-19T16:00:05Z,2025-09-20,North Scotland,N/A,85,142
RZDF,2025-09-19T10:45:00Z,2025-09-19T10:45:09Z,2025-09-20,South East,N/A,4932,8220
RZDF,2025-09-19T10:45:00Z,2025-09-19T10:45:09Z,2025-09-20,South West,N/A,3175,5291
RZDF,2025-09-19T10:45:00Z,2025-09-19T10:45:09Z,2025-09-20,Midlands,N/A,3284,5473
RZDF,2025-09-19T10:45:00Z,2025-09-19T10:45:09Z,2025-09-20,North East,N/A,2163,3606
RZDF,2025-09-19T10:45:00Z,2025-09-19T10:45:09Z,2025-09-20,North West,N/A,2123,3539
RZDF,2025-09-19T10:45:00Z,2025-09-19T10:45:09Z,2025-09-20,South Scotland,N/A,1008,1680
RZDF,2025-09-19T10:45:00Z,2025-09-19T10:45:09Z,2025-09-20,North Scotland,N/A,86,143
RZDF,2025-09-19T08:00:00Z,2025-09-19T08:00:07Z,2025-09-20,South East,N/A,4872,8120
RZDF,2025-09-19T08:00:00Z,2025-09-19T08:00:07Z,2025-09-20,South West,N/A,3136,5226
RZDF,2025-09-19T08:00:00Z,2025-09-19T08:00:07Z,2025-09-20,Midlands,N/A,3244,5406
RZDF,2025-09-19T08:00:00Z,2025-09-19T08:00:07Z,2025-09-20,North East,N/A,2137,3562
RZDF,2025-09-19T08:00:00Z,2025-09-19T08:00:07Z,2025-09-20,North West,N/A,2097,3495
RZDF,2025-09-19T08:00:00Z,2025-09-19T08:00:07Z,2025-09-20,South Scotland,N/A,996,1659
RZDF,2025-09-19T08:00:00Z,2025-09-19T08:00:07Z,2025-09-20,North Scotland,N/A,84,141
RZDF,2025-09-18T16:00:00Z,2025-09-18T16:00:12Z,2025-09-19,South East,N/A,5458,9097
RZDF,2025-09-18T16:00:00Z,2025-09-18T16:00:12Z,2025-09-19,South West,N/A,3513,5855
RZDF,2025-09-18T16:00:00Z,2025-09-18T16:00:12Z,2025-09-19,Midlands,N/A,3634,6057
RZDF,2025-09-18T16:00:00Z,2025-09-18T16:00:12Z,2025-09-19,North East,N/A,2394,3990
RZDF,2025-09-18T16:00:00Z,2025-09-18T16:00:12Z,2025-09-19,North West,N/A,2350,3916
RZDF,2025-09-18T16:00:00Z,2025-09-18T16:00:12Z,2025-09-19,South Scotland,N/A,1115,1859
RZDF,2025-09-18T16:00:00Z,2025-09-18T16:00:12Z,2025-09-19,North Scotland,N/A,95,158
RZDF,2025-09-18T10:45:00Z,2025-09-18T10:45:06Z,2025-09-19,South East,N/A,5404,9007
RZDF,2025-09-18T10:45:00Z,2025-09-18T10:45:06Z,2025-09-19,South West,N/A,3479,5798
RZDF,2025-09-18T10:45:00Z,2025-09-18T10:45:06Z,2025-09-19,Midlands,N/A,3598,5997
RZDF,2025-09-18T10:45:00Z,2025-09-18T10:45:06Z,2025-09-19,North East,N/A,2370,3951
RZDF,2025-09-18T10:45:00Z,2025-09-18T10:45:06Z,2025-09-19,North West,N/A,2326,3877
RZDF,2025-09-18T10:45:00Z,2025-09-18T10:45:06Z,2025-09-19,South Scotland,N/A,1104,1841
RZDF,2025-09-18T10:45:00Z,2025-09-18T10:45:06Z,2025-09-19,North Scotland,N/A,94,156
RZDF,2025-09-18T08:00:00Z,2025-09-18T08:00:06Z,2025-09-19,South East,N/A,5410,9016
RZDF,2025-09-18T08:00:00Z,2025-09-18T08:00:06Z,2025-09-19,South West,N/A,3482,5803
RZDF,2025-09-18T08:00:00Z,2025-09-18T08:00:06Z,2025-09-19,Midlands,N/A,3602,6003
RZDF,2025-09-18T08:00:00Z,2025-09-18T08:00:06Z,2025-09-19,North East,N/A,2373,3955
RZDF,2025-09-18T08:00:00Z,2025-09-18T08:00:06Z,2025-09-19,North West,N/A,2329,3881
RZDF,2025-09-18T08:00:00Z,2025-09-18T08:00:06Z,2025-09-19,South Scotland,N/A,1105,1842
RZDF,2025-09-18T08:00:00Z,2025-09-18T08:00:06Z,2025-09-19,North Scotland,N/A,94,156
RZDF,2025-09-17T16:00:00Z,2025-09-17T16:00:06Z,2025-09-18,South East,N/A,5419,9032
RZDF,2025-09-17T16:00:00Z,2025-09-17T16:00:06Z,2025-09-18,South West,N/A,3488,5813
RZDF,2025-09-17T16:00:00Z,2025-09-17T16:00:06Z,2025-09-18,Midlands,N/A,3608,6013
RZDF,2025-09-17T16:00:00Z,2025-09-17T16:00:06Z,2025-09-18,North East,N/A,2377,3962
RZDF,2025-09-17T16:00:00Z,2025-09-17T16:00:06Z,2025-09-18,North West,N/A,2333,3888
RZDF,2025-09-17T16:00:00Z,2025-09-17T16:00:06Z,2025-09-18,South Scotland,N/A,1107,1846
RZDF,2025-09-17T16:00:00Z,2025-09-17T16:00:06Z,2025-09-18,North Scotland,N/A,94,157
RZDF,2025-09-17T10:45:00Z,2025-09-17T10:45:06Z,2025-09-18,South East,N/A,5406,9010
RZDF,2025-09-17T10:45:00Z,2025-09-17T10:45:06Z,2025-09-18,South West,N/A,3480,5799
RZDF,2025-09-17T10:45:00Z,2025-09-17T10:45:06Z,2025-09-18,Midlands,N/A,3599,5998
RZDF,2025-09-17T10:45:00Z,2025-09-17T10:45:06Z,2025-09-18,North East,N/A,2371,3952
RZDF,2025-09-17T10:45:00Z,2025-09-17T10:45:06Z,2025-09-18,North West,N/A,2327,3878
RZDF,2025-09-17T10:45:00Z,2025-09-17T10:45:06Z,2025-09-18,South Scotland,N/A,1105,1841
RZDF,2025-09-17T10:45:00Z,2025-09-17T10:45:06Z,2025-09-18,North Scotland,N/A,94,156
RZDF,2025-09-17T08:00:00Z,2025-09-17T08:00:08Z,2025-09-18,South East,N/A,5398,8997
RZDF,2025-09-17T08:00:00Z,2025-09-17T08:00:08Z,2025-09-18,South West,N/A,3475,5791
RZDF,2025-09-17T08:00:00Z,2025-09-17T08:00:08Z,2025-09-18,Midlands,N/A,3594,5990
RZDF,2025-09-17T08:00:00Z,2025-09-17T08:00:08Z,2025-09-18,North East,N/A,2368,3946
RZDF,2025-09-17T08:00:00Z,2025-09-17T08:00:08Z,2025-09-18,North West,N/A,2324,3873
RZDF,2025-09-17T08:00:00Z,2025-09-17T08:00:08Z,2025-09-18,South Scotland,N/A,1103,1839
RZDF,2025-09-17T08:00:00Z,2025-09-17T08:00:08Z,2025-09-18,North Scotland,N/A,94,156
RZDF,2025-09-16T16:00:00Z,2025-09-16T16:00:05Z,2025-09-17,South East,N/A,5596,9326
RZDF,2025-09-16T16:00:00Z,2025-09-16T16:00:05Z,2025-09-17,South West,N/A,3602,6003
RZDF,2025-09-16T16:00:00Z,2025-09-16T16:00:05Z,2025-09-17,Midlands,N/A,3725,6209
RZDF,2025-09-16T16:00:00Z,2025-09-16T16:00:05Z,2025-09-17,North East,N/A,2454,4091
RZDF,2025-09-16T16:00:00Z,2025-09-16T16:00:05Z,2025-09-17,North West,N/A,2409,4015
RZDF,2025-09-16T16:00:00Z,2025-09-16T16:00:05Z,2025-09-17,South Scotland,N/A,1144,1906
RZDF,2025-09-16T16:00:00Z,2025-09-16T16:00:05Z,2025-09-17,North Scotland,N/A,97,162
RZDF,2025-09-16T10:45:00Z,2025-09-16T11:03:38Z,2025-09-17,South East,N/A,5507,9179
RZDF,2025-09-16T10:45:00Z,2025-09-16T11:03:38Z,2025-09-17,South West,N/A,3545,5908
RZDF,2025-09-16T10:45:00Z,2025-09-16T11:03:38Z,2025-09-17,Midlands,N/A,3666,6111
RZDF,2025-09-16T10:45:00Z,2025-09-16T11:03:38Z,2025-09-17,North East,N/A,2416,4026
RZDF,2025-09-16T10:45:00Z,2025-09-16T11:03:38Z,2025-09-17,North West,N/A,2371,3951
RZDF,2025-09-16T10:45:00Z,2025-09-16T11:03:38Z,2025-09-17,South Scotland,N/A,1125,1876
RZDF,2025-09-16T10:45:00Z,2025-09-16T11:03:38Z,2025-09-17,North Scotland,N/A,96,159
RZDF,2025-09-16T08:00:00Z,2025-09-16T08:00:05Z,2025-09-17,South East,N/A,5545,9241
RZDF,2025-09-16T08:00:00Z,2025-09-16T08:00:05Z,2025-09-17,South West,N/A,3569,5948
RZDF,2025-09-16T08:00:00Z,2025-09-16T08:00:05Z,2025-09-17,Midlands,N/A,3691,6152
RZDF,2025-09-16T08:00:00Z,2025-09-16T08:00:05Z,2025-09-17,North East,N/A,2432,4053
RZDF,2025-09-16T08:00:00Z,2025-09-16T08:00:05Z,2025-09-17,North West,N/A,2387,3978
RZDF,2025-09-16T08:00:00Z,2025-09-16T08:00:05Z,2025-09-17,South Scotland,N/A,1133,1888
RZDF,2025-09-16T08:00:00Z,2025-09-16T08:00:05Z,2025-09-17,North Scotland,N/A,96,160
RZDF,2025-09-15T16:00:00Z,2025-09-15T16:00:05Z,2025-09-16,South East,N/A,5729,9548
RZDF,2025-09-15T16:00:00Z,2025-09-15T16:00:05Z,2025-09-16,South West,N/A,3687,6145
RZDF,2025-09-15T16:00:00Z,2025-09-15T16:00:05Z,2025-09-16,Midlands,N/A,3814,6356
RZDF,2025-09-15T16:00:00Z,2025-09-15T16:00:05Z,2025-09-16,North East,N/A,2513,4188
RZDF,2025-09-15T16:00:00Z,2025-09-15T16:00:05Z,2025-09-16,North West,N/A,2466,4110
RZDF,2025-09-15T16:00:00Z,2025-09-15T16:00:05Z,2025-09-16,South Scotland,N/A,1171,1951
RZDF,2025-09-15T16:00:00Z,2025-09-15T16:00:05Z,2025-09-16,North Scotland,N/A,99,166
RZDF,2025-09-15T10:45:00Z,2025-09-15T10:45:06Z,2025-09-16,South East,N/A,5649,9414
RZDF,2025-09-15T10:45:00Z,2025-09-15T10:45:06Z,2025-09-16,South West,N/A,3636,6060
RZDF,2025-09-15T10:45:00Z,2025-09-15T10:45:06Z,2025-09-16,Midlands,N/A,3761,6268
RZDF,2025-09-15T10:45:00Z,2025-09-15T10:45:06Z,2025-09-16,North East,N/A,2478,4129
RZDF,2025-09-15T10:45:00Z,2025-09-15T10:45:06Z,2025-09-16,North West,N/A,2431,4052
RZDF,2025-09-15T10:45:00Z,2025-09-15T10:45:06Z,2025-09-16,South Scotland,N/A,1154,1924
RZDF,2025-09-15T10:45:00Z,2025-09-15T10:45:06Z,2025-09-16,North Scotland,N/A,98,163
RZDF,2025-09-15T08:00:00Z,2025-09-15T08:00:07Z,2025-09-16,South East,N/A,5692,9487
RZDF,2025-09-15T08:00:00Z,2025-09-15T08:00:07Z,2025-09-16,South West,N/A,3664,6107
RZDF,2025-09-15T08:00:00Z,2025-09-15T08:00:07Z,2025-09-16,Midlands,N/A,3790,6316
RZDF,2025-09-15T08:00:00Z,2025-09-15T08:00:07Z,2025-09-16,North East,N/A,2497,4161
RZDF,2025-09-15T08:00:00Z,2025-09-15T08:00:07Z,2025-09-16,North West,N/A,2450,4084
RZDF,2025-09-15T08:00:00Z,2025-09-15T08:00:07Z,2025-09-16,South Scotland,N/A,1163,1939
RZDF,2025-09-15T08:00:00Z,2025-09-15T08:00:07Z,2025-09-16,North Scotland,N/A,99,165
RZDF,2025-09-14T16:00:00Z,2025-09-14T16:00:06Z,2025-09-15,South East,N/A,5239,8732
RZDF,2025-09-14T16:00:00Z,2025-09-14T16:00:06Z,2025-09-15,South West,N/A,3372,5621
RZDF,2025-09-14T16:00:00Z,2025-09-14T16:00:06Z,2025-09-15,Midlands,N/A,3488,5814
RZDF,2025-09-14T16:00:00Z,2025-09-14T16:00:06Z,2025-09-15,North East,N/A,2298,3830
RZDF,2025-09-14T16:00:00Z,2025-09-14T16:00:06Z,2025-09-15,North West,N/A,2255,3759
RZDF,2025-09-14T16:00:00Z,2025-09-14T16:00:06Z,2025-09-15,South Scotland,N/A,1071,1784
RZDF,2025-09-14T16:00:00Z,2025-09-14T16:00:06Z,2025-09-15,North Scotland,N/A,91,151
RZDF,2025-09-14T10:45:00Z,2025-09-14T10:45:04Z,2025-09-15,South East,N/A,5176,8626
RZDF,2025-09-14T10:45:00Z,2025-09-14T10:45:04Z,2025-09-15,South West,N/A,3331,5552
RZDF,2025-09-14T10:45:00Z,2025-09-14T10:45:04Z,2025-09-15,Midlands,N/A,3446,5743
RZDF,2025-09-14T10:45:00Z,2025-09-14T10:45:04Z,2025-09-15,North East,N/A,2270,3784
RZDF,2025-09-14T10:45:00Z,2025-09-14T10:45:04Z,2025-09-15,North West,N/A,2228,3713
RZDF,2025-09-14T10:45:00Z,2025-09-14T10:45:04Z,2025-09-15,South Scotland,N/A,1058,1763
RZDF,2025-09-14T10:45:00Z,2025-09-14T10:45:04Z,2025-09-15,North Scotland,N/A,90,150
RZDF,2025-09-14T08:00:00Z,2025-09-14T08:00:05Z,2025-09-15,South East,N/A,5130,8550
RZDF,2025-09-14T08:00:00Z,2025-09-14T08:00:05Z,2025-09-15,South West,N/A,3302,5503
RZDF,2025-09-14T08:00:00Z,2025-09-14T08:00:05Z,2025-09-15,Midlands,N/A,3415,5692
RZDF,2025-09-14T08:00:00Z,2025-09-14T08:00:05Z,2025-09-15,North East,N/A,2250,3750
RZDF,2025-09-14T08:00:00Z,2025-09-14T08:00:05Z,2025-09-15,North West,N/A,2208,3681
RZDF,2025-09-14T08:00:00Z,2025-09-14T08:00:05Z,2025-09-15,South Scotland,N/A,1048,1747
RZDF,2025-09-14T08:00:00Z,2025-09-14T08:00:05Z,2025-09-15,North Scotland,N/A,89,148
RZDF,2025-09-13T16:00:00Z,2025-09-13T16:00:06Z,2025-09-14,South East,N/A,5055,8425
RZDF,2025-09-13T16:00:00Z,2025-09-13T16:00:06Z,2025-09-14,South West,N/A,3254,5423
RZDF,2025-09-13T16:00:00Z,2025-09-13T16:00:06Z,2025-09-14,Midlands,N/A,3366,5609
RZDF,2025-09-13T16:00:00Z,2025-09-13T16:00:06Z,2025-09-14,North East,N/A,2217,3696
RZDF,2025-09-13T16:00:00Z,2025-09-13T16:00:06Z,2025-09-14,North West,N/A,2176,3627
RZDF,2025-09-13T16:00:00Z,2025-09-13T16:00:06Z,2025-09-14,South Scotland,N/A,1033,1722
RZDF,2025-09-13T16:00:00Z,2025-09-13T16:00:06Z,2025-09-14,North Scotland,N/A,88,146
RZDF,2025-09-13T10:45:00Z,2025-09-13T10:45:06Z,2025-09-14,South East,N/A,5002,8336
RZDF,2025-09-13T10:45:00Z,2025-09-13T10:45:06Z,2025-09-14,South West,N/A,3219,5366
RZDF,2025-09-13T10:45:00Z,2025-09-13T10:45:06Z,2025-09-14,Midlands,N/A,3330,5550
RZDF,2025-09-13T10:45:00Z,2025-09-13T10:45:06Z,2025-09-14,North East,N/A,2194,3657
RZDF,2025-09-13T10:45:00Z,2025-09-13T10:45:06Z,2025-09-14,North West,N/A,2153,3589
RZDF,2025-09-13T10:45:00Z,2025-09-13T10:45:06Z,2025-09-14,South Scotland,N/A,1022,1704
RZDF,2025-09-13T10:45:00Z,2025-09-13T10:45:06Z,2025-09-14,North Scotland,N/A,87,145
RZDF,2025-09-13T08:00:00Z,2025-09-13T08:00:07Z,2025-09-14,South East,N/A,5013,8355
RZDF,2025-09-13T08:00:00Z,2025-09-13T08:00:07Z,2025-09-14,South West,N/A,3227,5378
RZDF,2025-09-13T08:00:00Z,2025-09-13T08:00:07Z,2025-09-14,Midlands,N/A,3337,5562
RZDF,2025-09-13T08:00:00Z,2025-09-13T08:00:07Z,2025-09-14,North East,N/A,2199,3665
RZDF,2025-09-13T08:00:00Z,2025-09-13T08:00:07Z,2025-09-14,North West,N/A,2158,3596
RZDF,2025-09-13T08:00:00Z,2025-09-13T08:00:07Z,2025-09-14,South Scotland,N/A,1024,1707
RZDF,2025-09-13T08:00:00Z,2025-09-13T08:00:07Z,2025-09-14,North Scotland,N/A,87,145
RZDF,2025-09-12T16:00:00Z,2025-09-12T16:00:06Z,2025-09-13,South East,N/A,4935,8225
RZDF,2025-09-12T16:00:00Z,2025-09-12T16:00:06Z,2025-09-13,South West,N/A,3176,5294
RZDF,2025-09-12T16:00:00Z,2025-09-12T16:00:06Z,2025-09-13,Midlands,N/A,3285,5476
RZDF,2025-09-12T16:00:00Z,2025-09-12T16:00:06Z,2025-09-13,North East,N/A,2165,3608
RZDF,2025-09-12T16:00:00Z,2025-09-12T16:00:06Z,2025-09-13,North West,N/A,2124,3541
RZDF,2025-09-12T16:00:00Z,2025-09-12T16:00:06Z,2025-09-13,South Scotland,N/A,1008,1681
RZDF,2025-09-12T16:00:00Z,2025-09-12T16:00:06Z,2025-09-13,North Scotland,N/A,86,143
RZDF,2025-09-12T10:45:00Z,2025-09-12T10:45:10Z,2025-09-13,South East,N/A,4874,8124
RZDF,2025-09-12T10:45:00Z,2025-09-12T10:45:10Z,2025-09-13,South West,N/A,3137,5229
RZDF,2025-09-12T10:45:00Z,2025-09-12T10:45:10Z,2025-09-13,Midlands,N/A,3245,5408
RZDF,2025-09-12T10:45:00Z,2025-09-12T10:45:10Z,2025-09-13,North East,N/A,2138,3563
RZDF,2025-09-12T10:45:00Z,2025-09-12T10:45:10Z,2025-09-13,North West,N/A,2098,3497
RZDF,2025-09-12T10:45:00Z,2025-09-12T10:45:10Z,2025-09-13,South Scotland,N/A,996,1660
RZDF,2025-09-12T10:45:00Z,2025-09-12T10:45:10Z,2025-09-13,North Scotland,N/A,85,141
RZDF,2025-09-12T08:00:00Z,2025-09-12T08:00:07Z,2025-09-13,South East,N/A,4909,8181
RZDF,2025-09-12T08:00:00Z,2025-09-12T08:00:07Z,2025-09-13,South West,N/A,3160,5266
RZDF,2025-09-12T08:00:00Z,2025-09-12T08:00:07Z,2025-09-13,Midlands,N/A,3268,5447
RZDF,2025-09-12T08:00:00Z,2025-09-12T08:00:07Z,2025-09-13,North East,N/A,2153,3589
RZDF,2025-09-12T08:00:00Z,2025-09-12T08:00:07Z,2025-09-13,North West,N/A,2113,3522
RZDF,2025-09-12T08:00:00Z,2025-09-12T08:00:07Z,2025-09-13,South Scotland,N/A,1003,1672
RZDF,2025-09-12T08:00:00Z,2025-09-12T08:00:07Z,2025-09-13,North Scotland,N/A,85,142
RZDF,2025-09-11T16:00:00Z,2025-09-11T16:00:08Z,2025-09-12,South East,N/A,5184,8639
RZDF,2025-09-11T16:00:00Z,2025-09-11T16:00:08Z,2025-09-12,South West,N/A,3336,5561
RZDF,2025-09-11T16:00:00Z,2025-09-11T16:00:08Z,2025-09-12,Midlands,N/A,3451,5752
RZDF,2025-09-11T16:00:00Z,2025-09-11T16:00:08Z,2025-09-12,North East,N/A,2274,3789
RZDF,2025-09-11T16:00:00Z,2025-09-11T16:00:08Z,2025-09-12,North West,N/A,2231,3719
RZDF,2025-09-11T16:00:00Z,2025-09-11T16:00:08Z,2025-09-12,South Scotland,N/A,1059,1765
RZDF,2025-09-11T16:00:00Z,2025-09-11T16:00:08Z,2025-09-12,North Scotland,N/A,90,150
RZDF,2025-09-11T10:45:00Z,2025-09-11T10:45:06Z,2025-09-12,South East,N/A,5127,8545
RZDF,2025-09-11T10:45:00Z,2025-09-11T10:45:06Z,2025-09-12,South West,N/A,3300,5500
RZDF,2025-09-11T10:45:00Z,2025-09-11T10:45:06Z,2025-09-12,Midlands,N/A,3413,5689
RZDF,2025-09-11T10:45:00Z,2025-09-11T10:45:06Z,2025-09-12,North East,N/A,2249,3748
RZDF,2025-09-11T10:45:00Z,2025-09-11T10:45:06Z,2025-09-12,North West,N/A,2207,3678
RZDF,2025-09-11T10:45:00Z,2025-09-11T10:45:06Z,2025-09-12,South Scotland,N/A,1048,1746
RZDF,2025-09-11T10:45:00Z,2025-09-11T10:45:06Z,2025-09-12,North Scotland,N/A,89,148
RZDF,2025-09-11T08:00:00Z,2025-09-11T08:00:05Z,2025-09-12,South East,N/A,5176,8627
RZDF,2025-09-11T08:00:00Z,2025-09-11T08:00:05Z,2025-09-12,South West,N/A,3332,5553
RZDF,2025-09-11T08:00:00Z,2025-09-11T08:00:05Z,2025-09-12,Midlands,N/A,3446,5743
RZDF,2025-09-11T08:00:00Z,2025-09-11T08:00:05Z,2025-09-12,North East,N/A,2270,3784
RZDF,2025-09-11T08:00:00Z,2025-09-11T08:00:05Z,2025-09-12,North West,N/A,2228,3713
RZDF,2025-09-11T08:00:00Z,2025-09-11T08:00:05Z,2025-09-12,South Scotland,N/A,1058,1763
RZDF,2025-09-11T08:00:00Z,2025-09-11T08:00:05Z,2025-09-12,North Scotland,N/A,90,150
RZDF,2025-09-10T16:00:00Z,2025-09-10T16:00:05Z,2025-09-11,South East,N/A,5337,8894
RZDF,2025-09-10T16:00:00Z,2025-09-10T16:00:05Z,2025-09-11,South West,N/A,3435,5725
RZDF,2025-09-10T16:00:00Z,2025-09-10T16:00:05Z,2025-09-11,Midlands,N/A,3553,5921
RZDF,2025-09-10T16:00:00Z,2025-09-10T16:00:05Z,2025-09-11,North East,N/A,2341,3901
RZDF,2025-09-10T16:00:00Z,2025-09-10T16:00:05Z,2025-09-11,North West,N/A,2297,3829
RZDF,2025-09-10T16:00:00Z,2025-09-10T16:00:05Z,2025-09-11,South Scotland,N/A,1091,1818
RZDF,2025-09-10T16:00:00Z,2025-09-10T16:00:05Z,2025-09-11,North Scotland,N/A,93,154
RZDF,2025-09-10T10:45:00Z,2025-09-10T10:45:06Z,2025-09-11,South East,N/A,5315,8859
RZDF,2025-09-10T10:45:00Z,2025-09-10T10:45:06Z,2025-09-11,South West,N/A,3421,5702
RZDF,2025-09-10T10:45:00Z,2025-09-10T10:45:06Z,2025-09-11,Midlands,N/A,3539,5898
RZDF,2025-09-10T10:45:00Z,2025-09-10T10:45:06Z,2025-09-11,North East,N/A,2331,3886
RZDF,2025-09-10T10:45:00Z,2025-09-10T10:45:06Z,2025-09-11,North West,N/A,2288,3813
RZDF,2025-09-10T10:45:00Z,2025-09-10T10:45:06Z,2025-09-11,South Scotland,N/A,1086,1810
RZDF,2025-09-10T10:45:00Z,2025-09-10T10:45:06Z,2025-09-11,North Scotland,N/A,92,154
RZDF,2025-09-10T08:00:00Z,2025-09-10T08:00:06Z,2025-09-11,South East,N/A,5271,8786
RZDF,2025-09-10T08:00:00Z,2025-09-10T08:00:06Z,2025-09-11,South West,N/A,3393,5655
RZDF,2025-09-10T08:00:00Z,2025-09-10T08:00:06Z,2025-09-11,Midlands,N/A,3509,5849
RZDF,2025-09-10T08:00:00Z,2025-09-10T08:00:06Z,2025-09-11,North East,N/A,2312,3854
RZDF,2025-09-10T08:00:00Z,2025-09-10T08:00:06Z,2025-09-11,North West,N/A,2269,3782
RZDF,2025-09-10T08:00:00Z,2025-09-10T08:00:06Z,2025-09-11,South Scotland,N/A,1077,1795
RZDF,2025-09-10T08:00:00Z,2025-09-10T08:00:06Z,2025-09-11,North Scotland,N/A,91,152
RZDF,2025-09-09T16:00:00Z,2025-09-09T16:00:05Z,2025-09-10,South East,N/A,5394,8991
RZDF,2025-09-09T16:00:00Z,2025-09-09T16:00:05Z,2025-09-10,South West,N/A,3472,5787
RZDF,2025-09-09T16:00:00Z,2025-09-09T16:00:05Z,2025-09-10,Midlands,N/A,3591,5986
RZDF,2025-09-09T16:00:00Z,2025-09-09T16:00:05Z,2025-09-10,North East,N/A,2366,3944
RZDF,2025-09-09T16:00:00Z,2025-09-09T16:00:05Z,2025-09-10,North West,N/A,2322,3870
RZDF,2025-09-09T16:00:00Z,2025-09-09T16:00:05Z,2025-09-10,South Scotland,N/A,1102,1837
RZDF,2025-09-09T16:00:00Z,2025-09-09T16:00:05Z,2025-09-10,North Scotland,N/A,94,156
RZDF,2025-09-09T10:45:00Z,2025-09-09T10:45:05Z,2025-09-10,South East,N/A,5262,8771
RZDF,2025-09-09T10:45:00Z,2025-09-09T10:45:05Z,2025-09-10,South West,N/A,3387,5645
RZDF,2025-09-09T10:45:00Z,2025-09-09T10:45:05Z,2025-09-10,Midlands,N/A,3503,5839
RZDF,2025-09-09T10:45:00Z,2025-09-09T10:45:05Z,2025-09-10,North East,N/A,2308,3847
RZDF,2025-09-09T10:45:00Z,2025-09-09T10:45:05Z,2025-09-10,North West,N/A,2265,3775
RZDF,2025-09-09T10:45:00Z,2025-09-09T10:45:05Z,2025-09-10,South Scotland,N/A,1075,1792
RZDF,2025-09-09T10:45:00Z,2025-09-09T10:45:05Z,2025-09-10,North Scotland,N/A,91,152
RZDF,2025-09-09T08:00:00Z,2025-09-09T08:00:05Z,2025-09-10,South East,N/A,5390,8983
RZDF,2025-09-09T08:00:00Z,2025-09-09T08:00:05Z,2025-09-10,South West,N/A,3469,5782
RZDF,2025-09-09T08:00:00Z,2025-09-09T08:00:05Z,2025-09-10,Midlands,N/A,3588,5981
RZDF,2025-09-09T08:00:00Z,2025-09-09T08:00:05Z,2025-09-10,North East,N/A,2364,3940
RZDF,2025-09-09T08:00:00Z,2025-09-09T08:00:05Z,2025-09-10,North West,N/A,2320,3867
RZDF,2025-09-09T08:00:00Z,2025-09-09T08:00:05Z,2025-09-10,South Scotland,N/A,1101,1836
RZDF,2025-09-09T08:00:00Z,2025-09-09T08:00:05Z,2025-09-10,North Scotland,N/A,93,156
RZDF,2025-09-08T16:00:00Z,2025-09-08T16:00:05Z,2025-09-09,South East,N/A,5473,9122
RZDF,2025-09-08T16:00:00Z,2025-09-08T16:00:05Z,2025-09-09,South West,N/A,3523,5871
RZDF,2025-09-08T16:00:00Z,2025-09-08T16:00:05Z,2025-09-09,Midlands,N/A,3644,6073
RZDF,2025-09-08T16:00:00Z,2025-09-08T16:00:05Z,2025-09-09,North East,N/A,2401,4001
RZDF,2025-09-08T16:00:00Z,2025-09-08T16:00:05Z,2025-09-09,North West,N/A,2356,3927
RZDF,2025-09-08T16:00:00Z,2025-09-08T16:00:05Z,2025-09-09,South Scotland,N/A,1118,1864
RZDF,2025-09-08T16:00:00Z,2025-09-08T16:00:05Z,2025-09-09,North Scotland,N/A,95,158
RZDF,2025-09-08T10:45:00Z,2025-09-08T10:45:05Z,2025-09-09,South East,N/A,5422,9037
RZDF,2025-09-08T10:45:00Z,2025-09-08T10:45:05Z,2025-09-09,South West,N/A,3490,5816
RZDF,2025-09-08T10:45:00Z,2025-09-08T10:45:05Z,2025-09-09,Midlands,N/A,3610,6016
RZDF,2025-09-08T10:45:00Z,2025-09-08T10:45:05Z,2025-09-09,North East,N/A,2378,3964
RZDF,2025-09-08T10:45:00Z,2025-09-08T10:45:05Z,2025-09-09,North West,N/A,2334,3890
RZDF,2025-09-08T10:45:00Z,2025-09-08T10:45:05Z,2025-09-09,South Scotland,N/A,1108,1847
RZDF,2025-09-08T10:45:00Z,2025-09-08T10:45:05Z,2025-09-09,North Scotland,N/A,94,157
RZDF,2025-09-08T08:00:00Z,2025-09-08T08:00:06Z,2025-09-09,South East,N/A,5528,9214
RZDF,2025-09-08T08:00:00Z,2025-09-08T08:00:06Z,2025-09-09,South West,N/A,3558,5930
RZDF,2025-09-08T08:00:00Z,2025-09-08T08:00:06Z,2025-09-09,Midlands,N/A,3680,6134
RZDF,2025-09-08T08:00:00Z,2025-09-08T08:00:06Z,2025-09-09,North East,N/A,2425,4041
RZDF,2025-09-08T08:00:00Z,2025-09-08T08:00:06Z,2025-09-09,North West,N/A,2380,3966
RZDF,2025-09-08T08:00:00Z,2025-09-08T08:00:06Z,2025-09-09,South Scotland,N/A,1130,1883
RZDF,2025-09-08T08:00:00Z,2025-09-08T08:00:06Z,2025-09-09,North Scotland,N/A,96,160
RZDF,2025-09-07T16:00:00Z,2025-09-07T16:00:06Z,2025-09-08,South East,N/A,5491,9151
RZDF,2025-09-07T16:00:00Z,2025-09-07T16:00:06Z,2025-09-08,South West,N/A,3534,5890
RZDF,2025-09-07T16:00:00Z,2025-09-07T16:00:06Z,2025-09-08,Midlands,N/A,3655,6092
RZDF,2025-09-07T16:00:00Z,2025-09-07T16:00:06Z,2025-09-08,North East,N/A,2408,4014
RZDF,2025-09-07T16:00:00Z,2025-09-07T16:00:06Z,2025-09-08,North West,N/A,2363,3939
RZDF,2025-09-07T16:00:00Z,2025-09-07T16:00:06Z,2025-09-08,South Scotland,N/A,1122,1870
RZDF,2025-09-07T16:00:00Z,2025-09-07T16:00:06Z,2025-09-08,North Scotland,N/A,95,159
RZDF,2025-09-07T10:45:00Z,2025-09-07T10:45:05Z,2025-09-08,South East,N/A,5457,9095
RZDF,2025-09-07T10:45:00Z,2025-09-07T10:45:05Z,2025-09-08,South West,N/A,3513,5854
RZDF,2025-09-07T10:45:00Z,2025-09-07T10:45:05Z,2025-09-08,Midlands,N/A,3633,6055
RZDF,2025-09-07T10:45:00Z,2025-09-07T10:45:05Z,2025-09-08,North East,N/A,2394,3989
RZDF,2025-09-07T10:45:00Z,2025-09-07T10:45:05Z,2025-09-08,North West,N/A,2349,3915
RZDF,2025-09-07T10:45:00Z,2025-09-07T10:45:05Z,2025-09-08,South Scotland,N/A,1115,1859
RZDF,2025-09-07T10:45:00Z,2025-09-07T10:45:05Z,2025-09-08,North Scotland,N/A,95,158
RZDF,2025-09-07T08:00:00Z,2025-09-07T08:00:05Z,2025-09-08,South East,N/A,5508,9181
RZDF,2025-09-07T08:00:00Z,2025-09-07T08:00:05Z,2025-09-08,South West,N/A,3545,5909
RZDF,2025-09-07T08:00:00Z,2025-09-07T08:00:05Z,2025-09-08,Midlands,N/A,3667,6112
RZDF,2025-09-07T08:00:00Z,2025-09-07T08:00:05Z,2025-09-08,North East,N/A,2416,4027
RZDF,2025-09-07T08:00:00Z,2025-09-07T08:00:05Z,2025-09-08,North West,N/A,2371,3952
RZDF,2025-09-07T08:00:00Z,2025-09-07T08:00:05Z,2025-09-08,South Scotland,N/A,1126,1876
RZDF,2025-09-07T08:00:00Z,2025-09-07T08:00:05Z,2025-09-08,North Scotland,N/A,96,159
RZDF,2025-09-06T16:00:00Z,2025-09-06T16:00:06Z,2025-09-07,South East,N/A,4857,8095
RZDF,2025-09-06T16:00:00Z,2025-09-06T16:00:06Z,2025-09-07,South West,N/A,3126,5211
RZDF,2025-09-06T16:00:00Z,2025-09-06T16:00:06Z,2025-09-07,Midlands,N/A,3234,5390
RZDF,2025-09-06T16:00:00Z,2025-09-06T16:00:06Z,2025-09-07,North East,N/A,2130,3551
RZDF,2025-09-06T16:00:00Z,2025-09-06T16:00:06Z,2025-09-07,North West,N/A,2091,3485
RZDF,2025-09-06T16:00:00Z,2025-09-06T16:00:06Z,2025-09-07,South Scotland,N/A,993,1654
RZDF,2025-09-06T16:00:00Z,2025-09-06T16:00:06Z,2025-09-07,North Scotland,N/A,84,140
RZDF,2025-09-06T10:45:00Z,2025-09-06T10:45:05Z,2025-09-07,South East,N/A,4775,7958
RZDF,2025-09-06T10:45:00Z,2025-09-06T10:45:05Z,2025-09-07,South West,N/A,3073,5122
RZDF,2025-09-06T10:45:00Z,2025-09-06T10:45:05Z,2025-09-07,Midlands,N/A,3179,5298
RZDF,2025-09-06T10:45:00Z,2025-09-06T10:45:05Z,2025-09-07,North East,N/A,2094,3491
RZDF,2025-09-06T10:45:00Z,2025-09-06T10:45:05Z,2025-09-07,North West,N/A,2055,3426
RZDF,2025-09-06T10:45:00Z,2025-09-06T10:45:05Z,2025-09-07,South Scotland,N/A,976,1626
RZDF,2025-09-06T10:45:00Z,2025-09-06T10:45:05Z,2025-09-07,North Scotland,N/A,83,138
RZDF,2025-09-06T08:00:00Z,2025-09-06T08:00:05Z,2025-09-07,South East,N/A,4766,7944
RZDF,2025-09-06T08:00:00Z,2025-09-06T08:00:05Z,2025-09-07,South West,N/A,3068,5113
RZDF,2025-09-06T08:00:00Z,2025-09-06T08:00:05Z,2025-09-07,Midlands,N/A,3173,5289
RZDF,2025-09-06T08:00:00Z,2025-09-06T08:00:05Z,2025-09-07,North East,N/A,2091,3484
RZDF,2025-09-06T08:00:00Z,2025-09-06T08:00:05Z,2025-09-07,North West,N/A,2052,3419
RZDF,2025-09-06T08:00:00Z,2025-09-06T08:00:05Z,2025-09-07,South Scotland,N/A,974,1623
RZDF,2025-09-06T08:00:00Z,2025-09-06T08:00:05Z,2025-09-07,North Scotland,N/A,83,138
RZDF,2025-09-05T16:00:00Z,2025-09-05T16:00:05Z,2025-09-06,South East,N/A,4595,7658
RZDF,2025-09-05T16:00:00Z,2025-09-05T16:00:05Z,2025-09-06,South West,N/A,2957,4929
RZDF,2025-09-05T16:00:00Z,2025-09-05T16:00:05Z,2025-09-06,Midlands,N/A,3059,5098
RZDF,2025-09-05T16:00:00Z,2025-09-05T16:00:05Z,2025-09-06,North East,N/A,2015,3359
RZDF,2025-09-05T16:00:00Z,2025-09-05T16:00:05Z,2025-09-06,North West,N/A,1978,3296
RZDF,2025-09-05T16:00:00Z,2025-09-05T16:00:05Z,2025-09-06,South Scotland,N/A,939,1565
RZDF,2025-09-05T16:00:00Z,2025-09-05T16:00:05Z,2025-09-06,North Scotland,N/A,80,133
RZDF,2025-09-05T10:45:00Z,2025-09-05T10:45:05Z,2025-09-06,South East,N/A,4625,7708
RZDF,2025-09-05T10:45:00Z,2025-09-05T10:45:05Z,2025-09-06,South West,N/A,2977,4962
RZDF,2025-09-05T10:45:00Z,2025-09-05T10:45:05Z,2025-09-06,Midlands,N/A,3079,5132
RZDF,2025-09-05T10:45:00Z,2025-09-05T10:45:05Z,2025-09-06,North East,N/A,2029,3381
RZDF,2025-09-05T10:45:00Z,2025-09-05T10:45:05Z,2025-09-06,North West,N/A,1991,3318
RZDF,2025-09-05T10:45:00Z,2025-09-05T10:45:05Z,2025-09-06,South Scotland,N/A,945,1575
RZDF,2025-09-05T10:45:00Z,2025-09-05T10:45:05Z,2025-09-06,North Scotland,N/A,80,134
RZDF,2025-09-05T08:00:00Z,2025-09-05T08:00:05Z,2025-09-06,South East,N/A,4678,7796
RZDF,2025-09-05T08:00:00Z,2025-09-05T08:00:05Z,2025-09-06,South West,N/A,3011,5018
RZDF,2025-09-05T08:00:00Z,2025-09-05T08:00:05Z,2025-09-06,Midlands,N/A,3114,5190
RZDF,2025-09-05T08:00:00Z,2025-09-05T08:00:05Z,2025-09-06,North East,N/A,2052,3420
RZDF,2025-09-05T08:00:00Z,2025-09-05T08:00:05Z,2025-09-06,North West,N/A,2014,3356
RZDF,2025-09-05T08:00:00Z,2025-09-05T08:00:05Z,2025-09-06,South Scotland,N/A,956,1593
RZDF,2025-09-05T08:00:00Z,2025-09-05T08:00:05Z,2025-09-06,North Scotland,N/A,81,135
RZDF,2025-09-04T16:00:00Z,2025-09-04T16:00:05Z,2025-09-05,South East,N/A,5264,8773
RZDF,2025-09-04T16:00:00Z,2025-09-04T16:00:05Z,2025-09-05,South West,N/A,3388,5647
RZDF,2025-09-04T16:00:00Z,2025-09-04T16:00:05Z,2025-09-05,Midlands,N/A,3505,5841
RZDF,2025-09-04T16:00:00Z,2025-09-04T16:00:05Z,2025-09-05,North East,N/A,2309,3848
RZDF,2025-09-04T16:00:00Z,2025-09-04T16:00:05Z,2025-09-05,North West,N/A,2266,3777
RZDF,2025-09-04T16:00:00Z,2025-09-04T16:00:05Z,2025-09-05,South Scotland,N/A,1076,1793
RZDF,2025-09-04T16:00:00Z,2025-09-04T16:00:05Z,2025-09-05,North Scotland,N/A,91,152
RZDF,2025-09-04T10:45:00Z,2025-09-04T10:45:05Z,2025-09-05,South East,N/A,5173,8622
RZDF,2025-09-04T10:45:00Z,2025-09-04T10:45:05Z,2025-09-05,South West,N/A,3330,5550
RZDF,2025-09-04T10:45:00Z,2025-09-04T10:45:05Z,2025-09-05,Midlands,N/A,3444,5740
RZDF,2025-09-04T10:45:00Z,2025-09-04T10:45:05Z,2025-09-05,North East,N/A,2269,3782
RZDF,2025-09-04T10:45:00Z,2025-09-04T10:45:05Z,2025-09-05,North West,N/A,2227,3712
RZDF,2025-09-04T10:45:00Z,2025-09-04T10:45:05Z,2025-09-05,South Scotland,N/A,1057,1762
RZDF,2025-09-04T10:45:00Z,2025-09-04T10:45:05Z,2025-09-05,North Scotland,N/A,90,150
RZDF,2025-09-04T08:00:00Z,2025-09-04T08:00:09Z,2025-09-05,South East,N/A,5247,8746
RZDF,2025-09-04T08:00:00Z,2025-09-04T08:00:09Z,2025-09-05,South West,N/A,3378,5629
RZDF,2025-09-04T08:00:00Z,2025-09-04T08:00:09Z,2025-09-05,Midlands,N/A,3494,5823
RZDF,2025-09-04T08:00:00Z,2025-09-04T08:00:09Z,2025-09-05,North East,N/A,2302,3836
RZDF,2025-09-04T08:00:00Z,2025-09-04T08:00:09Z,2025-09-05,North West,N/A,2259,3765
RZDF,2025-09-04T08:00:00Z,2025-09-04T08:00:09Z,2025-09-05,South Scotland,N/A,1072,1787
RZDF,2025-09-04T08:00:00Z,2025-09-04T08:00:09Z,2025-09-05,North Scotland,N/A,91,152
RZDF,2025-09-03T16:00:00Z,2025-09-03T16:00:05Z,2025-09-04,South East,N/A,5373,8956
RZDF,2025-09-03T16:00:00Z,2025-09-03T16:00:05Z,2025-09-04,South West,N/A,3459,5764
RZDF,2025-09-03T16:00:00Z,2025-09-03T16:00:05Z,2025-09-04,Midlands,N/A,3577,5962
RZDF,2025-09-03T16:00:00Z,2025-09-03T16:00:05Z,2025-09-04,North East,N/A,2357,3928
RZDF,2025-09-03T16:00:00Z,2025-09-03T16:00:05Z,2025-09-04,North West,N/A,2313,3855
RZDF,2025-09-03T16:00:00Z,2025-09-03T16:00:05Z,2025-09-04,South Scotland,N/A,1098,1830
RZDF,2025-09-03T16:00:00Z,2025-09-03T16:00:05Z,2025-09-04,North Scotland,N/A,93,155
RZDF,2025-09-03T10:45:00Z,2025-09-03T10:45:17Z,2025-09-04,South East,N/A,5297,8829
RZDF,2025-09-03T10:45:00Z,2025-09-03T10:45:17Z,2025-09-04,South West,N/A,3410,5683
RZDF,2025-09-03T10:45:00Z,2025-09-03T10:45:17Z,2025-09-04,Midlands,N/A,3527,5878
RZDF,2025-09-03T10:45:00Z,2025-09-03T10:45:17Z,2025-09-04,North East,N/A,2323,3872
RZDF,2025-09-03T10:45:00Z,2025-09-03T10:45:17Z,2025-09-04,North West,N/A,2280,3800
RZDF,2025-09-03T10:45:00Z,2025-09-03T10:45:17Z,2025-09-04,South Scotland,N/A,1082,1804
RZDF,2025-09-03T10:45:00Z,2025-09-03T10:45:17Z,2025-09-04,North Scotland,N/A,92,153
RZDF,2025-09-03T08:00:00Z,2025-09-03T08:00:04Z,2025-09-04,South East,N/A,5378,8963
RZDF,2025-09-03T08:00:00Z,2025-09-03T08:00:04Z,2025-09-04,South West,N/A,3461,5769
RZDF,2025-09-03T08:00:00Z,2025-09-03T08:00:04Z,2025-09-04,Midlands,N/A,3580,5967
RZDF,2025-09-03T08:00:00Z,2025-09-03T08:00:04Z,2025-09-04,North East,N/A,2359,3931
RZDF,2025-09-03T08:00:00Z,2025-09-03T08:00:04Z,2025-09-04,North West,N/A,2315,3858
RZDF,2025-09-03T08:00:00Z,2025-09-03T08:00:04Z,2025-09-04,South Scotland,N/A,1099,1832
RZDF,2025-09-03T08:00:00Z,2025-09-03T08:00:04Z,2025-09-04,North Scotland,N/A,93,155
RZDF,2025-09-02T16:00:00Z,2025-09-02T16:00:09Z,2025-09-03,South East,N/A,5168,8614
RZDF,2025-09-02T16:00:00Z,2025-09-02T16:00:09Z,2025-09-03,South West,N/A,3327,5544
RZDF,2025-09-02T16:00:00Z,2025-09-02T16:00:09Z,2025-09-03,Midlands,N/A,3441,5735
RZDF,2025-09-02T16:00:00Z,2025-09-02T16:00:09Z,2025-09-03,North East,N/A,2267,3778
RZDF,2025-09-02T16:00:00Z,2025-09-02T16:00:09Z,2025-09-03,North West,N/A,2225,3708
RZDF,2025-09-02T16:00:00Z,2025-09-02T16:00:09Z,2025-09-03,South Scotland,N/A,1056,1760
RZDF,2025-09-02T16:00:00Z,2025-09-02T16:00:09Z,2025-09-03,North Scotland,N/A,90,149
RZDF,2025-09-02T10:45:00Z,2025-09-02T10:45:10Z,2025-09-03,South East,N/A,5094,8490
RZDF,2025-09-02T10:45:00Z,2025-09-02T10:45:10Z,2025-09-03,South West,N/A,3279,5465
RZDF,2025-09-02T10:45:00Z,2025-09-02T10:45:10Z,2025-09-03,Midlands,N/A,3391,5652
RZDF,2025-09-02T10:45:00Z,2025-09-02T10:45:10Z,2025-09-03,North East,N/A,2234,3724
RZDF,2025-09-02T10:45:00Z,2025-09-02T10:45:10Z,2025-09-03,North West,N/A,2193,3655
RZDF,2025-09-02T10:45:00Z,2025-09-02T10:45:10Z,2025-09-03,South Scotland,N/A,1041,1735
RZDF,2025-09-02T10:45:00Z,2025-09-02T10:45:10Z,2025-09-03,North Scotland,N/A,88,147
RZDF,2025-09-02T08:00:00Z,2025-09-02T08:00:04Z,2025-09-03,South East,N/A,5136,8560
RZDF,2025-09-02T08:00:00Z,2025-09-02T08:00:04Z,2025-09-03,South West,N/A,3306,5510
RZDF,2025-09-02T08:00:00Z,2025-09-02T08:00:04Z,2025-09-03,Midlands,N/A,3419,5699
RZDF,2025-09-02T08:00:00Z,2025-09-02T08:00:04Z,2025-09-03,North East,N/A,2253,3755
RZDF,2025-09-02T08:00:00Z,2025-09-02T08:00:04Z,2025-09-03,North West,N/A,2211,3685
RZDF,2025-09-02T08:00:00Z,2025-09-02T08:00:04Z,2025-09-03,South Scotland,N/A,1050,1749
RZDF,2025-09-02T08:00:00Z,2025-09-02T08:00:04Z,2025-09-03,North Scotland,N/A,89,148
RZDF,2025-09-01T16:00:00Z,2025-09-01T16:00:04Z,2025-09-02,South East,N/A,5521,9202
RZDF,2025-09-01T16:00:00Z,2025-09-01T16:00:04Z,2025-09-02,South West,N/A,3554,5923
RZDF,2025-09-01T16:00:00Z,2025-09-01T16:00:04Z,2025-09-02,Midlands,N/A,3676,6126
RZDF,2025-09-01T16:00:00Z,2025-09-01T16:00:04Z,2025-09-02,North East,N/A,2422,4036
RZDF,2025-09-01T16:00:00Z,2025-09-01T16:00:04Z,2025-09-02,North West,N/A,2377,3961
RZDF,2025-09-01T16:00:00Z,2025-09-01T16:00:04Z,2025-09-02,South Scotland,N/A,1128,1880
RZDF,2025-09-01T16:00:00Z,2025-09-01T16:00:04Z,2025-09-02,North Scotland,N/A,96,160
RZDF,2025-09-01T10:45:00Z,2025-09-01T10:45:07Z,2025-09-02,South East,N/A,5453,9089
RZDF,2025-09-01T10:45:00Z,2025-09-01T10:45:07Z,2025-09-02,South West,N/A,3510,5850
RZDF,2025-09-01T10:45:00Z,2025-09-01T10:45:07Z,2025-09-02,Midlands,N/A,3631,6051
RZDF,2025-09-01T10:45:00Z,2025-09-01T10:45:07Z,2025-09-02,North East,N/A,2392,3987
RZDF,2025-09-01T10:45:00Z,2025-09-01T10:45:07Z,2025-09-02,North West,N/A,2348,3913
RZDF,2025-09-01T10:45:00Z,2025-09-01T10:45:07Z,2025-09-02,South Scotland,N/A,1114,1857
RZDF,2025-09-01T10:45:00Z,2025-09-01T10:45:07Z,2025-09-02,North Scotland,N/A,95,158
RZDF,2025-09-01T08:00:00Z,2025-09-01T08:00:06Z,2025-09-02,South East,N/A,5574,9290
RZDF,2025-09-01T08:00:00Z,2025-09-01T08:00:06Z,2025-09-02,South West,N/A,3588,5980
RZDF,2025-09-01T08:00:00Z,2025-09-01T08:00:06Z,2025-09-02,Midlands,N/A,3711,6185
RZDF,2025-09-01T08:00:00Z,2025-09-01T08:00:06Z,2025-09-02,North East,N/A,2445,4075
RZDF,2025-09-01T08:00:00Z,2025-09-01T08:00:06Z,2025-09-02,North West,N/A,2399,3999
RZDF,2025-09-01T08:00:00Z,2025-09-01T08:00:06Z,2025-09-02,South Scotland,N/A,1139,1898
RZDF,2025-09-01T08:00:00Z,2025-09-01T08:00:06Z,2025-09-02,North Scotland,N/A,97,161
RZDF,2025-08-31T16:00:00Z,2025-08-31T16:00:04Z,2025-09-01,South East,N/A,5276,8794
RZDF,2025-08-31T16:00:00Z,2025-08-31T16:00:04Z,2025-09-01,South West,N/A,3396,5660
RZDF,2025-08-31T16:00:00Z,2025-08-31T16:00:04Z,2025-09-01,Midlands,N/A,3513,5855
RZDF,2025-08-31T16:00:00Z,2025-08-31T16:00:04Z,2025-09-01,North East,N/A,2314,3857
RZDF,2025-08-31T16:00:00Z,2025-08-31T16:00:04Z,2025-09-01,North West,N/A,2271,3786
RZDF,2025-08-31T16:00:00Z,2025-08-31T16:00:04Z,2025-09-01,South Scotland,N/A,1078,1797
RZDF,2025-08-31T16:00:00Z,2025-08-31T16:00:04Z,2025-09-01,North Scotland,N/A,91,152
RZDF,2025-08-31T10:45:00Z,2025-08-31T10:45:05Z,2025-09-01,South East,N/A,5145,8574
RZDF,2025-08-31T10:45:00Z,2025-08-31T10:45:05Z,2025-09-01,South West,N/A,3311,5519
RZDF,2025-08-31T10:45:00Z,2025-08-31T10:45:05Z,2025-09-01,Midlands,N/A,3425,5709
RZDF,2025-08-31T10:45:00Z,2025-08-31T10:45:05Z,2025-09-01,North East,N/A,2257,3761
RZDF,2025-08-31T10:45:00Z,2025-08-31T10:45:05Z,2025-09-01,North West,N/A,2215,3691
RZDF,2025-08-31T10:45:00Z,2025-08-31T10:45:05Z,2025-09-01,South Scotland,N/A,1051,1752
RZDF,2025-08-31T10:45:00Z,2025-08-31T10:45:05Z,2025-09-01,North Scotland,N/A,89,149
RZDF,2025-08-31T08:00:00Z,2025-08-31T08:00:04Z,2025-09-01,South East,N/A,5170,8617
RZDF,2025-08-31T08:00:00Z,2025-08-31T08:00:04Z,2025-09-01,South West,N/A,3328,5546
RZDF,2025-08-31T08:00:00Z,2025-08-31T08:00:04Z,2025-09-01,Midlands,N/A,3442,5737
RZDF,2025-08-31T08:00:00Z,2025-08-31T08:00:04Z,2025-09-01,North East,N/A,2268,3779
RZDF,2025-08-31T08:00:00Z,2025-08-31T08:00:04Z,2025-09-01,North West,N/A,2225,3709
RZDF,2025-08-31T08:00:00Z,2025-08-31T08:00:04Z,2025-09-01,South Scotland,N/A,1056,1761
RZDF,2025-08-31T08:00:00Z,2025-08-31T08:00:04Z,2025-09-01,North Scotland,N/A,90,149
RZDF,2025-08-30T16:00:00Z,2025-08-30T16:00:04Z,2025-08-31,South East,N/A,4353,7255
RZDF,2025-08-30T16:00:00Z,2025-08-30T16:00:04Z,2025-08-31,South West,N/A,2802,4670
RZDF,2025-08-30T16:00:00Z,2025-08-30T16:00:04Z,2025-08-31,Midlands,N/A,2898,4830
RZDF,2025-08-30T16:00:00Z,2025-08-30T16:00:04Z,2025-08-31,North East,N/A,1909,3182
RZDF,2025-08-30T16:00:00Z,2025-08-30T16:00:04Z,2025-08-31,North West,N/A,1874,3123
RZDF,2025-08-30T16:00:00Z,2025-08-30T16:00:04Z,2025-08-31,South Scotland,N/A,890,1483
RZDF,2025-08-30T16:00:00Z,2025-08-30T16:00:04Z,2025-08-31,North Scotland,N/A,75,126
RZDF,2025-08-30T10:45:00Z,2025-08-30T10:45:08Z,2025-08-31,South East,N/A,4252,7086
RZDF,2025-08-30T10:45:00Z,2025-08-30T10:45:08Z,2025-08-31,South West,N/A,2737,4561
RZDF,2025-08-30T10:45:00Z,2025-08-30T10:45:08Z,2025-08-31,Midlands,N/A,2831,4718
RZDF,2025-08-30T10:45:00Z,2025-08-30T10:45:08Z,2025-08-31,North East,N/A,1865,3108
RZDF,2025-08-30T10:45:00Z,2025-08-30T10:45:08Z,2025-08-31,North West,N/A,1830,3050
RZDF,2025-08-30T10:45:00Z,2025-08-30T10:45:08Z,2025-08-31,South Scotland,N/A,869,1448
RZDF,2025-08-30T10:45:00Z,2025-08-30T10:45:08Z,2025-08-31,North Scotland,N/A,74,123
RZDF,2025-08-30T08:00:00Z,2025-08-30T08:00:05Z,2025-08-31,South East,N/A,4274,7124
RZDF,2025-08-30T08:00:00Z,2025-08-30T08:00:05Z,2025-08-31,South West,N/A,2751,4585
RZDF,2025-08-30T08:00:00Z,2025-08-30T08:00:05Z,2025-08-31,Midlands,N/A,2846,4743
RZDF,2025-08-30T08:00:00Z,2025-08-30T08:00:05Z,2025-08-31,North East,N/A,1875,3125
RZDF,2025-08-30T08:00:00Z,2025-08-30T08:00:05Z,2025-08-31,North West,N/A,1840,3067
RZDF,2025-08-30T08:00:00Z,2025-08-30T08:00:05Z,2025-08-31,South Scotland,N/A,873,1456
RZDF,2025-08-30T08:00:00Z,2025-08-30T08:00:05Z,2025-08-31,North Scotland,N/A,74,124
RZDF,2025-08-29T16:00:00Z,2025-08-29T16:00:04Z,2025-08-30,South East,N/A,4403,7338
RZDF,2025-08-29T16:00:00Z,2025-08-29T16:00:04Z,2025-08-30,South West,N/A,2834,4723
RZDF,2025-08-29T16:00:00Z,2025-08-29T16:00:04Z,2025-08-30,Midlands,N/A,2931,4885
RZDF,2025-08-29T16:00:00Z,2025-08-29T16:00:04Z,2025-08-30,North East,N/A,1931,3219
RZDF,2025-08-29T16:00:00Z,2025-08-29T16:00:04Z,2025-08-30,North West,N/A,1895,3159
RZDF,2025-08-29T16:00:00Z,2025-08-29T16:00:04Z,2025-08-30,South Scotland,N/A,900,1499
RZDF,2025-08-29T16:00:00Z,2025-08-29T16:00:04Z,2025-08-30,North Scotland,N/A,76,127
RZDF,2025-08-29T10:45:00Z,2025-08-29T10:45:05Z,2025-08-30,South East,N/A,4436,7393
RZDF,2025-08-29T10:45:00Z,2025-08-29T10:45:05Z,2025-08-30,South West,N/A,2855,4758
RZDF,2025-08-29T10:45:00Z,2025-08-29T10:45:05Z,2025-08-30,Midlands,N/A,2953,4922
RZDF,2025-08-29T10:45:00Z,2025-08-29T10:45:05Z,2025-08-30,North East,N/A,1946,3243
RZDF,2025-08-29T10:45:00Z,2025-08-29T10:45:05Z,2025-08-30,North West,N/A,1909,3182
RZDF,2025-08-29T10:45:00Z,2025-08-29T10:45:05Z,2025-08-30,South Scotland,N/A,906,1511
RZDF,2025-08-29T10:45:00Z,2025-08-29T10:45:05Z,2025-08-30,North Scotland,N/A,77,128
RZDF,2025-08-29T08:00:00Z,2025-08-29T08:00:04Z,2025-08-30,South East,N/A,4416,7360
RZDF,2025-08-29T08:00:00Z,2025-08-29T08:00:04Z,2025-08-30,South West,N/A,2842,4737
RZDF,2025-08-29T08:00:00Z,2025-08-29T08:00:04Z,2025-08-30,Midlands,N/A,2940,4900
RZDF,2025-08-29T08:00:00Z,2025-08-29T08:00:04Z,2025-08-30,North East,N/A,1937,3228
RZDF,2025-08-29T08:00:00Z,2025-08-29T08:00:04Z,2025-08-30,North West,N/A,1901,3168
RZDF,2025-08-29T08:00:00Z,2025-08-29T08:00:04Z,2025-08-30,South Scotland,N/A,902,1504
RZDF,2025-08-29T08:00:00Z,2025-08-29T08:00:04Z,2025-08-30,North Scotland,N/A,77,128
RZDF,2025-08-28T16:00:00Z,2025-08-28T16:00:05Z,2025-08-29,South East,N/A,4968,8280
RZDF,2025-08-28T16:00:00Z,2025-08-28T16:00:05Z,2025-08-29,South West,N/A,3198,5330
RZDF,2025-08-28T16:00:00Z,2025-08-28T16:00:05Z,2025-08-29,Midlands,N/A,3308,5513
RZDF,2025-08-28T16:00:00Z,2025-08-28T16:00:05Z,2025-08-29,North East,N/A,2179,3632
RZDF,2025-08-28T16:00:00Z,2025-08-28T16:00:05Z,2025-08-29,North West,N/A,2139,3564
RZDF,2025-08-28T16:00:00Z,2025-08-28T16:00:05Z,2025-08-29,South Scotland,N/A,1015,1692
RZDF,2025-08-28T16:00:00Z,2025-08-28T16:00:05Z,2025-08-29,North Scotland,N/A,86,144
RZDF,2025-08-28T10:45:00Z,2025-08-28T10:45:06Z,2025-08-29,South East,N/A,4916,8194
RZDF,2025-08-28T10:45:00Z,2025-08-28T10:45:06Z,2025-08-29,South West,N/A,3164,5274
RZDF,2025-08-28T10:45:00Z,2025-08-28T10:45:06Z,2025-08-29,Midlands,N/A,3273,5455
RZDF,2025-08-28T10:45:00Z,2025-08-28T10:45:06Z,2025-08-29,North East,N/A,2156,3594
RZDF,2025-08-28T10:45:00Z,2025-08-28T10:45:06Z,2025-08-29,North West,N/A,2116,3527
RZDF,2025-08-28T10:45:00Z,2025-08-28T10:45:06Z,2025-08-29,South Scotland,N/A,1005,1674
RZDF,2025-08-28T10:45:00Z,2025-08-28T10:45:06Z,2025-08-29,North Scotland,N/A,85,142
RZDF,2025-08-28T08:00:00Z,2025-08-28T08:00:04Z,2025-08-29,South East,N/A,4988,8314
RZDF,2025-08-28T08:00:00Z,2025-08-28T08:00:04Z,2025-08-29,South West,N/A,3211,5351
RZDF,2025-08-28T08:00:00Z,2025-08-28T08:00:04Z,2025-08-29,Midlands,N/A,3321,5535
RZDF,2025-08-28T08:00:00Z,2025-08-28T08:00:04Z,2025-08-29,North East,N/A,2188,3647
RZDF,2025-08-28T08:00:00Z,2025-08-28T08:00:04Z,2025-08-29,North West,N/A,2147,3579
RZDF,2025-08-28T08:00:00Z,2025-08-28T08:00:04Z,2025-08-29,South Scotland,N/A,1019,1699
RZDF,2025-08-28T08:00:00Z,2025-08-28T08:00:04Z,2025-08-29,North Scotland,N/A,87,144
RZDF,2025-08-27T16:00:00Z,2025-08-27T16:00:04Z,2025-08-28,South East,N/A,5080,8467
RZDF,2025-08-27T16:00:00Z,2025-08-27T16:00:04Z,2025-08-28,South West,N/A,3270,5450
RZDF,2025-08-27T16:00:00Z,2025-08-27T16:00:04Z,2025-08-28,Midlands,N/A,3382,5637
RZDF,2025-08-27T16:00:00Z,2025-08-27T16:00:04Z,2025-08-28,North East,N/A,2228,3714
RZDF,2025-08-27T16:00:00Z,2025-08-27T16:00:04Z,2025-08-28,North West,N/A,2187,3645
RZDF,2025-08-27T16:00:00Z,2025-08-27T16:00:04Z,2025-08-28,South Scotland,N/A,1038,1730
RZDF,2025-08-27T16:00:00Z,2025-08-27T16:00:04Z,2025-08-28,North Scotland,N/A,88,147
RZDF,2025-08-27T10:45:00Z,2025-08-27T10:45:07Z,2025-08-28,South East,N/A,4991,8319
RZDF,2025-08-27T10:45:00Z,2025-08-27T10:45:07Z,2025-08-28,South West,N/A,3213,5354
RZDF,2025-08-27T10:45:00Z,2025-08-27T10:45:07Z,2025-08-28,Midlands,N/A,3323,5538
RZDF,2025-08-27T10:45:00Z,2025-08-27T10:45:07Z,2025-08-28,North East,N/A,2189,3649
RZDF,2025-08-27T10:45:00Z,2025-08-27T10:45:07Z,2025-08-28,North West,N/A,2149,3581
RZDF,2025-08-27T10:45:00Z,2025-08-27T10:45:07Z,2025-08-28,South Scotland,N/A,1020,1700
RZDF,2025-08-27T10:45:00Z,2025-08-27T10:45:07Z,2025-08-28,North Scotland,N/A,87,144
RZDF,2025-08-27T08:00:00Z,2025-08-27T08:00:06Z,2025-08-28,South East,N/A,5008,8347
RZDF,2025-08-27T08:00:00Z,2025-08-27T08:00:06Z,2025-08-28,South West,N/A,3224,5373
RZDF,2025-08-27T08:00:00Z,2025-08-27T08:00:06Z,2025-08-28,Midlands,N/A,3334,5557
RZDF,2025-08-27T08:00:00Z,2025-08-27T08:00:06Z,2025-08-28,North East,N/A,2197,3661
RZDF,2025-08-27T08:00:00Z,2025-08-27T08:00:06Z,2025-08-28,North West,N/A,2156,3593
RZDF,2025-08-27T08:00:00Z,2025-08-27T08:00:06Z,2025-08-28,South Scotland,N/A,1023,1706
RZDF,2025-08-27T08:00:00Z,2025-08-27T08:00:06Z,2025-08-28,North Scotland,N/A,87,145
RZDF,2025-08-26T16:00:00Z,2025-08-26T16:00:04Z,2025-08-27,South East,N/A,5207,8678
RZDF,2025-08-26T16:00:00Z,2025-08-26T16:00:04Z,2025-08-27,South West,N/A,3351,5586
RZDF,2025-08-26T16:00:00Z,2025-08-26T16:00:04Z,2025-08-27,Midlands,N/A,3466,5777
RZDF,2025-08-26T16:00:00Z,2025-08-26T16:00:04Z,2025-08-27,North East,N/A,2284,3806
RZDF,2025-08-26T16:00:00Z,2025-08-26T16:00:04Z,2025-08-27,North West,N/A,2241,3735
RZDF,2025-08-26T16:00:00Z,2025-08-26T16:00:04Z,2025-08-27,South Scotland,N/A,1064,1773
RZDF,2025-08-26T16:00:00Z,2025-08-26T16:00:04Z,2025-08-27,North Scotland,N/A,90,150
RZDF,2025-08-26T10:45:00Z,2025-08-26T10:45:05Z,2025-08-27,South East,N/A,5160,8600
RZDF,2025-08-26T10:45:00Z,2025-08-26T10:45:05Z,2025-08-27,South West,N/A,3321,5535
RZDF,2025-08-26T10:45:00Z,2025-08-26T10:45:05Z,2025-08-27,Midlands,N/A,3435,5725
RZDF,2025-08-26T10:45:00Z,2025-08-26T10:45:05Z,2025-08-27,North East,N/A,2263,3772
RZDF,2025-08-26T10:45:00Z,2025-08-26T10:45:05Z,2025-08-27,North West,N/A,2221,3702
RZDF,2025-08-26T10:45:00Z,2025-08-26T10:45:05Z,2025-08-27,South Scotland,N/A,1054,1757
RZDF,2025-08-26T10:45:00Z,2025-08-26T10:45:05Z,2025-08-27,North Scotland,N/A,89,149
RZDF,2025-08-26T08:00:00Z,2025-08-26T08:00:05Z,2025-08-27,South East,N/A,5240,8733
RZDF,2025-08-26T08:00:00Z,2025-08-26T08:00:05Z,2025-08-27,South West,N/A,3372,5621
RZDF,2025-08-26T08:00:00Z,2025-08-26T08:00:05Z,2025-08-27,Midlands,N/A,3488,5814
RZDF,2025-08-26T08:00:00Z,2025-08-26T08:00:05Z,2025-08-27,North East,N/A,2298,3830
RZDF,2025-08-26T08:00:00Z,2025-08-26T08:00:05Z,2025-08-27,North West,N/A,2255,3759
RZDF,2025-08-26T08:00:00Z,2025-08-26T08:00:05Z,2025-08-27,South Scotland,N/A,1071,1785
RZDF,2025-08-26T08:00:00Z,2025-08-26T08:00:05Z,2025-08-27,North Scotland,N/A,91,151
RZDF,2025-08-25T16:00:00Z,2025-08-25T16:00:04Z,2025-08-26,South East,N/A,5123,8538
RZDF,2025-08-25T16:00:00Z,2025-08-25T16:00:04Z,2025-08-26,South West,N/A,3297,5496
RZDF,2025-08-25T16:00:00Z,2025-08-25T16:00:04Z,2025-08-26,Midlands,N/A,3411,5685
RZDF,2025-08-25T16:00:00Z,2025-08-25T16:00:04Z,2025-08-26,North East,N/A,2247,3745
RZDF,2025-08-25T16:00:00Z,2025-08-25T16:00:04Z,2025-08-26,North West,N/A,2205,3676
RZDF,2025-08-25T16:00:00Z,2025-08-25T16:00:04Z,2025-08-26,South Scotland,N/A,1047,1745
RZDF,2025-08-25T16:00:00Z,2025-08-25T16:00:04Z,2025-08-26,North Scotland,N/A,89,148
RZDF,2025-08-25T10:45:00Z,2025-08-25T10:45:04Z,2025-08-26,South East,N/A,5045,8409
RZDF,2025-08-25T10:45:00Z,2025-08-25T10:45:04Z,2025-08-26,South West,N/A,3247,5412
RZDF,2025-08-25T10:45:00Z,2025-08-25T10:45:04Z,2025-08-26,Midlands,N/A,3359,5598
RZDF,2025-08-25T10:45:00Z,2025-08-25T10:45:04Z,2025-08-26,North East,N/A,2213,3688
RZDF,2025-08-25T10:45:00Z,2025-08-25T10:45:04Z,2025-08-26,North West,N/A,2172,3620
RZDF,2025-08-25T10:45:00Z,2025-08-25T10:45:04Z,2025-08-26,South Scotland,N/A,1031,1718
RZDF,2025-08-25T10:45:00Z,2025-08-25T10:45:04Z,2025-08-26,North Scotland,N/A,87,146
RZDF,2025-08-25T08:00:00Z,2025-08-25T08:00:05Z,2025-08-26,South East,N/A,5104,8507
RZDF,2025-08-25T08:00:00Z,2025-08-25T08:00:05Z,2025-08-26,South West,N/A,3285,5476
RZDF,2025-08-25T08:00:00Z,2025-08-25T08:00:05Z,2025-08-26,Midlands,N/A,3398,5664
RZDF,2025-08-25T08:00:00Z,2025-08-25T08:00:05Z,2025-08-26,North East,N/A,2239,3731
RZDF,2025-08-25T08:00:00Z,2025-08-25T08:00:05Z,2025-08-26,North West,N/A,2197,3662
RZDF,2025-08-25T08:00:00Z,2025-08-25T08:00:05Z,2025-08-26,South Scotland,N/A,1043,1738
RZDF,2025-08-25T08:00:00Z,2025-08-25T08:00:05Z,2025-08-26,North Scotland,N/A,89,148
RZDF,2025-08-24T16:00:00Z,2025-08-24T16:00:04Z,2025-08-25,South East,N/A,4730,7883
RZDF,2025-08-24T16:00:00Z,2025-08-24T16:00:04Z,2025-08-25,South West,N/A,3045,5074
RZDF,2025-08-24T16:00:00Z,2025-08-24T16:00:04Z,2025-08-25,Midlands,N/A,3149,5248
RZDF,2025-08-24T16:00:00Z,2025-08-24T16:00:04Z,2025-08-25,North East,N/A,2075,3458
RZDF,2025-08-24T16:00:00Z,2025-08-24T16:00:04Z,2025-08-25,North West,N/A,2036,3394
RZDF,2025-08-24T16:00:00Z,2025-08-24T16:00:04Z,2025-08-25,South Scotland,N/A,967,1611
RZDF,2025-08-24T16:00:00Z,2025-08-24T16:00:04Z,2025-08-25,North Scotland,N/A,82,137
RZDF,2025-08-24T10:45:00Z,2025-08-24T10:45:08Z,2025-08-25,South East,N/A,4699,7832
RZDF,2025-08-24T10:45:00Z,2025-08-24T10:45:08Z,2025-08-25,South West,N/A,3025,5041
RZDF,2025-08-24T10:45:00Z,2025-08-24T10:45:08Z,2025-08-25,Midlands,N/A,3129,5214
RZDF,2025-08-24T10:45:00Z,2025-08-24T10:45:08Z,2025-08-25,North East,N/A,2061,3435
RZDF,2025-08-24T10:45:00Z,2025-08-24T10:45:08Z,2025-08-25,North West,N/A,2023,3371
RZDF,2025-08-24T10:45:00Z,2025-08-24T10:45:08Z,2025-08-25,South Scotland,N/A,960,1601
RZDF,2025-08-24T10:45:00Z,2025-08-24T10:45:08Z,2025-08-25,North Scotland,N/A,81,136
RZDF,2025-08-24T08:00:00Z,2025-08-24T08:00:04Z,2025-08-25,South East,N/A,4743,7905
RZDF,2025-08-24T08:00:00Z,2025-08-24T08:00:04Z,2025-08-25,South West,N/A,3053,5088
RZDF,2025-08-24T08:00:00Z,2025-08-24T08:00:04Z,2025-08-25,Midlands,N/A,3158,5263
RZDF,2025-08-24T08:00:00Z,2025-08-24T08:00:04Z,2025-08-25,North East,N/A,2080,3467
RZDF,2025-08-24T08:00:00Z,2025-08-24T08:00:04Z,2025-08-25,North West,N/A,2042,3403
RZDF,2025-08-24T08:00:00Z,2025-08-24T08:00:04Z,2025-08-25,South Scotland,N/A,969,1615
RZDF,2025-08-24T08:00:00Z,2025-08-24T08:00:04Z,2025-08-25,North Scotland,N/A,82,137
RZDF,2025-08-23T16:00:00Z,2025-08-23T16:00:08Z,2025-08-24,South East,N/A,4805,8008
RZDF,2025-08-23T16:00:00Z,2025-08-23T16:00:08Z,2025-08-24,South West,N/A,3093,5154
RZDF,2025-08-23T16:00:00Z,2025-08-23T16:00:08Z,2025-08-24,Midlands,N/A,3199,5331
RZDF,2025-08-23T16:00:00Z,2025-08-23T16:00:08Z,2025-08-24,North East,N/A,2107,3512
RZDF,2025-08-23T16:00:00Z,2025-08-23T16:00:08Z,2025-08-24,North West,N/A,2068,3447
RZDF,2025-08-23T16:00:00Z,2025-08-23T16:00:08Z,2025-08-24,South Scotland,N/A,982,1636
RZDF,2025-08-23T16:00:00Z,2025-08-23T16:00:08Z,2025-08-24,North Scotland,N/A,83,139
RZDF,2025-08-23T10:45:00Z,2025-08-23T10:45:09Z,2025-08-24,South East,N/A,4789,7982
RZDF,2025-08-23T10:45:00Z,2025-08-23T10:45:09Z,2025-08-24,South West,N/A,3083,5138
RZDF,2025-08-23T10:45:00Z,2025-08-23T10:45:09Z,2025-08-24,Midlands,N/A,3189,5314
RZDF,2025-08-23T10:45:00Z,2025-08-23T10:45:09Z,2025-08-24,North East,N/A,2101,3501
RZDF,2025-08-23T10:45:00Z,2025-08-23T10:45:09Z,2025-08-24,North West,N/A,2062,3436
RZDF,2025-08-23T10:45:00Z,2025-08-23T10:45:09Z,2025-08-24,South Scotland,N/A,979,1631
RZDF,2025-08-23T10:45:00Z,2025-08-23T10:45:09Z,2025-08-24,North Scotland,N/A,83,138
RZDF,2025-08-23T08:00:00Z,2025-08-23T08:00:04Z,2025-08-24,South East,N/A,4813,8022
RZDF,2025-08-23T08:00:00Z,2025-08-23T08:00:04Z,2025-08-24,South West,N/A,3098,5163
RZDF,2025-08-23T08:00:00Z,2025-08-23T08:00:04Z,2025-08-24,Midlands,N/A,3204,5341
RZDF,2025-08-23T08:00:00Z,2025-08-23T08:00:04Z,2025-08-24,North East,N/A,2111,3519
RZDF,2025-08-23T08:00:00Z,2025-08-23T08:00:04Z,2025-08-24,North West,N/A,2072,3453
RZDF,2025-08-23T08:00:00Z,2025-08-23T08:00:04Z,2025-08-24,South Scotland,N/A,984,1639
RZDF,2025-08-23T08:00:00Z,2025-08-23T08:00:04Z,2025-08-24,North Scotland,N/A,83,139
RZDF,2025-08-22T16:00:00Z,2025-08-22T16:00:05Z,2025-08-23,South East,N/A,4834,8056
RZDF,2025-08-22T16:00:00Z,2025-08-22T16:00:05Z,2025-08-23,South West,N/A,3111,5186
RZDF,2025-08-22T16:00:00Z,2025-08-22T16:00:05Z,2025-08-23,Midlands,N/A,3218,5364
RZDF,2025-08-22T16:00:00Z,2025-08-22T16:00:05Z,2025-08-23,North East,N/A,2120,3534
RZDF,2025-08-22T16:00:00Z,2025-08-22T16:00:05Z,2025-08-23,North West,N/A,2081,3468
RZDF,2025-08-22T16:00:00Z,2025-08-22T16:00:05Z,2025-08-23,South Scotland,N/A,988,1646
RZDF,2025-08-22T16:00:00Z,2025-08-22T16:00:05Z,2025-08-23,North Scotland,N/A,84,140
RZDF,2025-08-22T10:45:00Z,2025-08-22T10:45:07Z,2025-08-23,South East,N/A,4818,8030
RZDF,2025-08-22T10:45:00Z,2025-08-22T10:45:07Z,2025-08-23,South West,N/A,3101,5169
RZDF,2025-08-22T10:45:00Z,2025-08-22T10:45:07Z,2025-08-23,Midlands,N/A,3208,5346
RZDF,2025-08-22T10:45:00Z,2025-08-22T10:45:07Z,2025-08-23,North East,N/A,2113,3522
RZDF,2025-08-22T10:45:00Z,2025-08-22T10:45:07Z,2025-08-23,North West,N/A,2074,3457
RZDF,2025-08-22T10:45:00Z,2025-08-22T10:45:07Z,2025-08-23,South Scotland,N/A,985,1641
RZDF,2025-08-22T10:45:00Z,2025-08-22T10:45:07Z,2025-08-23,North Scotland,N/A,84,139
RZDF,2025-08-22T08:00:00Z,2025-08-22T08:00:05Z,2025-08-23,South East,N/A,4809,8016
RZDF,2025-08-22T08:00:00Z,2025-08-22T08:00:05Z,2025-08-23,South West,N/A,3096,5159
RZDF,2025-08-22T08:00:00Z,2025-08-22T08:00:05Z,2025-08-23,Midlands,N/A,3202,5337
RZDF,2025-08-22T08:00:00Z,2025-08-22T08:00:05Z,2025-08-23,North East,N/A,2110,3516
RZDF,2025-08-22T08:00:00Z,2025-08-22T08:00:05Z,2025-08-23,North West,N/A,2070,3450
RZDF,2025-08-22T08:00:00Z,2025-08-22T08:00:05Z,2025-08-23,South Scotland,N/A,983,1638
RZDF,2025-08-22T08:00:00Z,2025-08-22T08:00:05Z,2025-08-23,North Scotland,N/A,83,139
RZDF,2025-08-21T16:00:00Z,2025-08-21T16:00:04Z,2025-08-22,South East,N/A,5100,8500
RZDF,2025-08-21T16:00:00Z,2025-08-21T16:00:04Z,2025-08-22,South West,N/A,3283,5471
RZDF,2025-08-21T16:00:00Z,2025-08-21T16:00:04Z,2025-08-22,Midlands,N/A,3395,5659
RZDF,2025-08-21T16:00:00Z,2025-08-21T16:00:04Z,2025-08-22,North East,N/A,2237,3728
RZDF,2025-08-21T16:00:00Z,2025-08-21T16:00:04Z,2025-08-22,North West,N/A,2195,3659
RZDF,2025-08-21T16:00:00Z,2025-08-21T16:00:04Z,2025-08-22,South Scotland,N/A,1042,1737
RZDF,2025-08-21T16:00:00Z,2025-08-21T16:00:04Z,2025-08-22,North Scotland,N/A,88,147
RZDF,2025-08-21T10:45:00Z,2025-08-21T10:45:18Z,2025-08-22,South East,N/A,5023,8371
RZDF,2025-08-21T10:45:00Z,2025-08-21T10:45:18Z,2025-08-22,South West,N/A,3233,5388
RZDF,2025-08-21T10:45:00Z,2025-08-21T10:45:18Z,2025-08-22,Midlands,N/A,3344,5573
RZDF,2025-08-21T10:45:00Z,2025-08-21T10:45:18Z,2025-08-22,North East,N/A,2203,3672
RZDF,2025-08-21T10:45:00Z,2025-08-21T10:45:18Z,2025-08-22,North West,N/A,2162,3603
RZDF,2025-08-21T10:45:00Z,2025-08-21T10:45:18Z,2025-08-22,South Scotland,N/A,1026,1711
RZDF,2025-08-21T10:45:00Z,2025-08-21T10:45:18Z,2025-08-22,North Scotland,N/A,87,145
RZDF,2025-08-21T08:00:00Z,2025-08-21T08:00:04Z,2025-08-22,South East,N/A,5023,8371
RZDF,2025-08-21T08:00:00Z,2025-08-21T08:00:04Z,2025-08-22,South West,N/A,3233,5388
RZDF,2025-08-21T08:00:00Z,2025-08-21T08:00:04Z,2025-08-22,Midlands,N/A,3344,5573
RZDF,2025-08-21T08:00:00Z,2025-08-21T08:00:04Z,2025-08-22,North East,N/A,2203,3672
RZDF,2025-08-21T08:00:00Z,2025-08-21T08:00:04Z,2025-08-22,North West,N/A,2162,3604
RZDF,2025-08-21T08:00:00Z,2025-08-21T08:00:04Z,2025-08-22,South Scotland,N/A,1026,1711
RZDF,2025-08-21T08:00:00Z,2025-08-21T08:00:04Z,2025-08-22,North Scotland,N/A,87,145
RZDF,2025-08-20T16:00:00Z,2025-08-20T16:00:04Z,2025-08-21,South East,N/A,5129,8549
RZDF,2025-08-20T16:00:00Z,2025-08-20T16:00:04Z,2025-08-21,South West,N/A,3301,5502
RZDF,2025-08-20T16:00:00Z,2025-08-20T16:00:04Z,2025-08-21,Midlands,N/A,3415,5691
RZDF,2025-08-20T16:00:00Z,2025-08-20T16:00:04Z,2025-08-21,North East,N/A,2250,3750
RZDF,2025-08-20T16:00:00Z,2025-08-20T16:00:04Z,2025-08-21,North West,N/A,2208,3680
RZDF,2025-08-20T16:00:00Z,2025-08-20T16:00:04Z,2025-08-21,South Scotland,N/A,1048,1747
RZDF,2025-08-20T16:00:00Z,2025-08-20T16:00:04Z,2025-08-21,North Scotland,N/A,89,148
RZDF,2025-08-20T10:45:00Z,2025-08-20T10:45:08Z,2025-08-21,South East,N/A,5083,8471
RZDF,2025-08-20T10:45:00Z,2025-08-20T10:45:08Z,2025-08-21,South West,N/A,3272,5453
RZDF,2025-08-20T10:45:00Z,2025-08-20T10:45:08Z,2025-08-21,Midlands,N/A,3384,5640
RZDF,2025-08-20T10:45:00Z,2025-08-20T10:45:08Z,2025-08-21,North East,N/A,2229,3716
RZDF,2025-08-20T10:45:00Z,2025-08-20T10:45:08Z,2025-08-21,North West,N/A,2188,3647
RZDF,2025-08-20T10:45:00Z,2025-08-20T10:45:08Z,2025-08-21,South Scotland,N/A,1039,1731
RZDF,2025-08-20T10:45:00Z,2025-08-20T10:45:08Z,2025-08-21,North Scotland,N/A,88,147
RZDF,2025-08-20T08:00:00Z,2025-08-20T08:00:04Z,2025-08-21,South East,N/A,5109,8515
RZDF,2025-08-20T08:00:00Z,2025-08-20T08:00:04Z,2025-08-21,South West,N/A,3289,5481
RZDF,2025-08-20T08:00:00Z,2025-08-20T08:00:04Z,2025-08-21,Midlands,N/A,3401,5669
RZDF,2025-08-20T08:00:00Z,2025-08-20T08:00:04Z,2025-08-21,North East,N/A,2241,3735
RZDF,2025-08-20T08:00:00Z,2025-08-20T08:00:04Z,2025-08-21,North West,N/A,2199,3665
RZDF,2025-08-20T08:00:00Z,2025-08-20T08:00:04Z,2025-08-21,South Scotland,N/A,1044,1740
RZDF,2025-08-20T08:00:00Z,2025-08-20T08:00:04Z,2025-08-21,North Scotland,N/A,89,148
RZDF,2025-08-19T16:00:00Z,2025-08-19T16:00:04Z,2025-08-20,South East,N/A,4599,7665
RZDF,2025-08-19T16:00:00Z,2025-08-19T16:00:04Z,2025-08-20,South West,N/A,2960,4934
RZDF,2025-08-19T16:00:00Z,2025-08-19T16:00:04Z,2025-08-20,Midlands,N/A,3062,5103
RZDF,2025-08-19T16:00:00Z,2025-08-19T16:00:04Z,2025-08-20,North East,N/A,2017,3362
RZDF,2025-08-19T16:00:00Z,2025-08-19T16:00:04Z,2025-08-20,North West,N/A,1980,3300
RZDF,2025-08-19T16:00:00Z,2025-08-19T16:00:04Z,2025-08-20,South Scotland,N/A,940,1566
RZDF,2025-08-19T16:00:00Z,2025-08-19T16:00:04Z,2025-08-20,North Scotland,N/A,80,133
RZDF,2025-08-19T10:45:00Z,2025-08-19T10:45:04Z,2025-08-20,South East,N/A,4599,7665
RZDF,2025-08-19T10:45:00Z,2025-08-19T10:45:04Z,2025-08-20,South West,N/A,2960,4934
RZDF,2025-08-19T10:45:00Z,2025-08-19T10:45:04Z,2025-08-20,Midlands,N/A,3062,5103
RZDF,2025-08-19T10:45:00Z,2025-08-19T10:45:04Z,2025-08-20,North East,N/A,2017,3362
RZDF,2025-08-19T10:45:00Z,2025-08-19T10:45:04Z,2025-08-20,North West,N/A,1980,3300
RZDF,2025-08-19T10:45:00Z,2025-08-19T10:45:04Z,2025-08-20,South Scotland,N/A,940,1566
RZDF,2025-08-19T10:45:00Z,2025-08-19T10:45:04Z,2025-08-20,North Scotland,N/A,80,133
RZDF,2025-08-19T08:00:00Z,2025-08-19T08:00:06Z,2025-08-20,South East,N/A,4599,7665
RZDF,2025-08-19T08:00:00Z,2025-08-19T08:00:06Z,2025-08-20,South West,N/A,2960,4934
RZDF,2025-08-19T08:00:00Z,2025-08-19T08:00:06Z,2025-08-20,Midlands,N/A,3062,5103
RZDF,2025-08-19T08:00:00Z,2025-08-19T08:00:06Z,2025-08-20,North East,N/A,2017,3362
RZDF,2025-08-19T08:00:00Z,2025-08-19T08:00:06Z,2025-08-20,North West,N/A,1980,3300
RZDF,2025-08-19T08:00:00Z,2025-08-19T08:00:06Z,2025-08-20,South Scotland,N/A,940,1566
RZDF,2025-08-19T08:00:00Z,2025-08-19T08:00:06Z,2025-08-20,North Scotland,N/A,80,133
RZDF,2025-08-18T16:00:00Z,2025-08-18T16:00:07Z,2025-08-19,South East,N/A,4599,7665
RZDF,2025-08-18T16:00:00Z,2025-08-18T16:00:07Z,2025-08-19,South West,N/A,2960,4934
RZDF,2025-08-18T16:00:00Z,2025-08-18T16:00:07Z,2025-08-19,Midlands,N/A,3062,5103
RZDF,2025-08-18T16:00:00Z,2025-08-18T16:00:07Z,2025-08-19,North East,N/A,2017,3362
RZDF,2025-08-18T16:00:00Z,2025-08-18T16:00:07Z,2025-08-19,North West,N/A,1980,3300
RZDF,2025-08-18T16:00:00Z,2025-08-18T16:00:07Z,2025-08-19,South Scotland,N/A,940,1566
RZDF,2025-08-18T16:00:00Z,2025-08-18T16:00:07Z,2025-08-19,North Scotland,N/A,80,133
RZDF,2025-08-18T10:45:00Z,2025-08-18T10:45:05Z,2025-08-19,South East,N/A,4599,7665
RZDF,2025-08-18T10:45:00Z,2025-08-18T10:45:05Z,2025-08-19,South West,N/A,2960,4934
RZDF,2025-08-18T10:45:00Z,2025-08-18T10:45:05Z,2025-08-19,Midlands,N/A,3062,5103
RZDF,2025-08-18T10:45:00Z,2025-08-18T10:45:05Z,2025-08-19,North East,N/A,2017,3362
RZDF,2025-08-18T10:45:00Z,2025-08-18T10:45:05Z,2025-08-19,North West,N/A,1980,3300
RZDF,2025-08-18T10:45:00Z,2025-08-18T10:45:05Z,2025-08-19,South Scotland,N/A,940,1566
RZDF,2025-08-18T10:45:00Z,2025-08-18T10:45:05Z,2025-08-19,North Scotland,N/A,80,133
RZDF,2025-08-18T08:00:00Z,2025-08-18T08:00:08Z,2025-08-19,South East,N/A,4599,7665
RZDF,2025-08-18T08:00:00Z,2025-08-18T08:00:08Z,2025-08-19,South West,N/A,2960,4934
RZDF,2025-08-18T08:00:00Z,2025-08-18T08:00:08Z,2025-08-19,Midlands,N/A,3062,5103
RZDF,2025-08-18T08:00:00Z,2025-08-18T08:00:08Z,2025-08-19,North East,N/A,2017,3362
RZDF,2025-08-18T08:00:00Z,2025-08-18T08:00:08Z,2025-08-19,North West,N/A,1980,3300
RZDF,2025-08-18T08:00:00Z,2025-08-18T08:00:08Z,2025-08-19,South Scotland,N/A,940,1566
RZDF,2025-08-18T08:00:00Z,2025-08-18T08:00:08Z,2025-08-19,North Scotland,N/A,80,133
RZDF,2025-08-17T16:00:00Z,2025-08-17T16:00:05Z,2025-08-18,South East,N/A,4599,7665
RZDF,2025-08-17T16:00:00Z,2025-08-17T16:00:05Z,2025-08-18,South West,N/A,2960,4934
RZDF,2025-08-17T16:00:00Z,2025-08-17T16:00:05Z,2025-08-18,Midlands,N/A,3062,5103
RZDF,2025-08-17T16:00:00Z,2025-08-17T16:00:05Z,2025-08-18,North East,N/A,2017,3362
RZDF,2025-08-17T16:00:00Z,2025-08-17T16:00:05Z,2025-08-18,North West,N/A,1980,3300
RZDF,2025-08-17T16:00:00Z,2025-08-17T16:00:05Z,2025-08-18,South Scotland,N/A,940,1566
RZDF,2025-08-17T16:00:00Z,2025-08-17T16:00:05Z,2025-08-18,North Scotland,N/A,80,133
RZDF,2025-08-17T10:45:00Z,2025-08-17T10:45:06Z,2025-08-18,South East,N/A,4599,7665
RZDF,2025-08-17T10:45:00Z,2025-08-17T10:45:06Z,2025-08-18,South West,N/A,2960,4934
RZDF,2025-08-17T10:45:00Z,2025-08-17T10:45:06Z,2025-08-18,Midlands,N/A,3062,5103
RZDF,2025-08-17T10:45:00Z,2025-08-17T10:45:06Z,2025-08-18,North East,N/A,2017,3362
RZDF,2025-08-17T10:45:00Z,2025-08-17T10:45:06Z,2025-08-18,North West,N/A,1980,3300
RZDF,2025-08-17T10:45:00Z,2025-08-17T10:45:06Z,2025-08-18,South Scotland,N/A,940,1566
RZDF,2025-08-17T10:45:00Z,2025-08-17T10:45:06Z,2025-08-18,North Scotland,N/A,80,133
RZDF,2025-08-17T08:00:00Z,2025-08-17T08:00:05Z,2025-08-18,South East,N/A,4599,7665
RZDF,2025-08-17T08:00:00Z,2025-08-17T08:00:05Z,2025-08-18,South West,N/A,2960,4934
RZDF,2025-08-17T08:00:00Z,2025-08-17T08:00:05Z,2025-08-18,Midlands,N/A,3062,5103
RZDF,2025-08-17T08:00:00Z,2025-08-17T08:00:05Z,2025-08-18,North East,N/A,2017,3362
RZDF,2025-08-17T08:00:00Z,2025-08-17T08:00:05Z,2025-08-18,North West,N/A,1980,3300
RZDF,2025-08-17T08:00:00Z,2025-08-17T08:00:05Z,2025-08-18,South Scotland,N/A,940,1566
RZDF,2025-08-17T08:00:00Z,2025-08-17T08:00:05Z,2025-08-18,North Scotland,N/A,80,133
RZDF,2025-08-16T16:00:00Z,2025-08-16T16:00:05Z,2025-08-17,South East,N/A,4662,7769
RZDF,2025-08-16T16:00:00Z,2025-08-16T16:00:05Z,2025-08-17,South West,N/A,3000,5001
RZDF,2025-08-16T16:00:00Z,2025-08-16T16:00:05Z,2025-08-17,Midlands,N/A,3103,5172
RZDF,2025-08-16T16:00:00Z,2025-08-16T16:00:05Z,2025-08-17,North East,N/A,2045,3408
RZDF,2025-08-16T16:00:00Z,2025-08-16T16:00:05Z,2025-08-17,North West,N/A,2007,3344
RZDF,2025-08-16T16:00:00Z,2025-08-16T16:00:05Z,2025-08-17,South Scotland,N/A,953,1588
RZDF,2025-08-16T16:00:00Z,2025-08-16T16:00:05Z,2025-08-17,North Scotland,N/A,81,135
RZDF,2025-08-16T10:45:00Z,2025-08-16T10:45:04Z,2025-08-17,South East,N/A,4628,7714
RZDF,2025-08-16T10:45:00Z,2025-08-16T10:45:04Z,2025-08-17,South West,N/A,2979,4965
RZDF,2025-08-16T10:45:00Z,2025-08-16T10:45:04Z,2025-08-17,Midlands,N/A,3081,5135
RZDF,2025-08-16T10:45:00Z,2025-08-16T10:45:04Z,2025-08-17,North East,N/A,2030,3383
RZDF,2025-08-16T10:45:00Z,2025-08-16T10:45:04Z,2025-08-17,North West,N/A,1992,3320
RZDF,2025-08-16T10:45:00Z,2025-08-16T10:45:04Z,2025-08-17,South Scotland,N/A,946,1576
RZDF,2025-08-16T10:45:00Z,2025-08-16T10:45:04Z,2025-08-17,North Scotland,N/A,80,134
RZDF,2025-08-16T08:00:00Z,2025-08-16T08:00:06Z,2025-08-17,South East,N/A,4638,7730
RZDF,2025-08-16T08:00:00Z,2025-08-16T08:00:06Z,2025-08-17,South West,N/A,2985,4975
RZDF,2025-08-16T08:00:00Z,2025-08-16T08:00:06Z,2025-08-17,Midlands,N/A,3088,5146
RZDF,2025-08-16T08:00:00Z,2025-08-16T08:00:06Z,2025-08-17,North East,N/A,2034,3391
RZDF,2025-08-16T08:00:00Z,2025-08-16T08:00:06Z,2025-08-17,North West,N/A,1996,3327
RZDF,2025-08-16T08:00:00Z,2025-08-16T08:00:06Z,2025-08-17,South Scotland,N/A,948,1580
RZDF,2025-08-16T08:00:00Z,2025-08-16T08:00:06Z,2025-08-17,North Scotland,N/A,80,134
RZDF,2025-08-15T16:00:00Z,2025-08-15T16:00:04Z,2025-08-16,South East,N/A,4549,7582
RZDF,2025-08-15T16:00:00Z,2025-08-15T16:00:04Z,2025-08-16,South West,N/A,2928,4880
RZDF,2025-08-15T16:00:00Z,2025-08-15T16:00:04Z,2025-08-16,Midlands,N/A,3029,5048
RZDF,2025-08-15T16:00:00Z,2025-08-15T16:00:04Z,2025-08-16,North East,N/A,1995,3326
RZDF,2025-08-15T16:00:00Z,2025-08-15T16:00:04Z,2025-08-16,North West,N/A,1958,3264
RZDF,2025-08-15T16:00:00Z,2025-08-15T16:00:04Z,2025-08-16,South Scotland,N/A,930,1549
RZDF,2025-08-15T16:00:00Z,2025-08-15T16:00:04Z,2025-08-16,North Scotland,N/A,79,131
RZDF,2025-08-15T10:45:00Z,2025-08-15T10:45:09Z,2025-08-16,South East,N/A,4563,7606
RZDF,2025-08-15T10:45:00Z,2025-08-15T10:45:09Z,2025-08-16,South West,N/A,2937,4896
RZDF,2025-08-15T10:45:00Z,2025-08-15T10:45:09Z,2025-08-16,Midlands,N/A,3038,5064
RZDF,2025-08-15T10:45:00Z,2025-08-15T10:45:09Z,2025-08-16,North East,N/A,2002,3336
RZDF,2025-08-15T10:45:00Z,2025-08-15T10:45:09Z,2025-08-16,North West,N/A,1964,3274
RZDF,2025-08-15T10:45:00Z,2025-08-15T10:45:09Z,2025-08-16,South Scotland,N/A,933,1554
RZDF,2025-08-15T10:45:00Z,2025-08-15T10:45:09Z,2025-08-16,North Scotland,N/A,79,132
RZDF,2025-08-15T08:00:00Z,2025-08-15T08:00:04Z,2025-08-16,South East,N/A,4516,7526
RZDF,2025-08-15T08:00:00Z,2025-08-15T08:00:04Z,2025-08-16,South West,N/A,2907,4844
RZDF,2025-08-15T08:00:00Z,2025-08-15T08:00:04Z,2025-08-16,Midlands,N/A,3006,5011
RZDF,2025-08-15T08:00:00Z,2025-08-15T08:00:04Z,2025-08-16,North East,N/A,1981,3301
RZDF,2025-08-15T08:00:00Z,2025-08-15T08:00:04Z,2025-08-16,North West,N/A,1944,3240
RZDF,2025-08-15T08:00:00Z,2025-08-15T08:00:04Z,2025-08-16,South Scotland,N/A,923,1538
RZDF,2025-08-15T08:00:00Z,2025-08-15T08:00:04Z,2025-08-16,North Scotland,N/A,78,131
RZDF,2025-08-14T16:00:00Z,2025-08-14T16:00:04Z,2025-08-15,South East,N/A,4978,8297
RZDF,2025-08-14T16:00:00Z,2025-08-14T16:00:04Z,2025-08-15,South West,N/A,3204,5340
RZDF,2025-08-14T16:00:00Z,2025-08-14T16:00:04Z,2025-08-15,Midlands,N/A,3314,5524
RZDF,2025-08-14T16:00:00Z,2025-08-14T16:00:04Z,2025-08-15,North East,N/A,2184,3639
RZDF,2025-08-14T16:00:00Z,2025-08-14T16:00:04Z,2025-08-15,North West,N/A,2143,3572
RZDF,2025-08-14T16:00:00Z,2025-08-14T16:00:04Z,2025-08-15,South Scotland,N/A,1017,1696
RZDF,2025-08-14T16:00:00Z,2025-08-14T16:00:04Z,2025-08-15,North Scotland,N/A,86,144
RZDF,2025-08-14T10:45:00Z,2025-08-14T10:45:07Z,2025-08-15,South East,N/A,4934,8223
RZDF,2025-08-14T10:45:00Z,2025-08-14T10:45:07Z,2025-08-15,South West,N/A,3176,5293
RZDF,2025-08-14T10:45:00Z,2025-08-14T10:45:07Z,2025-08-15,Midlands,N/A,3285,5474
RZDF,2025-08-14T10:45:00Z,2025-08-14T10:45:07Z,2025-08-15,North East,N/A,2164,3607
RZDF,2025-08-14T10:45:00Z,2025-08-14T10:45:07Z,2025-08-15,North West,N/A,2124,3540
RZDF,2025-08-14T10:45:00Z,2025-08-14T10:45:07Z,2025-08-15,South Scotland,N/A,1008,1680
RZDF,2025-08-14T10:45:00Z,2025-08-14T10:45:07Z,2025-08-15,North Scotland,N/A,86,143
RZDF,2025-08-14T08:00:00Z,2025-08-14T08:00:05Z,2025-08-15,South East,N/A,4984,8307
RZDF,2025-08-14T08:00:00Z,2025-08-14T08:00:05Z,2025-08-15,South West,N/A,3208,5347
RZDF,2025-08-14T08:00:00Z,2025-08-14T08:00:05Z,2025-08-15,Midlands,N/A,3318,5530
RZDF,2025-08-14T08:00:00Z,2025-08-14T08:00:05Z,2025-08-15,North East,N/A,2186,3644
RZDF,2025-08-14T08:00:00Z,2025-08-14T08:00:05Z,2025-08-15,North West,N/A,2145,3576
RZDF,2025-08-14T08:00:00Z,2025-08-14T08:00:05Z,2025-08-15,South Scotland,N/A,1019,1698
RZDF,2025-08-14T08:00:00Z,2025-08-14T08:00:05Z,2025-08-15,North Scotland,N/A,86,144
RZDF,2025-08-13T16:00:00Z,2025-08-13T16:00:05Z,2025-08-14,South East,N/A,5150,8583
RZDF,2025-08-13T16:00:00Z,2025-08-13T16:00:05Z,2025-08-14,South West,N/A,3315,5525
RZDF,2025-08-13T16:00:00Z,2025-08-13T16:00:05Z,2025-08-14,Midlands,N/A,3429,5714
RZDF,2025-08-13T16:00:00Z,2025-08-13T16:00:05Z,2025-08-14,North East,N/A,2259,3765
RZDF,2025-08-13T16:00:00Z,2025-08-13T16:00:05Z,2025-08-14,North West,N/A,2217,3695
RZDF,2025-08-13T16:00:00Z,2025-08-13T16:00:05Z,2025-08-14,South Scotland,N/A,1052,1754
RZDF,2025-08-13T16:00:00Z,2025-08-13T16:00:05Z,2025-08-14,North Scotland,N/A,89,149
RZDF,2025-08-13T10:45:00Z,2025-08-13T10:45:05Z,2025-08-14,South East,N/A,5043,8406
RZDF,2025-08-13T10:45:00Z,2025-08-13T10:45:05Z,2025-08-14,South West,N/A,3246,5410
RZDF,2025-08-13T10:45:00Z,2025-08-13T10:45:05Z,2025-08-14,Midlands,N/A,3358,5596
RZDF,2025-08-13T10:45:00Z,2025-08-13T10:45:05Z,2025-08-14,North East,N/A,2212,3687
RZDF,2025-08-13T10:45:00Z,2025-08-13T10:45:05Z,2025-08-14,North West,N/A,2171,3618
RZDF,2025-08-13T10:45:00Z,2025-08-13T10:45:05Z,2025-08-14,South Scotland,N/A,1031,1718
RZDF,2025-08-13T10:45:00Z,2025-08-13T10:45:05Z,2025-08-14,North Scotland,N/A,87,146
RZDF,2025-08-13T08:00:00Z,2025-08-13T08:00:09Z,2025-08-14,South East,N/A,5125,8541
RZDF,2025-08-13T08:00:00Z,2025-08-13T08:00:09Z,2025-08-14,South West,N/A,3298,5497
RZDF,2025-08-13T08:00:00Z,2025-08-13T08:00:09Z,2025-08-14,Midlands,N/A,3412,5686
RZDF,2025-08-13T08:00:00Z,2025-08-13T08:00:09Z,2025-08-14,North East,N/A,2248,3746
RZDF,2025-08-13T08:00:00Z,2025-08-13T08:00:09Z,2025-08-14,North West,N/A,2206,3677
RZDF,2025-08-13T08:00:00Z,2025-08-13T08:00:09Z,2025-08-14,South Scotland,N/A,1047,1745
RZDF,2025-08-13T08:00:00Z,2025-08-13T08:00:09Z,2025-08-14,North Scotland,N/A,89,148
RZDF,2025-08-12T16:00:00Z,2025-08-12T16:00:04Z,2025-08-13,South East,N/A,5259,8765
RZDF,2025-08-12T16:00:00Z,2025-08-12T16:00:04Z,2025-08-13,South West,N/A,3385,5642
RZDF,2025-08-12T16:00:00Z,2025-08-12T16:00:04Z,2025-08-13,Midlands,N/A,3501,5835
RZDF,2025-08-12T16:00:00Z,2025-08-12T16:00:04Z,2025-08-13,North East,N/A,2307,3845
RZDF,2025-08-12T16:00:00Z,2025-08-12T16:00:04Z,2025-08-13,North West,N/A,2264,3773
RZDF,2025-08-12T16:00:00Z,2025-08-12T16:00:04Z,2025-08-13,South Scotland,N/A,1075,1791
RZDF,2025-08-12T16:00:00Z,2025-08-12T16:00:04Z,2025-08-13,North Scotland,N/A,91,152
RZDF,2025-08-12T10:45:00Z,2025-08-12T10:45:06Z,2025-08-13,South East,N/A,5231,8718
RZDF,2025-08-12T10:45:00Z,2025-08-12T10:45:06Z,2025-08-13,South West,N/A,3367,5611
RZDF,2025-08-12T10:45:00Z,2025-08-12T10:45:06Z,2025-08-13,Midlands,N/A,3482,5804
RZDF,2025-08-12T10:45:00Z,2025-08-12T10:45:06Z,2025-08-13,North East,N/A,2294,3824
RZDF,2025-08-12T10:45:00Z,2025-08-12T10:45:06Z,2025-08-13,North West,N/A,2252,3753
RZDF,2025-08-12T10:45:00Z,2025-08-12T10:45:06Z,2025-08-13,South Scotland,N/A,1069,1781
RZDF,2025-08-12T10:45:00Z,2025-08-12T10:45:06Z,2025-08-13,North Scotland,N/A,91,151
RZDF,2025-08-12T08:00:00Z,2025-08-12T08:00:08Z,2025-08-13,South East,N/A,5244,8740
RZDF,2025-08-12T08:00:00Z,2025-08-12T08:00:08Z,2025-08-13,South West,N/A,3375,5626
RZDF,2025-08-12T08:00:00Z,2025-08-12T08:00:08Z,2025-08-13,Midlands,N/A,3491,5819
RZDF,2025-08-12T08:00:00Z,2025-08-12T08:00:08Z,2025-08-13,North East,N/A,2300,3834
RZDF,2025-08-12T08:00:00Z,2025-08-12T08:00:08Z,2025-08-13,North West,N/A,2257,3762
RZDF,2025-08-12T08:00:00Z,2025-08-12T08:00:08Z,2025-08-13,South Scotland,N/A,1072,1786
RZDF,2025-08-12T08:00:00Z,2025-08-12T08:00:08Z,2025-08-13,North Scotland,N/A,91,152
RZDF,2025-08-11T10:45:00Z,2025-08-11T10:45:06Z,2025-08-12,South East,N/A,5284,8806
RZDF,2025-08-11T10:45:00Z,2025-08-11T10:45:06Z,2025-08-12,South West,N/A,3401,5668
RZDF,2025-08-11T10:45:00Z,2025-08-11T10:45:06Z,2025-08-12,Midlands,N/A,3518,5863
RZDF,2025-08-11T10:45:00Z,2025-08-11T10:45:06Z,2025-08-12,North East,N/A,2318,3863
RZDF,2025-08-11T10:45:00Z,2025-08-11T10:45:06Z,2025-08-12,North West,N/A,2274,3791
RZDF,2025-08-11T10:45:00Z,2025-08-11T10:45:06Z,2025-08-12,South Scotland,N/A,1080,1800
RZDF,2025-08-11T10:45:00Z,2025-08-11T10:45:06Z,2025-08-12,North Scotland,N/A,92,153
RZDF,2025-08-11T08:00:00Z,2025-08-11T08:00:06Z,2025-08-12,South East,N/A,5337,8895
RZDF,2025-08-11T08:00:00Z,2025-08-11T08:00:06Z,2025-08-12,South West,N/A,3435,5725
RZDF,2025-08-11T08:00:00Z,2025-08-11T08:00:06Z,2025-08-12,Midlands,N/A,3553,5922
RZDF,2025-08-11T08:00:00Z,2025-08-11T08:00:06Z,2025-08-12,North East,N/A,2341,3901
RZDF,2025-08-11T08:00:00Z,2025-08-11T08:00:06Z,2025-08-12,North West,N/A,2297,3829
RZDF,2025-08-11T08:00:00Z,2025-08-11T08:00:06Z,2025-08-12,South Scotland,N/A,1091,1818
RZDF,2025-08-11T08:00:00Z,2025-08-11T08:00:06Z,2025-08-12,North Scotland,N/A,93,154
RZDF,2025-08-10T16:00:00Z,2025-08-10T16:00:04Z,2025-08-11,South East,N/A,5523,9206
RZDF,2025-08-10T16:00:00Z,2025-08-10T16:00:04Z,2025-08-11,South West,N/A,3555,5925
RZDF,2025-08-10T16:00:00Z,2025-08-10T16:00:04Z,2025-08-11,Midlands,N/A,3677,6129
RZDF,2025-08-10T16:00:00Z,2025-08-10T16:00:04Z,2025-08-11,North East,N/A,2423,4038
RZDF,2025-08-10T16:00:00Z,2025-08-10T16:00:04Z,2025-08-11,North West,N/A,2378,3963
RZDF,2025-08-10T16:00:00Z,2025-08-10T16:00:04Z,2025-08-11,South Scotland,N/A,1129,1881
RZDF,2025-08-10T16:00:00Z,2025-08-10T16:00:04Z,2025-08-11,North Scotland,N/A,96,160
RZDF,2025-08-10T10:45:00Z,2025-08-10T10:45:06Z,2025-08-11,South East,N/A,5570,9284
RZDF,2025-08-10T10:45:00Z,2025-08-10T10:45:06Z,2025-08-11,South West,N/A,3585,5976
RZDF,2025-08-10T10:45:00Z,2025-08-10T10:45:06Z,2025-08-11,Midlands,N/A,3709,6181
RZDF,2025-08-10T10:45:00Z,2025-08-10T10:45:06Z,2025-08-11,North East,N/A,2443,4072
RZDF,2025-08-10T10:45:00Z,2025-08-10T10:45:06Z,2025-08-11,North West,N/A,2398,3997
RZDF,2025-08-10T10:45:00Z,2025-08-10T10:45:06Z,2025-08-11,South Scotland,N/A,1138,1897
RZDF,2025-08-10T10:45:00Z,2025-08-10T10:45:06Z,2025-08-11,North Scotland,N/A,97,161
RZDF,2025-08-10T08:00:00Z,2025-08-10T08:00:07Z,2025-08-11,South East,N/A,5588,9313
RZDF,2025-08-10T08:00:00Z,2025-08-10T08:00:07Z,2025-08-11,South West,N/A,3597,5995
RZDF,2025-08-10T08:00:00Z,2025-08-10T08:00:07Z,2025-08-11,Midlands,N/A,3720,6200
RZDF,2025-08-10T08:00:00Z,2025-08-10T08:00:07Z,2025-08-11,North East,N/A,2451,4085
RZDF,2025-08-10T08:00:00Z,2025-08-10T08:00:07Z,2025-08-11,North West,N/A,2405,4009
RZDF,2025-08-10T08:00:00Z,2025-08-10T08:00:07Z,2025-08-11,South Scotland,N/A,1142,1903
RZDF,2025-08-10T08:00:00Z,2025-08-10T08:00:07Z,2025-08-11,North Scotland,N/A,97,162
RZDF,2025-08-09T16:00:00Z,2025-08-09T16:00:05Z,2025-08-10,South East,N/A,4556,7594
RZDF,2025-08-09T16:00:00Z,2025-08-09T16:00:05Z,2025-08-10,South West,N/A,2933,4888
RZDF,2025-08-09T16:00:00Z,2025-08-09T16:00:05Z,2025-08-10,Midlands,N/A,3033,5056
RZDF,2025-08-09T16:00:00Z,2025-08-09T16:00:05Z,2025-08-10,North East,N/A,1998,3331
RZDF,2025-08-09T16:00:00Z,2025-08-09T16:00:05Z,2025-08-10,North West,N/A,1961,3269
RZDF,2025-08-09T16:00:00Z,2025-08-09T16:00:05Z,2025-08-10,South Scotland,N/A,931,1552
RZDF,2025-08-09T16:00:00Z,2025-08-09T16:00:05Z,2025-08-10,North Scotland,N/A,79,132
RZDF,2025-08-09T10:45:00Z,2025-08-09T10:45:08Z,2025-08-10,South East,N/A,4529,7548
RZDF,2025-08-09T10:45:00Z,2025-08-09T10:45:08Z,2025-08-10,South West,N/A,2915,4859
RZDF,2025-08-09T10:45:00Z,2025-08-09T10:45:08Z,2025-08-10,Midlands,N/A,3015,5025
RZDF,2025-08-09T10:45:00Z,2025-08-09T10:45:08Z,2025-08-10,North East,N/A,1987,3311
RZDF,2025-08-09T10:45:00Z,2025-08-09T10:45:08Z,2025-08-10,North West,N/A,1950,3249
RZDF,2025-08-09T10:45:00Z,2025-08-09T10:45:08Z,2025-08-10,South Scotland,N/A,926,1543
RZDF,2025-08-09T10:45:00Z,2025-08-09T10:45:08Z,2025-08-10,North Scotland,N/A,79,131
RZDF,2025-08-09T08:00:00Z,2025-08-09T08:00:08Z,2025-08-10,South East,N/A,4534,7556
RZDF,2025-08-09T08:00:00Z,2025-08-09T08:00:08Z,2025-08-10,South West,N/A,2918,4864
RZDF,2025-08-09T08:00:00Z,2025-08-09T08:00:08Z,2025-08-10,Midlands,N/A,3018,5031
RZDF,2025-08-09T08:00:00Z,2025-08-09T08:00:08Z,2025-08-10,North East,N/A,1989,3314
RZDF,2025-08-09T08:00:00Z,2025-08-09T08:00:08Z,2025-08-10,North West,N/A,1952,3253
RZDF,2025-08-09T08:00:00Z,2025-08-09T08:00:08Z,2025-08-10,South Scotland,N/A,927,1544
RZDF,2025-08-09T08:00:00Z,2025-08-09T08:00:08Z,2025-08-10,North Scotland,N/A,79,131
RZDF,2025-08-08T16:00:00Z,2025-08-08T16:00:04Z,2025-08-09,South East,N/A,4302,7170
RZDF,2025-08-08T16:00:00Z,2025-08-08T16:00:04Z,2025-08-09,South West,N/A,2769,4615
RZDF,2025-08-08T16:00:00Z,2025-08-08T16:00:04Z,2025-08-09,Midlands,N/A,2864,4774
RZDF,2025-08-08T16:00:00Z,2025-08-08T16:00:04Z,2025-08-09,North East,N/A,1887,3145
RZDF,2025-08-08T16:00:00Z,2025-08-08T16:00:04Z,2025-08-09,North West,N/A,1852,3087
RZDF,2025-08-08T16:00:00Z,2025-08-08T16:00:04Z,2025-08-09,South Scotland,N/A,879,1465
RZDF,2025-08-08T16:00:00Z,2025-08-08T16:00:04Z,2025-08-09,North Scotland,N/A,75,124
RZDF,2025-08-08T10:45:00Z,2025-08-08T10:45:08Z,2025-08-09,South East,N/A,4252,7086
RZDF,2025-08-08T10:45:00Z,2025-08-08T10:45:08Z,2025-08-09,South West,N/A,2737,4561
RZDF,2025-08-08T10:45:00Z,2025-08-08T10:45:08Z,2025-08-09,Midlands,N/A,2831,4718
RZDF,2025-08-08T10:45:00Z,2025-08-08T10:45:08Z,2025-08-09,North East,N/A,1865,3108
RZDF,2025-08-08T10:45:00Z,2025-08-08T10:45:08Z,2025-08-09,North West,N/A,1830,3050
RZDF,2025-08-08T10:45:00Z,2025-08-08T10:45:08Z,2025-08-09,South Scotland,N/A,869,1448
RZDF,2025-08-08T10:45:00Z,2025-08-08T10:45:08Z,2025-08-09,North Scotland,N/A,74,123
RZDF,2025-08-08T08:00:00Z,2025-08-08T08:00:05Z,2025-08-09,South East,N/A,4263,7104
RZDF,2025-08-08T08:00:00Z,2025-08-08T08:00:05Z,2025-08-09,South West,N/A,2744,4573
RZDF,2025-08-08T08:00:00Z,2025-08-08T08:00:05Z,2025-08-09,Midlands,N/A,2838,4730
RZDF,2025-08-08T08:00:00Z,2025-08-08T08:00:05Z,2025-08-09,North East,N/A,1870,3116
RZDF,2025-08-08T08:00:00Z,2025-08-08T08:00:05Z,2025-08-09,North West,N/A,1835,3058
RZDF,2025-08-08T08:00:00Z,2025-08-08T08:00:05Z,2025-08-09,South Scotland,N/A,871,1452
RZDF,2025-08-08T08:00:00Z,2025-08-08T08:00:05Z,2025-08-09,North Scotland,N/A,74,123
RZDF,2025-08-07T16:00:00Z,2025-08-07T16:00:05Z,2025-08-08,South East,N/A,4603,7672
RZDF,2025-08-07T16:00:00Z,2025-08-07T16:00:05Z,2025-08-08,South West,N/A,2963,4938
RZDF,2025-08-07T16:00:00Z,2025-08-07T16:00:05Z,2025-08-08,Midlands,N/A,3065,5108
RZDF,2025-08-07T16:00:00Z,2025-08-07T16:00:05Z,2025-08-08,North East,N/A,2019,3365
RZDF,2025-08-07T16:00:00Z,2025-08-07T16:00:05Z,2025-08-08,North West,N/A,1982,3303
RZDF,2025-08-07T16:00:00Z,2025-08-07T16:00:05Z,2025-08-08,South Scotland,N/A,941,1568
RZDF,2025-08-07T16:00:00Z,2025-08-07T16:00:05Z,2025-08-08,North Scotland,N/A,80,133
RZDF,2025-08-07T10:45:00Z,2025-08-07T10:45:09Z,2025-08-08,South East,N/A,4578,7629
RZDF,2025-08-07T10:45:00Z,2025-08-07T10:45:09Z,2025-08-08,South West,N/A,2946,4911
RZDF,2025-08-07T10:45:00Z,2025-08-07T10:45:09Z,2025-08-08,Midlands,N/A,3048,5079
RZDF,2025-08-07T10:45:00Z,2025-08-07T10:45:09Z,2025-08-08,North East,N/A,2008,3346
RZDF,2025-08-07T10:45:00Z,2025-08-07T10:45:09Z,2025-08-08,North West,N/A,1971,3284
RZDF,2025-08-07T10:45:00Z,2025-08-07T10:45:09Z,2025-08-08,South Scotland,N/A,935,1559
RZDF,2025-08-07T10:45:00Z,2025-08-07T10:45:09Z,2025-08-08,North Scotland,N/A,79,132
RZDF,2025-08-07T08:00:00Z,2025-08-07T08:00:04Z,2025-08-08,South East,N/A,4623,7704
RZDF,2025-08-07T08:00:00Z,2025-08-07T08:00:04Z,2025-08-08,South West,N/A,2975,4959
RZDF,2025-08-07T08:00:00Z,2025-08-07T08:00:04Z,2025-08-08,Midlands,N/A,3078,5129
RZDF,2025-08-07T08:00:00Z,2025-08-07T08:00:04Z,2025-08-08,North East,N/A,2028,3379
RZDF,2025-08-07T08:00:00Z,2025-08-07T08:00:04Z,2025-08-08,North West,N/A,1990,3316
RZDF,2025-08-07T08:00:00Z,2025-08-07T08:00:04Z,2025-08-08,South Scotland,N/A,945,1574
RZDF,2025-08-07T08:00:00Z,2025-08-07T08:00:04Z,2025-08-08,North Scotland,N/A,80,134
RZDF,2025-08-06T16:00:00Z,2025-08-06T16:00:05Z,2025-08-07,South East,N/A,4847,8079
RZDF,2025-08-06T16:00:00Z,2025-08-06T16:00:05Z,2025-08-07,South West,N/A,3120,5200
RZDF,2025-08-06T16:00:00Z,2025-08-06T16:00:05Z,2025-08-07,Midlands,N/A,3227,5379
RZDF,2025-08-06T16:00:00Z,2025-08-06T16:00:05Z,2025-08-07,North East,N/A,2126,3544
RZDF,2025-08-06T16:00:00Z,2025-08-06T16:00:05Z,2025-08-07,North West,N/A,2087,3478
RZDF,2025-08-06T16:00:00Z,2025-08-06T16:00:05Z,2025-08-07,South Scotland,N/A,991,1651
RZDF,2025-08-06T16:00:00Z,2025-08-06T16:00:05Z,2025-08-07,North Scotland,N/A,84,140
RZDF,2025-08-06T10:45:00Z,2025-08-06T10:45:04Z,2025-08-07,South East,N/A,4839,8064
RZDF,2025-08-06T10:45:00Z,2025-08-06T10:45:04Z,2025-08-07,South West,N/A,3114,5191
RZDF,2025-08-06T10:45:00Z,2025-08-06T10:45:04Z,2025-08-07,Midlands,N/A,3221,5369
RZDF,2025-08-06T10:45:00Z,2025-08-06T10:45:04Z,2025-08-07,North East,N/A,2122,3537
RZDF,2025-08-06T10:45:00Z,2025-08-06T10:45:04Z,2025-08-07,North West,N/A,2083,3471
RZDF,2025-08-06T10:45:00Z,2025-08-06T10:45:04Z,2025-08-07,South Scotland,N/A,989,1648
RZDF,2025-08-06T10:45:00Z,2025-08-06T10:45:04Z,2025-08-07,North Scotland,N/A,84,140
RZDF,2025-08-06T08:00:00Z,2025-08-06T08:00:05Z,2025-08-07,South East,N/A,4824,8039
RZDF,2025-08-06T08:00:00Z,2025-08-06T08:00:05Z,2025-08-07,South West,N/A,3105,5175
RZDF,2025-08-06T08:00:00Z,2025-08-06T08:00:05Z,2025-08-07,Midlands,N/A,3211,5352
RZDF,2025-08-06T08:00:00Z,2025-08-06T08:00:05Z,2025-08-07,North East,N/A,2116,3526
RZDF,2025-08-06T08:00:00Z,2025-08-06T08:00:05Z,2025-08-07,North West,N/A,2076,3461
RZDF,2025-08-06T08:00:00Z,2025-08-06T08:00:05Z,2025-08-07,South Scotland,N/A,986,1643
RZDF,2025-08-06T08:00:00Z,2025-08-06T08:00:05Z,2025-08-07,North Scotland,N/A,84,139
RZDF,2025-08-05T16:00:00Z,2025-08-05T16:00:05Z,2025-08-06,South East,N/A,5025,8375
RZDF,2025-08-05T16:00:00Z,2025-08-05T16:00:05Z,2025-08-06,South West,N/A,3235,5391
RZDF,2025-08-05T16:00:00Z,2025-08-05T16:00:05Z,2025-08-06,Midlands,N/A,3346,5576
RZDF,2025-08-05T16:00:00Z,2025-08-05T16:00:05Z,2025-08-06,North East,N/A,2204,3674
RZDF,2025-08-05T16:00:00Z,2025-08-05T16:00:05Z,2025-08-06,North West,N/A,2163,3605
RZDF,2025-08-05T16:00:00Z,2025-08-05T16:00:05Z,2025-08-06,South Scotland,N/A,1027,1712
RZDF,2025-08-05T16:00:00Z,2025-08-05T16:00:05Z,2025-08-06,North Scotland,N/A,87,145
RZDF,2025-08-05T10:45:00Z,2025-08-05T10:45:07Z,2025-08-06,South East,N/A,5073,8455
RZDF,2025-08-05T10:45:00Z,2025-08-05T10:45:07Z,2025-08-06,South West,N/A,3265,5442
RZDF,2025-08-05T10:45:00Z,2025-08-05T10:45:07Z,2025-08-06,Midlands,N/A,3377,5629
RZDF,2025-08-05T10:45:00Z,2025-08-05T10:45:07Z,2025-08-06,North East,N/A,2225,3709
RZDF,2025-08-05T10:45:00Z,2025-08-05T10:45:07Z,2025-08-06,North West,N/A,2184,3640
RZDF,2025-08-05T10:45:00Z,2025-08-05T10:45:07Z,2025-08-06,South Scotland,N/A,1037,1728
RZDF,2025-08-05T10:45:00Z,2025-08-05T10:45:07Z,2025-08-06,North Scotland,N/A,88,147
RZDF,2025-08-05T08:00:00Z,2025-08-05T08:00:04Z,2025-08-06,South East,N/A,5071,8452
RZDF,2025-08-05T08:00:00Z,2025-08-05T08:00:04Z,2025-08-06,South West,N/A,3264,5440
RZDF,2025-08-05T08:00:00Z,2025-08-05T08:00:04Z,2025-08-06,Midlands,N/A,3376,5627
RZDF,2025-08-05T08:00:00Z,2025-08-05T08:00:04Z,2025-08-06,North East,N/A,2224,3707
RZDF,2025-08-05T08:00:00Z,2025-08-05T08:00:04Z,2025-08-06,North West,N/A,2183,3638
RZDF,2025-08-05T08:00:00Z,2025-08-05T08:00:04Z,2025-08-06,South Scotland,N/A,1036,1727
RZDF,2025-08-05T08:00:00Z,2025-08-05T08:00:04Z,2025-08-06,North Scotland,N/A,88,147
RZDF,2025-08-04T16:00:00Z,2025-08-04T16:00:04Z,2025-08-05,South East,N/A,4613,7688
RZDF,2025-08-04T16:00:00Z,2025-08-04T16:00:04Z,2025-08-05,South West,N/A,2969,4948
RZDF,2025-08-04T16:00:00Z,2025-08-04T16:00:04Z,2025-08-05,Midlands,N/A,3071,5118
RZDF,2025-08-04T16:00:00Z,2025-08-04T16:00:04Z,2025-08-05,North East,N/A,2023,3372
RZDF,2025-08-04T16:00:00Z,2025-08-04T16:00:04Z,2025-08-05,North West,N/A,1986,3309
RZDF,2025-08-04T16:00:00Z,2025-08-04T16:00:04Z,2025-08-05,South Scotland,N/A,943,1571
RZDF,2025-08-04T16:00:00Z,2025-08-04T16:00:04Z,2025-08-05,North Scotland,N/A,80,133
RZDF,2025-08-04T10:45:00Z,2025-08-04T10:45:06Z,2025-08-05,South East,N/A,4607,7679
RZDF,2025-08-04T10:45:00Z,2025-08-04T10:45:06Z,2025-08-05,South West,N/A,2966,4943
RZDF,2025-08-04T10:45:00Z,2025-08-04T10:45:06Z,2025-08-05,Midlands,N/A,3067,5112
RZDF,2025-08-04T10:45:00Z,2025-08-04T10:45:06Z,2025-08-05,North East,N/A,2021,3368
RZDF,2025-08-04T10:45:00Z,2025-08-04T10:45:06Z,2025-08-05,North West,N/A,1983,3305
RZDF,2025-08-04T10:45:00Z,2025-08-04T10:45:06Z,2025-08-05,South Scotland,N/A,942,1569
RZDF,2025-08-04T10:45:00Z,2025-08-04T10:45:06Z,2025-08-05,North Scotland,N/A,80,133
RZDF,2025-08-04T08:00:00Z,2025-08-04T08:00:04Z,2025-08-05,South East,N/A,4602,7670
RZDF,2025-08-04T08:00:00Z,2025-08-04T08:00:04Z,2025-08-05,South West,N/A,2962,4937
RZDF,2025-08-04T08:00:00Z,2025-08-04T08:00:04Z,2025-08-05,Midlands,N/A,3064,5106
RZDF,2025-08-04T08:00:00Z,2025-08-04T08:00:04Z,2025-08-05,North East,N/A,2019,3364
RZDF,2025-08-04T08:00:00Z,2025-08-04T08:00:04Z,2025-08-05,North West,N/A,1981,3302
RZDF,2025-08-04T08:00:00Z,2025-08-04T08:00:04Z,2025-08-05,South Scotland,N/A,940,1567
RZDF,2025-08-04T08:00:00Z,2025-08-04T08:00:04Z,2025-08-05,North Scotland,N/A,80,133
RZDF,2025-08-03T16:00:00Z,2025-08-03T16:00:04Z,2025-08-04,South East,N/A,4433,7389
RZDF,2025-08-03T16:00:00Z,2025-08-03T16:00:04Z,2025-08-04,South West,N/A,2853,4756
RZDF,2025-08-03T16:00:00Z,2025-08-03T16:00:04Z,2025-08-04,Midlands,N/A,2951,4919
RZDF,2025-08-03T16:00:00Z,2025-08-03T16:00:04Z,2025-08-04,North East,N/A,1944,3241
RZDF,2025-08-03T16:00:00Z,2025-08-03T16:00:04Z,2025-08-04,North West,N/A,1908,3181
RZDF,2025-08-03T16:00:00Z,2025-08-03T16:00:04Z,2025-08-04,South Scotland,N/A,906,1510
RZDF,2025-08-03T16:00:00Z,2025-08-03T16:00:04Z,2025-08-04,North Scotland,N/A,77,128
RZDF,2025-08-03T10:45:00Z,2025-08-03T10:45:05Z,2025-08-04,South East,N/A,4478,7463
RZDF,2025-08-03T10:45:00Z,2025-08-03T10:45:05Z,2025-08-04,South West,N/A,2882,4804
RZDF,2025-08-03T10:45:00Z,2025-08-03T10:45:05Z,2025-08-04,Midlands,N/A,2981,4969
RZDF,2025-08-03T10:45:00Z,2025-08-03T10:45:05Z,2025-08-04,North East,N/A,1964,3273
RZDF,2025-08-03T10:45:00Z,2025-08-03T10:45:05Z,2025-08-04,North West,N/A,1928,3213
RZDF,2025-08-03T10:45:00Z,2025-08-03T10:45:05Z,2025-08-04,South Scotland,N/A,915,1525
RZDF,2025-08-03T10:45:00Z,2025-08-03T10:45:05Z,2025-08-04,North Scotland,N/A,78,129
RZDF,2025-08-03T08:00:00Z,2025-08-03T08:00:05Z,2025-08-04,South East,N/A,4554,7590
RZDF,2025-08-03T08:00:00Z,2025-08-03T08:00:05Z,2025-08-04,South West,N/A,2931,4885
RZDF,2025-08-03T08:00:00Z,2025-08-03T08:00:05Z,2025-08-04,Midlands,N/A,3032,5053
RZDF,2025-08-03T08:00:00Z,2025-08-03T08:00:05Z,2025-08-04,North East,N/A,1998,3329
RZDF,2025-08-03T08:00:00Z,2025-08-03T08:00:05Z,2025-08-04,North West,N/A,1960,3267
RZDF,2025-08-03T08:00:00Z,2025-08-03T08:00:05Z,2025-08-04,South Scotland,N/A,931,1551
RZDF,2025-08-03T08:00:00Z,2025-08-03T08:00:05Z,2025-08-04,North Scotland,N/A,79,132
RZDF,2025-08-02T16:00:00Z,2025-08-02T16:00:04Z,2025-08-03,South East,N/A,4541,7568
RZDF,2025-08-02T16:00:00Z,2025-08-02T16:00:04Z,2025-08-03,South West,N/A,2923,4871
RZDF,2025-08-02T16:00:00Z,2025-08-02T16:00:04Z,2025-08-03,Midlands,N/A,3023,5038
RZDF,2025-08-02T16:00:00Z,2025-08-02T16:00:04Z,2025-08-03,North East,N/A,1992,3319
RZDF,2025-08-02T16:00:00Z,2025-08-02T16:00:04Z,2025-08-03,North West,N/A,1955,3258
RZDF,2025-08-02T16:00:00Z,2025-08-02T16:00:04Z,2025-08-03,South Scotland,N/A,928,1546
RZDF,2025-08-02T16:00:00Z,2025-08-02T16:00:04Z,2025-08-03,North Scotland,N/A,79,131
RZDF,2025-08-02T10:45:00Z,2025-08-02T10:45:05Z,2025-08-03,South East,N/A,4354,7257
RZDF,2025-08-02T10:45:00Z,2025-08-02T10:45:05Z,2025-08-03,South West,N/A,2803,4671
RZDF,2025-08-02T10:45:00Z,2025-08-02T10:45:05Z,2025-08-03,Midlands,N/A,2899,4832
RZDF,2025-08-02T10:45:00Z,2025-08-02T10:45:05Z,2025-08-03,North East,N/A,1910,3183
RZDF,2025-08-02T10:45:00Z,2025-08-02T10:45:05Z,2025-08-03,North West,N/A,1874,3124
RZDF,2025-08-02T10:45:00Z,2025-08-02T10:45:05Z,2025-08-03,South Scotland,N/A,890,1483
RZDF,2025-08-02T10:45:00Z,2025-08-02T10:45:05Z,2025-08-03,North Scotland,N/A,76,126
RZDF,2025-08-02T08:00:00Z,2025-08-02T08:00:04Z,2025-08-03,South East,N/A,4330,7217
RZDF,2025-08-02T08:00:00Z,2025-08-02T08:00:04Z,2025-08-03,South West,N/A,2787,4645
RZDF,2025-08-02T08:00:00Z,2025-08-02T08:00:04Z,2025-08-03,Midlands,N/A,2883,4805
RZDF,2025-08-02T08:00:00Z,2025-08-02T08:00:04Z,2025-08-03,North East,N/A,1899,3166
RZDF,2025-08-02T08:00:00Z,2025-08-02T08:00:04Z,2025-08-03,North West,N/A,1864,3107
RZDF,2025-08-02T08:00:00Z,2025-08-02T08:00:04Z,2025-08-03,South Scotland,N/A,885,1475
RZDF,2025-08-02T08:00:00Z,2025-08-02T08:00:04Z,2025-08-03,North Scotland,N/A,75,125
RZDF,2025-08-01T16:00:00Z,2025-08-01T16:00:05Z,2025-08-02,South East,N/A,4401,7334
RZDF,2025-08-01T16:00:00Z,2025-08-01T16:00:05Z,2025-08-02,South West,N/A,2832,4721
RZDF,2025-08-01T16:00:00Z,2025-08-01T16:00:05Z,2025-08-02,Midlands,N/A,2930,4883
RZDF,2025-08-01T16:00:00Z,2025-08-01T16:00:05Z,2025-08-02,North East,N/A,1930,3217
RZDF,2025-08-01T16:00:00Z,2025-08-01T16:00:05Z,2025-08-02,North West,N/A,1894,3157
RZDF,2025-08-01T16:00:00Z,2025-08-01T16:00:05Z,2025-08-02,South Scotland,N/A,899,1499
RZDF,2025-08-01T16:00:00Z,2025-08-01T16:00:05Z,2025-08-02,North Scotland,N/A,76,127
RZDF,2025-08-01T10:45:00Z,2025-08-01T10:45:06Z,2025-08-02,South East,N/A,4392,7319
RZDF,2025-08-01T10:45:00Z,2025-08-01T10:45:06Z,2025-08-02,South West,N/A,2827,4711
RZDF,2025-08-01T10:45:00Z,2025-08-01T10:45:06Z,2025-08-02,Midlands,N/A,2924,4873
RZDF,2025-08-01T10:45:00Z,2025-08-01T10:45:06Z,2025-08-02,North East,N/A,1926,3211
RZDF,2025-08-01T10:45:00Z,2025-08-01T10:45:06Z,2025-08-02,North West,N/A,1890,3151
RZDF,2025-08-01T10:45:00Z,2025-08-01T10:45:06Z,2025-08-02,South Scotland,N/A,897,1496
RZDF,2025-08-01T10:45:00Z,2025-08-01T10:45:06Z,2025-08-02,North Scotland,N/A,76,127
RZDF,2025-08-01T08:00:00Z,2025-08-01T08:00:04Z,2025-08-02,South East,N/A,4411,7352
RZDF,2025-08-01T08:00:00Z,2025-08-01T08:00:04Z,2025-08-02,South West,N/A,2839,4732
RZDF,2025-08-01T08:00:00Z,2025-08-01T08:00:04Z,2025-08-02,Midlands,N/A,2937,4895
RZDF,2025-08-01T08:00:00Z,2025-08-01T08:00:04Z,2025-08-02,North East,N/A,1935,3225
RZDF,2025-08-01T08:00:00Z,2025-08-01T08:00:04Z,2025-08-02,North West,N/A,1899,3165
RZDF,2025-08-01T08:00:00Z,2025-08-01T08:00:04Z,2025-08-02,South Scotland,N/A,901,1502
RZDF,2025-08-01T08:00:00Z,2025-08-01T08:00:04Z,2025-08-02,North Scotland,N/A,76,127
RZDF,2025-07-31T16:00:00Z,2025-07-31T16:00:05Z,2025-08-01,South East,N/A,4762,7937
RZDF,2025-07-31T16:00:00Z,2025-07-31T16:00:05Z,2025-08-01,South West,N/A,3065,5109
RZDF,2025-07-31T16:00:00Z,2025-07-31T16:00:05Z,2025-08-01,Midlands,N/A,3170,5284
RZDF,2025-07-31T16:00:00Z,2025-07-31T16:00:05Z,2025-08-01,North East,N/A,2089,3481
RZDF,2025-07-31T16:00:00Z,2025-07-31T16:00:05Z,2025-08-01,North West,N/A,2050,3416
RZDF,2025-07-31T16:00:00Z,2025-07-31T16:00:05Z,2025-08-01,South Scotland,N/A,973,1622
RZDF,2025-07-31T16:00:00Z,2025-07-31T16:00:05Z,2025-08-01,North Scotland,N/A,83,138
RZDF,2025-07-31T10:45:00Z,2025-07-31T10:45:05Z,2025-08-01,South East,N/A,4769,7948
RZDF,2025-07-31T10:45:00Z,2025-07-31T10:45:05Z,2025-08-01,South West,N/A,3070,5116
RZDF,2025-07-31T10:45:00Z,2025-07-31T10:45:05Z,2025-08-01,Midlands,N/A,3175,5292
RZDF,2025-07-31T10:45:00Z,2025-07-31T10:45:05Z,2025-08-01,North East,N/A,2092,3486
RZDF,2025-07-31T10:45:00Z,2025-07-31T10:45:05Z,2025-08-01,North West,N/A,2053,3422
RZDF,2025-07-31T10:45:00Z,2025-07-31T10:45:05Z,2025-08-01,South Scotland,N/A,975,1624
RZDF,2025-07-31T10:45:00Z,2025-07-31T10:45:05Z,2025-08-01,North Scotland,N/A,83,138
RZDF,2025-07-31T08:00:00Z,2025-07-31T08:00:05Z,2025-08-01,South East,N/A,4803,8005
RZDF,2025-07-31T08:00:00Z,2025-07-31T08:00:05Z,2025-08-01,South West,N/A,3091,5152
RZDF,2025-07-31T08:00:00Z,2025-07-31T08:00:05Z,2025-08-01,Midlands,N/A,3198,5329
RZDF,2025-07-31T08:00:00Z,2025-07-31T08:00:05Z,2025-08-01,North East,N/A,2107,3511
RZDF,2025-07-31T08:00:00Z,2025-07-31T08:00:05Z,2025-08-01,North West,N/A,2067,3446
RZDF,2025-07-31T08:00:00Z,2025-07-31T08:00:05Z,2025-08-01,South Scotland,N/A,981,1636
RZDF,2025-07-31T08:00:00Z,2025-07-31T08:00:05Z,2025-08-01,North Scotland,N/A,83,139
RZDF,2025-07-30T16:00:00Z,2025-07-30T16:00:05Z,2025-07-31,South East,N/A,4867,8112
RZDF,2025-07-30T16:00:00Z,2025-07-30T16:00:05Z,2025-07-31,South West,N/A,3133,5221
RZDF,2025-07-30T16:00:00Z,2025-07-30T16:00:05Z,2025-07-31,Midlands,N/A,3240,5401
RZDF,2025-07-30T16:00:00Z,2025-07-30T16:00:05Z,2025-07-31,North East,N/A,2135,3558
RZDF,2025-07-30T16:00:00Z,2025-07-30T16:00:05Z,2025-07-31,North West,N/A,2095,3492
RZDF,2025-07-30T16:00:00Z,2025-07-30T16:00:05Z,2025-07-31,South Scotland,N/A,995,1658
RZDF,2025-07-30T16:00:00Z,2025-07-30T16:00:05Z,2025-07-31,North Scotland,N/A,84,141
RZDF,2025-07-30T10:45:00Z,2025-07-30T10:45:06Z,2025-07-31,South East,N/A,4828,8047
RZDF,2025-07-30T10:45:00Z,2025-07-30T10:45:06Z,2025-07-31,South West,N/A,3108,5180
RZDF,2025-07-30T10:45:00Z,2025-07-30T10:45:06Z,2025-07-31,Midlands,N/A,3214,5357
RZDF,2025-07-30T10:45:00Z,2025-07-30T10:45:06Z,2025-07-31,North East,N/A,2118,3530
RZDF,2025-07-30T10:45:00Z,2025-07-30T10:45:06Z,2025-07-31,North West,N/A,2078,3464
RZDF,2025-07-30T10:45:00Z,2025-07-30T10:45:06Z,2025-07-31,South Scotland,N/A,987,1644
RZDF,2025-07-30T10:45:00Z,2025-07-30T10:45:06Z,2025-07-31,North Scotland,N/A,84,140
RZDF,2025-07-30T08:00:00Z,2025-07-30T08:00:05Z,2025-07-31,South East,N/A,4832,8054
RZDF,2025-07-30T08:00:00Z,2025-07-30T08:00:05Z,2025-07-31,South West,N/A,3110,5184
RZDF,2025-07-30T08:00:00Z,2025-07-30T08:00:05Z,2025-07-31,Midlands,N/A,3217,5362
RZDF,2025-07-30T08:00:00Z,2025-07-30T08:00:05Z,2025-07-31,North East,N/A,2120,3533
RZDF,2025-07-30T08:00:00Z,2025-07-30T08:00:05Z,2025-07-31,North West,N/A,2080,3467
RZDF,2025-07-30T08:00:00Z,2025-07-30T08:00:05Z,2025-07-31,South Scotland,N/A,987,1646
RZDF,2025-07-30T08:00:00Z,2025-07-30T08:00:05Z,2025-07-31,North Scotland,N/A,84,140
RZDF,2025-07-29T16:00:00Z,2025-07-29T16:00:04Z,2025-07-30,South East,N/A,5100,8500
RZDF,2025-07-29T16:00:00Z,2025-07-29T16:00:04Z,2025-07-30,South West,N/A,3283,5471
RZDF,2025-07-29T16:00:00Z,2025-07-29T16:00:04Z,2025-07-30,Midlands,N/A,3395,5659
RZDF,2025-07-29T16:00:00Z,2025-07-29T16:00:04Z,2025-07-30,North East,N/A,2237,3728
RZDF,2025-07-29T16:00:00Z,2025-07-29T16:00:04Z,2025-07-30,North West,N/A,2195,3659
RZDF,2025-07-29T16:00:00Z,2025-07-29T16:00:04Z,2025-07-30,South Scotland,N/A,1042,1737
RZDF,2025-07-29T16:00:00Z,2025-07-29T16:00:04Z,2025-07-30,North Scotland,N/A,88,147
RZDF,2025-07-29T10:45:00Z,2025-07-29T10:45:06Z,2025-07-30,South East,N/A,5070,8450
RZDF,2025-07-29T10:45:00Z,2025-07-29T10:45:06Z,2025-07-30,South West,N/A,3263,5439
RZDF,2025-07-29T10:45:00Z,2025-07-29T10:45:06Z,2025-07-30,Midlands,N/A,3375,5626
RZDF,2025-07-29T10:45:00Z,2025-07-29T10:45:06Z,2025-07-30,North East,N/A,2224,3706
RZDF,2025-07-29T10:45:00Z,2025-07-29T10:45:06Z,2025-07-30,North West,N/A,2182,3637
RZDF,2025-07-29T10:45:00Z,2025-07-29T10:45:06Z,2025-07-30,South Scotland,N/A,1036,1727
RZDF,2025-07-29T10:45:00Z,2025-07-29T10:45:06Z,2025-07-30,North Scotland,N/A,88,147
RZDF,2025-07-29T08:00:00Z,2025-07-29T08:00:04Z,2025-07-30,South East,N/A,5092,8486
RZDF,2025-07-29T08:00:00Z,2025-07-29T08:00:04Z,2025-07-30,South West,N/A,3277,5462
RZDF,2025-07-29T08:00:00Z,2025-07-29T08:00:04Z,2025-07-30,Midlands,N/A,3390,5650
RZDF,2025-07-29T08:00:00Z,2025-07-29T08:00:04Z,2025-07-30,North East,N/A,2233,3722
RZDF,2025-07-29T08:00:00Z,2025-07-29T08:00:04Z,2025-07-30,North West,N/A,2192,3653
RZDF,2025-07-29T08:00:00Z,2025-07-29T08:00:04Z,2025-07-30,South Scotland,N/A,1040,1734
RZDF,2025-07-29T08:00:00Z,2025-07-29T08:00:04Z,2025-07-30,North Scotland,N/A,88,147
RZDF,2025-07-28T16:00:00Z,2025-07-28T16:00:04Z,2025-07-29,South East,N/A,5326,8877
RZDF,2025-07-28T16:00:00Z,2025-07-28T16:00:04Z,2025-07-29,South West,N/A,3428,5714
RZDF,2025-07-28T16:00:00Z,2025-07-28T16:00:04Z,2025-07-29,Midlands,N/A,3546,5910
RZDF,2025-07-28T16:00:00Z,2025-07-28T16:00:04Z,2025-07-29,North East,N/A,2336,3894
RZDF,2025-07-28T16:00:00Z,2025-07-28T16:00:04Z,2025-07-29,North West,N/A,2293,3821
RZDF,2025-07-28T16:00:00Z,2025-07-28T16:00:04Z,2025-07-29,South Scotland,N/A,1088,1814
RZDF,2025-07-28T16:00:00Z,2025-07-28T16:00:04Z,2025-07-29,North Scotland,N/A,92,154
RZDF,2025-07-28T10:45:00Z,2025-07-28T10:45:03Z,2025-07-29,South East,N/A,5198,8664
RZDF,2025-07-28T10:45:00Z,2025-07-28T10:45:03Z,2025-07-29,South West,N/A,3346,5576
RZDF,2025-07-28T10:45:00Z,2025-07-28T10:45:03Z,2025-07-29,Midlands,N/A,3461,5768
RZDF,2025-07-28T10:45:00Z,2025-07-28T10:45:03Z,2025-07-29,North East,N/A,2280,3800
RZDF,2025-07-28T10:45:00Z,2025-07-28T10:45:03Z,2025-07-29,North West,N/A,2238,3729
RZDF,2025-07-28T10:45:00Z,2025-07-28T10:45:03Z,2025-07-29,South Scotland,N/A,1062,1770
RZDF,2025-07-28T10:45:00Z,2025-07-28T10:45:03Z,2025-07-29,North Scotland,N/A,90,150
RZDF,2025-07-28T08:00:00Z,2025-07-28T08:00:05Z,2025-07-29,South East,N/A,5249,8749
RZDF,2025-07-28T08:00:00Z,2025-07-28T08:00:05Z,2025-07-29,South West,N/A,3379,5631
RZDF,2025-07-28T08:00:00Z,2025-07-28T08:00:05Z,2025-07-29,Midlands,N/A,3495,5825
RZDF,2025-07-28T08:00:00Z,2025-07-28T08:00:05Z,2025-07-29,North East,N/A,2303,3838
RZDF,2025-07-28T08:00:00Z,2025-07-28T08:00:05Z,2025-07-29,North West,N/A,2260,3766
RZDF,2025-07-28T08:00:00Z,2025-07-28T08:00:05Z,2025-07-29,South Scotland,N/A,1073,1788
RZDF,2025-07-28T08:00:00Z,2025-07-28T08:00:05Z,2025-07-29,North Scotland,N/A,91,152
RZDF,2025-07-27T16:00:00Z,2025-07-27T16:00:04Z,2025-07-28,South East,N/A,4974,8289
RZDF,2025-07-27T16:00:00Z,2025-07-27T16:00:04Z,2025-07-28,South West,N/A,3201,5336
RZDF,2025-07-27T16:00:00Z,2025-07-27T16:00:04Z,2025-07-28,Midlands,N/A,3311,5519
RZDF,2025-07-27T16:00:00Z,2025-07-27T16:00:04Z,2025-07-28,North East,N/A,2182,3636
RZDF,2025-07-27T16:00:00Z,2025-07-27T16:00:04Z,2025-07-28,North West,N/A,2141,3568
RZDF,2025-07-27T16:00:00Z,2025-07-27T16:00:04Z,2025-07-28,South Scotland,N/A,1016,1694
RZDF,2025-07-27T16:00:00Z,2025-07-27T16:00:04Z,2025-07-28,North Scotland,N/A,86,144
RZDF,2025-07-27T10:45:00Z,2025-07-27T10:45:04Z,2025-07-28,South East,N/A,4911,8186
RZDF,2025-07-27T10:45:00Z,2025-07-27T10:45:04Z,2025-07-28,South West,N/A,3161,5269
RZDF,2025-07-27T10:45:00Z,2025-07-27T10:45:04Z,2025-07-28,Midlands,N/A,3270,5450
RZDF,2025-07-27T10:45:00Z,2025-07-27T10:45:04Z,2025-07-28,North East,N/A,2154,3590
RZDF,2025-07-27T10:45:00Z,2025-07-27T10:45:04Z,2025-07-28,North West,N/A,2114,3524
RZDF,2025-07-27T10:45:00Z,2025-07-27T10:45:04Z,2025-07-28,South Scotland,N/A,1004,1673
RZDF,2025-07-27T10:45:00Z,2025-07-27T10:45:04Z,2025-07-28,North Scotland,N/A,85,142
RZDF,2025-07-27T08:00:00Z,2025-07-27T08:00:05Z,2025-07-28,South East,N/A,4855,8091
RZDF,2025-07-27T08:00:00Z,2025-07-27T08:00:05Z,2025-07-28,South West,N/A,3125,5208
RZDF,2025-07-27T08:00:00Z,2025-07-27T08:00:05Z,2025-07-28,Midlands,N/A,3232,5387
RZDF,2025-07-27T08:00:00Z,2025-07-27T08:00:05Z,2025-07-28,North East,N/A,2129,3549
RZDF,2025-07-27T08:00:00Z,2025-07-27T08:00:05Z,2025-07-28,North West,N/A,2090,3483
RZDF,2025-07-27T08:00:00Z,2025-07-27T08:00:05Z,2025-07-28,South Scotland,N/A,992,1653
RZDF,2025-07-27T08:00:00Z,2025-07-27T08:00:05Z,2025-07-28,North Scotland,N/A,84,140
RZDF,2025-07-26T16:00:00Z,2025-07-26T16:00:04Z,2025-07-27,South East,N/A,4459,7431
RZDF,2025-07-26T16:00:00Z,2025-07-26T16:00:04Z,2025-07-27,South West,N/A,2870,4783
RZDF,2025-07-26T16:00:00Z,2025-07-26T16:00:04Z,2025-07-27,Midlands,N/A,2969,4948
RZDF,2025-07-26T16:00:00Z,2025-07-26T16:00:04Z,2025-07-27,North East,N/A,1956,3260
RZDF,2025-07-26T16:00:00Z,2025-07-26T16:00:04Z,2025-07-27,North West,N/A,1919,3199
RZDF,2025-07-26T16:00:00Z,2025-07-26T16:00:04Z,2025-07-27,South Scotland,N/A,911,1519
RZDF,2025-07-26T16:00:00Z,2025-07-26T16:00:04Z,2025-07-27,North Scotland,N/A,77,129
RZDF,2025-07-26T10:45:00Z,2025-07-26T10:45:05Z,2025-07-27,South East,N/A,4378,7297
RZDF,2025-07-26T10:45:00Z,2025-07-26T10:45:05Z,2025-07-27,South West,N/A,2818,4697
RZDF,2025-07-26T10:45:00Z,2025-07-26T10:45:05Z,2025-07-27,Midlands,N/A,2915,4858
RZDF,2025-07-26T10:45:00Z,2025-07-26T10:45:05Z,2025-07-27,North East,N/A,1921,3201
RZDF,2025-07-26T10:45:00Z,2025-07-26T10:45:05Z,2025-07-27,North West,N/A,1885,3141
RZDF,2025-07-26T10:45:00Z,2025-07-26T10:45:05Z,2025-07-27,South Scotland,N/A,895,1491
RZDF,2025-07-26T10:45:00Z,2025-07-26T10:45:05Z,2025-07-27,North Scotland,N/A,76,127
RZDF,2025-07-26T08:00:00Z,2025-07-26T08:00:04Z,2025-07-27,South East,N/A,4372,7287
RZDF,2025-07-26T08:00:00Z,2025-07-26T08:00:04Z,2025-07-27,South West,N/A,2814,4690
RZDF,2025-07-26T08:00:00Z,2025-07-26T08:00:04Z,2025-07-27,Midlands,N/A,2911,4851
RZDF,2025-07-26T08:00:00Z,2025-07-26T08:00:04Z,2025-07-27,North East,N/A,1918,3196
RZDF,2025-07-26T08:00:00Z,2025-07-26T08:00:04Z,2025-07-27,North West,N/A,1882,3137
RZDF,2025-07-26T08:00:00Z,2025-07-26T08:00:04Z,2025-07-27,South Scotland,N/A,893,1489
RZDF,2025-07-26T08:00:00Z,2025-07-26T08:00:04Z,2025-07-27,North Scotland,N/A,76,126
RZDF,2025-07-25T16:00:00Z,2025-07-25T16:00:05Z,2025-07-26,South East,N/A,4351,7252
RZDF,2025-07-25T16:00:00Z,2025-07-25T16:00:05Z,2025-07-26,South West,N/A,2801,4668
RZDF,2025-07-25T16:00:00Z,2025-07-25T16:00:05Z,2025-07-26,Midlands,N/A,2897,4828
RZDF,2025-07-25T16:00:00Z,2025-07-25T16:00:05Z,2025-07-26,North East,N/A,1909,3181
RZDF,2025-07-25T16:00:00Z,2025-07-25T16:00:05Z,2025-07-26,North West,N/A,1873,3122
RZDF,2025-07-25T16:00:00Z,2025-07-25T16:00:05Z,2025-07-26,South Scotland,N/A,889,1482
RZDF,2025-07-25T16:00:00Z,2025-07-25T16:00:05Z,2025-07-26,North Scotland,N/A,75,126
RZDF,2025-07-25T10:45:00Z,2025-07-25T10:45:04Z,2025-07-26,South East,N/A,4309,7181
RZDF,2025-07-25T10:45:00Z,2025-07-25T10:45:04Z,2025-07-26,South West,N/A,2773,4622
RZDF,2025-07-25T10:45:00Z,2025-07-25T10:45:04Z,2025-07-26,Midlands,N/A,2868,4781
RZDF,2025-07-25T10:45:00Z,2025-07-25T10:45:04Z,2025-07-26,North East,N/A,1890,3150
RZDF,2025-07-25T10:45:00Z,2025-07-25T10:45:04Z,2025-07-26,North West,N/A,1855,3091
RZDF,2025-07-25T10:45:00Z,2025-07-25T10:45:04Z,2025-07-26,South Scotland,N/A,880,1467
RZDF,2025-07-25T10:45:00Z,2025-07-25T10:45:04Z,2025-07-26,North Scotland,N/A,75,125
RZDF,2025-07-25T08:00:00Z,2025-07-25T08:00:04Z,2025-07-26,South East,N/A,4361,7268
RZDF,2025-07-25T08:00:00Z,2025-07-25T08:00:04Z,2025-07-26,South West,N/A,2807,4678
RZDF,2025-07-25T08:00:00Z,2025-07-25T08:00:04Z,2025-07-26,Midlands,N/A,2903,4838
RZDF,2025-07-25T08:00:00Z,2025-07-25T08:00:04Z,2025-07-26,North East,N/A,1913,3188
RZDF,2025-07-25T08:00:00Z,2025-07-25T08:00:04Z,2025-07-26,North West,N/A,1877,3128
RZDF,2025-07-25T08:00:00Z,2025-07-25T08:00:04Z,2025-07-26,South Scotland,N/A,891,1485
RZDF,2025-07-25T08:00:00Z,2025-07-25T08:00:04Z,2025-07-26,North Scotland,N/A,76,126
RZDF,2025-07-24T16:00:00Z,2025-07-24T16:00:04Z,2025-07-25,South East,N/A,4841,8069
RZDF,2025-07-24T16:00:00Z,2025-07-24T16:00:04Z,2025-07-25,South West,N/A,3116,5194
RZDF,2025-07-24T16:00:00Z,2025-07-24T16:00:04Z,2025-07-25,Midlands,N/A,3223,5372
RZDF,2025-07-24T16:00:00Z,2025-07-24T16:00:04Z,2025-07-25,North East,N/A,2124,3539
RZDF,2025-07-24T16:00:00Z,2025-07-24T16:00:04Z,2025-07-25,North West,N/A,2084,3473
RZDF,2025-07-24T16:00:00Z,2025-07-24T16:00:04Z,2025-07-25,South Scotland,N/A,989,1649
RZDF,2025-07-24T16:00:00Z,2025-07-24T16:00:04Z,2025-07-25,North Scotland,N/A,84,140
RZDF,2025-07-24T10:45:00Z,2025-07-24T10:45:05Z,2025-07-25,South East,N/A,4809,8015
RZDF,2025-07-24T10:45:00Z,2025-07-24T10:45:05Z,2025-07-25,South West,N/A,3095,5159
RZDF,2025-07-24T10:45:00Z,2025-07-24T10:45:05Z,2025-07-25,Midlands,N/A,3202,5336
RZDF,2025-07-24T10:45:00Z,2025-07-24T10:45:05Z,2025-07-25,North East,N/A,2109,3516
RZDF,2025-07-24T10:45:00Z,2025-07-24T10:45:05Z,2025-07-25,North West,N/A,2070,3450
RZDF,2025-07-24T10:45:00Z,2025-07-24T10:45:05Z,2025-07-25,South Scotland,N/A,983,1638
RZDF,2025-07-24T10:45:00Z,2025-07-24T10:45:05Z,2025-07-25,North Scotland,N/A,83,139
RZDF,2025-07-24T08:00:00Z,2025-07-24T08:00:05Z,2025-07-25,South East,N/A,4835,8058
RZDF,2025-07-24T08:00:00Z,2025-07-24T08:00:05Z,2025-07-25,South West,N/A,3112,5186
RZDF,2025-07-24T08:00:00Z,2025-07-24T08:00:05Z,2025-07-25,Midlands,N/A,3219,5364
RZDF,2025-07-24T08:00:00Z,2025-07-24T08:00:05Z,2025-07-25,North East,N/A,2121,3534
RZDF,2025-07-24T08:00:00Z,2025-07-24T08:00:05Z,2025-07-25,North West,N/A,2081,3468
RZDF,2025-07-24T08:00:00Z,2025-07-24T08:00:05Z,2025-07-25,South Scotland,N/A,988,1647
RZDF,2025-07-24T08:00:00Z,2025-07-24T08:00:05Z,2025-07-25,North Scotland,N/A,84,140
RZDF,2025-07-23T16:00:00Z,2025-07-23T16:00:04Z,2025-07-24,South East,N/A,5116,8527
RZDF,2025-07-23T16:00:00Z,2025-07-23T16:00:04Z,2025-07-24,South West,N/A,3293,5488
RZDF,2025-07-23T16:00:00Z,2025-07-23T16:00:04Z,2025-07-24,Midlands,N/A,3406,5677
RZDF,2025-07-23T16:00:00Z,2025-07-23T16:00:04Z,2025-07-24,North East,N/A,2244,3740
RZDF,2025-07-23T16:00:00Z,2025-07-23T16:00:04Z,2025-07-24,North West,N/A,2202,3670
RZDF,2025-07-23T16:00:00Z,2025-07-23T16:00:04Z,2025-07-24,South Scotland,N/A,1045,1742
RZDF,2025-07-23T16:00:00Z,2025-07-23T16:00:04Z,2025-07-24,North Scotland,N/A,89,148
RZDF,2025-07-23T10:45:00Z,2025-07-23T10:45:04Z,2025-07-24,South East,N/A,5013,8355
RZDF,2025-07-23T10:45:00Z,2025-07-23T10:45:04Z,2025-07-24,South West,N/A,3227,5378
RZDF,2025-07-23T10:45:00Z,2025-07-23T10:45:04Z,2025-07-24,Midlands,N/A,3338,5563
RZDF,2025-07-23T10:45:00Z,2025-07-23T10:45:04Z,2025-07-24,North East,N/A,2199,3665
RZDF,2025-07-23T10:45:00Z,2025-07-23T10:45:04Z,2025-07-24,North West,N/A,2158,3597
RZDF,2025-07-23T10:45:00Z,2025-07-23T10:45:04Z,2025-07-24,South Scotland,N/A,1024,1707
RZDF,2025-07-23T10:45:00Z,2025-07-23T10:45:04Z,2025-07-24,North Scotland,N/A,87,145
RZDF,2025-07-23T08:00:00Z,2025-07-23T08:00:06Z,2025-07-24,South East,N/A,5042,8404
RZDF,2025-07-23T08:00:00Z,2025-07-23T08:00:06Z,2025-07-24,South West,N/A,3246,5409
RZDF,2025-07-23T08:00:00Z,2025-07-23T08:00:06Z,2025-07-24,Midlands,N/A,3357,5595
RZDF,2025-07-23T08:00:00Z,2025-07-23T08:00:06Z,2025-07-24,North East,N/A,2212,3686
RZDF,2025-07-23T08:00:00Z,2025-07-23T08:00:06Z,2025-07-24,North West,N/A,2171,3618
RZDF,2025-07-23T08:00:00Z,2025-07-23T08:00:06Z,2025-07-24,South Scotland,N/A,1030,1717
RZDF,2025-07-23T08:00:00Z,2025-07-23T08:00:06Z,2025-07-24,North Scotland,N/A,87,146
RZDF,2025-07-22T16:00:00Z,2025-07-22T16:00:04Z,2025-07-23,South East,N/A,5152,8587
RZDF,2025-07-22T16:00:00Z,2025-07-22T16:00:04Z,2025-07-23,South West,N/A,3316,5527
RZDF,2025-07-22T16:00:00Z,2025-07-22T16:00:04Z,2025-07-23,Midlands,N/A,3430,5717
RZDF,2025-07-22T16:00:00Z,2025-07-22T16:00:04Z,2025-07-23,North East,N/A,2260,3767
RZDF,2025-07-22T16:00:00Z,2025-07-22T16:00:04Z,2025-07-23,North West,N/A,2218,3697
RZDF,2025-07-22T16:00:00Z,2025-07-22T16:00:04Z,2025-07-23,South Scotland,N/A,1053,1755
RZDF,2025-07-22T16:00:00Z,2025-07-22T16:00:04Z,2025-07-23,North Scotland,N/A,89,149
RZDF,2025-07-22T10:45:00Z,2025-07-22T10:45:12Z,2025-07-23,South East,N/A,5010,8351
RZDF,2025-07-22T10:45:00Z,2025-07-22T10:45:12Z,2025-07-23,South West,N/A,3225,5375
RZDF,2025-07-22T10:45:00Z,2025-07-22T10:45:12Z,2025-07-23,Midlands,N/A,3336,5559
RZDF,2025-07-22T10:45:00Z,2025-07-22T10:45:12Z,2025-07-23,North East,N/A,2198,3663
RZDF,2025-07-22T10:45:00Z,2025-07-22T10:45:12Z,2025-07-23,North West,N/A,2157,3595
RZDF,2025-07-22T10:45:00Z,2025-07-22T10:45:12Z,2025-07-23,South Scotland,N/A,1024,1706
RZDF,2025-07-22T10:45:00Z,2025-07-22T10:45:12Z,2025-07-23,North Scotland,N/A,87,145
RZDF,2025-07-22T08:00:00Z,2025-07-22T08:00:05Z,2025-07-23,South East,N/A,4986,8311
RZDF,2025-07-22T08:00:00Z,2025-07-22T08:00:05Z,2025-07-23,South West,N/A,3210,5349
RZDF,2025-07-22T08:00:00Z,2025-07-22T08:00:05Z,2025-07-23,Midlands,N/A,3320,5533
RZDF,2025-07-22T08:00:00Z,2025-07-22T08:00:05Z,2025-07-23,North East,N/A,2187,3645
RZDF,2025-07-22T08:00:00Z,2025-07-22T08:00:05Z,2025-07-23,North West,N/A,2147,3578
RZDF,2025-07-22T08:00:00Z,2025-07-22T08:00:05Z,2025-07-23,South Scotland,N/A,1019,1698
RZDF,2025-07-22T08:00:00Z,2025-07-22T08:00:05Z,2025-07-23,North Scotland,N/A,86,144
RZDF,2025-07-21T16:00:00Z,2025-07-21T16:00:04Z,2025-07-22,South East,N/A,5154,8589
RZDF,2025-07-21T16:00:00Z,2025-07-21T16:00:04Z,2025-07-22,South West,N/A,3317,5529
RZDF,2025-07-21T16:00:00Z,2025-07-21T16:00:04Z,2025-07-22,Midlands,N/A,3431,5718
RZDF,2025-07-21T16:00:00Z,2025-07-21T16:00:04Z,2025-07-22,North East,N/A,2261,3768
RZDF,2025-07-21T16:00:00Z,2025-07-21T16:00:04Z,2025-07-22,North West,N/A,2218,3697
RZDF,2025-07-21T16:00:00Z,2025-07-21T16:00:04Z,2025-07-22,South Scotland,N/A,1053,1755
RZDF,2025-07-21T16:00:00Z,2025-07-21T16:00:04Z,2025-07-22,North Scotland,N/A,89,149
RZDF,2025-07-21T10:45:00Z,2025-07-21T10:45:05Z,2025-07-22,South East,N/A,5030,8383
RZDF,2025-07-21T10:45:00Z,2025-07-21T10:45:05Z,2025-07-22,South West,N/A,3238,5396
RZDF,2025-07-21T10:45:00Z,2025-07-21T10:45:05Z,2025-07-22,Midlands,N/A,3349,5581
RZDF,2025-07-21T10:45:00Z,2025-07-21T10:45:05Z,2025-07-22,North East,N/A,2206,3677
RZDF,2025-07-21T10:45:00Z,2025-07-21T10:45:05Z,2025-07-22,North West,N/A,2165,3609
RZDF,2025-07-21T10:45:00Z,2025-07-21T10:45:05Z,2025-07-22,South Scotland,N/A,1028,1713
RZDF,2025-07-21T10:45:00Z,2025-07-21T10:45:05Z,2025-07-22,North Scotland,N/A,87,145
RZDF,2025-07-21T08:00:00Z,2025-07-21T08:00:06Z,2025-07-22,South East,N/A,5042,8403
RZDF,2025-07-21T08:00:00Z,2025-07-21T08:00:06Z,2025-07-22,South West,N/A,3245,5409
RZDF,2025-07-21T08:00:00Z,2025-07-21T08:00:06Z,2025-07-22,Midlands,N/A,3357,5594
RZDF,2025-07-21T08:00:00Z,2025-07-21T08:00:06Z,2025-07-22,North East,N/A,2211,3686
RZDF,2025-07-21T08:00:00Z,2025-07-21T08:00:06Z,2025-07-22,North West,N/A,2170,3617
RZDF,2025-07-21T08:00:00Z,2025-07-21T08:00:06Z,2025-07-22,South Scotland,N/A,1030,1717
RZDF,2025-07-21T08:00:00Z,2025-07-21T08:00:06Z,2025-07-22,North Scotland,N/A,87,146
RZDF,2025-07-20T16:00:00Z,2025-07-20T16:00:04Z,2025-07-21,South East,N/A,5227,8711
RZDF,2025-07-20T16:00:00Z,2025-07-20T16:00:04Z,2025-07-21,South West,N/A,3364,5607
RZDF,2025-07-20T16:00:00Z,2025-07-20T16:00:04Z,2025-07-21,Midlands,N/A,3480,5800
RZDF,2025-07-20T16:00:00Z,2025-07-20T16:00:04Z,2025-07-21,North East,N/A,2293,3821
RZDF,2025-07-20T16:00:00Z,2025-07-20T16:00:04Z,2025-07-21,North West,N/A,2250,3750
RZDF,2025-07-20T16:00:00Z,2025-07-20T16:00:04Z,2025-07-21,South Scotland,N/A,1068,1780
RZDF,2025-07-20T16:00:00Z,2025-07-20T16:00:04Z,2025-07-21,North Scotland,N/A,91,151
RZDF,2025-07-20T10:45:00Z,2025-07-20T10:45:05Z,2025-07-21,South East,N/A,5111,8518
RZDF,2025-07-20T10:45:00Z,2025-07-20T10:45:05Z,2025-07-21,South West,N/A,3290,5483
RZDF,2025-07-20T10:45:00Z,2025-07-20T10:45:05Z,2025-07-21,Midlands,N/A,3403,5671
RZDF,2025-07-20T10:45:00Z,2025-07-20T10:45:05Z,2025-07-21,North East,N/A,2242,3736
RZDF,2025-07-20T10:45:00Z,2025-07-20T10:45:05Z,2025-07-21,North West,N/A,2200,3667
RZDF,2025-07-20T10:45:00Z,2025-07-20T10:45:05Z,2025-07-21,South Scotland,N/A,1044,1741
RZDF,2025-07-20T10:45:00Z,2025-07-20T10:45:05Z,2025-07-21,North Scotland,N/A,89,148
RZDF,2025-07-20T08:00:00Z,2025-07-20T08:00:08Z,2025-07-21,South East,N/A,5110,8516
RZDF,2025-07-20T08:00:00Z,2025-07-20T08:00:08Z,2025-07-21,South West,N/A,3289,5481
RZDF,2025-07-20T08:00:00Z,2025-07-20T08:00:08Z,2025-07-21,Midlands,N/A,3402,5670
RZDF,2025-07-20T08:00:00Z,2025-07-20T08:00:08Z,2025-07-21,North East,N/A,2241,3735
RZDF,2025-07-20T08:00:00Z,2025-07-20T08:00:08Z,2025-07-21,North West,N/A,2199,3666
RZDF,2025-07-20T08:00:00Z,2025-07-20T08:00:08Z,2025-07-21,South Scotland,N/A,1044,1740
RZDF,2025-07-20T08:00:00Z,2025-07-20T08:00:08Z,2025-07-21,North Scotland,N/A,89,148
RZDF,2025-07-19T16:00:00Z,2025-07-19T16:00:05Z,2025-07-20,South East,N/A,4666,7776
RZDF,2025-07-19T16:00:00Z,2025-07-19T16:00:05Z,2025-07-20,South West,N/A,3003,5005
RZDF,2025-07-19T16:00:00Z,2025-07-19T16:00:05Z,2025-07-20,Midlands,N/A,3106,5177
RZDF,2025-07-19T16:00:00Z,2025-07-19T16:00:05Z,2025-07-20,North East,N/A,2046,3411
RZDF,2025-07-19T16:00:00Z,2025-07-19T16:00:05Z,2025-07-20,North West,N/A,2008,3347
RZDF,2025-07-19T16:00:00Z,2025-07-19T16:00:05Z,2025-07-20,South Scotland,N/A,953,1589
RZDF,2025-07-19T16:00:00Z,2025-07-19T16:00:05Z,2025-07-20,North Scotland,N/A,81,135
RZDF,2025-07-19T10:45:00Z,2025-07-19T10:45:06Z,2025-07-20,South East,N/A,4598,7664
RZDF,2025-07-19T10:45:00Z,2025-07-19T10:45:06Z,2025-07-20,South West,N/A,2960,4933
RZDF,2025-07-19T10:45:00Z,2025-07-19T10:45:06Z,2025-07-20,Midlands,N/A,3061,5102
RZDF,2025-07-19T10:45:00Z,2025-07-19T10:45:06Z,2025-07-20,North East,N/A,2017,3361
RZDF,2025-07-19T10:45:00Z,2025-07-19T10:45:06Z,2025-07-20,North West,N/A,1979,3299
RZDF,2025-07-19T10:45:00Z,2025-07-19T10:45:06Z,2025-07-20,South Scotland,N/A,940,1566
RZDF,2025-07-19T10:45:00Z,2025-07-19T10:45:06Z,2025-07-20,North Scotland,N/A,80,133
RZDF,2025-07-19T08:00:00Z,2025-07-19T08:00:06Z,2025-07-20,South East,N/A,4563,7604
RZDF,2025-07-19T08:00:00Z,2025-07-19T08:00:06Z,2025-07-20,South West,N/A,2937,4895
RZDF,2025-07-19T08:00:00Z,2025-07-19T08:00:06Z,2025-07-20,Midlands,N/A,3038,5063
RZDF,2025-07-19T08:00:00Z,2025-07-19T08:00:06Z,2025-07-20,North East,N/A,2001,3335
RZDF,2025-07-19T08:00:00Z,2025-07-19T08:00:06Z,2025-07-20,North West,N/A,1964,3273
RZDF,2025-07-19T08:00:00Z,2025-07-19T08:00:06Z,2025-07-20,South Scotland,N/A,932,1554
RZDF,2025-07-19T08:00:00Z,2025-07-19T08:00:06Z,2025-07-20,North Scotland,N/A,79,132
RZDF,2025-07-18T16:00:00Z,2025-07-18T16:00:05Z,2025-07-19,South East,N/A,4678,7796
RZDF,2025-07-18T16:00:00Z,2025-07-18T16:00:05Z,2025-07-19,South West,N/A,3011,5018
RZDF,2025-07-18T16:00:00Z,2025-07-18T16:00:05Z,2025-07-19,Midlands,N/A,3114,5191
RZDF,2025-07-18T16:00:00Z,2025-07-18T16:00:05Z,2025-07-19,North East,N/A,2052,3420
RZDF,2025-07-18T16:00:00Z,2025-07-18T16:00:05Z,2025-07-19,North West,N/A,2014,3356
RZDF,2025-07-18T16:00:00Z,2025-07-18T16:00:05Z,2025-07-19,South Scotland,N/A,956,1593
RZDF,2025-07-18T16:00:00Z,2025-07-18T16:00:05Z,2025-07-19,North Scotland,N/A,81,135
RZDF,2025-07-18T10:45:00Z,2025-07-18T10:45:07Z,2025-07-19,South East,N/A,4579,7632
RZDF,2025-07-18T10:45:00Z,2025-07-18T10:45:07Z,2025-07-19,South West,N/A,2947,4912
RZDF,2025-07-18T10:45:00Z,2025-07-18T10:45:07Z,2025-07-19,Midlands,N/A,3049,5081
RZDF,2025-07-18T10:45:00Z,2025-07-18T10:45:07Z,2025-07-19,North East,N/A,2008,3347
RZDF,2025-07-18T10:45:00Z,2025-07-18T10:45:07Z,2025-07-19,North West,N/A,1971,3285
RZDF,2025-07-18T10:45:00Z,2025-07-18T10:45:07Z,2025-07-19,South Scotland,N/A,936,1560
RZDF,2025-07-18T10:45:00Z,2025-07-18T10:45:07Z,2025-07-19,North Scotland,N/A,79,132
RZDF,2025-07-18T08:00:00Z,2025-07-18T08:00:08Z,2025-07-19,South East,N/A,4601,7669
RZDF,2025-07-18T08:00:00Z,2025-07-18T08:00:08Z,2025-07-19,South West,N/A,2962,4936
RZDF,2025-07-18T08:00:00Z,2025-07-18T08:00:08Z,2025-07-19,Midlands,N/A,3063,5106
RZDF,2025-07-18T08:00:00Z,2025-07-18T08:00:08Z,2025-07-19,North East,N/A,2018,3364
RZDF,2025-07-18T08:00:00Z,2025-07-18T08:00:08Z,2025-07-19,North West,N/A,1981,3301
RZDF,2025-07-18T08:00:00Z,2025-07-18T08:00:08Z,2025-07-19,South Scotland,N/A,940,1567
RZDF,2025-07-18T08:00:00Z,2025-07-18T08:00:08Z,2025-07-19,North Scotland,N/A,80,133
RZDF,2025-07-17T16:00:00Z,2025-07-17T16:00:04Z,2025-07-18,South East,N/A,5091,8484
RZDF,2025-07-17T16:00:00Z,2025-07-17T16:00:04Z,2025-07-18,South West,N/A,3277,5461
RZDF,2025-07-17T16:00:00Z,2025-07-17T16:00:04Z,2025-07-18,Midlands,N/A,3389,5649
RZDF,2025-07-17T16:00:00Z,2025-07-17T16:00:04Z,2025-07-18,North East,N/A,2233,3722
RZDF,2025-07-17T16:00:00Z,2025-07-17T16:00:04Z,2025-07-18,North West,N/A,2191,3652
RZDF,2025-07-17T16:00:00Z,2025-07-17T16:00:04Z,2025-07-18,South Scotland,N/A,1040,1734
RZDF,2025-07-17T16:00:00Z,2025-07-17T16:00:04Z,2025-07-18,North Scotland,N/A,88,147
RZDF,2025-07-17T10:45:00Z,2025-07-17T10:45:05Z,2025-07-18,South East,N/A,5037,8395
RZDF,2025-07-17T10:45:00Z,2025-07-17T10:45:05Z,2025-07-18,South West,N/A,3242,5403
RZDF,2025-07-17T10:45:00Z,2025-07-17T10:45:05Z,2025-07-18,Midlands,N/A,3353,5589
RZDF,2025-07-17T10:45:00Z,2025-07-17T10:45:05Z,2025-07-18,North East,N/A,2209,3682
RZDF,2025-07-17T10:45:00Z,2025-07-17T10:45:05Z,2025-07-18,North West,N/A,2168,3614
RZDF,2025-07-17T10:45:00Z,2025-07-17T10:45:05Z,2025-07-18,South Scotland,N/A,1029,1715
RZDF,2025-07-17T10:45:00Z,2025-07-17T10:45:05Z,2025-07-18,North Scotland,N/A,87,146
RZDF,2025-07-17T08:00:00Z,2025-07-17T08:00:05Z,2025-07-18,South East,N/A,5102,8504
RZDF,2025-07-17T08:00:00Z,2025-07-17T08:00:05Z,2025-07-18,South West,N/A,3284,5474
RZDF,2025-07-17T08:00:00Z,2025-07-17T08:00:05Z,2025-07-18,Midlands,N/A,3397,5662
RZDF,2025-07-17T08:00:00Z,2025-07-17T08:00:05Z,2025-07-18,North East,N/A,2238,3730
RZDF,2025-07-17T08:00:00Z,2025-07-17T08:00:05Z,2025-07-18,North West,N/A,2196,3661
RZDF,2025-07-17T08:00:00Z,2025-07-17T08:00:05Z,2025-07-18,South Scotland,N/A,1043,1738
RZDF,2025-07-17T08:00:00Z,2025-07-17T08:00:05Z,2025-07-18,North Scotland,N/A,88,147
RZDF,2025-07-16T16:00:00Z,2025-07-16T16:00:04Z,2025-07-17,South East,N/A,5215,8692
RZDF,2025-07-16T16:00:00Z,2025-07-16T16:00:04Z,2025-07-17,South West,N/A,3357,5595
RZDF,2025-07-16T16:00:00Z,2025-07-16T16:00:04Z,2025-07-17,Midlands,N/A,3472,5787
RZDF,2025-07-16T16:00:00Z,2025-07-16T16:00:04Z,2025-07-17,North East,N/A,2288,3813
RZDF,2025-07-16T16:00:00Z,2025-07-16T16:00:04Z,2025-07-17,North West,N/A,2245,3742
RZDF,2025-07-16T16:00:00Z,2025-07-16T16:00:04Z,2025-07-17,South Scotland,N/A,1066,1776
RZDF,2025-07-16T16:00:00Z,2025-07-16T16:00:04Z,2025-07-17,North Scotland,N/A,90,151
RZDF,2025-07-16T10:45:00Z,2025-07-16T10:45:04Z,2025-07-17,South East,N/A,5091,8484
RZDF,2025-07-16T10:45:00Z,2025-07-16T10:45:04Z,2025-07-17,South West,N/A,3277,5461
RZDF,2025-07-16T10:45:00Z,2025-07-16T10:45:04Z,2025-07-17,Midlands,N/A,3389,5649
RZDF,2025-07-16T10:45:00Z,2025-07-16T10:45:04Z,2025-07-17,North East,N/A,2233,3722
RZDF,2025-07-16T10:45:00Z,2025-07-16T10:45:04Z,2025-07-17,North West,N/A,2191,3652
RZDF,2025-07-16T10:45:00Z,2025-07-16T10:45:04Z,2025-07-17,South Scotland,N/A,1040,1734
RZDF,2025-07-16T10:45:00Z,2025-07-16T10:45:04Z,2025-07-17,North Scotland,N/A,88,147
RZDF,2025-07-16T08:00:00Z,2025-07-16T08:00:06Z,2025-07-17,South East,N/A,5138,8564
RZDF,2025-07-16T08:00:00Z,2025-07-16T08:00:06Z,2025-07-17,South West,N/A,3307,5512
RZDF,2025-07-16T08:00:00Z,2025-07-16T08:00:06Z,2025-07-17,Midlands,N/A,3421,5702
RZDF,2025-07-16T08:00:00Z,2025-07-16T08:00:06Z,2025-07-17,North East,N/A,2254,3756
RZDF,2025-07-16T08:00:00Z,2025-07-16T08:00:06Z,2025-07-17,North West,N/A,2212,3686
RZDF,2025-07-16T08:00:00Z,2025-07-16T08:00:06Z,2025-07-17,South Scotland,N/A,1050,1750
RZDF,2025-07-16T08:00:00Z,2025-07-16T08:00:06Z,2025-07-17,North Scotland,N/A,89,149
RZDF,2025-07-15T16:00:00Z,2025-07-15T16:00:05Z,2025-07-16,South East,N/A,5335,8891
RZDF,2025-07-15T16:00:00Z,2025-07-15T16:00:05Z,2025-07-16,South West,N/A,3434,5723
RZDF,2025-07-15T16:00:00Z,2025-07-15T16:00:05Z,2025-07-16,Midlands,N/A,3552,5920
RZDF,2025-07-15T16:00:00Z,2025-07-15T16:00:05Z,2025-07-16,North East,N/A,2340,3900
RZDF,2025-07-15T16:00:00Z,2025-07-15T16:00:05Z,2025-07-16,North West,N/A,2296,3827
RZDF,2025-07-15T16:00:00Z,2025-07-15T16:00:05Z,2025-07-16,South Scotland,N/A,1090,1817
RZDF,2025-07-15T16:00:00Z,2025-07-15T16:00:05Z,2025-07-16,North Scotland,N/A,93,154
RZDF,2025-07-15T10:45:00Z,2025-07-15T10:45:06Z,2025-07-16,South East,N/A,5254,8757
RZDF,2025-07-15T10:45:00Z,2025-07-15T10:45:06Z,2025-07-16,South West,N/A,3382,5637
RZDF,2025-07-15T10:45:00Z,2025-07-15T10:45:06Z,2025-07-16,Midlands,N/A,3498,5830
RZDF,2025-07-15T10:45:00Z,2025-07-15T10:45:06Z,2025-07-16,North East,N/A,2305,3841
RZDF,2025-07-15T10:45:00Z,2025-07-15T10:45:06Z,2025-07-16,North West,N/A,2262,3770
RZDF,2025-07-15T10:45:00Z,2025-07-15T10:45:06Z,2025-07-16,South Scotland,N/A,1074,1790
RZDF,2025-07-15T10:45:00Z,2025-07-15T10:45:06Z,2025-07-16,North Scotland,N/A,91,152
RZDF,2025-07-15T08:00:00Z,2025-07-15T08:00:09Z,2025-07-16,South East,N/A,5308,8847
RZDF,2025-07-15T08:00:00Z,2025-07-15T08:00:09Z,2025-07-16,South West,N/A,3417,5695
RZDF,2025-07-15T08:00:00Z,2025-07-15T08:00:09Z,2025-07-16,Midlands,N/A,3534,5890
RZDF,2025-07-15T08:00:00Z,2025-07-15T08:00:09Z,2025-07-16,North East,N/A,2328,3881
RZDF,2025-07-15T08:00:00Z,2025-07-15T08:00:09Z,2025-07-16,North West,N/A,2285,3808
RZDF,2025-07-15T08:00:00Z,2025-07-15T08:00:09Z,2025-07-16,South Scotland,N/A,1085,1808
RZDF,2025-07-15T08:00:00Z,2025-07-15T08:00:09Z,2025-07-16,North Scotland,N/A,92,153
RZDF,2025-07-14T16:00:00Z,2025-07-14T16:00:06Z,2025-07-15,South East,N/A,5124,8539
RZDF,2025-07-14T16:00:00Z,2025-07-14T16:00:06Z,2025-07-15,South West,N/A,3298,5496
RZDF,2025-07-14T16:00:00Z,2025-07-14T16:00:06Z,2025-07-15,Midlands,N/A,3411,5685
RZDF,2025-07-14T16:00:00Z,2025-07-14T16:00:06Z,2025-07-15,North East,N/A,2247,3746
RZDF,2025-07-14T16:00:00Z,2025-07-14T16:00:06Z,2025-07-15,North West,N/A,2206,3676
RZDF,2025-07-14T16:00:00Z,2025-07-14T16:00:06Z,2025-07-15,South Scotland,N/A,1047,1745
RZDF,2025-07-14T16:00:00Z,2025-07-14T16:00:06Z,2025-07-15,North Scotland,N/A,89,148
RZDF,2025-07-14T10:45:00Z,2025-07-14T10:45:06Z,2025-07-15,South East,N/A,5045,8408
RZDF,2025-07-14T10:45:00Z,2025-07-14T10:45:06Z,2025-07-15,South West,N/A,3247,5412
RZDF,2025-07-14T10:45:00Z,2025-07-14T10:45:06Z,2025-07-15,Midlands,N/A,3359,5598
RZDF,2025-07-14T10:45:00Z,2025-07-14T10:45:06Z,2025-07-15,North East,N/A,2213,3688
RZDF,2025-07-14T10:45:00Z,2025-07-14T10:45:06Z,2025-07-15,North West,N/A,2172,3619
RZDF,2025-07-14T10:45:00Z,2025-07-14T10:45:06Z,2025-07-15,South Scotland,N/A,1031,1718
RZDF,2025-07-14T10:45:00Z,2025-07-14T10:45:06Z,2025-07-15,North Scotland,N/A,87,146
RZDF,2025-07-14T08:00:00Z,2025-07-14T08:00:04Z,2025-07-15,South East,N/A,5073,8456
RZDF,2025-07-14T08:00:00Z,2025-07-14T08:00:04Z,2025-07-15,South West,N/A,3266,5443
RZDF,2025-07-14T08:00:00Z,2025-07-14T08:00:04Z,2025-07-15,Midlands,N/A,3378,5629
RZDF,2025-07-14T08:00:00Z,2025-07-14T08:00:04Z,2025-07-15,North East,N/A,2225,3709
RZDF,2025-07-14T08:00:00Z,2025-07-14T08:00:04Z,2025-07-15,North West,N/A,2184,3640
RZDF,2025-07-14T08:00:00Z,2025-07-14T08:00:04Z,2025-07-15,South Scotland,N/A,1037,1728
RZDF,2025-07-14T08:00:00Z,2025-07-14T08:00:04Z,2025-07-15,North Scotland,N/A,88,147
RZDF,2025-07-13T16:00:00Z,2025-07-13T16:00:03Z,2025-07-14,South East,N/A,4620,7700
RZDF,2025-07-13T16:00:00Z,2025-07-13T16:00:03Z,2025-07-14,South West,N/A,2974,4956
RZDF,2025-07-13T16:00:00Z,2025-07-13T16:00:03Z,2025-07-14,Midlands,N/A,3076,5126
RZDF,2025-07-13T16:00:00Z,2025-07-13T16:00:03Z,2025-07-14,North East,N/A,2026,3377
RZDF,2025-07-13T16:00:00Z,2025-07-13T16:00:03Z,2025-07-14,North West,N/A,1989,3315
RZDF,2025-07-13T16:00:00Z,2025-07-13T16:00:03Z,2025-07-14,South Scotland,N/A,944,1574
RZDF,2025-07-13T16:00:00Z,2025-07-13T16:00:03Z,2025-07-14,North Scotland,N/A,80,134
RZDF,2025-07-13T10:45:00Z,2025-07-13T10:45:04Z,2025-07-14,South East,N/A,4605,7675
RZDF,2025-07-13T10:45:00Z,2025-07-13T10:45:04Z,2025-07-14,South West,N/A,2964,4940
RZDF,2025-07-13T10:45:00Z,2025-07-13T10:45:04Z,2025-07-14,Midlands,N/A,3066,5110
RZDF,2025-07-13T10:45:00Z,2025-07-13T10:45:04Z,2025-07-14,North East,N/A,2020,3366
RZDF,2025-07-13T10:45:00Z,2025-07-13T10:45:04Z,2025-07-14,North West,N/A,1982,3304
RZDF,2025-07-13T10:45:00Z,2025-07-13T10:45:04Z,2025-07-14,South Scotland,N/A,941,1568
RZDF,2025-07-13T10:45:00Z,2025-07-13T10:45:04Z,2025-07-14,North Scotland,N/A,80,133
RZDF,2025-07-13T08:00:00Z,2025-07-13T08:00:05Z,2025-07-14,South East,N/A,4599,7665
RZDF,2025-07-13T08:00:00Z,2025-07-13T08:00:05Z,2025-07-14,South West,N/A,2960,4934
RZDF,2025-07-13T08:00:00Z,2025-07-13T08:00:05Z,2025-07-14,Midlands,N/A,3062,5103
RZDF,2025-07-13T08:00:00Z,2025-07-13T08:00:05Z,2025-07-14,North East,N/A,2017,3362
RZDF,2025-07-13T08:00:00Z,2025-07-13T08:00:05Z,2025-07-14,North West,N/A,1980,3300
RZDF,2025-07-13T08:00:00Z,2025-07-13T08:00:05Z,2025-07-14,South Scotland,N/A,940,1566
RZDF,2025-07-13T08:00:00Z,2025-07-13T08:00:05Z,2025-07-14,North Scotland,N/A,80,133
RZDF,2025-07-12T16:00:00Z,2025-07-12T16:00:04Z,2025-07-13,South East,N/A,4648,7746
RZDF,2025-07-12T16:00:00Z,2025-07-12T16:00:04Z,2025-07-13,South West,N/A,2992,4986
RZDF,2025-07-12T16:00:00Z,2025-07-12T16:00:04Z,2025-07-13,Midlands,N/A,3094,5157
RZDF,2025-07-12T16:00:00Z,2025-07-12T16:00:04Z,2025-07-13,North East,N/A,2039,3398
RZDF,2025-07-12T16:00:00Z,2025-07-12T16:00:04Z,2025-07-13,North West,N/A,2001,3335
RZDF,2025-07-12T16:00:00Z,2025-07-12T16:00:04Z,2025-07-13,South Scotland,N/A,950,1583
RZDF,2025-07-12T16:00:00Z,2025-07-12T16:00:04Z,2025-07-13,North Scotland,N/A,81,134
RZDF,2025-07-12T10:45:00Z,2025-07-12T10:45:06Z,2025-07-13,South East,N/A,4601,7669
RZDF,2025-07-12T10:45:00Z,2025-07-12T10:45:06Z,2025-07-13,South West,N/A,2962,4936
RZDF,2025-07-12T10:45:00Z,2025-07-12T10:45:06Z,2025-07-13,Midlands,N/A,3063,5106
RZDF,2025-07-12T10:45:00Z,2025-07-12T10:45:06Z,2025-07-13,North East,N/A,2018,3364
RZDF,2025-07-12T10:45:00Z,2025-07-12T10:45:06Z,2025-07-13,North West,N/A,1981,3301
RZDF,2025-07-12T10:45:00Z,2025-07-12T10:45:06Z,2025-07-13,South Scotland,N/A,940,1567
RZDF,2025-07-12T10:45:00Z,2025-07-12T10:45:06Z,2025-07-13,North Scotland,N/A,80,133
RZDF,2025-07-12T08:00:00Z,2025-07-12T08:00:05Z,2025-07-13,South East,N/A,4588,7646
RZDF,2025-07-12T08:00:00Z,2025-07-12T08:00:05Z,2025-07-13,South West,N/A,2953,4922
RZDF,2025-07-12T08:00:00Z,2025-07-12T08:00:05Z,2025-07-13,Midlands,N/A,3054,5091
RZDF,2025-07-12T08:00:00Z,2025-07-12T08:00:05Z,2025-07-13,North East,N/A,2012,3354
RZDF,2025-07-12T08:00:00Z,2025-07-12T08:00:05Z,2025-07-13,North West,N/A,1975,3292
RZDF,2025-07-12T08:00:00Z,2025-07-12T08:00:05Z,2025-07-13,South Scotland,N/A,938,1563
RZDF,2025-07-12T08:00:00Z,2025-07-12T08:00:05Z,2025-07-13,North Scotland,N/A,80,133
RZDF,2025-07-11T16:00:00Z,2025-07-11T16:00:07Z,2025-07-12,South East,N/A,4591,7652
RZDF,2025-07-11T16:00:00Z,2025-07-11T16:00:07Z,2025-07-12,South West,N/A,2955,4925
RZDF,2025-07-11T16:00:00Z,2025-07-11T16:00:07Z,2025-07-12,Midlands,N/A,3057,5094
RZDF,2025-07-11T16:00:00Z,2025-07-11T16:00:07Z,2025-07-12,North East,N/A,2014,3356
RZDF,2025-07-11T16:00:00Z,2025-07-11T16:00:07Z,2025-07-12,North West,N/A,1976,3294
RZDF,2025-07-11T16:00:00Z,2025-07-11T16:00:07Z,2025-07-12,South Scotland,N/A,938,1564
RZDF,2025-07-11T16:00:00Z,2025-07-11T16:00:07Z,2025-07-12,North Scotland,N/A,80,133
RZDF,2025-07-11T10:45:00Z,2025-07-11T10:45:06Z,2025-07-12,South East,N/A,4585,7642
RZDF,2025-07-11T10:45:00Z,2025-07-11T10:45:06Z,2025-07-12,South West,N/A,2951,4919
RZDF,2025-07-11T10:45:00Z,2025-07-11T10:45:06Z,2025-07-12,Midlands,N/A,3053,5088
RZDF,2025-07-11T10:45:00Z,2025-07-11T10:45:06Z,2025-07-12,North East,N/A,2011,3352
RZDF,2025-07-11T10:45:00Z,2025-07-11T10:45:06Z,2025-07-12,North West,N/A,1974,3290
RZDF,2025-07-11T10:45:00Z,2025-07-11T10:45:06Z,2025-07-12,South Scotland,N/A,937,1562
RZDF,2025-07-11T10:45:00Z,2025-07-11T10:45:06Z,2025-07-12,North Scotland,N/A,80,133
RZDF,2025-07-11T08:00:00Z,2025-07-11T08:00:05Z,2025-07-12,South East,N/A,4621,7702
RZDF,2025-07-11T08:00:00Z,2025-07-11T08:00:05Z,2025-07-12,South West,N/A,2974,4957
RZDF,2025-07-11T08:00:00Z,2025-07-11T08:00:05Z,2025-07-12,Midlands,N/A,3076,5127
RZDF,2025-07-11T08:00:00Z,2025-07-11T08:00:05Z,2025-07-12,North East,N/A,2027,3378
RZDF,2025-07-11T08:00:00Z,2025-07-11T08:00:05Z,2025-07-12,North West,N/A,1989,3315
RZDF,2025-07-11T08:00:00Z,2025-07-11T08:00:05Z,2025-07-12,South Scotland,N/A,944,1574
RZDF,2025-07-11T08:00:00Z,2025-07-11T08:00:05Z,2025-07-12,North Scotland,N/A,80,134
RZDF,2025-07-10T16:00:00Z,2025-07-10T16:00:05Z,2025-07-11,South East,N/A,5094,8489
RZDF,2025-07-10T16:00:00Z,2025-07-10T16:00:05Z,2025-07-11,South West,N/A,3279,5464
RZDF,2025-07-10T16:00:00Z,2025-07-10T16:00:05Z,2025-07-11,Midlands,N/A,3391,5652
RZDF,2025-07-10T16:00:00Z,2025-07-10T16:00:05Z,2025-07-11,North East,N/A,2234,3724
RZDF,2025-07-10T16:00:00Z,2025-07-10T16:00:05Z,2025-07-11,North West,N/A,2193,3654
RZDF,2025-07-10T16:00:00Z,2025-07-10T16:00:05Z,2025-07-11,South Scotland,N/A,1041,1735
RZDF,2025-07-10T16:00:00Z,2025-07-10T16:00:05Z,2025-07-11,North Scotland,N/A,88,147
RZDF,2025-07-10T10:45:00Z,2025-07-10T10:45:05Z,2025-07-11,South East,N/A,5094,8489
RZDF,2025-07-10T10:45:00Z,2025-07-10T10:45:05Z,2025-07-11,South West,N/A,3279,5464
RZDF,2025-07-10T10:45:00Z,2025-07-10T10:45:05Z,2025-07-11,Midlands,N/A,3391,5652
RZDF,2025-07-10T10:45:00Z,2025-07-10T10:45:05Z,2025-07-11,North East,N/A,2234,3724
RZDF,2025-07-10T10:45:00Z,2025-07-10T10:45:05Z,2025-07-11,North West,N/A,2193,3654
RZDF,2025-07-10T10:45:00Z,2025-07-10T10:45:05Z,2025-07-11,South Scotland,N/A,1041,1735
RZDF,2025-07-10T10:45:00Z,2025-07-10T10:45:05Z,2025-07-11,North Scotland,N/A,88,147
RZDF,2025-07-10T08:00:00Z,2025-07-10T08:00:06Z,2025-07-11,South East,N/A,5134,8556
RZDF,2025-07-10T08:00:00Z,2025-07-10T08:00:06Z,2025-07-11,South West,N/A,3304,5507
RZDF,2025-07-10T08:00:00Z,2025-07-10T08:00:06Z,2025-07-11,Midlands,N/A,3418,5697
RZDF,2025-07-10T08:00:00Z,2025-07-10T08:00:06Z,2025-07-11,North East,N/A,2252,3753
RZDF,2025-07-10T08:00:00Z,2025-07-10T08:00:06Z,2025-07-11,North West,N/A,2210,3683
RZDF,2025-07-10T08:00:00Z,2025-07-10T08:00:06Z,2025-07-11,South Scotland,N/A,1049,1749
RZDF,2025-07-10T08:00:00Z,2025-07-10T08:00:06Z,2025-07-11,North Scotland,N/A,89,148
RZDF,2025-07-09T16:00:00Z,2025-07-09T16:00:05Z,2025-07-10,South East,N/A,5156,8594
RZDF,2025-07-09T16:00:00Z,2025-07-09T16:00:05Z,2025-07-10,South West,N/A,3319,5532
RZDF,2025-07-09T16:00:00Z,2025-07-09T16:00:05Z,2025-07-10,Midlands,N/A,3433,5721
RZDF,2025-07-09T16:00:00Z,2025-07-09T16:00:05Z,2025-07-10,North East,N/A,2262,3769
RZDF,2025-07-09T16:00:00Z,2025-07-09T16:00:05Z,2025-07-10,North West,N/A,2220,3699
RZDF,2025-07-09T16:00:00Z,2025-07-09T16:00:05Z,2025-07-10,South Scotland,N/A,1054,1756
RZDF,2025-07-09T16:00:00Z,2025-07-09T16:00:05Z,2025-07-10,North Scotland,N/A,89,149
RZDF,2025-07-09T10:45:00Z,2025-07-09T10:45:03Z,2025-07-10,South East,N/A,5128,8547
RZDF,2025-07-09T10:45:00Z,2025-07-09T10:45:03Z,2025-07-10,South West,N/A,3301,5501
RZDF,2025-07-09T10:45:00Z,2025-07-09T10:45:03Z,2025-07-10,Midlands,N/A,3414,5690
RZDF,2025-07-09T10:45:00Z,2025-07-09T10:45:03Z,2025-07-10,North East,N/A,2249,3749
RZDF,2025-07-09T10:45:00Z,2025-07-09T10:45:03Z,2025-07-10,North West,N/A,2207,3679
RZDF,2025-07-09T10:45:00Z,2025-07-09T10:45:03Z,2025-07-10,South Scotland,N/A,1048,1747
RZDF,2025-07-09T10:45:00Z,2025-07-09T10:45:03Z,2025-07-10,North Scotland,N/A,89,148
RZDF,2025-07-09T08:00:00Z,2025-07-09T08:00:05Z,2025-07-10,South East,N/A,5136,8560
RZDF,2025-07-09T08:00:00Z,2025-07-09T08:00:05Z,2025-07-10,South West,N/A,3306,5510
RZDF,2025-07-09T08:00:00Z,2025-07-09T08:00:05Z,2025-07-10,Midlands,N/A,3419,5699
RZDF,2025-07-09T08:00:00Z,2025-07-09T08:00:05Z,2025-07-10,North East,N/A,2253,3755
RZDF,2025-07-09T08:00:00Z,2025-07-09T08:00:05Z,2025-07-10,North West,N/A,2211,3685
RZDF,2025-07-09T08:00:00Z,2025-07-09T08:00:05Z,2025-07-10,South Scotland,N/A,1050,1749
RZDF,2025-07-09T08:00:00Z,2025-07-09T08:00:05Z,2025-07-10,North Scotland,N/A,89,148
RZDF,2025-07-08T16:00:00Z,2025-07-08T16:00:04Z,2025-07-09,South East,N/A,5090,8483
RZDF,2025-07-08T16:00:00Z,2025-07-08T16:00:04Z,2025-07-09,South West,N/A,3276,5460
RZDF,2025-07-08T16:00:00Z,2025-07-08T16:00:04Z,2025-07-09,Midlands,N/A,3388,5647
RZDF,2025-07-08T16:00:00Z,2025-07-08T16:00:04Z,2025-07-09,North East,N/A,2232,3721
RZDF,2025-07-08T16:00:00Z,2025-07-08T16:00:04Z,2025-07-09,North West,N/A,2191,3651
RZDF,2025-07-08T16:00:00Z,2025-07-08T16:00:04Z,2025-07-09,South Scotland,N/A,1040,1733
RZDF,2025-07-08T16:00:00Z,2025-07-08T16:00:04Z,2025-07-09,North Scotland,N/A,88,147
RZDF,2025-07-08T10:45:00Z,2025-07-08T10:45:06Z,2025-07-09,South East,N/A,5038,8396
RZDF,2025-07-08T10:45:00Z,2025-07-08T10:45:06Z,2025-07-09,South West,N/A,3243,5404
RZDF,2025-07-08T10:45:00Z,2025-07-08T10:45:06Z,2025-07-09,Midlands,N/A,3354,5590
RZDF,2025-07-08T10:45:00Z,2025-07-08T10:45:06Z,2025-07-09,North East,N/A,2210,3683
RZDF,2025-07-08T10:45:00Z,2025-07-08T10:45:06Z,2025-07-09,North West,N/A,2169,3614
RZDF,2025-07-08T10:45:00Z,2025-07-08T10:45:06Z,2025-07-09,South Scotland,N/A,1029,1716
RZDF,2025-07-08T10:45:00Z,2025-07-08T10:45:06Z,2025-07-09,North Scotland,N/A,87,146
RZDF,2025-07-08T08:00:00Z,2025-07-08T08:00:06Z,2025-07-09,South East,N/A,5039,8398
RZDF,2025-07-08T08:00:00Z,2025-07-08T08:00:06Z,2025-07-09,South West,N/A,3243,5405
RZDF,2025-07-08T08:00:00Z,2025-07-08T08:00:06Z,2025-07-09,Midlands,N/A,3354,5591
RZDF,2025-07-08T08:00:00Z,2025-07-08T08:00:06Z,2025-07-09,North East,N/A,2210,3683
RZDF,2025-07-08T08:00:00Z,2025-07-08T08:00:06Z,2025-07-09,North West,N/A,2169,3615
RZDF,2025-07-08T08:00:00Z,2025-07-08T08:00:06Z,2025-07-09,South Scotland,N/A,1030,1716
RZDF,2025-07-08T08:00:00Z,2025-07-08T08:00:06Z,2025-07-09,North Scotland,N/A,87,146
RZDF,2025-07-07T16:00:00Z,2025-07-07T16:00:04Z,2025-07-08,South East,N/A,4843,8072
RZDF,2025-07-07T16:00:00Z,2025-07-07T16:00:04Z,2025-07-08,South West,N/A,3117,5195
RZDF,2025-07-07T16:00:00Z,2025-07-07T16:00:04Z,2025-07-08,Midlands,N/A,3224,5374
RZDF,2025-07-07T16:00:00Z,2025-07-07T16:00:04Z,2025-07-08,North East,N/A,2124,3540
RZDF,2025-07-07T16:00:00Z,2025-07-07T16:00:04Z,2025-07-08,North West,N/A,2085,3475
RZDF,2025-07-07T16:00:00Z,2025-07-07T16:00:04Z,2025-07-08,South Scotland,N/A,990,1649
RZDF,2025-07-07T16:00:00Z,2025-07-07T16:00:04Z,2025-07-08,North Scotland,N/A,84,140
RZDF,2025-07-07T10:45:00Z,2025-07-07T10:45:05Z,2025-07-08,South East,N/A,4866,8110
RZDF,2025-07-07T10:45:00Z,2025-07-07T10:45:05Z,2025-07-08,South West,N/A,3132,5220
RZDF,2025-07-07T10:45:00Z,2025-07-07T10:45:05Z,2025-07-08,Midlands,N/A,3240,5399
RZDF,2025-07-07T10:45:00Z,2025-07-07T10:45:05Z,2025-07-08,North East,N/A,2134,3557
RZDF,2025-07-07T10:45:00Z,2025-07-07T10:45:05Z,2025-07-08,North West,N/A,2095,3491
RZDF,2025-07-07T10:45:00Z,2025-07-07T10:45:05Z,2025-07-08,South Scotland,N/A,994,1657
RZDF,2025-07-07T10:45:00Z,2025-07-07T10:45:05Z,2025-07-08,North Scotland,N/A,84,141
RZDF,2025-07-07T08:00:00Z,2025-07-07T08:00:05Z,2025-07-08,South East,N/A,4856,8094
RZDF,2025-07-07T08:00:00Z,2025-07-07T08:00:05Z,2025-07-08,South West,N/A,3126,5210
RZDF,2025-07-07T08:00:00Z,2025-07-07T08:00:05Z,2025-07-08,Midlands,N/A,3233,5388
RZDF,2025-07-07T08:00:00Z,2025-07-07T08:00:05Z,2025-07-08,North East,N/A,2130,3550
RZDF,2025-07-07T08:00:00Z,2025-07-07T08:00:05Z,2025-07-08,North West,N/A,2090,3484
RZDF,2025-07-07T08:00:00Z,2025-07-07T08:00:05Z,2025-07-08,South Scotland,N/A,992,1654
RZDF,2025-07-07T08:00:00Z,2025-07-07T08:00:05Z,2025-07-08,North Scotland,N/A,84,140
RZDF,2025-07-06T16:00:00Z,2025-07-06T16:00:05Z,2025-07-07,South East,N/A,4523,7539
RZDF,2025-07-06T16:00:00Z,2025-07-06T16:00:05Z,2025-07-07,South West,N/A,2911,4852
RZDF,2025-07-06T16:00:00Z,2025-07-06T16:00:05Z,2025-07-07,Midlands,N/A,3011,5019
RZDF,2025-07-06T16:00:00Z,2025-07-06T16:00:05Z,2025-07-07,North East,N/A,1984,3307
RZDF,2025-07-06T16:00:00Z,2025-07-06T16:00:05Z,2025-07-07,North West,N/A,1947,3245
RZDF,2025-07-06T16:00:00Z,2025-07-06T16:00:05Z,2025-07-07,South Scotland,N/A,924,1541
RZDF,2025-07-06T16:00:00Z,2025-07-06T16:00:05Z,2025-07-07,North Scotland,N/A,78,131
RZDF,2025-07-06T10:45:00Z,2025-07-06T10:45:04Z,2025-07-07,South East,N/A,4512,7520
RZDF,2025-07-06T10:45:00Z,2025-07-06T10:45:04Z,2025-07-07,South West,N/A,2904,4841
RZDF,2025-07-06T10:45:00Z,2025-07-06T10:45:04Z,2025-07-07,Midlands,N/A,3004,5007
RZDF,2025-07-06T10:45:00Z,2025-07-06T10:45:04Z,2025-07-07,North East,N/A,1979,3299
RZDF,2025-07-06T10:45:00Z,2025-07-06T10:45:04Z,2025-07-07,North West,N/A,1942,3237
RZDF,2025-07-06T10:45:00Z,2025-07-06T10:45:04Z,2025-07-07,South Scotland,N/A,922,1537
RZDF,2025-07-06T10:45:00Z,2025-07-06T10:45:04Z,2025-07-07,North Scotland,N/A,78,130
RZDF,2025-07-06T08:00:00Z,2025-07-06T08:00:06Z,2025-07-07,South East,N/A,4505,7508
RZDF,2025-07-06T08:00:00Z,2025-07-06T08:00:06Z,2025-07-07,South West,N/A,2899,4832
RZDF,2025-07-06T08:00:00Z,2025-07-06T08:00:06Z,2025-07-07,Midlands,N/A,2999,4998
RZDF,2025-07-06T08:00:00Z,2025-07-06T08:00:06Z,2025-07-07,North East,N/A,1976,3293
RZDF,2025-07-06T08:00:00Z,2025-07-06T08:00:06Z,2025-07-07,North West,N/A,1939,3232
RZDF,2025-07-06T08:00:00Z,2025-07-06T08:00:06Z,2025-07-07,South Scotland,N/A,921,1534
RZDF,2025-07-06T08:00:00Z,2025-07-06T08:00:06Z,2025-07-07,North Scotland,N/A,78,130
RZDF,2025-07-05T16:00:00Z,2025-07-05T16:00:04Z,2025-07-06,South East,N/A,4373,7288
RZDF,2025-07-05T16:00:00Z,2025-07-05T16:00:04Z,2025-07-06,South West,N/A,2815,4691
RZDF,2025-07-05T16:00:00Z,2025-07-05T16:00:04Z,2025-07-06,Midlands,N/A,2911,4852
RZDF,2025-07-05T16:00:00Z,2025-07-05T16:00:04Z,2025-07-06,North East,N/A,1918,3197
RZDF,2025-07-05T16:00:00Z,2025-07-05T16:00:04Z,2025-07-06,North West,N/A,1882,3137
RZDF,2025-07-05T16:00:00Z,2025-07-05T16:00:04Z,2025-07-06,South Scotland,N/A,894,1489
RZDF,2025-07-05T16:00:00Z,2025-07-05T16:00:04Z,2025-07-06,North Scotland,N/A,76,126
RZDF,2025-07-05T10:45:00Z,2025-07-05T10:45:05Z,2025-07-06,South East,N/A,4235,7059
RZDF,2025-07-05T10:45:00Z,2025-07-05T10:45:05Z,2025-07-06,South West,N/A,2726,4543
RZDF,2025-07-05T10:45:00Z,2025-07-05T10:45:05Z,2025-07-06,Midlands,N/A,2820,4699
RZDF,2025-07-05T10:45:00Z,2025-07-05T10:45:05Z,2025-07-06,North East,N/A,1858,3096
RZDF,2025-07-05T10:45:00Z,2025-07-05T10:45:05Z,2025-07-06,North West,N/A,1823,3039
RZDF,2025-07-05T10:45:00Z,2025-07-05T10:45:05Z,2025-07-06,South Scotland,N/A,865,1442
RZDF,2025-07-05T10:45:00Z,2025-07-05T10:45:05Z,2025-07-06,North Scotland,N/A,73,122
RZDF,2025-07-05T08:00:00Z,2025-07-05T08:00:05Z,2025-07-06,South East,N/A,4224,7040
RZDF,2025-07-05T08:00:00Z,2025-07-05T08:00:05Z,2025-07-06,South West,N/A,2719,4531
RZDF,2025-07-05T08:00:00Z,2025-07-05T08:00:05Z,2025-07-06,Midlands,N/A,2812,4687
RZDF,2025-07-05T08:00:00Z,2025-07-05T08:00:05Z,2025-07-06,North East,N/A,1853,3088
RZDF,2025-07-05T08:00:00Z,2025-07-05T08:00:05Z,2025-07-06,North West,N/A,1818,3030
RZDF,2025-07-05T08:00:00Z,2025-07-05T08:00:05Z,2025-07-06,South Scotland,N/A,863,1439
RZDF,2025-07-05T08:00:00Z,2025-07-05T08:00:05Z,2025-07-06,North Scotland,N/A,73,122
RZDF,2025-07-04T16:00:00Z,2025-07-04T16:00:06Z,2025-07-05,South East,N/A,4336,7227
RZDF,2025-07-04T16:00:00Z,2025-07-04T16:00:06Z,2025-07-05,South West,N/A,2791,4652
RZDF,2025-07-04T16:00:00Z,2025-07-04T16:00:06Z,2025-07-05,Midlands,N/A,2887,4811
RZDF,2025-07-04T16:00:00Z,2025-07-04T16:00:06Z,2025-07-05,North East,N/A,1902,3170
RZDF,2025-07-04T16:00:00Z,2025-07-04T16:00:06Z,2025-07-05,North West,N/A,1867,3111
RZDF,2025-07-04T16:00:00Z,2025-07-04T16:00:06Z,2025-07-05,South Scotland,N/A,886,1477
RZDF,2025-07-04T16:00:00Z,2025-07-04T16:00:06Z,2025-07-05,North Scotland,N/A,75,125
RZDF,2025-07-04T10:45:00Z,2025-07-04T10:45:05Z,2025-07-05,South East,N/A,4323,7204
RZDF,2025-07-04T10:45:00Z,2025-07-04T10:45:05Z,2025-07-05,South West,N/A,2782,4637
RZDF,2025-07-04T10:45:00Z,2025-07-04T10:45:05Z,2025-07-05,Midlands,N/A,2878,4796
RZDF,2025-07-04T10:45:00Z,2025-07-04T10:45:05Z,2025-07-05,North East,N/A,1896,3160
RZDF,2025-07-04T10:45:00Z,2025-07-04T10:45:05Z,2025-07-05,North West,N/A,1861,3101
RZDF,2025-07-04T10:45:00Z,2025-07-04T10:45:05Z,2025-07-05,South Scotland,N/A,883,1472
RZDF,2025-07-04T10:45:00Z,2025-07-04T10:45:05Z,2025-07-05,North Scotland,N/A,75,125
RZDF,2025-07-04T08:00:00Z,2025-07-04T08:00:04Z,2025-07-05,South East,N/A,4748,7914
RZDF,2025-07-04T08:00:00Z,2025-07-04T08:00:04Z,2025-07-05,South West,N/A,3056,5094
RZDF,2025-07-04T08:00:00Z,2025-07-04T08:00:04Z,2025-07-05,Midlands,N/A,3161,5269
RZDF,2025-07-04T08:00:00Z,2025-07-04T08:00:04Z,2025-07-05,North East,N/A,2083,3471
RZDF,2025-07-04T08:00:00Z,2025-07-04T08:00:04Z,2025-07-05,North West,N/A,2044,3407
RZDF,2025-07-04T08:00:00Z,2025-07-04T08:00:04Z,2025-07-05,South Scotland,N/A,970,1617
RZDF,2025-07-04T08:00:00Z,2025-07-04T08:00:04Z,2025-07-05,North Scotland,N/A,82,137
RZDF,2025-07-03T16:00:00Z,2025-07-03T16:00:04Z,2025-07-04,South East,N/A,4748,7914
RZDF,2025-07-03T16:00:00Z,2025-07-03T16:00:04Z,2025-07-04,South West,N/A,3056,5094
RZDF,2025-07-03T16:00:00Z,2025-07-03T16:00:04Z,2025-07-04,Midlands,N/A,3161,5269
RZDF,2025-07-03T16:00:00Z,2025-07-03T16:00:04Z,2025-07-04,North East,N/A,2083,3471
RZDF,2025-07-03T16:00:00Z,2025-07-03T16:00:04Z,2025-07-04,North West,N/A,2044,3407
RZDF,2025-07-03T16:00:00Z,2025-07-03T16:00:04Z,2025-07-04,South Scotland,N/A,970,1617
RZDF,2025-07-03T16:00:00Z,2025-07-03T16:00:04Z,2025-07-04,North Scotland,N/A,82,137
RZDF,2025-07-03T10:45:00Z,2025-07-03T10:45:08Z,2025-07-04,South East,N/A,4748,7914
RZDF,2025-07-03T10:45:00Z,2025-07-03T10:45:08Z,2025-07-04,South West,N/A,3056,5094
RZDF,2025-07-03T10:45:00Z,2025-07-03T10:45:08Z,2025-07-04,Midlands,N/A,3161,5269
RZDF,2025-07-03T10:45:00Z,2025-07-03T10:45:08Z,2025-07-04,North East,N/A,2083,3471
RZDF,2025-07-03T10:45:00Z,2025-07-03T10:45:08Z,2025-07-04,North West,N/A,2044,3407
RZDF,2025-07-03T10:45:00Z,2025-07-03T10:45:08Z,2025-07-04,South Scotland,N/A,970,1617
RZDF,2025-07-03T10:45:00Z,2025-07-03T10:45:08Z,2025-07-04,North Scotland,N/A,82,137
RZDF,2025-07-03T08:00:00Z,2025-07-03T08:00:07Z,2025-07-04,South East,N/A,4748,7914
RZDF,2025-07-03T08:00:00Z,2025-07-03T08:00:07Z,2025-07-04,South West,N/A,3056,5094
RZDF,2025-07-03T08:00:00Z,2025-07-03T08:00:07Z,2025-07-04,Midlands,N/A,3161,5269
RZDF,2025-07-03T08:00:00Z,2025-07-03T08:00:07Z,2025-07-04,North East,N/A,2083,3471
RZDF,2025-07-03T08:00:00Z,2025-07-03T08:00:07Z,2025-07-04,North West,N/A,2044,3407
RZDF,2025-07-03T08:00:00Z,2025-07-03T08:00:07Z,2025-07-04,South Scotland,N/A,970,1617
RZDF,2025-07-03T08:00:00Z,2025-07-03T08:00:07Z,2025-07-04,North Scotland,N/A,82,137
RZDF,2025-07-02T16:00:00Z,2025-07-02T16:00:05Z,2025-07-03,South East,N/A,4763,7939
RZDF,2025-07-02T16:00:00Z,2025-07-02T16:00:05Z,2025-07-03,South West,N/A,3066,5110
RZDF,2025-07-02T16:00:00Z,2025-07-02T16:00:05Z,2025-07-03,Midlands,N/A,3171,5285
RZDF,2025-07-02T16:00:00Z,2025-07-02T16:00:05Z,2025-07-03,North East,N/A,2089,3482
RZDF,2025-07-02T16:00:00Z,2025-07-02T16:00:05Z,2025-07-03,North West,N/A,2050,3417
RZDF,2025-07-02T16:00:00Z,2025-07-02T16:00:05Z,2025-07-03,South Scotland,N/A,973,1622
RZDF,2025-07-02T16:00:00Z,2025-07-02T16:00:05Z,2025-07-03,North Scotland,N/A,83,138
RZDF,2025-07-02T10:45:00Z,2025-07-02T10:45:07Z,2025-07-03,South East,N/A,4747,7911
RZDF,2025-07-02T10:45:00Z,2025-07-02T10:45:07Z,2025-07-03,South West,N/A,3055,5092
RZDF,2025-07-02T10:45:00Z,2025-07-02T10:45:07Z,2025-07-03,Midlands,N/A,3160,5267
RZDF,2025-07-02T10:45:00Z,2025-07-02T10:45:07Z,2025-07-03,North East,N/A,2082,3470
RZDF,2025-07-02T10:45:00Z,2025-07-02T10:45:07Z,2025-07-03,North West,N/A,2043,3405
RZDF,2025-07-02T10:45:00Z,2025-07-02T10:45:07Z,2025-07-03,South Scotland,N/A,970,1617
RZDF,2025-07-02T10:45:00Z,2025-07-02T10:45:07Z,2025-07-03,North Scotland,N/A,82,137
RZDF,2025-07-02T08:00:00Z,2025-07-02T08:18:35Z,2025-07-03,South East,N/A,4745,7908
RZDF,2025-07-02T08:00:00Z,2025-07-02T08:18:35Z,2025-07-03,South West,N/A,3054,5090
RZDF,2025-07-02T08:00:00Z,2025-07-02T08:18:35Z,2025-07-03,Midlands,N/A,3159,5265
RZDF,2025-07-02T08:00:00Z,2025-07-02T08:18:35Z,2025-07-03,North East,N/A,2081,3468
RZDF,2025-07-02T08:00:00Z,2025-07-02T08:18:35Z,2025-07-03,North West,N/A,2042,3404
RZDF,2025-07-02T08:00:00Z,2025-07-02T08:18:35Z,2025-07-03,South Scotland,N/A,970,1616
RZDF,2025-07-02T08:00:00Z,2025-07-02T08:18:35Z,2025-07-03,North Scotland,N/A,82,137
RZDF,2025-07-01T16:00:00Z,2025-07-01T16:00:05Z,2025-07-02,South East,N/A,4852,8087
RZDF,2025-07-01T16:00:00Z,2025-07-01T16:00:05Z,2025-07-02,South West,N/A,3123,5206
RZDF,2025-07-01T16:00:00Z,2025-07-01T16:00:05Z,2025-07-02,Midlands,N/A,3231,5384
RZDF,2025-07-01T16:00:00Z,2025-07-01T16:00:05Z,2025-07-02,North East,N/A,2128,3547
RZDF,2025-07-01T16:00:00Z,2025-07-01T16:00:05Z,2025-07-02,North West,N/A,2089,3481
RZDF,2025-07-01T16:00:00Z,2025-07-01T16:00:05Z,2025-07-02,South Scotland,N/A,992,1653
RZDF,2025-07-01T16:00:00Z,2025-07-01T16:00:05Z,2025-07-02,North Scotland,N/A,84,140
RZDF,2025-07-01T10:45:00Z,2025-07-01T10:45:06Z,2025-07-02,South East,N/A,4815,8024
RZDF,2025-07-01T10:45:00Z,2025-07-01T10:45:06Z,2025-07-02,South West,N/A,3099,5165
RZDF,2025-07-01T10:45:00Z,2025-07-01T10:45:06Z,2025-07-02,Midlands,N/A,3205,5342
RZDF,2025-07-01T10:45:00Z,2025-07-01T10:45:06Z,2025-07-02,North East,N/A,2112,3520
RZDF,2025-07-01T10:45:00Z,2025-07-01T10:45:06Z,2025-07-02,North West,N/A,2072,3454
RZDF,2025-07-01T10:45:00Z,2025-07-01T10:45:06Z,2025-07-02,South Scotland,N/A,984,1640
RZDF,2025-07-01T10:45:00Z,2025-07-01T10:45:06Z,2025-07-02,North Scotland,N/A,83,139
RZDF,2025-07-01T08:00:00Z,2025-07-01T08:00:04Z,2025-07-02,South East,N/A,4845,8075
RZDF,2025-07-01T08:00:00Z,2025-07-01T08:00:04Z,2025-07-02,South West,N/A,3119,5198
RZDF,2025-07-01T08:00:00Z,2025-07-01T08:00:04Z,2025-07-02,Midlands,N/A,3226,5376
RZDF,2025-07-01T08:00:00Z,2025-07-01T08:00:04Z,2025-07-02,North East,N/A,2125,3542
RZDF,2025-07-01T08:00:00Z,2025-07-01T08:00:04Z,2025-07-02,North West,N/A,2086,3476
RZDF,2025-07-01T08:00:00Z,2025-07-01T08:00:04Z,2025-07-02,South Scotland,N/A,990,1650
RZDF,2025-07-01T08:00:00Z,2025-07-01T08:00:04Z,2025-07-02,North Scotland,N/A,84,140
RZDF,2025-06-30T16:00:00Z,2025-06-30T16:00:05Z,2025-07-01,South East,N/A,5311,8852
RZDF,2025-06-30T16:00:00Z,2025-06-30T16:00:05Z,2025-07-01,South West,N/A,3419,5698
RZDF,2025-06-30T16:00:00Z,2025-06-30T16:00:05Z,2025-07-01,Midlands,N/A,3536,5893
RZDF,2025-06-30T16:00:00Z,2025-06-30T16:00:05Z,2025-07-01,North East,N/A,2330,3883
RZDF,2025-06-30T16:00:00Z,2025-06-30T16:00:05Z,2025-07-01,North West,N/A,2286,3810
RZDF,2025-06-30T16:00:00Z,2025-06-30T16:00:05Z,2025-07-01,South Scotland,N/A,1085,1809
RZDF,2025-06-30T16:00:00Z,2025-06-30T16:00:05Z,2025-07-01,North Scotland,N/A,92,154
RZDF,2025-06-30T10:45:00Z,2025-06-30T10:45:05Z,2025-07-01,South East,N/A,5192,8654
RZDF,2025-06-30T10:45:00Z,2025-06-30T10:45:05Z,2025-07-01,South West,N/A,3342,5570
RZDF,2025-06-30T10:45:00Z,2025-06-30T10:45:05Z,2025-07-01,Midlands,N/A,3457,5761
RZDF,2025-06-30T10:45:00Z,2025-06-30T10:45:05Z,2025-07-01,North East,N/A,2277,3796
RZDF,2025-06-30T10:45:00Z,2025-06-30T10:45:05Z,2025-07-01,North West,N/A,2235,3725
RZDF,2025-06-30T10:45:00Z,2025-06-30T10:45:05Z,2025-07-01,South Scotland,N/A,1061,1768
RZDF,2025-06-30T10:45:00Z,2025-06-30T10:45:05Z,2025-07-01,North Scotland,N/A,90,150
RZDF,2025-06-30T08:00:00Z,2025-06-30T08:00:06Z,2025-07-01,South East,N/A,5218,8696
RZDF,2025-06-30T08:00:00Z,2025-06-30T08:00:06Z,2025-07-01,South West,N/A,3358,5597
RZDF,2025-06-30T08:00:00Z,2025-06-30T08:00:06Z,2025-07-01,Midlands,N/A,3474,5789
RZDF,2025-06-30T08:00:00Z,2025-06-30T08:00:06Z,2025-07-01,North East,N/A,2289,3814
RZDF,2025-06-30T08:00:00Z,2025-06-30T08:00:06Z,2025-07-01,North West,N/A,2246,3743
RZDF,2025-06-30T08:00:00Z,2025-06-30T08:00:06Z,2025-07-01,South Scotland,N/A,1066,1777
RZDF,2025-06-30T08:00:00Z,2025-06-30T08:00:06Z,2025-07-01,North Scotland,N/A,90,151
RZDF,2025-06-29T16:00:00Z,2025-06-29T16:00:07Z,2025-06-30,South East,N/A,5105,8509
RZDF,2025-06-29T16:00:00Z,2025-06-29T16:00:07Z,2025-06-30,South West,N/A,3286,5477
RZDF,2025-06-29T16:00:00Z,2025-06-29T16:00:07Z,2025-06-30,Midlands,N/A,3399,5665
RZDF,2025-06-29T16:00:00Z,2025-06-29T16:00:07Z,2025-06-30,North East,N/A,2239,3732
RZDF,2025-06-29T16:00:00Z,2025-06-29T16:00:07Z,2025-06-30,North West,N/A,2198,3663
RZDF,2025-06-29T16:00:00Z,2025-06-29T16:00:07Z,2025-06-30,South Scotland,N/A,1043,1739
RZDF,2025-06-29T16:00:00Z,2025-06-29T16:00:07Z,2025-06-30,North Scotland,N/A,89,148
RZDF,2025-06-29T10:45:00Z,2025-06-29T10:45:05Z,2025-06-30,South East,N/A,5038,8397
RZDF,2025-06-29T10:45:00Z,2025-06-29T10:45:05Z,2025-06-30,South West,N/A,3243,5405
RZDF,2025-06-29T10:45:00Z,2025-06-29T10:45:05Z,2025-06-30,Midlands,N/A,3354,5590
RZDF,2025-06-29T10:45:00Z,2025-06-29T10:45:05Z,2025-06-30,North East,N/A,2210,3683
RZDF,2025-06-29T10:45:00Z,2025-06-29T10:45:05Z,2025-06-30,North West,N/A,2169,3615
RZDF,2025-06-29T10:45:00Z,2025-06-29T10:45:05Z,2025-06-30,South Scotland,N/A,1030,1716
RZDF,2025-06-29T10:45:00Z,2025-06-29T10:45:05Z,2025-06-30,North Scotland,N/A,87,146
RZDF,2025-06-29T08:00:00Z,2025-06-29T08:00:09Z,2025-06-30,South East,N/A,5028,8381
RZDF,2025-06-29T08:00:00Z,2025-06-29T08:00:09Z,2025-06-30,South West,N/A,3237,5394
RZDF,2025-06-29T08:00:00Z,2025-06-29T08:00:09Z,2025-06-30,Midlands,N/A,3348,5579
RZDF,2025-06-29T08:00:00Z,2025-06-29T08:00:09Z,2025-06-30,North East,N/A,2206,3676
RZDF,2025-06-29T08:00:00Z,2025-06-29T08:00:09Z,2025-06-30,North West,N/A,2165,3608
RZDF,2025-06-29T08:00:00Z,2025-06-29T08:00:09Z,2025-06-30,South Scotland,N/A,1028,1713
RZDF,2025-06-29T08:00:00Z,2025-06-29T08:00:09Z,2025-06-30,North Scotland,N/A,87,145
RZDF,2025-06-28T16:00:00Z,2025-06-28T16:00:05Z,2025-06-29,South East,N/A,4521,7536
RZDF,2025-06-28T16:00:00Z,2025-06-28T16:00:05Z,2025-06-29,South West,N/A,2910,4850
RZDF,2025-06-28T16:00:00Z,2025-06-28T16:00:05Z,2025-06-29,Midlands,N/A,3010,5017
RZDF,2025-06-28T16:00:00Z,2025-06-28T16:00:05Z,2025-06-29,North East,N/A,1983,3305
RZDF,2025-06-28T16:00:00Z,2025-06-28T16:00:05Z,2025-06-29,North West,N/A,1946,3244
RZDF,2025-06-28T16:00:00Z,2025-06-28T16:00:05Z,2025-06-29,South Scotland,N/A,924,1540
RZDF,2025-06-28T16:00:00Z,2025-06-28T16:00:05Z,2025-06-29,North Scotland,N/A,78,131
RZDF,2025-06-28T10:45:00Z,2025-06-28T10:45:06Z,2025-06-29,South East,N/A,4468,7447
RZDF,2025-06-28T10:45:00Z,2025-06-28T10:45:06Z,2025-06-29,South West,N/A,2876,4793
RZDF,2025-06-28T10:45:00Z,2025-06-28T10:45:06Z,2025-06-29,Midlands,N/A,2975,4958
RZDF,2025-06-28T10:45:00Z,2025-06-28T10:45:06Z,2025-06-29,North East,N/A,1960,3266
RZDF,2025-06-28T10:45:00Z,2025-06-28T10:45:06Z,2025-06-29,North West,N/A,1923,3206
RZDF,2025-06-28T10:45:00Z,2025-06-28T10:45:06Z,2025-06-29,South Scotland,N/A,913,1522
RZDF,2025-06-28T10:45:00Z,2025-06-28T10:45:06Z,2025-06-29,North Scotland,N/A,77,129
RZDF,2025-06-28T08:00:00Z,2025-06-28T08:00:05Z,2025-06-29,South East,N/A,4433,7389
RZDF,2025-06-28T08:00:00Z,2025-06-28T08:00:05Z,2025-06-29,South West,N/A,2854,4756
RZDF,2025-06-28T08:00:00Z,2025-06-28T08:00:05Z,2025-06-29,Midlands,N/A,2952,4919
RZDF,2025-06-28T08:00:00Z,2025-06-28T08:00:05Z,2025-06-29,North East,N/A,1945,3241
RZDF,2025-06-28T08:00:00Z,2025-06-28T08:00:05Z,2025-06-29,North West,N/A,1908,3181
RZDF,2025-06-28T08:00:00Z,2025-06-28T08:00:05Z,2025-06-29,South Scotland,N/A,906,1510
RZDF,2025-06-28T08:00:00Z,2025-06-28T08:00:05Z,2025-06-29,North Scotland,N/A,77,128
RZDF,2025-06-27T16:00:00Z,2025-06-27T16:00:06Z,2025-06-28,South East,N/A,4376,7294
RZDF,2025-06-27T16:00:00Z,2025-06-27T16:00:06Z,2025-06-28,South West,N/A,2817,4695
RZDF,2025-06-27T16:00:00Z,2025-06-27T16:00:06Z,2025-06-28,Midlands,N/A,2913,4856
RZDF,2025-06-27T16:00:00Z,2025-06-27T16:00:06Z,2025-06-28,North East,N/A,1920,3199
RZDF,2025-06-27T16:00:00Z,2025-06-27T16:00:06Z,2025-06-28,North West,N/A,1884,3140
RZDF,2025-06-27T16:00:00Z,2025-06-27T16:00:06Z,2025-06-28,South Scotland,N/A,894,1490
RZDF,2025-06-27T16:00:00Z,2025-06-27T16:00:06Z,2025-06-28,North Scotland,N/A,76,126
RZDF,2025-06-27T10:45:00Z,2025-06-27T10:45:06Z,2025-06-28,South East,N/A,4358,7264
RZDF,2025-06-27T10:45:00Z,2025-06-27T10:45:06Z,2025-06-28,South West,N/A,2805,4676
RZDF,2025-06-27T10:45:00Z,2025-06-27T10:45:06Z,2025-06-28,Midlands,N/A,2902,4836
RZDF,2025-06-27T10:45:00Z,2025-06-27T10:45:06Z,2025-06-28,North East,N/A,1912,3186
RZDF,2025-06-27T10:45:00Z,2025-06-27T10:45:06Z,2025-06-28,North West,N/A,1876,3127
RZDF,2025-06-27T10:45:00Z,2025-06-27T10:45:06Z,2025-06-28,South Scotland,N/A,891,1484
RZDF,2025-06-27T10:45:00Z,2025-06-27T10:45:06Z,2025-06-28,North Scotland,N/A,76,126
RZDF,2025-06-27T08:00:00Z,2025-06-27T08:00:06Z,2025-06-28,South East,N/A,4400,7334
RZDF,2025-06-27T08:00:00Z,2025-06-27T08:00:06Z,2025-06-28,South West,N/A,2832,4721
RZDF,2025-06-27T08:00:00Z,2025-06-27T08:00:06Z,2025-06-28,Midlands,N/A,2930,4883
RZDF,2025-06-27T08:00:00Z,2025-06-27T08:00:06Z,2025-06-28,North East,N/A,1930,3217
RZDF,2025-06-27T08:00:00Z,2025-06-27T08:00:06Z,2025-06-28,North West,N/A,1894,3157
RZDF,2025-06-27T08:00:00Z,2025-06-27T08:00:06Z,2025-06-28,South Scotland,N/A,899,1499
RZDF,2025-06-27T08:00:00Z,2025-06-27T08:00:06Z,2025-06-28,North Scotland,N/A,76,127
RZDF,2025-06-26T16:00:00Z,2025-06-26T16:00:06Z,2025-06-27,South East,N/A,4646,7744
RZDF,2025-06-26T16:00:00Z,2025-06-26T16:00:06Z,2025-06-27,South West,N/A,2991,4984
RZDF,2025-06-26T16:00:00Z,2025-06-26T16:00:06Z,2025-06-27,Midlands,N/A,3093,5155
RZDF,2025-06-26T16:00:00Z,2025-06-26T16:00:06Z,2025-06-27,North East,N/A,2038,3397
RZDF,2025-06-26T16:00:00Z,2025-06-26T16:00:06Z,2025-06-27,North West,N/A,2000,3333
RZDF,2025-06-26T16:00:00Z,2025-06-26T16:00:06Z,2025-06-27,South Scotland,N/A,949,1582
RZDF,2025-06-26T16:00:00Z,2025-06-26T16:00:06Z,2025-06-27,North Scotland,N/A,81,134
RZDF,2025-06-26T10:45:00Z,2025-06-26T10:45:04Z,2025-06-27,South East,N/A,4578,7630
RZDF,2025-06-26T10:45:00Z,2025-06-26T10:45:04Z,2025-06-27,South West,N/A,2947,4911
RZDF,2025-06-26T10:45:00Z,2025-06-26T10:45:04Z,2025-06-27,Midlands,N/A,3048,5080
RZDF,2025-06-26T10:45:00Z,2025-06-26T10:45:04Z,2025-06-27,North East,N/A,2008,3347
RZDF,2025-06-26T10:45:00Z,2025-06-26T10:45:04Z,2025-06-27,North West,N/A,1971,3284
RZDF,2025-06-26T10:45:00Z,2025-06-26T10:45:04Z,2025-06-27,South Scotland,N/A,935,1559
RZDF,2025-06-26T10:45:00Z,2025-06-26T10:45:04Z,2025-06-27,North Scotland,N/A,79,132
RZDF,2025-06-26T08:00:00Z,2025-06-26T08:00:09Z,2025-06-27,South East,N/A,4629,7715
RZDF,2025-06-26T08:00:00Z,2025-06-26T08:00:09Z,2025-06-27,South West,N/A,2980,4966
RZDF,2025-06-26T08:00:00Z,2025-06-26T08:00:09Z,2025-06-27,Midlands,N/A,3082,5136
RZDF,2025-06-26T08:00:00Z,2025-06-26T08:00:09Z,2025-06-27,North East,N/A,2030,3384
RZDF,2025-06-26T08:00:00Z,2025-06-26T08:00:09Z,2025-06-27,North West,N/A,1993,3321
RZDF,2025-06-26T08:00:00Z,2025-06-26T08:00:09Z,2025-06-27,South Scotland,N/A,946,1577
RZDF,2025-06-26T08:00:00Z,2025-06-26T08:00:09Z,2025-06-27,North Scotland,N/A,80,134
RZDF,2025-06-25T16:00:00Z,2025-06-25T16:00:06Z,2025-06-26,South East,N/A,4737,7895
RZDF,2025-06-25T16:00:00Z,2025-06-25T16:00:06Z,2025-06-26,South West,N/A,3049,5081
RZDF,2025-06-25T16:00:00Z,2025-06-25T16:00:06Z,2025-06-26,Midlands,N/A,3154,5256
RZDF,2025-06-25T16:00:00Z,2025-06-25T16:00:06Z,2025-06-26,North East,N/A,2078,3463
RZDF,2025-06-25T16:00:00Z,2025-06-25T16:00:06Z,2025-06-26,North West,N/A,2039,3398
RZDF,2025-06-25T16:00:00Z,2025-06-25T16:00:06Z,2025-06-26,South Scotland,N/A,968,1613
RZDF,2025-06-25T16:00:00Z,2025-06-25T16:00:06Z,2025-06-26,North Scotland,N/A,82,137
RZDF,2025-06-25T10:45:00Z,2025-06-25T10:45:05Z,2025-06-26,South East,N/A,4703,7838
RZDF,2025-06-25T10:45:00Z,2025-06-25T10:45:05Z,2025-06-26,South West,N/A,3027,5045
RZDF,2025-06-25T10:45:00Z,2025-06-25T10:45:05Z,2025-06-26,Midlands,N/A,3131,5218
RZDF,2025-06-25T10:45:00Z,2025-06-25T10:45:05Z,2025-06-26,North East,N/A,2063,3438
RZDF,2025-06-25T10:45:00Z,2025-06-25T10:45:05Z,2025-06-26,North West,N/A,2024,3374
RZDF,2025-06-25T10:45:00Z,2025-06-25T10:45:05Z,2025-06-26,South Scotland,N/A,961,1602
RZDF,2025-06-25T10:45:00Z,2025-06-25T10:45:05Z,2025-06-26,North Scotland,N/A,82,136
RZDF,2025-06-25T08:00:00Z,2025-06-25T08:00:07Z,2025-06-26,South East,N/A,4749,7915
RZDF,2025-06-25T08:00:00Z,2025-06-25T08:00:07Z,2025-06-26,South West,N/A,3057,5095
RZDF,2025-06-25T08:00:00Z,2025-06-25T08:00:07Z,2025-06-26,Midlands,N/A,3162,5270
RZDF,2025-06-25T08:00:00Z,2025-06-25T08:00:07Z,2025-06-26,North East,N/A,2083,3472
RZDF,2025-06-25T08:00:00Z,2025-06-25T08:00:07Z,2025-06-26,North West,N/A,2044,3407
RZDF,2025-06-25T08:00:00Z,2025-06-25T08:00:07Z,2025-06-26,South Scotland,N/A,971,1618
RZDF,2025-06-25T08:00:00Z,2025-06-25T08:00:07Z,2025-06-26,North Scotland,N/A,82,137
