SETTLEMENT_DATE,SETTLEMENT_PERIOD,ND,TSD,ENGLAND_WALES_DEMAND,EMBEDDED_WIND_GENERATION,EMBEDDED_WIND_CAPACITY,EMBEDDED_SOLAR_GENERATION,EMBEDDED_SOLAR_CAPACITY,NON_BM_STOR,PUMP_STORAGE_PUMPING,SCOTTISH_TRANSFER,IFA_FLOW,IFA2_FLOW,BRITNED_FLOW,MOYLE_FLOW,EAST_WEST_FLOW,NEMO_FLOW,NSL_FLOW,ELECLINK_FLOW,VIKING_FLOW,GREENLINK_FLOW,renewables,interconnector,demand_norm,renewables_norm,interconnector_norm,simulated_price,hour
01/01/2026,1,25107,29668,23625,4252,6606,0,22126,0,455,2945,-1143,-610,989,-361,-527,209,677,-352,1021,-513,4252,-610,0.2352193916088718,0.23570693931877307,0.4225658062867365,43.88625135905695,0.0
01/01/2026,2,25881,30361,24341,4332,6606,0,22126,0,455,2909,-1132,-606,1005,-361,-453,243,648,-359,994,-514,4332,-535,0.2617935864863009,0.24054691753887109,0.4273575261947355,44.735270665872896,0.5
01/01/2026,3,25355,30681,23805,4361,6606,0,22126,0,546,3061,-1433,-594,844,-361,-524,343,667,-754,994,-514,4361,-1332,0.24373412071688524,0.2423014096436566,0.3764375159723997,44.95169537957889,1.0
01/01/2026,4,24762,30225,23226,4390,6606,0,22126,0,629,2980,-1469,-589,837,-361,-531,346,650,-770,990,-514,4390,-1411,0.22337430474490147,0.24405590174844213,0.37139023766930745,44.18549038395664,1.5
01/01/2026,5,24111,29092,22653,4351,6606,0,22126,0,834,3089,-1236,-431,949,-361,-531,146,413,-475,990,-513,4351,-1049,0.20102314083636613,0.24169641236614436,0.3945182724252492,42.89966781396534,2.0
01/01/2026,6,23637,28521,22147,4312,6606,0,22126,0,787,3323,-1208,-423,953,-361,-531,139,359,-460,990,-514,4312,-1056,0.18474902149282427,0.23933692298384657,0.3940710452338359,42.32843226552086,2.5
01/01/2026,7,22745,27909,21334,4306,6606,0,22126,0,1002,3649,-1030,-530,726,-361,-531,82,56,-596,990,-514,4306,-1708,0.1541234635720662,0.2389739246173392,0.35241502683363146,41.94742026768984,3.0
01/01/2026,8,22061,27224,20657,4300,6606,0,22126,0,997,3778,-1007,-540,716,-361,-531,80,7,-613,990,-514,4300,-1773,0.13063929135480326,0.23861092625083188,0.3482622029133657,41.10199980839986,3.5
01/01/2026,9,21715,27508,20229,4274,6606,0,22126,0,983,4063,-1174,-617,655,-361,-531,167,-126,-887,970,-514,4274,-2418,0.11875987090571997,0.2370379333293,0.3070534117045745,41.49818860225831,4.0
01/01/2026,10,21429,27288,19981,4248,6606,0,22126,0,988,4103,-1195,-624,652,-361,-531,164,-143,-903,968,-514,4248,-2487,0.10894046556341414,0.23546494040776816,0.30264502938921545,41.24076982251921,4.5
01/01/2026,11,21099,27198,19657,4287,6606,0,22126,0,984,4180,-1032,-687,738,-361,-531,-387,-148,-855,985,-514,4287,-2792,0.09761038247613815,0.23782442979006593,0.28315870176335295,41.10650837007648,5.0
01/01/2026,12,21047,27136,19640,4325,6606,0,22126,0,966,4338,-1011,-683,741,-361,-531,-412,-162,-849,986,-514,4325,-2796,0.09582503605026436,0.2401234194446125,0.28290314336825967,40.971235991307005,5.5
01/01/2026,13,21525,27110,20093,4310,6606,0,22126,0,967,4176,-1047,-397,786,-361,-531,-45,-337,-786,976,-514,4310,-2256,0.11223648973425805,0.23921592352834412,0.3174035267058523,40.964911349402946,6.0
01/01/2026,14,21786,27310,20377,4294,6606,0,22126,0,941,4349,-1050,-378,787,-361,-531,-20,-350,-780,975,-513,4294,-2221,0.12119755544873996,0.23824792788432453,0.3196396626629185,41.307671128161495,6.5
01/01/2026,15,22674,27214,21229,4224,6606,0,22126,0,686,4344,-484,-406,799,-421,-531,641,-241,-658,985,-513,4224,-829,0.1516857790290462,0.23401294694173877,0.4085739841553795,50.8755630698021,7.0
01/01/2026,16,22862,27553,21399,4154,6606,0,22126,0,928,4378,-415,-397,799,-452,-531,676,-221,-633,986,-514,4154,-702,0.15814049303028221,0.229777965999153,0.4166879631995911,51.09852147724487,7.5
01/01/2026,17,24036,27423,22496,4073,6606,2,22126,0,951,4390,-125,-30,665,-452,-531,833,-150,-35,986,-513,4075,648,0.19844812195289432,0.22499848750680623,0.5029389215435727,51.12919182204013,8.0
01/01/2026,18,24747,28009,23154,3991,6606,233,22126,0,947,4242,-85,1,660,-452,-531,838,-133,14,986,-514,4224,784,0.2228593009682071,0.23401294694173877,0.5116279069767442,51.66142549094124,8.5
01/01/2026,19,25425,28493,23709,3975,6606,928,22126,0,952,4078,597,210,599,-452,-531,726,-19,132,989,-514,4903,1737,0.24613747167479227,0.2750922620848206,0.5725146946077179,50.14243711229272,9.0
01/01/2026,20,25987,29028,24198,3958,6606,1741,22126,0,940,4142,706,232,596,-452,-531,722,-5,148,990,-513,5699,1893,0.26543294650827437,0.3232500453747958,0.5824814720163557,49.27018705875999,9.5
01/01/2026,21,26752,29799,24864,4013,6606,2370,22126,0,947,4259,970,532,405,-452,-531,739,-4,489,990,-513,6383,2625,0.2916981391196869,0.3646318591566338,0.6292486583184258,48.14399662371994,10.0
01/01/2026,22,26959,29994,25003,4068,6606,2978,22126,0,927,4323,1002,556,384,-452,-531,741,-12,510,990,-513,7046,2675,0.2988051912380691,0.40474317865569603,0.6324431382570918,37.161049524710045,10.5
01/01/2026,23,27178,30214,25172,4099,6606,3323,22126,0,832,4486,1003,687,3,-452,-531,1005,-107,515,991,-514,7422,2600,0.30632424637780675,0.4274910762901567,0.6276514183490928,36.87520919942571,11.0
01/01/2026,24,27697,30767,25570,4130,6606,3368,22126,0,869,4482,1003,703,1,-452,-531,1014,-105,525,994,-513,7498,2639,0.3241433770514317,0.4320890555992498,0.6301431127012522,37.40020116005472,11.5
01/01/2026,25,28878,31595,26716,4206,6606,3161,22126,0,620,4562,1416,970,306,-452,-531,1016,65,863,992,-514,7367,4131,0.36469134106983453,0.4241635912638393,0.7254663940710452,37.35341802345731,12.0
01/01/2026,26,29308,32123,27142,4282,6606,2692,22126,0,718,4521,1466,988,342,-452,-531,1016,84,883,991,-514,6974,4273,0.3794547826684062,0.4003871982576078,0.7345387170968566,38.47580101707089,12.5
01/01/2026,27,29551,32281,27378,4321,6606,2320,22126,0,634,4433,1496,982,834,-452,-531,1016,54,806,991,-513,6641,4683,0.3877978438508549,0.38024078891644986,0.7607334525939177,38.893447579419245,13.0
01/01/2026,28,29977,32498,27726,4360,6606,1880,22126,0,424,4369,1499,983,852,-452,-531,1016,79,802,992,-514,6240,4726,0.4024239511089748,0.3559803980882086,0.7634807053411704,40.277352211920885,13.5
01/01/2026,29,30357,32488,28131,4407,6606,1430,22126,0,34,4256,1482,992,317,-452,-531,981,451,834,992,-514,5837,4552,0.4154707134518986,0.3315990078044649,0.7523639151546129,42.045647781342325,14.0
01/01/2026,30,30466,32586,28309,4453,6606,1026,22126,0,23,4216,1480,992,298,-452,-531,980,527,836,991,-514,5479,4607,0.419213074229211,0.3099401052695263,0.7558778430871455,43.0691978540556,14.5
01/01/2026,31,31184,33295,28959,4454,6606,529,22126,0,14,3752,1502,992,920,-452,-531,996,901,803,991,-514,4983,5608,0.4438645883403145,0.27993224030491864,0.8198313314592385,44.57241857922415,15.0
01/01/2026,32,32188,34292,29797,4455,6606,107,22126,0,8,3366,1504,992,953,-452,-531,997,977,806,991,-513,4562,5724,0.4783355077937238,0.25446185492165285,0.8272425249169435,47.961878912777564,15.5
01/01/2026,33,33178,35279,30580,4415,6606,0,22126,0,5,3159,1504,992,701,-452,-531,986,1350,986,991,-513,4415,6014,0.5123257570555517,0.24556839494222277,0.8457705085612063,60.48013767723096,16.0
01/01/2026,34,34312,36409,31643,4375,6606,0,22126,0,1,3363,1504,992,692,-452,-531,985,1397,998,990,-513,4375,6062,0.5512600425736456,0.24314840583217376,0.8488372093023255,63.47517218366461,16.5
01/01/2026,35,35082,37181,32333,4322,6606,0,22126,0,3,3128,1504,992,1009,-452,-531,996,1397,997,991,-513,4322,6390,0.5776969031106228,0.23994192026135883,0.8697929976999744,65.35846426895506,17.0
01/01/2026,36,34820,36920,32231,4269,6606,0,22126,0,3,3237,1504,992,1021,-452,-531,997,1397,998,991,-514,4269,6403,0.5687015038110279,0.2367354346905439,0.8706235624840276,64.8456141248826,17.5
01/01/2026,37,34342,36442,31848,4281,6606,0,22126,0,3,3385,1504,992,1051,-452,-531,997,1397,998,991,-514,4281,6433,0.5522900501270342,0.2374614314235586,0.8725402504472272,63.46397760271438,18.0
01/01/2026,38,33772,35873,31268,4293,6606,0,22126,0,4,3416,1504,991,1052,-452,-531,997,1397,996,991,-514,4293,6431,0.5327199066126485,0.2381874281565733,0.8724124712496806,61.91988684674382,18.5
01/01/2026,39,33088,35200,30593,4204,6606,0,22126,0,4,3529,1427,960,1051,-452,-531,988,1397,916,991,-525,4204,6222,0.5092357343953856,0.23280295238671425,0.8590595451060568,60.78905488023608,19.0
01/01/2026,40,32298,34402,29801,4114,6606,0,22126,0,7,3604,1417,951,1051,-452,-531,988,1397,907,991,-514,4114,6205,0.48211220215614914,0.227357976889104,0.8579734219269103,59.19826325851939,19.5
01/01/2026,41,31002,33107,28581,4090,6606,0,22126,0,8,3374,1272,722,1048,-452,-531,996,1397,777,991,-514,4090,5706,0.43761587584975625,0.2259059834230746,0.8260925121390238,56.89487000159657,20.0
01/01/2026,42,30312,32419,27842,4065,6606,0,22126,0,11,3099,1253,699,1048,-452,-531,996,1378,762,991,-513,4065,5631,0.41392570212181556,0.22439349022929397,0.8213007922310248,45.55455509406562,20.5
01/01/2026,43,29074,31181,26677,3992,6606,0,22126,0,10,3665,853,462,807,-452,-531,687,1141,518,991,-514,3992,3962,0.37142072375197416,0.21997701010345452,0.7146690518783542,45.340249513627526,21.0
01/01/2026,44,28250,30351,25900,3918,6606,0,22126,0,4,3721,803,444,797,-452,-531,668,1083,498,991,-514,3918,3787,0.3431298496188972,0.2155000302498639,0.7034883720930233,44.16778788292983,21.5
01/01/2026,45,26740,28849,24560,3841,6606,0,22126,0,12,3892,641,397,730,-452,-531,102,710,345,991,-514,3841,2419,0.29128613609833137,0.21084155121301953,0.6160874009711219,43.39273076236244,22.0
01/01/2026,46,25441,27804,23426,3763,6606,0,22126,0,266,4132,620,390,729,-452,-531,74,635,334,991,-514,3763,2276,0.2466868090365996,0.20612257244842397,0.6069511883465372,41.64349885847941,22.5
01/01/2026,47,24509,27429,22504,3770,6606,0,22126,0,823,4206,823,271,793,-452,-531,214,262,291,991,-514,3770,2148,0.2146879077113232,0.20654607054268256,0.5987733197035523,40.41964516885025,23.0
01/01/2026,48,23967,27298,22031,3776,6606,0,22126,0,1235,4329,851,276,795,-452,-531,219,186,298,986,-513,3776,2115,0.19607910458010025,0.20690906890918992,0.5966649629440327,39.70259285704766,23.5
02/01/2026,1,24638,27929,22657,3836,6606,0,22126,0,1025,4132,1379,709,790,-429,-531,182,-192,665,814,-514,3836,2873,0.21911694019089473,0.21053905257426342,0.6450932788142091,39.551055263481516,0.0
02/01/2026,2,25279,28783,23364,3895,6606,0,22126,0,1230,4328,1445,737,789,-361,-531,180,-268,688,800,-514,3895,2965,0.24112476824830048,0.2141085365115857,0.6509711219013544,40.24610480319247,0.5
02/01/2026,3,24599,28450,22686,3928,6606,0,22126,0,1226,4384,1410,663,440,-361,-500,150,-650,632,767,-514,3928,2037,0.2177779303714894,0.21610502752737612,0.5916815742397138,40.394502820479566,1.0
02/01/2026,4,24088,27936,22217,3960,6606,0,22126,0,1228,4269,1405,664,426,-361,-426,149,-719,626,768,-514,3960,2018,0.2002334683787681,0.21804101881541532,0.5904676718630207,39.65875473342785,1.5
02/01/2026,5,23737,27767,21917,3927,6606,0,22126,0,1037,4359,1029,874,721,-361,-524,126,-994,556,908,-514,3927,1821,0.18818238000412002,0.2160445277996249,0.5778814209046768,39.48833094808252,2.0
02/01/2026,6,23112,27261,21300,3893,6606,0,22126,0,1164,4174,984,875,729,-361,-473,125,-1028,559,913,-523,3893,1800,0.16672388930852158,0.21398753705608325,0.576539739330437,38.71853467404962,2.5
02/01/2026,7,22444,26684,20673,3858,6606,0,22126,0,1209,4399,1053,415,282,-361,-526,118,-1030,804,692,-514,3858,933,0.143789054453066,0.21187004658479036,0.5211474571939688,38.97251163669955,3.0
02/01/2026,8,22201,26435,20388,3823,6606,0,22126,0,1209,4236,1062,381,260,-361,-531,118,-1019,816,667,-514,3823,879,0.13544599327061732,0.2097525561134975,0.5176974188602096,38.77131467021558,3.5
02/01/2026,9,21842,25748,20085,3798,6606,0,22126,0,1029,4388,873,306,116,-361,-508,-9,-885,667,383,-514,3798,68,0.12312023621506557,0.20824006291971686,0.4658829542550473,39.35994847591017,4.0
02/01/2026,10,21718,25581,19991,3772,6606,0,22126,0,1069,4507,850,307,110,-361,-467,-14,-838,649,361,-514,3772,83,0.11886287166105884,0.20666706999818502,0.46684129823664705,39.21767680176386,4.5
02/01/2026,11,21838,25433,20147,3721,6606,0,22126,0,927,4354,556,540,-142,-361,-330,-269,-452,348,298,-514,3721,-326,0.12298290187461375,0.20358158388287254,0.4407104523383593,39.997659511731186,5.0
02/01/2026,12,22527,25784,20807,3669,6606,0,22126,0,636,4361,520,557,-153,-361,-340,-279,-375,329,295,-513,3669,-320,0.14663874201744145,0.20043559803980882,0.44109378993099924,41.030605940883405,5.5
02/01/2026,13,24117,26322,22279,3600,6606,0,22126,0,15,4075,389,568,183,-361,-226,-489,3,322,372,-514,3600,247,0.20122914234704387,0.1962611168249743,0.4773191924354715,42.61642921707837,6.0
02/01/2026,14,25200,27435,23316,3530,6606,0,22126,0,12,3915,377,568,198,-361,-251,-497,80,332,392,-514,3530,324,0.23841241502437685,0.19202613588238854,0.4822386915410171,44.26003990724138,6.5
02/01/2026,15,27068,28952,24972,3428,6606,0,22126,0,12,3688,1221,541,149,-338,-130,-302,452,716,945,-502,3428,2752,0.30254755201538147,0.18585516365176358,0.6373626373626373,54.59602123392993,7.0
02/01/2026,16,28028,30050,26023,3326,6606,0,22126,0,12,3764,1327,551,160,-430,-179,-288,527,746,985,-513,3326,2886,0.33550779372382067,0.17968419142113862,0.6459238435982622,56.568168836428484,7.5
02/01/2026,17,30119,31943,28035,3283,6606,2,22126,0,12,4035,1444,964,941,-452,-246,280,901,944,985,-514,3285,5247,0.40729932019501475,0.17720370258333837,0.79676718630207,58.21715759890497,8.0
02/01/2026,18,31484,33269,29317,3240,6606,294,22126,0,8,4201,1458,992,997,-406,-257,313,977,958,985,-514,3534,5503,0.45416466387420174,0.19226813479339344,0.8131229235880398,60.25147155607994,8.5
02/01/2026,19,32608,34586,30213,3248,6606,1527,22126,0,8,3880,1500,992,1045,-449,-407,812,1350,995,992,-514,4775,6316,0.492755613541166,0.2673482969326638,0.8650651673907488,57.43697978869048,9.0
02/01/2026,20,32481,34579,30010,3255,6606,3076,22126,0,9,3301,1505,992,1047,-452,-523,835,1398,998,992,-514,6331,6278,0.48839524823182034,0.36148587331357007,0.8626373626373627,52.40484584364692,9.5
02/01/2026,21,32207,34255,29653,3293,6606,4659,22126,0,8,3556,1505,992,1047,-451,-475,844,1397,997,992,-514,7952,6334,0.47898784591087,0.459555931998306,0.8662151801686685,48.07118822981056,10.0
02/01/2026,22,31536,33542,28923,3330,6606,5875,22126,0,9,3664,1505,989,1047,-452,-431,844,1397,996,992,-514,9205,6373,0.45595001030007554,0.5353620908705911,0.868706874520828,34.80300019546873,10.5
02/01/2026,23,31535,33319,28797,3266,6606,6718,22126,0,13,4029,1345,883,997,-406,-283,972,1397,939,992,-482,9984,6354,0.4559156767149626,0.5824913787887954,0.8674929721441349,33.41202626205193,11.0
02/01/2026,24,31552,33301,28683,3202,6606,7118,22126,0,13,3658,1324,877,996,-450,-173,977,1397,934,992,-513,10320,6361,0.4564993476618828,0.6028192873132071,0.8679401993355482,32.81659130036813,11.5
02/01/2026,25,31434,33214,28469,3176,6606,7142,22126,0,13,3525,1481,905,921,-452,-201,999,1397,910,992,-514,10318,6438,0.45244798461855384,0.6026982878577046,0.8728596984410938,32.55977678018914,12.0
02/01/2026,26,30998,32783,28091,3150,6606,6961,22126,0,9,3054,1501,908,919,-452,-210,1000,1397,909,992,-514,10111,6450,0.4374785415093044,0.590174844213201,0.8736263736263736,32.321368861448676,12.5
02/01/2026,27,31849,33565,28878,3011,6606,6235,22126,0,9,3558,1467,935,1018,-452,-159,797,1397,951,985,-496,9246,6443,0.46669642244043125,0.5378425797083913,0.8731791464349604,35.0689965776663,13.0
02/01/2026,28,32134,33779,29148,2872,6606,5261,22126,0,10,3837,1464,937,988,-452,-70,790,1397,954,985,-513,8133,6480,0.4764814941976241,0.47050638272127776,0.8755430615895732,37.43534917190445,13.5
02/01/2026,29,32785,34478,29702,2773,6606,4165,22126,0,12,4165,1475,933,493,-452,-194,857,1397,995,985,-435,6938,6054,0.49883265810615945,0.39820920805856375,0.848326092512139,41.64801295421554,14.0
02/01/2026,30,34258,36027,31225,2674,6606,2716,22126,0,16,3995,1476,934,497,-427,-310,859,1397,994,985,-416,5390,5989,0.5494060289775459,0.30455562949966725,0.8441732685918732,49.55320998974295,14.5
02/01/2026,31,35840,37685,32707,2707,6606,1040,22126,0,15,4305,1503,977,1020,-407,-460,730,1397,860,985,-363,3747,6242,0.6037217606262446,0.20515457680440438,0.8603373370815232,60.31883438046753,15.0
02/01/2026,32,37053,39118,33989,2739,6606,150,22126,0,8,4283,1506,977,1046,-451,-531,726,1398,852,994,-475,2889,6042,0.6453683993682621,0.15324581039385324,0.8475594173268591,68.7972518711102,15.5
02/01/2026,33,38278,40285,35140,2731,6606,0,22126,0,5,4270,1506,877,998,-451,-531,634,1397,870,1218,-420,2731,6098,0.687427041131635,0.14368685340915965,0.8511372348581651,83.90293485049567,16.0
02/01/2026,34,39928,42014,36680,2722,6606,0,22126,0,0,4322,1506,872,997,-452,-531,631,1397,872,1239,-503,2722,6028,0.7440774565680148,0.14314235585939863,0.8466649629440327,90.20290804387847,16.5
02/01/2026,35,41154,43251,37783,2762,6606,0,22126,0,0,4176,1505,934,1045,-452,-531,804,1398,874,1412,-514,2762,6475,0.7861704319165007,0.14556234496944764,0.8752236135957067,94.19819791938025,17.0
02/01/2026,36,41156,43252,37852,2802,6606,0,22126,0,0,4291,1506,938,1046,-451,-531,810,1397,878,1424,-514,2802,6503,0.7862390990867266,0.14798233407949665,0.8770125223613596,93.91214537850664,17.5
02/01/2026,37,40524,42621,37439,2883,6606,0,22126,0,0,4309,1506,930,1046,-452,-531,705,1398,989,1425,-514,2883,6502,0.7645402732953375,0.15288281202734588,0.8769486327625863,90.90364491122968,18.0
02/01/2026,38,39659,41755,36664,2963,6606,0,22126,0,0,4222,1506,928,1046,-451,-531,701,1397,996,1425,-514,2963,6503,0.7348417221726292,0.1577227902474439,0.8770125223613596,87.10571042744266,18.5
02/01/2026,39,38839,40938,35980,2979,6606,0,22126,0,3,4158,1452,859,1046,-451,-531,753,1397,974,1425,-514,2979,6410,0.7066881823800041,0.1586907858914635,0.8710707896754408,84.10345671844058,19.0
02/01/2026,40,37528,39633,34742,2994,6606,0,22126,0,8,4048,1446,853,1047,-452,-531,750,1398,970,1425,-514,2994,6392,0.6616768522969169,0.15959828180773186,0.8699207768975211,79.4056835563621,19.5
02/01/2026,41,36462,38565,33788,3021,6606,0,22126,0,7,4074,1337,805,1040,-451,-531,231,1397,879,1424,-514,3021,5617,0.6250772505665042,0.16123177445701495,0.8204063378481983,76.66716757442008,20.0
02/01/2026,42,35327,37430,32766,3047,6606,0,22126,0,12,3934,1323,789,1045,-452,-525,206,1397,860,1425,-514,3047,5554,0.5861086314632974,0.1628047673785468,0.8163812931254791,62.98374605561077,20.5
02/01/2026,43,33661,35743,31251,3134,6606,0,22126,0,12,3856,725,338,1047,-452,-413,-91,1398,428,1425,-514,3134,3891,0.5289088786651102,0.16806824369290338,0.7101328903654485,59.72400785933706,21.0
02/01/2026,44,32533,34369,30245,3221,6606,0,22126,0,10,3673,651,306,1047,-406,-262,-103,1397,399,1424,-455,3221,3998,0.49018059465769415,0.17333172000725997,0.7169690774341937,56.09148319944089,21.5
02/01/2026,45,30540,32619,28412,3276,6606,0,22126,0,10,3485,633,273,926,-450,-121,-390,1397,370,1397,-508,3276,3527,0.4217537595275699,0.17665920503357735,0.6868770764119602,51.4371131404128,22.0
02/01/2026,46,29364,31504,27366,3331,6606,0,22126,0,8,3540,631,265,918,-452,-191,-402,1397,366,1384,-487,3331,3429,0.38137746343473183,0.17998669005989473,0.6806158957321748,48.67667453697983,22.5
02/01/2026,47,27671,29897,25644,3374,6606,0,22126,0,7,3500,445,51,441,-452,-316,-346,1397,327,944,-505,3374,1986,0.3232507038384948,0.1825881783531974,0.5884232047022745,46.8710754734525,23.0
02/01/2026,48,26765,29146,24778,3417,6606,0,22126,0,7,3570,423,36,418,-452,-466,-342,1397,323,918,-514,3417,1741,0.2921444757261553,0.18518966664650008,0.5727702530028111,45.36104384071093,23.5
03/01/2026,1,26819,28862,24824,3502,6606,0,22126,0,7,3690,592,0,352,-452,-470,27,1397,271,1099,-514,3502,2302,0.29399848932225503,0.1903321435053542,0.6086123179146435,44.522531584738466,0.0
03/01/2026,2,27327,29214,25407,3587,6606,0,22126,0,16,3682,614,1,351,-429,-328,42,1385,269,1115,-514,3587,2506,0.3114399505596374,0.19547462036420837,0.6216457960644007,44.967320958611324,0.5
03/01/2026,3,26780,29224,24982,3642,6606,0,22126,0,592,3750,702,128,705,-362,-376,167,1234,329,1224,-514,3642,3237,0.2926594795028497,0.19880210539052573,0.6683490927676974,42.90388656355991,1.0
03/01/2026,4,26033,29069,24331,3697,6606,0,22126,0,1208,3824,713,137,719,-361,-354,172,1197,333,1225,-513,3697,3268,0.26701229142347044,0.2021295904168431,0.6703296703296703,41.46259643123504,1.5
03/01/2026,5,25281,28467,23659,3742,6606,0,22126,0,1246,3939,684,164,659,-362,-464,193,971,331,884,-514,3742,2546,0.2411934354185264,0.20485207816564827,0.6242013800153335,41.09738912628381,2.0
03/01/2026,6,24861,28087,23319,3787,6606,0,22126,0,1238,4132,680,167,655,-361,-514,194,932,330,855,-513,3787,2425,0.22677332967108427,0.2075745659144534,0.6164707385637618,40.536396989921506,2.5
03/01/2026,7,24408,27612,22906,3753,6606,0,22126,0,1234,4002,516,220,399,-361,-496,202,790,325,712,-513,3753,1794,0.2112202156149145,0.20551757517091174,0.5761564017377971,40.7621045411953,3.0
03/01/2026,8,23850,27071,22367,3719,6606,0,22126,0,1233,4062,495,218,389,-361,-513,202,751,323,696,-514,3719,1686,0.19206207512188422,0.20346058442737008,0.5692563250702786,40.19353897064869,3.5
03/01/2026,9,23469,26605,21998,3630,6606,0,22126,0,1213,4235,341,27,264,-361,-448,122,480,259,549,-514,3630,719,0.17898097919384742,0.19807610865751105,0.5074750830564784,41.067454246899,4.0
03/01/2026,10,23350,26413,21824,3541,6606,0,22126,0,1217,4208,322,18,259,-361,-371,119,417,255,535,-514,3541,679,0.17489528256540549,0.192691632887652,0.5049194991055456,41.11667233387575,4.5
03/01/2026,11,22843,25766,21353,3598,6606,0,22126,0,1213,4483,233,155,105,-361,-220,-15,43,239,414,-514,3598,79,0.15748815491313603,0.19614011736947184,0.46658573984155377,41.08360787861021,5.0
03/01/2026,12,22942,25727,21519,3654,6606,0,22126,0,1194,4574,221,167,102,-361,-96,-20,14,239,402,-514,3654,154,0.16088717983931883,0.19952810212354044,0.47137745974955275,41.02209493487548,5.5
03/01/2026,13,23925,26272,22384,3694,6606,0,22126,0,858,4488,188,241,131,-372,-2,-1,236,253,272,-514,3694,432,0.19463709400535603,0.20194809123358945,0.48913876820853563,41.94426565903585,6.0
03/01/2026,14,24758,26796,23099,3733,6606,0,22126,0,529,4622,185,250,133,-395,0,0,293,256,258,-514,3733,466,0.22323697040444962,0.20430758061588722,0.4913110145668285,42.995530414230835,6.5
03/01/2026,15,25980,27426,24216,3755,6606,0,22126,0,74,4321,304,398,301,-258,0,119,665,319,75,-514,3755,1409,0.2651926114124837,0.2056385746264142,0.551558906210069,53.62017009135654,7.0
03/01/2026,16,27139,28407,25247,3777,6606,0,22126,0,16,4157,319,406,308,-138,0,124,724,323,65,-514,3777,1617,0.30498523655840143,0.20696956863694113,0.5648479427549195,55.269787817614834,7.5
03/01/2026,17,28864,30188,26812,3754,6606,4,22126,0,11,3944,441,324,425,-199,0,412,874,335,157,-514,3758,2255,0.3642106708782531,0.20582007380966785,0.6056095067722975,57.78688935977872,8.0
03/01/2026,18,30070,31526,27842,3730,6606,339,22126,0,9,3859,456,324,431,-333,0,423,915,344,171,-514,4069,2217,0.40561697452447987,0.22463548914029888,0.6031817020189113,59.38723814950387,8.5
03/01/2026,19,31412,33037,28964,3653,6606,1614,22126,0,9,3627,851,550,816,-444,-58,586,1196,593,389,-514,5267,3965,0.4516926457460688,0.2971141629862666,0.7148607206746742,56.290736966700614,9.0
03/01/2026,20,31534,33266,28975,3576,6606,3359,22126,0,9,3379,899,566,833,-450,-159,592,1214,610,408,-514,6935,3999,0.4558813431298496,0.3980277088753101,0.717032967032967,52.154585698062824,9.5
03/01/2026,21,31461,33153,28766,3502,6606,4848,22126,0,8,3755,839,591,652,-450,-120,704,999,638,505,-514,8350,3844,0.4533749914166037,0.48363482364329363,0.7071300792231024,49.483353362903294,10.0
03/01/2026,22,31316,33069,28542,3427,6606,6048,22126,0,7,4037,832,592,645,-450,-183,708,965,642,509,-513,9475,3747,0.44839662157522486,0.5516970173634219,0.7009327881420905,37.366298579264516,10.5
03/01/2026,23,30820,32613,28022,3388,6606,6885,22126,0,7,4071,891,567,762,-450,-222,744,876,695,407,-514,10273,3756,0.43136716335919795,0.5999758001088995,0.7015077945310504,35.22525664047993,11.0
03/01/2026,24,30465,32295,27740,3349,6606,7274,22126,0,7,4316,898,568,766,-450,-259,746,856,698,399,-514,10623,3708,0.41917874064409805,0.6211507048218283,0.698441093789931,34.16380660531044,11.5
03/01/2026,25,30482,32285,27729,3456,6606,7118,22126,0,7,4406,1001,633,647,-450,-233,795,745,677,399,-513,10574,3701,0.41976241159101835,0.6181862181620182,0.6979938665985178,34.285032586809834,12.0
03/01/2026,26,30531,32377,27941,3562,6606,6920,22126,0,7,4376,1014,637,642,-450,-275,797,723,677,398,-514,10482,3649,0.4214447572615532,0.6126202432089055,0.6946716074623052,34.58575084494887,12.5
03/01/2026,27,30629,32445,28095,3510,6606,6528,22126,0,7,4349,994,600,422,-450,-246,623,619,730,338,-513,10038,3117,0.4248094486026231,0.5857583640873616,0.6606823409148991,36.2059802031861,13.0
03/01/2026,28,31101,32960,28464,3457,6606,5629,22126,0,10,4344,991,594,413,-450,-285,617,616,725,329,-514,9086,3036,0.441014900775939,0.5281626232681953,0.6555072834142601,38.6855716647065,13.5
03/01/2026,29,31538,33417,28909,3353,6606,4407,22126,0,12,4277,817,458,362,-450,-303,578,745,438,162,-514,7760,2293,0.45601867747030145,0.4479399842700708,0.6080373115256836,42.64571725722566,14.0
03/01/2026,30,32979,34989,30238,3249,6606,2954,22126,0,12,4119,795,449,360,-450,-434,577,758,421,161,-514,6203,2123,0.5054933736180732,0.35374190816141327,0.5971760797342193,49.04566654129078,14.5
03/01/2026,31,34509,36561,31626,3139,6606,1193,22126,0,13,4148,754,444,300,-450,-476,417,720,465,577,-513,4332,2238,0.5580237588408982,0.24054691753887109,0.604523383593151,59.06156784139351,15.0
03/01/2026,32,35570,37680,32565,3029,6606,164,22126,0,16,4246,751,446,302,-450,-531,414,742,472,613,-513,3193,2246,0.594451692645746,0.17163772763022567,0.6050345003833376,67.25454480998505,15.5
03/01/2026,33,37413,39522,34200,3043,6606,0,22126,0,14,3941,1060,501,792,-450,-531,843,1080,596,889,-514,3043,4266,0.6577284900089267,0.1625627684675419,0.7340914899054434,81.46177225559796,16.0
03/01/2026,34,39028,41126,35771,3057,6606,0,22126,0,3,4158,1098,510,816,-450,-531,861,1131,605,916,-514,3057,4442,0.7131772299663531,0.16340976465605905,0.7453360592895477,86.85273102800372,16.5
03/01/2026,35,40635,42736,37357,3072,6606,0,22126,0,6,4130,1337,691,1040,-450,-531,864,1238,626,1220,-514,3072,5521,0.7683513012428758,0.16431726057232743,0.8142729363659597,91.4105028425534,17.0
03/01/2026,36,40792,42893,37495,3087,6606,0,22126,0,6,4201,1365,707,1049,-450,-531,864,1261,632,1244,-514,3087,5627,0.7737416741056101,0.1652247564885958,0.8210452338359315,91.78958993441464,17.5
03/01/2026,37,40315,42418,37057,3115,6606,0,22126,0,8,4015,1152,831,1059,-450,-531,744,1382,796,1333,-514,3115,5802,0.7573645540067294,0.1669187488656301,0.8322259136212624,89.56007635039829,18.0
03/01/2026,38,39661,41764,36379,3143,6606,0,22126,0,8,3999,1126,836,1059,-450,-531,739,1397,801,1340,-514,3143,5803,0.7349103893428551,0.1686127412426644,0.8322898032200358,86.933818846662,18.5
03/01/2026,39,38560,40671,35425,3156,6606,0,22126,0,17,4022,1222,713,1054,-450,-531,644,1397,597,1369,-513,3156,5502,0.697109112133489,0.16939923770343032,0.8130590339892666,83.24986936871062,19.0
03/01/2026,40,37427,39542,34416,3168,6606,0,22126,0,20,4143,1233,700,1054,-450,-531,642,1397,581,1371,-514,3168,5483,0.6582091602005081,0.17012523443644503,0.8118451316125734,79.28126185803109,19.5
03/01/2026,41,36426,38538,33478,3169,6606,0,22126,0,17,3960,769,507,1008,-450,-531,920,1397,488,1307,-514,3169,4901,0.6238412415024377,0.17018573416419627,0.7746613851265014,76.70304909294063,20.0
03/01/2026,42,35483,37596,32577,3170,6606,0,22126,0,18,4024,710,491,1007,-450,-531,931,1398,485,1302,-514,3170,4829,0.5914646707409188,0.17024623389194748,0.7700613340148224,63.79547142507134,20.5
03/01/2026,43,34174,36285,31348,3115,6606,0,22126,0,15,4000,835,401,862,-450,-531,839,1397,568,1276,-515,3115,4682,0.5465220078280574,0.1669187488656301,0.7606695629951444,60.285844640144234,21.0
03/01/2026,44,33242,35358,30507,3060,6606,0,22126,0,21,3911,851,395,857,-450,-531,835,1397,572,1273,-514,3060,4685,0.514523106502781,0.16359126383931272,0.7608612317914644,57.84515120081319,21.5
03/01/2026,45,31861,33975,29264,3037,6606,0,22126,0,19,3948,967,414,891,-450,-531,592,1397,525,1240,-514,3037,4531,0.4671084254617867,0.16219977010103453,0.7510222335803731,54.376056530667086,22.0
03/01/2026,46,30599,32711,28089,3014,6606,0,22126,0,18,3907,981,416,892,-450,-531,583,1374,520,1223,-513,3014,4495,0.4237794410492344,0.16080827636275638,0.7487222080245336,51.301715197989765,22.5
03/01/2026,47,28647,30792,26212,2990,6606,0,22126,0,50,4024,887,434,884,-450,-531,418,1079,439,705,-514,2990,3351,0.35676028290874134,0.15935628289672696,0.6756325070278558,48.31517304213533,23.0
03/01/2026,48,27984,30329,25587,2966,6606,0,22126,0,285,3922,876,431,883,-450,-497,412,1037,432,671,-513,2966,3282,0.3339971159788505,0.15790428943069756,0.6712241247124968,47.05879447568623,23.5
04/01/2026,1,27899,30100,25502,2890,6606,0,22126,0,287,3798,808,302,820,-438,-362,318,973,408,751,-514,2890,3066,0.3310787612442491,0.15330631012160445,0.6574239713774598,47.39166438126182,0.0
04/01/2026,2,28661,30760,26377,2813,6606,0,22126,0,301,4025,800,295,817,-352,-333,314,966,406,759,-513,2813,3159,0.3572409531003227,0.14864783108476012,0.6633657040633785,49.1735545433345,0.5
04/01/2026,3,28415,30906,26140,2748,6606,0,22126,0,469,3942,827,393,787,-437,-471,444,976,397,826,-514,2748,3228,0.3487948911625352,0.14471534878093048,0.6677740863787376,48.753761032619856,1.0
04/01/2026,4,27714,30277,25473,2682,6606,0,22126,0,586,4040,830,400,786,-451,-412,449,976,397,830,-514,2682,3291,0.324727047998352,0.14072236674934963,0.6717991311014567,47.36289165871727,1.5
04/01/2026,5,27136,29655,24853,2630,6606,0,22126,0,528,3989,1043,419,712,-451,-426,476,965,397,797,-514,2630,3418,0.30488223580306256,0.13757638090628593,0.6799131101456682,46.14921074698503,2.0
04/01/2026,6,26686,29252,24439,2577,6606,0,22126,0,611,3996,1069,418,709,-451,-391,477,965,395,789,-513,2577,3467,0.28943212250223166,0.134369895335471,0.683043700485561,45.32797168794889,2.5
04/01/2026,7,26338,28884,24128,2505,6606,0,22126,0,562,3935,1090,365,763,-451,-420,506,982,348,608,-513,2505,3278,0.27748403488292245,0.1300139149373828,0.6709685663174035,45.08441879745246,3.0
04/01/2026,8,25673,28255,23440,2433,6606,0,22126,0,641,3927,1092,363,766,-451,-377,506,974,346,591,-513,2433,3297,0.25465220078280576,0.12565793453929458,0.6721824686940966,43.971071864673576,3.5
04/01/2026,9,25302,28088,23099,2373,6606,0,22126,0,878,4090,875,399,709,-451,-344,522,843,382,420,-513,2373,2842,0.24191444070589851,0.12202795087422107,0.6431127012522362,44.01585130361424,4.0
04/01/2026,10,25041,27757,22784,2313,6606,0,22126,0,882,4053,848,402,707,-451,-269,523,822,386,407,-514,2313,2861,0.2329533749914166,0.11839796720914755,0.6443266036289292,43.66704039793338,4.5
04/01/2026,11,25008,27568,22712,2252,6606,0,22126,0,879,4149,653,420,443,-451,-117,476,768,423,365,-513,2252,2467,0.23182036668268902,0.11470748381632283,0.6191541017122413,44.271433758569316,5.0
04/01/2026,12,24847,27304,22638,2190,6606,0,22126,0,831,4226,629,418,432,-451,-62,474,766,423,361,-513,2190,2477,0.22629265947950286,0.11095650069574686,0.6197929976999744,44.125297175687734,5.5
04/01/2026,13,25496,27502,23251,2145,6606,0,22126,0,305,4135,465,303,451,-436,-151,302,833,306,355,-514,2145,1914,0.24857515621781226,0.10823401294694174,0.5838231535905954,46.20126097816683,6.0
04/01/2026,14,26222,28365,23853,2099,6606,0,22126,0,277,3932,444,289,433,-450,-302,296,812,295,347,-514,2099,1650,0.27350133900981943,0.10545102547038539,0.566956299514439,48.13185127883456,6.5
04/01/2026,15,27262,29396,24824,2065,6606,0,22126,0,277,3888,301,91,2,-450,-293,382,439,173,89,-514,2065,220,0.3092082675272952,0.10339403472684373,0.4755941732685919,62.296196099308965,7.0
04/01/2026,16,28103,30187,25616,2031,6606,0,22126,0,237,3765,284,81,0,-450,-283,385,420,168,70,-514,2031,161,0.33808281260729245,0.10133704398330208,0.471824686940966,64.40962098365515,7.5
04/01/2026,17,29561,31476,26832,1994,6606,5,22126,0,12,3676,573,197,140,-450,-339,283,769,294,43,-514,1999,996,0.3881411797019845,0.09940105269526286,0.525172501916688,67.04241722551919,8.0
04/01/2026,18,30937,32962,28153,1956,6606,344,22126,0,9,3860,610,220,157,-450,-452,280,842,316,51,-514,2300,1060,0.435384192817414,0.11761147074838163,0.5292614362381804,69.36056503895125,8.5
04/01/2026,19,32574,34595,29649,1958,6606,1614,22126,0,8,3496,1211,726,772,-450,-449,623,1216,813,406,-514,3572,4354,0.49158827164732544,0.19456712444793997,0.7397137745974955,64.32553535352325,9.0
04/01/2026,20,32700,34794,29643,1959,6606,3367,22126,0,6,3222,1287,763,806,-450,-524,636,1242,843,436,-514,5326,4525,0.49591430337155806,0.30068364692358884,0.7506388959877331,58.0901853604263,9.5
04/01/2026,21,33028,35128,29876,1843,6606,4862,22126,0,5,3273,1375,863,1015,-450,-531,785,982,776,646,-514,6705,4947,0.5071757192886082,0.38411277149252826,0.7776003066700741,54.120308840582645,10.0
04/01/2026,22,32950,35050,29707,1726,6606,5872,22126,0,5,3256,1386,867,1022,-450,-531,790,939,768,662,-514,7598,4939,0.5044976996497974,0.4381390283743723,0.7770891898798875,41.758161732369366,10.5
04/01/2026,23,32905,35005,29636,1641,6606,6680,22126,0,5,3149,1377,795,1046,-450,-531,562,801,688,680,-514,8321,4454,0.5029526883197143,0.48188033153850807,0.7461027344748274,40.76628555035565,11.0
04/01/2026,24,32905,35005,29560,1555,6606,6837,22126,0,5,3130,1375,795,1046,-450,-531,554,787,689,686,-514,8392,4437,0.5029526883197143,0.48617581220884504,0.7450166112956811,40.64938875493196,11.5
04/01/2026,25,34083,36183,30631,1589,6606,6874,22126,0,5,3177,1482,980,1046,-450,-531,910,823,892,771,-514,8463,5409,0.5433976515827783,0.49047129287918206,0.8071173013033478,41.04749321760602,12.0
04/01/2026,26,34406,36506,30908,1623,6606,6519,22126,0,5,2966,1495,990,1046,-450,-531,924,801,905,771,-514,8142,5437,0.5544873995742635,0.4710508802710388,0.8089062100690008,42.2875445386656,12.5
04/01/2026,27,34673,36773,31170,1586,6606,5812,22126,0,5,3128,1476,923,902,-450,-531,857,481,901,536,-514,7398,4581,0.5636544667994232,0.4260390828241273,0.7542167135190391,45.816951551272425,13.0
04/01/2026,28,35382,37482,31746,1548,6606,4988,22126,0,5,2861,1471,912,889,-450,-531,849,413,897,516,-514,6536,4452,0.5879969786445101,0.37388831750257123,0.7459749552772809,50.134281641717266,13.5
04/01/2026,29,35725,37825,32131,1514,6606,3717,22126,0,5,3012,1129,649,296,-450,-531,333,50,745,372,-514,5231,2079,0.5997733983382545,0.29493617278722245,0.5943649373881932,58.83109604704869,14.0
04/01/2026,30,36933,39035,33373,1479,6606,2338,22126,0,7,2945,1085,620,264,-450,-531,308,4,734,351,-514,3817,1871,0.6412483691547072,0.20938955774699014,0.5810759008433427,68.93685199634089,14.5
04/01/2026,31,38169,40399,34646,1530,6606,1055,22126,0,9,2996,677,243,113,-450,-531,-81,-3,692,-42,-514,2585,104,0.6836846803543226,0.13485389315748078,0.4681829798108868,82.01102480173705,15.0
04/01/2026,32,39516,41789,35755,1581,6606,170,22126,0,14,2960,627,217,107,-450,-531,-96,-1,681,-67,-514,1751,-27,0.7299320195014763,0.08439712021295905,0.4598134423715819,92.47201669820481,15.5
04/01/2026,33,41181,43289,37259,1674,6606,0,22126,0,12,2984,638,203,234,-450,-531,56,38,367,-1,-514,1674,40,0.7870974387145506,0.0797386411761147,0.4640940454893943,109.83124551081201,16.0
04/01/2026,34,42613,44719,38611,1767,6606,0,22126,0,11,2834,640,203,239,-450,-531,61,61,346,0,-514,1767,55,0.8362631325963057,0.08536511585697865,0.46505238947099414,115.41939393130627,16.5
04/01/2026,35,43213,45316,39252,1774,6606,0,22126,0,8,2625,517,221,183,-450,-531,204,289,291,41,-514,1774,251,0.8568632836640802,0.08578861395123721,0.4775747508305648,117.82274668778098,17.0
04/01/2026,36,43377,45477,39505,1781,6606,0,22126,0,5,2686,501,221,181,-450,-531,209,324,288,44,-514,1781,273,0.8624939916226052,0.0862121120454958,0.4789803220035778,118.49060325705398,17.5
04/01/2026,37,42781,44880,38983,1802,6606,0,22126,0,4,2774,435,181,150,-450,-531,84,397,273,0,-514,1802,25,0.8420311748952826,0.08748260632827153,0.46313570150779454,115.95466731539878,18.0
04/01/2026,38,41587,43687,37862,1822,6606,0,22126,0,5,2617,428,173,149,-450,-531,80,408,267,7,-514,1822,17,0.8010368742704114,0.08869260088329603,0.462624584717608,110.57426707961046,18.5
04/01/2026,39,40613,42728,36982,1909,6606,0,22126,0,11,3083,231,0,103,-450,-531,-9,442,83,338,-514,1909,-307,0.7675959623703907,0.09395607719765262,0.44192435471505237,106.2741107783174,19.0
04/01/2026,40,39889,42024,36278,1996,6606,0,22126,0,12,2896,207,-14,102,-450,-531,-14,417,68,363,-514,1996,-366,0.7427384467486094,0.0992195535120092,0.4381548683874265,102.81684785398309,19.5
04/01/2026,41,38942,41301,35438,1941,6606,0,22126,0,12,2989,198,-38,102,-450,-531,-125,43,-89,406,-514,1941,-998,0.7102245416466387,0.09589206848569182,0.39777664196268847,100.22095002684378,20.0
04/01/2026,42,37592,39982,34165,1885,6606,0,22126,0,12,2884,197,-50,102,-450,-531,-129,-4,-100,409,-514,1885,-1070,0.6638742017441461,0.09250408373162321,0.3931765908510095,85.50414244625563,20.5
04/01/2026,43,35837,38885,32579,1834,6606,0,22126,0,12,3174,-68,-400,2,-450,-531,-276,-4,-193,393,-514,1834,-2041,0.6036187598709057,0.08941859761631073,0.331139790442116,80.70350506926368,21.0
04/01/2026,44,34628,37747,31618,1783,6606,0,22126,0,12,3287,-98,-428,0,-450,-531,-281,-4,-202,370,-513,1783,-2137,0.5621094554693401,0.08633311150099825,0.3250063889598773,76.97604486333901,21.5
04/01/2026,45,32813,36952,29958,1751,6606,0,22126,0,11,3371,-283,-538,-248,-450,-471,-272,-4,-342,-406,-514,1751,-3528,0.49979399848932227,0.08439712021295905,0.23613595706618962,73.09040118076518,22.0
04/01/2026,46,31098,35193,28320,1719,6606,0,22126,0,25,3487,-308,-541,-270,-448,-321,-272,-2,-342,-461,-505,1719,-3470,0.44091190002060016,0.08246112892491984,0.23984155379504216,68.07502837512084,22.5
04/01/2026,47,29311,33890,26633,1714,6606,0,22126,0,586,3628,-663,-372,-482,-380,-177,-268,12,-24,-515,-512,1714,-3381,0.37955778342374513,0.08215863028616371,0.24552772808586762,63.11377324386458,23.0
04/01/2026,48,28262,33323,25715,1709,6606,0,22126,0,1225,3483,-708,-357,-490,-298,-86,-268,24,-1,-517,-511,1709,-3212,0.3435418526402527,0.08185613164740758,0.25632507027855866,60.268253744909416,23.5
05/01/2026,1,28743,33869,26241,1710,6606,0,22126,0,1216,3533,-758,-221,-535,-422,-187,-236,152,70,-438,-513,1710,-3088,0.36005630707958525,0.08191663137515881,0.2642473805264503,61.30150648345745,0.0
05/01/2026,2,29345,34414,26899,1710,6606,0,22126,0,1205,3720,-764,-212,-536,-451,-120,-235,164,73,-432,-514,1710,-3027,0.3807251253175857,0.08191663137515881,0.2681446460516228,62.76580411354469,0.5
05/01/2026,3,28993,34138,26481,1696,6606,0,22126,0,1210,3782,-794,-202,-486,-451,-218,-252,111,30,-418,-514,1696,-3194,0.36863970335782464,0.08106963518664166,0.2574750830564784,62.12579006406289,1.0
05/01/2026,4,28692,33798,26211,1681,6606,0,22126,0,1193,3930,-798,-208,-484,-451,-189,-253,98,28,-416,-514,1681,-3187,0.3583052942388244,0.08016213927037329,0.25792231024789164,61.410718265832166,1.5
05/01/2026,5,28164,33531,25664,1679,6606,0,22126,0,1191,3679,-830,-449,-544,-451,-283,-143,7,39,-362,-514,1679,-3530,0.34017716129918285,0.08004113981487083,0.23600817786864298,60.54593368056952,2.0
05/01/2026,6,27767,33090,25285,1676,6606,0,22126,0,1193,3562,-834,-462,-547,-451,-216,-139,-4,39,-363,-514,1676,-3491,0.32654672800933876,0.07985964063161716,0.23849987222080246,59.547353601743204,2.5
05/01/2026,7,27386,32891,24914,1616,6606,0,22126,0,1183,3511,-909,-338,-573,-451,-265,-122,-4,37,-546,-514,1616,-3685,0.3134656320813019,0.07622965696654366,0.22610529005877844,59.106484246399205,3.0
05/01/2026,8,27053,32619,24517,1556,6606,0,22126,0,1173,3273,-918,-338,-574,-451,-288,-121,-31,26,-558,-514,1556,-3767,0.3020325482386871,0.07259967330147014,0.22086634295936622,58.64435151743345,3.5
05/01/2026,9,26844,33442,24319,1583,6606,0,22126,0,1171,3619,-1072,-623,-636,-451,-185,-120,-371,-368,-487,-514,1583,-4827,0.294856828950079,0.07423316595075322,0.15314336825964733,59.42489885480202,4.0
05/01/2026,10,26823,33597,24266,1610,6606,0,22126,0,1164,3359,-1091,-652,-638,-433,-214,-135,-444,-407,-497,-499,1610,-5010,0.29413582366270685,0.0758666586000363,0.14145157168412983,59.5188874598539,4.5
05/01/2026,11,27166,35504,24639,1609,6606,0,22126,0,586,3699,-1126,-1003,-573,-303,-80,-883,-829,-922,-1037,-396,1609,-7152,0.3059122433564513,0.07580615887228508,0.004600051111679018,63.04723255285397,5.0
05/01/2026,12,28158,36062,25498,1607,6606,0,22126,0,80,4057,-1129,-1027,-571,-205,0,-917,-879,-951,-1074,-471,1607,-7224,0.3399711597885051,0.07568515941678262,0.0,65.51911700858565,5.5
05/01/2026,13,30797,37367,27979,1648,6606,0,22126,0,18,4160,-867,-1027,-493,-99,0,-294,-904,-801,-1068,-399,1648,-5952,0.43057749090159997,0.07816564825458286,0.08126756963966267,70.70442520590522,6.0
05/01/2026,14,33362,40016,30362,1688,6606,0,22126,0,18,3972,-834,-1025,-477,-212,0,-263,-879,-793,-1065,-488,1688,-6036,0.5186431367163359,0.08058563736463185,0.0759008433427038,78.3238018451565,6.5
05/01/2026,15,36112,41459,32660,1759,6606,0,22126,0,18,3776,-379,-936,-107,-257,0,-168,-519,-868,-1051,-444,1759,-4729,0.6130604957769691,0.08488111803496884,0.15940454893943265,95.52630261555665,7.0
05/01/2026,16,38195,43559,34514,1829,6606,0,22126,0,16,3424,-322,-916,-104,-398,0,-165,-444,-855,-1036,-508,1829,-4748,0.6845773535672595,0.0891160989775546,0.1581906465627396,102.82024458516166,7.5
05/01/2026,17,40380,43608,36476,1771,6606,1,22126,0,14,3171,-215,-435,-2,-437,-62,-75,-67,-255,-553,-513,1772,-2614,0.7595962370390716,0.08566761449573478,0.2945310503450038,109.1739873367803,8.0
05/01/2026,18,41209,44305,37300,1713,6606,248,22126,0,14,3069,-203,-394,0,-343,-212,-72,-11,-208,-525,-514,1961,-2482,0.7880587790977134,0.09710206304071632,0.302964477383082,111.1952707328816,8.5
05/01/2026,19,42771,45768,38710,1677,6606,1189,22126,0,14,3087,-158,-107,-99,-430,-364,-3,99,105,-708,-514,2866,-2179,0.841687839044153,0.15185431665557506,0.3223230258113979,111.21764086253289,9.0
05/01/2026,20,42772,45920,38597,1641,6606,2670,22126,0,14,2981,-153,-104,-104,-451,-483,0,122,121,-725,-514,4311,-2291,0.841722172629266,0.23927642325609536,0.3151673907487861,101.96369924878012,9.5
05/01/2026,21,42138,45955,37983,1574,6606,4305,22126,0,11,2623,-250,-717,135,-451,-393,110,240,8,-881,-514,5879,-2713,0.8199546796676509,0.33413999637001635,0.28820598006644516,91.1708220847315,10.0
05/01/2026,22,41328,45235,37359,1506,6606,5502,22126,0,12,1966,-261,-764,155,-450,-411,113,249,5,-895,-514,7008,-2773,0.7921444757261553,0.4024441890011495,0.284372604140046,73.03698008462393,10.5
05/01/2026,23,40757,44941,36808,1443,6606,6497,22126,0,13,1640,298,-963,2,-450,-405,-211,176,164,-1028,-514,7940,-2931,0.7725399986266566,0.4588299352652913,0.2742780475338615,67.55598116768181,11.0
05/01/2026,24,40400,44690,36410,1380,6606,7100,22126,0,13,1294,390,-975,0,-451,-481,-221,156,169,-1035,-514,8480,-2962,0.7602829087413308,0.49149978825095286,0.2722974699718886,64.55503525431958,11.5
05/01/2026,25,40672,44760,36526,1413,6606,7337,22126,0,13,1273,-256,-935,0,-451,-388,230,14,10,-931,-514,8750,-3221,0.7696216438920552,0.5078347147437836,0.25575006388959876,64.54676681194965,12.0
05/01/2026,26,40513,44823,36409,1445,6606,7179,22126,0,13,1318,-355,-930,-38,-451,-479,250,-4,8,-926,-514,8624,-3439,0.764162603859095,0.5002117490471293,0.24182213135701508,64.90391228116766,12.5
05/01/2026,27,40721,45149,36646,1412,6606,6690,22126,0,13,1298,215,-830,-546,-451,-461,344,-4,282,-1009,-514,8102,-2974,0.7713039895625902,0.46863089116098977,0.27153079478660874,66.85927722170322,13.0
05/01/2026,28,40684,44975,36557,1378,6606,5926,22126,0,13,1217,302,-826,-547,-450,-321,347,-4,297,-1016,-514,7304,-2732,0.7700336469134107,0.4203521084155121,0.2869920776897521,69.78757177225145,13.5
05/01/2026,29,40698,45102,36609,1380,6606,4747,22126,0,13,1259,142,-919,-475,-451,-365,197,-4,182,-1063,-514,6127,-3270,0.7705143171049921,0.34914392885232015,0.2526194735497061,75.94704559340839,14.0
05/01/2026,30,40915,45314,36830,1381,6606,3168,22126,0,13,1280,122,-901,-484,-451,-372,192,26,170,-1067,-511,4549,-3276,0.7779647050745039,0.2536753584608869,0.2522361359570662,84.95636386836424,14.5
05/01/2026,31,41732,45497,37555,1424,6606,1351,22126,0,12,1524,117,-16,-855,-450,-221,-27,400,10,-1089,-495,2775,-2626,0.8060152441117902,0.14634884143021357,0.293764375159724,98.08444278798183,15.0
05/01/2026,32,43162,46821,38962,1466,6606,211,22126,0,1,1808,116,44,-769,-451,-206,-35,476,0,-1084,-513,1677,-2422,0.8551122708233194,0.07992014035936838,0.3067978533094812,111.72629990395646,15.5
05/01/2026,33,44967,47547,40568,1523,6606,0,22126,0,1,1937,115,-1,94,-450,-233,220,850,0,-781,-514,1523,-700,0.9170843919522077,0.07060318228567972,0.41681574239713776,129.22079166068568,16.0
05/01/2026,34,46408,49053,41887,1580,6606,0,22126,0,4,2218,115,-4,102,-393,-372,231,926,0,-758,-514,1580,-667,0.9665590880999794,0.07405166676749955,0.4189240991566573,135.85650136585423,16.5
05/01/2026,35,47382,50101,42669,1577,6606,0,22126,0,0,2271,9,-4,204,-446,-508,616,1299,0,-647,-514,1577,9,1.0,0.07387016758424587,0.4621134679274214,140.00461360335015,17.0
05/01/2026,36,47172,49989,42559,1574,6606,0,22126,0,0,2532,-1,-3,203,-451,-531,628,1340,0,-650,-514,1574,21,0.9927899471262789,0.0736886684009922,0.46288014311270126,138.9281646040348,17.5
05/01/2026,37,46470,49769,42046,1550,6606,0,22126,0,0,2695,452,67,-102,-451,-531,200,1271,0,-1064,-514,1550,-672,0.9686877703769827,0.07223667493496279,0.4186046511627907,136.42579153492647,18.0
05/01/2026,38,46324,49636,41965,1525,6606,0,22126,0,0,2575,498,77,-104,-450,-531,181,1254,0,-1093,-514,1525,-682,0.963675066950491,0.07072418174118217,0.4179657551750575,135.9076391260483,18.5
05/01/2026,39,45147,48449,40884,1501,6606,0,22126,0,0,2792,197,278,-2,-450,-531,-15,1146,46,-1093,-514,1501,-938,0.92326443727254,0.06927218827515276,0.4016100178890877,130.5783771657222,19.0
05/01/2026,40,43637,46877,39468,1476,6606,0,22126,0,4,2535,164,300,0,-450,-531,-21,1103,57,-1053,-514,1476,-945,0.8714207237519742,0.06775969508137214,0.4011627906976744,123.55304522391774,19.5
05/01/2026,41,42275,44358,38190,1497,6606,0,22126,0,13,2098,500,578,0,-450,-493,289,748,305,1,-514,1497,964,0.824658380828126,0.06903018936414786,0.5231280347559417,114.7113066811891,20.0
05/01/2026,42,41241,43301,37165,1517,6606,0,22126,0,17,1910,541,590,0,-450,-479,301,675,318,89,-514,1517,1071,0.7891574538213281,0.07024018391917236,0.5299642218246869,99.87033065659836,20.5
05/01/2026,43,40318,42428,36389,1530,6606,0,22126,0,15,2247,195,304,196,-450,-531,529,299,224,326,-514,1530,578,0.7574675547620683,0.07102668037993828,0.4984666496294403,96.47063322784595,21.0
05/01/2026,44,37806,39931,34016,1543,6606,0,22126,0,17,1658,149,275,208,-450,-531,533,236,210,286,-527,1543,389,0.6712215889583191,0.07181317684070422,0.4863915154612829,86.52406461492761,21.5
05/01/2026,45,35424,39329,31919,1485,6606,0,22126,0,17,1801,-286,-80,-428,-450,-531,71,23,-64,-935,-514,1485,-3194,0.5894389892192543,0.06830419263113316,0.2574750830564784,82.67382070160315,22.0
05/01/2026,46,33726,37933,30422,1427,6606,0,22126,0,20,1514,-360,-121,-489,-450,-531,50,-5,-80,-1037,-514,1427,-3537,0.5311405616974525,0.0647952084215621,0.23556095067722974,77.63922651302754,22.5
05/01/2026,47,31773,37324,28596,1376,6606,0,22126,0,544,1140,-679,-715,-402,-441,-498,-288,-6,-7,-857,-514,1376,-4407,0.46408706997184646,0.061709722306249624,0.17997699974444162,72.82710292966156,23.0
05/01/2026,48,30683,36650,27768,1325,6606,0,22126,0,1114,891,-720,-742,-399,-356,-374,-301,-6,-1,-840,-514,1325,-4253,0.4266634621987228,0.05862423619093714,0.18981599795553283,69.63866375593474,23.5
06/01/2026,1,31394,36493,28419,1337,6606,0,22126,0,942,626,-674,-211,-447,-361,-403,-254,-6,35,-663,-538,1337,-3522,0.45107464121403557,0.05935023292395184,0.23651929465882954,70.73897349067926,0.0
06/01/2026,2,31579,36947,28671,1349,6606,0,22126,0,1392,663,-668,-187,-449,-361,-288,-252,-6,37,-651,-514,1349,-3339,0.4574263544599327,0.060076229656966545,0.24821109123434704,71.00377276485733,0.5
06/01/2026,3,31232,37161,28429,1254,6606,0,22126,0,1384,677,-530,-641,-484,-361,-316,-445,-6,14,-648,-514,1254,-3931,0.4455126004257365,0.05432875552060016,0.21038844876054177,71.16436040708658,1.0
06/01/2026,4,30689,36119,27915,1159,6606,0,22126,0,966,572,-513,-667,-485,-361,-218,-452,-7,11,-647,-514,1159,-3853,0.42686946370940054,0.048581281384233774,0.21537183746486072,69.8960202907645,1.5
06/01/2026,5,30158,35377,27371,1107,6606,0,22126,0,838,358,-600,-478,-498,-361,-166,-477,-7,-46,-634,-514,1107,-3781,0.4086383300144201,0.04543529554117007,0.21997188857653974,68.49802321784553,2.0
06/01/2026,6,29972,34920,27222,1055,6606,0,22126,0,598,131,-611,-470,-498,-335,-138,-478,-19,-51,-636,-514,1055,-3750,0.40225228318341,0.04228930969810636,0.22195246613851266,68.15676325044583,2.5
06/01/2026,7,29441,34857,26750,1015,6606,0,22126,0,553,366,-614,-660,-579,-330,-33,-502,-173,-94,-764,-514,1015,-4263,0.3840211494884296,0.03986932058805735,0.18917710196779963,67.48765320266774,3.0
06/01/2026,8,29124,35267,26417,975,6606,0,22126,0,1257,151,-615,-674,-582,-330,0,-503,-221,-104,-768,-489,975,-4286,0.37313740300762205,0.03744933147800835,0.1877076411960133,66.80905223408062,3.5
06/01/2026,9,28829,35832,26059,954,6606,0,22126,0,1162,532,-695,-710,-734,-295,-14,-844,-603,-360,-619,-367,954,-5241,0.3630089953992996,0.03617883719523262,0.12669307436749297,67.31021035146688,4.0
06/01/2026,10,28925,36146,26127,933,6606,0,22126,0,1194,999,-705,-715,-741,-228,-111,-857,-681,-382,-618,-389,933,-5427,0.3663050195701435,0.0349083429124569,0.11480960899565551,67.89818375350447,4.5
06/01/2026,11,29041,36754,26280,926,6606,0,22126,0,980,1400,-994,-807,-789,-83,-22,-558,-1069,-573,-974,-264,926,-6133,0.37028771544324657,0.034484844818198315,0.0697035522616918,69.14870630315144,5.0
06/01/2026,12,29691,36994,26889,918,6606,0,22126,0,692,1710,-1031,-818,-751,0,-43,-547,-1136,-588,-982,-115,918,-6011,0.392604545766669,0.034000846996188515,0.0774980833120368,70.84999152085253,5.5
06/01/2026,13,32404,38051,29447,970,6606,0,22126,0,144,2045,-1028,-976,-112,68,-2,-351,-1367,-691,-376,27,970,-4808,0.48575156217812265,0.03714683283925222,0.15435727063634042,77.30328428033259,6.0
06/01/2026,14,34593,40023,31573,1021,6606,0,22126,0,17,2698,-1024,-967,-105,137,0,-342,-1365,-677,-333,65,1021,-4611,0.5609077799903865,0.0402323189545647,0.1669435215946844,84.15664734257678,6.5
06/01/2026,15,37991,40476,34725,1094,6606,0,22126,0,7,2406,-153,-247,-209,18,0,60,-971,29,-236,-62,1094,-1771,0.6775733022042162,0.04464879908040414,0.3483899821109123,102.83127407280975,7.0
06/01/2026,16,39949,42294,36560,1167,6606,0,22126,0,0,2703,-58,-202,-213,0,0,77,-892,74,-216,-164,1167,-1594,0.7447984618553869,0.049065279206243574,0.35969844109378996,110.16869096249874,7.5
06/01/2026,17,41482,43150,37862,1212,6606,5,22126,0,0,2988,-26,-337,322,0,0,208,-506,32,237,-199,1217,-269,0.7974318478335508,0.05209026559380483,0.44435215946843853,114.77956720909799,8.0
06/01/2026,18,42672,44302,38916,1256,6606,284,22126,0,0,3206,-21,-344,433,0,0,216,-428,34,268,-237,1540,-79,0.8382888141179702,0.07163167765745054,0.4564911832353693,117.51856846343853,8.5
06/01/2026,19,43688,45092,39825,1278,6606,1026,22126,0,13,3035,127,-265,806,-64,-26,652,-51,176,268,-385,2304,1238,0.8731717365927351,0.11785346965938653,0.5406337848198314,114.808930739323,9.0
06/01/2026,20,43616,45058,39686,1300,6606,1797,22126,0,13,2835,177,-259,852,-112,0,671,-4,182,268,-454,3097,1321,0.870699718464602,0.16582975376610806,0.5459366215180169,108.74486372328387,9.5
06/01/2026,21,42957,44571,39118,1391,6606,2216,22126,0,15,2918,64,-230,839,-253,0,511,-4,83,245,-512,3607,743,0.8480738858751631,0.19668461491923286,0.509008433427038,103.30072725787866,10.0
06/01/2026,22,41921,43628,38131,1482,6606,2847,22126,0,17,2668,48,-222,837,-350,0,504,-4,77,233,-514,4329,609,0.8125042916981391,0.2403654183556174,0.5004472271914132,84.92083799680779,10.5
06/01/2026,23,41764,43411,37987,1566,6606,3274,22126,0,17,2573,-77,-18,764,-359,26,124,-4,52,-126,-446,4840,-64,0.8071139188354048,0.27128077923649346,0.4574495272169691,82.2241720415276,11.0
06/01/2026,24,41768,43155,38041,1650,6606,3579,22126,0,15,3056,-103,0,736,-211,-16,109,-4,50,-144,-294,5229,123,0.8072512531758567,0.29481517333172,0.46939688218757986,79.81310143889266,11.5
06/01/2026,25,42223,43343,38573,1760,6606,3354,22126,0,13,3796,-15,101,339,-200,-145,201,-4,50,134,-143,5114,318,0.8228730344022522,0.2878577046403291,0.4818553539483772,81.81656734272823,12.0
06/01/2026,26,42691,43916,39120,1869,6606,2970,22126,0,12,4069,-1,105,338,-305,-294,204,-13,49,165,6,4839,254,0.8389411522351163,0.2712202795087422,0.47776641962688476,85.20412867135644,12.5
06/01/2026,27,42188,43721,38450,2065,6606,2725,22126,0,14,3762,-1,-35,353,-431,-324,283,-128,43,548,132,4790,440,0.8216713589232988,0.2682557928489322,0.4896498849987222,83.40231019789424,13.0
06/01/2026,28,42148,43817,38515,2260,6606,2204,22126,0,64,3883,-1,-44,347,-450,-356,286,-154,42,565,124,4464,359,0.8202980155187805,0.2485328816020328,0.4844748274980833,85.28135972449874,13.5
06/01/2026,29,41930,43688,38375,2415,6606,1646,22126,0,11,3851,-45,-10,140,-450,-327,130,-315,12,202,69,4061,-594,0.8128132939641557,0.22415149131828907,0.42358803986710963,88.10758929533222,14.0
06/01/2026,30,41888,43539,38423,2570,6606,1110,22126,0,8,4131,-56,-8,121,-450,-192,125,-337,11,187,176,3680,-423,0.8113712833894116,0.2011010950450723,0.4345131612573473,90.07733742598747,14.5
06/01/2026,31,42458,44453,39020,2853,6606,487,22126,0,11,4066,-215,-5,-233,-450,-120,75,-361,11,609,157,3340,-532,0.8309414269037972,0.18053118760965575,0.4275491949910555,94.65274631076086,15.0
06/01/2026,32,43520,45415,39939,3135,6606,102,22126,0,12,4153,-258,-11,-233,-431,-10,74,-340,7,645,200,3237,-357,0.8674036942937582,0.17429971565127958,0.4387298747763864,99.51614631928622,15.5
06/01/2026,33,44203,45919,40492,3290,6606,0,22126,0,12,4299,-293,-259,-112,-303,0,343,-41,-96,818,200,3290,257,0.8908535329259081,0.1775062012220945,0.4779580884232047,111.28165845084644,16.0
06/01/2026,34,45344,47091,41522,3444,6606,0,22126,0,98,4189,-308,-278,-104,-232,-12,353,-5,-110,826,200,3444,330,0.9300281535397926,0.18682315929578316,0.48262202913365704,115.08521058819937,16.5
06/01/2026,35,45444,47861,41627,3548,6606,0,22126,0,321,4150,-446,-335,414,-216,-108,265,-7,-384,664,147,3548,-6,0.9334615120510884,0.19311513098191058,0.46115512394582164,115.20866991140349,17.0
06/01/2026,36,45234,47454,41399,3652,6606,0,22126,0,318,4300,-465,-342,496,-66,-20,262,-8,-401,642,17,3652,115,0.9262514591773673,0.199407102668038,0.4688857653973933,113.38829309447335,17.5
06/01/2026,37,44580,47360,40902,3720,6606,0,22126,0,327,4315,-827,-460,589,-81,54,263,-17,-400,269,-68,3720,-678,0.9037972945134931,0.2035210841551213,0.4182213135701508,111.10503923211603,18.0
06/01/2026,38,43768,46929,40240,3788,6606,0,22126,0,327,4376,-874,-474,595,-224,10,262,-44,-400,244,-218,3788,-1123,0.8759184234017716,0.2076350656422046,0.38979044211602354,107.80803489998834,18.5
06/01/2026,39,42473,46397,39053,3857,6606,0,22126,0,322,4480,-965,-689,814,-166,0,-45,-372,-400,412,-365,3857,-1776,0.8314564306804917,0.21180954685703915,0.34807053411704575,102.9802957770945,19.0
06/01/2026,40,41633,45528,38273,3925,6606,0,22126,0,320,4397,-978,-704,823,-112,0,-57,-386,-405,410,-333,3925,-1742,0.8026162191856073,0.21592352834412246,0.35024278047533863,99.27458611680318,19.5
06/01/2026,41,39798,43941,36556,3978,6606,0,22126,0,321,4317,-1404,-703,787,-155,0,170,-46,-606,-127,-181,3978,-2265,0.7396140905033304,0.2191300139149374,0.3168285203168924,92.92831323527159,20.0
06/01/2026,42,38446,42410,35260,4031,6606,0,22126,0,317,4502,-1465,-701,786,-23,0,178,-4,-610,-163,-81,4031,-2083,0.6931950834306119,0.22233649948575232,0.3284564272936366,77.79104817125267,20.5
06/01/2026,43,37213,40560,34028,4021,6606,0,22126,0,318,4550,-1188,-612,915,9,0,-152,-4,-310,-163,35,4021,-1470,0.6508617729863352,0.22173150220824006,0.3676207513416816,73.07927818425745,21.0
06/01/2026,44,35211,38516,32026,4011,6606,0,22126,0,321,4475,-1152,-610,919,49,0,-165,-5,-287,-165,175,4011,-1241,0.5821259355901943,0.2211265049307278,0.38225146946077176,66.82544822265804,21.5
06/01/2026,45,32931,36224,30098,3912,6606,0,22126,0,318,4404,-939,-748,842,0,0,-329,-8,-139,-212,146,3912,-1387,0.5038453615326512,0.21513703188335653,0.3729235880398671,61.24238172054115,22.0
06/01/2026,46,30954,34361,28339,3813,6606,0,22126,0,478,4323,-913,-741,796,0,0,-335,22,-129,-211,43,3813,-1468,0.4359678637643343,0.20914755883598524,0.36774853053922824,56.896164218376605,22.5
06/01/2026,47,28472,31773,26157,3832,6606,0,22126,0,1424,3807,-558,-163,112,-56,0,-258,397,-123,-51,-68,3832,-768,0.3507519055139738,0.21029705366325852,0.412471249680552,50.655393541554545,23.0
06/01/2026,48,27469,30807,25238,3851,6606,0,22126,0,1564,3684,-506,-125,102,-11,0,-255,464,-122,-39,-116,3851,-608,0.3163153196456774,0.2114465484905318,0.42269358548428315,48.5151921712409,23.5
07/01/2026,1,27936,30653,25744,3848,6606,0,22126,0,1553,3402,3,-178,308,0,0,-55,730,-122,-1,-208,3848,477,0.33234910389342853,0.21126504930727813,0.492013800153335,47.99541756995341,0.0
07/01/2026,2,28695,31339,26588,3844,6606,0,22126,0,1546,3645,40,-180,325,0,0,-48,759,-120,0,-150,3844,626,0.35840829499416327,0.21102305039627323,0.5015333503705597,49.278317899977935,0.5
07/01/2026,3,28287,31070,26290,3858,6606,0,22126,0,1549,3710,77,-123,344,-31,0,-172,701,-60,55,-248,3858,543,0.3444001922680766,0.21187004658479036,0.49623051367237414,48.549150390621854,1.0
07/01/2026,4,27394,30118,25497,3871,6606,0,22126,0,1534,3894,105,-119,345,-16,0,-176,704,-55,62,-224,3871,626,0.3137403007622056,0.21265654304555628,0.5015333503705597,46.75232429615743,1.5
07/01/2026,5,26863,29589,25075,3915,6606,0,22126,0,1526,3820,300,-113,262,-117,0,-20,846,17,42,-350,3915,867,0.2955091670672252,0.2153185310666102,0.5169307436749297,45.40802816332309,2.0
07/01/2026,6,26732,29512,24983,3959,6606,0,22126,0,1519,3872,324,-115,259,-45,0,-15,834,20,43,-486,3959,819,0.2910114674174277,0.2179805190876641,0.5138640429338104,45.14377343022766,2.5
07/01/2026,7,26463,29508,24722,3976,6606,0,22126,0,1452,3820,275,-195,488,-138,0,-54,462,-92,166,-514,3976,398,0.2817757330220422,0.21900901445943494,0.4869665218502428,45.19780810764083,3.0
07/01/2026,8,26098,29204,24449,3993,6606,0,22126,0,1508,3847,268,-203,497,-125,0,-56,391,-100,181,-514,3993,339,0.26924397445581266,0.22003750983120576,0.4831970355226169,44.64996954249515,3.5
07/01/2026,9,25526,29053,23856,3961,6606,0,22126,0,1505,3847,-189,-301,418,-171,0,-154,73,-136,410,-471,3961,-521,0.24960516377120098,0.21810151854316656,0.428251980577562,44.935670162761035,4.0
07/01/2026,10,25577,29005,23828,3929,6606,0,22126,0,1464,3959,-265,-315,415,-160,0,-158,53,-142,424,-324,3929,-472,0.2513561766119618,0.21616552725512736,0.43138257091745463,45.015932736604896,4.5
07/01/2026,11,25934,29690,24109,3929,6606,0,22126,0,1060,4050,-564,-593,278,-29,0,-457,290,-250,345,-203,3929,-1183,0.26361326649728767,0.21616552725512736,0.38595706618962433,46.47550079599672,5.0
07/01/2026,12,26452,30776,24602,3928,6606,0,22126,0,1348,3844,-602,-620,273,-114,0,-468,299,-263,336,-309,3928,-1468,0.2813980635857996,0.21610502752737612,0.36774853053922824,47.67359194028973,5.5
07/01/2026,13,28777,33863,26781,3900,6606,0,22126,0,999,3794,-1172,-896,535,-188,-68,-243,29,-497,241,-423,3900,-2682,0.3612236489734258,0.21441103515034182,0.2901865576284181,53.50612036651237,6.0
07/01/2026,14,31732,36991,29482,3872,6606,0,22126,0,687,3451,-1235,-906,546,-322,-221,-235,-34,-507,232,-512,3872,-3194,0.4626793929822152,0.21271704277330752,0.2574750830564784,60.72503336627746,6.5
07/01/2026,15,35353,39201,32794,3967,6606,0,22126,0,73,3478,-265,-601,807,-301,-372,-391,-411,-323,193,-511,3967,-2175,0.5870013046762343,0.21846451690967392,0.32257858420649116,78.62370683186703,7.0
07/01/2026,16,37230,41138,34380,4061,6606,0,22126,0,22,3352,-134,-577,818,-417,-508,-397,-428,-312,194,-513,4061,-2274,0.6514454439332555,0.22415149131828907,0.31625351392793255,83.96301005570216,7.5
07/01/2026,17,38770,42195,35733,3997,6606,7,22126,0,209,3497,57,-483,698,-451,-531,-261,-51,-325,344,-514,4004,-1517,0.70431916500721,0.22070300683646923,0.3646179401993355,88.29239289783722,8.0
07/01/2026,18,39380,42636,36326,3932,6606,388,22126,0,121,4204,67,-468,693,-451,-531,-255,7,-316,361,-514,4320,-1407,0.7252626519261142,0.23982092080585637,0.37164579606440074,88.52218299036282,8.5
07/01/2026,19,40454,42757,37189,3850,6606,1429,22126,0,15,4122,-26,-166,723,-451,-531,7,138,51,611,-514,5279,-158,0.7621369223374305,0.29784015971928124,0.45144390493227704,85.45568302993487,9.0
07/01/2026,20,40164,42456,36775,3768,6606,2394,22126,0,14,4090,-36,-146,723,-451,-531,12,158,72,630,-514,6162,-83,0.7521801826546728,0.35126141932361304,0.456235624840276,80.06880351712738,9.5
07/01/2026,21,39425,42307,35963,3668,6606,3180,22126,0,14,3649,-100,-156,411,-451,-531,-480,210,-36,680,-514,6848,-967,0.7268076632561972,0.3927642325609535,0.39975721952466137,75.98933597836493,10.0
07/01/2026,22,38497,41418,34968,3567,6606,4411,22126,0,14,3353,-105,-162,400,-451,-531,-496,220,-48,688,-514,7978,-999,0.6949460962713726,0.46112892491983787,0.3977127523639152,59.28994923311144,10.5
07/01/2026,23,37658,40955,34086,3505,6606,5246,22126,0,9,2861,-666,-316,807,-451,-531,79,253,-210,859,-514,8751,-690,0.6661402183616013,0.5078952144715349,0.41745463838487096,54.562148407990605,11.0
07/01/2026,24,37052,40439,33478,3443,6606,5867,22126,0,9,2367,-734,-324,824,-451,-531,107,270,-224,878,-514,9310,-699,0.6453340657831491,0.5417145622844697,0.41687963199591105,51.86855321319242,11.5
07/01/2026,25,37149,40030,33522,3334,6606,5640,22126,0,9,1954,-230,-200,696,-451,-531,40,434,-346,1114,-514,8974,12,0.6486644235391059,0.5213866537600581,0.46230513672374135,52.030852435083375,12.0
07/01/2026,26,37108,39916,33410,3225,6606,5385,22126,0,8,1108,-165,-191,692,-451,-531,37,460,-348,1128,-514,8610,117,0.6472567465494747,0.49936475285861215,0.46901354459493994,52.84137889219332,12.5
07/01/2026,27,37520,40107,33795,3106,6606,4986,22126,0,145,520,-59,-137,919,-451,-531,32,524,-150,1007,-514,8092,640,0.6614021836160132,0.46802589388347754,0.5024278047533861,54.61041779891178,13.0
07/01/2026,28,37666,40243,33849,2986,6606,4391,22126,0,163,31,-46,-133,928,-451,-531,32,555,-139,991,-514,7377,692,0.666414887042505,0.4247685885413516,0.5057500638895988,57.30211256242618,13.5
07/01/2026,29,38343,41116,34445,2842,6606,3234,22126,0,164,-261,-192,-126,687,-451,-531,86,844,-195,831,-514,6076,439,0.6896587241639772,0.3460584427370077,0.4895859953999489,64.49654498025144,14.0
07/01/2026,30,39175,41963,35212,2697,6606,2002,22126,0,164,-6,-213,-128,682,-451,-531,88,909,-187,823,-514,4699,478,0.7182242669779578,0.2627503176235707,0.49207768975210836,73.45229846779799,14.5
07/01/2026,31,40148,43013,36194,2516,6606,971,22126,0,165,-266,-402,-202,1046,-451,-531,331,1282,241,977,-514,3487,1777,0.7516308452928655,0.18942464758908584,0.5750702785586507,81.84563733706152,15.0
07/01/2026,32,41270,44001,37249,2334,6606,162,22126,0,10,-318,-424,-201,1062,-451,-531,349,1333,266,984,-514,2496,1873,0.7901531277896038,0.12946941738762174,0.5812036800408893,92.28814690056952,15.5
07/01/2026,33,43138,45242,38964,2156,6606,0,22126,0,8,-179,250,38,1043,-451,-531,965,1390,194,824,-514,2156,3208,0.8542882647806084,0.10889950995220521,0.6664962944032712,110.91088315407099,16.0
07/01/2026,34,44539,46647,40183,1978,6606,0,22126,0,12,8,436,52,1043,-451,-531,997,1398,185,815,-514,1978,3430,0.9023896175238618,0.09813055841248715,0.6806797853309481,118.34803029172372,16.5
07/01/2026,35,45035,47089,40611,1801,6606,0,22126,0,8,116,459,-9,1068,-451,-472,816,1397,21,924,-514,1801,3239,0.9194190757398888,0.0874221066005203,0.6684768719652441,122.31769979170076,17.0
07/01/2026,36,45281,47256,40878,1623,6606,0,22126,0,7,252,474,-9,1069,-451,-394,810,1397,15,942,-514,1623,3339,0.9278651376776763,0.07665315506080222,0.674865831842576,124.79140457946443,17.5
07/01/2026,37,45238,47251,40782,1533,6606,0,22126,0,7,153,804,137,1066,-448,-444,967,1398,190,1332,-514,1533,4488,0.9263887935178191,0.07120817956319196,0.7482749808331204,123.83383968618338,18.0
07/01/2026,38,44280,46132,39939,1442,6606,0,22126,0,9,193,841,157,1065,-378,-351,972,1397,202,1360,-514,1442,4751,0.8934972189796059,0.06570270433783049,0.7650779453105034,119.58187423109997,18.5
07/01/2026,39,44047,46054,39807,1367,6606,0,22126,0,10,301,1264,532,1063,-446,-437,922,1397,246,1417,-514,1367,5444,0.8854974936482868,0.0611652247564886,0.809353437260414,118.16929563020653,19.0
07/01/2026,40,42795,44715,38642,1291,6606,0,22126,0,10,-152,1267,554,1063,-452,-344,920,1397,245,1425,-514,1291,5561,0.8425118450868639,0.056567245447395484,0.8168285203168925,112.72942085586149,19.5
07/01/2026,41,41660,43498,37676,1184,6606,0,22126,0,9,-396,908,418,1018,-452,-263,852,1398,108,1425,-514,1184,4898,0.8035432259836572,0.0500937745780144,0.7744697163301815,109.21068602481007,20.0
07/01/2026,42,40297,42109,36403,1077,6606,0,22126,0,12,-505,858,388,1016,-451,-236,849,1397,96,1424,-513,1077,4828,0.7567465494746961,0.04362030370863331,0.7699974444160491,94.07424652343181,20.5
07/01/2026,43,37773,40081,33982,1015,6606,0,22126,0,14,-294,133,-356,945,-451,-345,737,1397,-28,1401,-514,1015,2919,0.6700885806495914,0.03986932058805735,0.6480322003577818,86.47739854633676,21.0
07/01/2026,44,36367,38586,32725,953,6606,0,22126,0,12,-227,89,-407,943,-448,-232,732,1397,-36,1397,-484,953,2951,0.6218155599807732,0.036118337467481394,0.650076667518528,81.37001311242298,21.5
07/01/2026,45,34433,36747,30968,925,6606,0,22126,0,13,-223,-222,-390,926,-451,-152,372,1397,19,1321,-486,925,2334,0.5554144063723134,0.034424345090447096,0.6106567850753897,75.2565488379403,22.0
07/01/2026,46,32822,34954,29582,896,6606,0,22126,0,16,-318,-213,-373,925,-451,-32,358,1368,36,1297,-447,896,2468,0.5001030007553389,0.032669852985661565,0.6192179913110145,69.74928947245556,22.5
07/01/2026,47,31312,33321,28141,877,6606,0,22126,0,413,-849,170,195,807,-451,-65,182,994,492,657,-480,877,2501,0.44825928723477304,0.03152035815838829,0.6213263480705341,64.97851388369251,23.0
07/01/2026,48,30020,32345,26847,858,6606,0,22126,0,544,-892,230,241,802,-451,-216,175,932,521,618,-514,858,2338,0.403900295268832,0.03037086333111501,0.610912343470483,61.398093232832984,23.5
08/01/2026,1,30015,32475,26888,850,6606,0,22126,0,594,-931,1029,483,842,-385,-367,360,736,556,835,-514,850,3575,0.4037286273432672,0.029886865509105208,0.6899437771530795,59.83912335887216,0.0
08/01/2026,2,30705,33248,27684,842,6606,0,22126,0,593,-634,1062,505,844,-331,-505,366,713,562,848,-514,842,3550,0.42741880107120783,0.029402867687095408,0.6883465371837465,61.95273626221808,0.5
08/01/2026,3,30315,32885,27374,855,6606,0,22126,0,593,-714,934,666,803,-332,-531,286,724,685,774,-514,855,3495,0.41402870287715443,0.030189364147861334,0.6848326092512139,60.798773282994524,1.0
08/01/2026,4,29377,32151,26519,868,6606,0,22126,0,797,-899,945,683,802,-332,-531,283,719,697,762,-514,868,3514,0.3818238000412003,0.03097586060862726,0.686046511627907,58.008402547076,1.5
08/01/2026,5,29062,31886,26226,875,6606,0,22126,0,848,-621,1172,890,720,-331,-531,270,643,826,514,-514,875,3659,0.3710087207306187,0.031399358702885835,0.6953105034500383,56.912229125750436,2.0
08/01/2026,6,28576,31404,25801,881,6606,0,22126,0,852,-544,1200,904,716,-331,-531,269,643,835,484,-514,881,3675,0.35432259836572133,0.03176235706939319,0.6963327370304114,55.53608503784755,2.5
08/01/2026,7,27894,30710,25160,874,6606,0,22126,0,839,-477,1429,868,446,-332,-531,292,766,843,31,-514,874,3298,0.33090709331868434,0.03133885897513461,0.6722463582928699,54.23565841929865,3.0
08/01/2026,8,27238,30050,24568,867,6606,0,22126,0,835,-507,1437,867,417,-331,-531,291,772,843,-1,-514,867,3250,0.3083842614845842,0.030915360880876035,0.6691796575517506,52.6436559300559,3.5
08/01/2026,9,26838,29459,24232,840,6606,0,22126,0,420,-297,1298,918,2,-332,-531,-114,660,831,-110,-514,840,2108,0.29465082743940124,0.02928186823159296,0.5962177357526195,53.208463406237996,4.0
08/01/2026,10,27030,29470,24358,812,6606,0,22126,0,211,-261,1249,899,0,-332,-531,-131,617,821,-121,-514,812,1957,0.30124287578108905,0.027587875854558654,0.5865704063378482,53.9838941679372,4.5
08/01/2026,11,27356,29827,24636,749,6606,0,22126,0,72,138,332,80,-110,-398,-531,15,243,476,-234,-526,749,-653,0.3124356245279132,0.023776393006231474,0.4198185535394838,58.38721123670118,5.0
08/01/2026,12,28232,30719,25473,685,6606,0,22126,0,19,-16,283,30,-139,-452,-510,17,187,453,-253,-514,685,-898,0.342511845086864,0.019904410430153063,0.4041656018400204,61.2645628675166,5.5
08/01/2026,13,30769,34434,27810,552,6606,0,22126,0,19,295,88,233,-581,-452,-401,-444,65,403,-655,-513,552,-2257,0.42961615051843716,0.011857946639240124,0.31733963710707896,70.95342989392108,6.0
08/01/2026,14,33039,36802,29852,418,6606,0,22126,0,19,666,113,258,-574,-452,-462,-464,80,402,-678,-514,418,-2291,0.5075533887248507,0.0037509831205759575,0.3151673907487861,79.11527007396029,6.5
08/01/2026,15,36830,39691,33290,388,6606,0,22126,0,20,717,818,636,-121,-436,-500,-152,453,500,-518,-514,388,166,0.6377120098880725,0.0019359912880392038,0.4721441349348326,100.26018670779965,7.0
08/01/2026,16,38343,41096,34664,358,6606,0,22126,0,14,916,863,668,-109,-340,-531,-136,529,518,-509,-514,358,439,0.6896587241639772,0.00012099945550245024,0.4895859953999489,106.31873550266344,7.5
08/01/2026,17,39752,42402,35894,356,6606,0,22126,0,14,603,1213,899,101,-429,-531,328,902,900,-562,-514,356,2307,0.7380347455881343,0.0,0.6089317659085101,110.0244716470757,8.0
08/01/2026,18,40547,43208,36628,353,6606,75,22126,0,8,519,1236,917,127,-452,-531,353,977,926,-556,-514,428,2483,0.7653299457529356,0.004355980398088209,0.6201763352926144,112.82387426919531,8.5
08/01/2026,19,42293,44566,38230,364,6606,367,22126,0,7,663,1497,986,660,-452,-516,841,1351,993,-184,-514,731,4662,0.8252763853601593,0.02268739790670942,0.759391771019678,115.79154302370476,9.0
08/01/2026,20,42672,44946,38631,375,6606,727,22126,0,7,809,1496,988,621,-451,-527,864,1397,997,-175,-514,1102,4696,0.8382888141179702,0.04513279690241394,0.7615640173779709,114.6920763688016,9.5
08/01/2026,21,41890,45109,37943,395,6606,959,22126,0,3,1045,1378,900,-406,-385,-531,609,1397,977,-780,-514,1354,2645,0.8114399505596375,0.06037872829572267,0.6305264502938922,111.8812847429499,10.0
08/01/2026,22,41804,45151,37828,414,6606,1134,22126,0,3,1112,1375,897,-441,-445,-531,600,1398,976,-813,-514,1548,2502,0.8084872622399231,0.07211567547946034,0.6213902376693075,100.28280229911428,10.5
08/01/2026,23,41923,44538,37883,443,6606,1107,22126,0,2,726,1503,986,-3,-451,-531,926,1397,996,-514,-514,1550,3795,0.812572958868365,0.07223667493496279,0.7039994888832098,99.14169712752067,11.0
08/01/2026,24,42480,44969,38468,471,6606,1031,22126,0,1,722,1507,992,0,-396,-531,939,1396,998,-473,-488,1502,3944,0.8316967657762824,0.06933268800290399,0.7135190391004345,101.78944843371072,11.5
08/01/2026,25,43132,44876,38922,518,6606,932,22126,0,4,667,1506,992,701,-247,-531,1011,1383,998,259,-362,1450,5710,0.8540822632699306,0.06618670215984028,0.8263480705341171,102.89749296833874,12.0
08/01/2026,26,42785,44404,38597,565,6606,759,22126,0,5,655,1506,992,848,-108,-531,1014,1352,998,286,-375,1324,5982,0.8421685092357344,0.05856373646318592,0.84372604140046,101.89749384223964,12.5
08/01/2026,27,42746,44684,38495,657,6606,590,22126,0,5,970,1507,992,604,-4,-531,871,978,999,-547,-250,1247,4619,0.840829499416329,0.05390525742634158,0.7566445182724253,104.03811764630538,13.0
08/01/2026,28,42830,44862,38524,748,6606,420,22126,0,5,902,1506,992,603,0,-531,866,902,999,-603,-268,1168,4466,0.8437135205658175,0.0491257789339948,0.7468694096601073,105.2195600105043,13.5
08/01/2026,29,42177,44122,37854,950,6606,253,22126,0,5,755,1507,992,669,0,-531,752,530,999,-616,-193,1203,4109,0.8212936894870563,0.05124326940528768,0.7240608228980322,102.41189200744947,14.0
08/01/2026,30,41912,43852,37676,1151,6606,125,22126,0,5,748,1506,992,621,0,-531,748,458,1000,-623,-181,1276,3990,0.8121952894321225,0.05565974953112711,0.7164579606440071,100.8296212664684,14.5
08/01/2026,31,41492,43619,37348,1372,6606,27,22126,0,0,833,1506,992,3,-35,-531,862,127,999,-840,-121,1399,2962,0.7977751836846804,0.0631012160445278,0.6507794531050345,99.38713212763813,15.0
08/01/2026,32,42221,44217,38066,1593,6606,3,22126,0,0,908,1506,992,0,0,-531,866,116,998,-858,-7,1596,3082,0.8228043672320263,0.07501966241151915,0.6584462049578329,101.0435786035884,15.5
08/01/2026,33,43708,45919,39429,1811,6606,0,22126,0,0,871,1506,992,156,-54,-531,650,489,998,-977,-49,1811,3180,0.8738584082949942,0.08802710387803254,0.6647073856376182,116.07122584280623,16.0
08/01/2026,34,44233,46520,39785,2029,6606,0,22126,0,1,558,1506,992,167,-35,-531,642,549,998,-980,-140,2029,3168,0.8918835404792969,0.10121604452779963,0.6639407104523384,116.86935142354378,16.5
08/01/2026,35,44440,46778,39908,2248,6606,0,22126,0,0,304,1507,992,104,-150,-531,438,706,997,-765,-292,2248,3006,0.898990592597679,0.11446548490531792,0.6535905954510606,116.38262592370907,17.0
08/01/2026,36,44525,47130,40026,2467,6606,0,22126,0,0,46,1506,992,102,-300,-531,417,697,996,-749,-425,2467,2705,0.9019089473322804,0.12771492528283623,0.6343598262202913,115.52029663702604,17.5
08/01/2026,37,44228,47269,39771,2620,6606,0,22126,0,0,-118,1471,990,304,-433,-531,-297,323,997,-702,-478,2620,1644,0.8917118725537321,0.13697138362877367,0.5665729619217992,114.4058664922112,18.0
08/01/2026,38,44006,47028,39321,2773,6606,0,22126,0,2,-243,1467,988,321,-386,-531,-308,287,996,-696,-499,2773,1639,0.8840898166586555,0.14622784197471111,0.5662535139279326,112.3181047496156,18.5
08/01/2026,39,43345,45864,38682,2859,6606,0,22126,0,10,-437,1437,910,383,-391,-531,632,404,967,-617,-370,2859,2824,0.8613953168989906,0.15143081856131646,0.6419626884743164,107.31660968362573,19.0
08/01/2026,40,41341,43672,37166,2945,6606,0,22126,0,11,-233,1435,907,394,-319,-531,697,448,966,-606,-264,2945,3127,0.7925908123326237,0.15663379514792183,0.6613212369026322,98.04467356320245,19.5
08/01/2026,41,40225,42596,36067,3013,6606,0,22126,0,9,-585,1497,987,966,-424,-531,985,820,995,-423,-384,3013,4488,0.7542745313465632,0.16074777663500514,0.7482749808331204,91.51948885165599,20.0
08/01/2026,42,37920,40409,33886,3080,6606,0,22126,0,8,-600,1505,992,996,-451,-531,996,896,997,-395,-504,3080,4501,0.6751356176611962,0.16480125839433724,0.7491055456171736,72.70574553717319,20.5
08/01/2026,43,36204,38294,32303,3136,6606,0,22126,0,11,-398,1505,992,1054,-451,-531,997,1270,998,169,-497,3136,5506,0.6162191856073611,0.16818924314840583,0.8133145923843599,65.38064804254157,21.0
08/01/2026,44,34582,36535,30878,3192,6606,0,22126,0,13,-218,1505,992,1056,-440,-531,997,1286,997,222,-369,3192,5715,0.560530110554144,0.17157722790247443,0.8266675185279836,59.81759790991446,21.5
08/01/2026,45,32600,34479,29043,3205,6606,0,22126,0,12,-121,1506,992,867,-450,-513,996,913,997,723,-304,3205,5727,0.4924809448602623,0.17236372436324038,0.8274341937132634,54.12814428077235,22.0
08/01/2026,46,30577,32104,27184,3217,6606,0,22126,0,12,2,1505,992,860,-358,-381,997,896,997,764,-176,3217,6096,0.4230241021767493,0.17308972109625506,0.8510094556606185,48.45611503173534,22.5
08/01/2026,47,28692,30994,25357,3223,6606,0,22126,0,791,110,1505,992,999,-370,-370,997,1270,998,1010,-171,3223,6860,0.3583052942388244,0.17345271946276242,0.8998211091234347,43.182436467281775,23.0
08/01/2026,48,27473,30335,24246,3229,6606,0,22126,0,981,172,1504,992,1003,-452,-507,997,1322,997,1027,-322,3229,6561,0.3164526539861292,0.17381571782926977,0.8807181190902121,41.04998997613579,23.5
09/01/2026,1,27908,30939,24710,3236,6606,0,22126,0,979,358,1504,992,1004,-452,-531,997,1389,998,994,-469,3236,6426,0.3313877635102657,0.17423921592352834,0.872093023255814,42.06821355810576,0.0
09/01/2026,2,28573,31486,25417,3242,6606,0,22126,0,865,376,1504,993,1003,-452,-483,997,1397,998,991,-513,3242,6435,0.35421959761038246,0.1746022142900357,0.8726680296447739,43.41310114626965,0.5
09/01/2026,3,28475,31420,25383,3253,6606,0,22126,0,972,343,1504,993,1004,-452,-407,997,1398,998,991,-514,3253,6512,0.35085490626931265,0.17526771129529917,0.8775875287503194,43.07426611923768,1.0
09/01/2026,4,27956,31004,24920,3263,6606,0,22126,0,975,453,1504,993,1004,-452,-507,997,1397,998,991,-514,3263,6411,0.3330357755956877,0.17587270857281143,0.8711346792742142,42.10456995932111,1.5
09/01/2026,5,27445,30514,24487,3127,6606,0,22126,0,972,333,1504,992,1003,-452,-531,997,1398,998,991,-514,3127,6386,0.3154913136029664,0.1676447455986448,0.8695374393048811,41.51107785030108,2.0
09/01/2026,6,27155,30212,24303,2991,6606,0,22126,0,961,316,1504,992,1004,-452,-531,997,1397,998,991,-513,2991,6387,0.3055345739202088,0.1594167826244782,0.8696013289036545,41.32787743598948,2.5
09/01/2026,7,26777,29699,24000,3019,6606,0,22126,0,826,435,1505,992,1003,-452,-531,997,1397,998,991,-513,3019,6387,0.29255647874751084,0.1611107750015125,0.8696013289036545,40.51358770377882,3.0
09/01/2026,8,25967,29018,23255,3047,6606,0,22126,0,954,495,1505,992,1004,-452,-531,997,1397,998,991,-514,3047,6387,0.26474627480601526,0.1628047673785468,0.8696013289036545,38.937205649006195,3.5
09/01/2026,9,25987,28879,23235,3032,6606,0,22126,0,796,528,1505,992,1003,-452,-531,997,1397,998,991,-513,3032,6387,0.26543294650827437,0.16189727146227842,0.8696013289036545,39.011551298823335,4.0
09/01/2026,10,25758,28777,22927,3017,6606,0,22126,0,943,-33,1505,992,1004,-452,-510,997,1397,998,991,-514,3017,6408,0.25757055551740715,0.16098977554601004,0.8709430104778942,38.6139395683511,4.5
09/01/2026,11,26521,29507,23603,2988,6606,0,22126,0,946,-76,1505,992,1004,-452,-475,987,1397,998,991,-513,2988,6434,0.2837670809585937,0.1592352834412245,0.8726041400460005,40.05203204976142,5.0
09/01/2026,12,27449,30363,24487,2959,6606,0,22126,0,945,2,1504,991,1004,-452,-404,987,1397,995,991,-513,2959,6500,0.3156286479434183,0.157480791336439,0.8768208535650396,41.86494977930567,5.5
09/01/2026,13,29598,31925,26524,2917,6606,0,22126,0,414,99,1393,965,1004,-328,-450,798,1398,906,1024,-535,2917,6175,0.3894115223511639,0.15493980277088754,0.8560567339637107,47.105751368621625,6.0
09/01/2026,14,32231,34296,28955,2875,6606,0,22126,0,18,-13,1379,962,1003,-403,-530,791,1397,900,1030,-514,2875,6015,0.479811851953581,0.15239881420533608,0.8458343981599795,54.1357795260356,6.5
09/01/2026,15,35450,37560,31905,2830,6606,0,22126,0,13,4,1124,925,781,-452,-531,690,1397,886,1150,-514,2830,5456,0.5903316624321912,0.14967632645653095,0.8101201124456938,74.57120196210715,7.0
09/01/2026,16,37356,39466,33598,2785,6606,0,22126,0,13,-118,1093,923,773,-452,-531,686,1397,885,1160,-514,2785,5420,0.6557714756574882,0.14695383870772583,0.8078200868898543,81.19956538753908,7.5
09/01/2026,17,38507,40617,34575,2745,6606,0,22126,0,13,-372,988,947,731,-452,-531,712,1397,895,1179,-514,2745,5352,0.6952894321225023,0.14453384959767682,0.8034755941732686,85.60595261444,8.0
09/01/2026,18,39588,41698,35590,2704,6606,38,22126,0,13,-277,976,949,730,-452,-531,714,1397,899,1184,-514,2742,5352,0.7324040376296093,0.14435235041442313,0.8034755941732686,89.64436631948394,8.5
09/01/2026,19,41200,43311,37076,2661,6606,241,22126,0,14,-3,1445,990,993,-452,-531,1005,1397,991,1318,-514,2902,6642,0.7877497768316968,0.15403230685461916,0.885893176590851,93.26702824106117,9.0
09/01/2026,20,41705,43815,37557,2617,6606,500,22126,0,13,-34,1505,992,1003,-452,-531,1017,1397,998,1325,-514,3117,6740,0.8050882373137404,0.16703974832113255,0.8921543572706363,93.77560235584791,9.5
09/01/2026,21,41936,44046,37764,2617,6606,788,22126,0,13,-96,1505,992,1004,-452,-531,1017,1397,998,1249,-514,3405,6665,0.8130192954748335,0.1844636699134854,0.8873626373626373,92.94453943982509,10.0
09/01/2026,22,41754,43865,37559,2616,6606,1063,22126,0,14,-158,1505,992,1002,-452,-531,1017,1397,998,1241,-514,3679,6655,0.8067705829842752,0.20104059531732107,0.8867237413749042,80.51965970989379,10.5
09/01/2026,23,41934,44046,37779,2572,6606,1334,22126,0,15,111,1505,992,1003,-452,-531,1017,1397,998,1253,-514,3906,6668,0.8129506283046075,0.21477403351684918,0.8875543061589574,79.79263231661236,11.0
09/01/2026,24,41718,43830,37563,2527,6606,1486,22126,0,15,103,1505,992,1003,-452,-531,1017,1397,998,1254,-514,4013,6669,0.8055345739202088,0.22124750438623025,0.8876181957577306,78.3150766875431,11.5
09/01/2026,25,42126,44237,37971,2498,6606,1570,22126,0,15,226,1505,992,1003,-451,-531,1016,1397,997,1274,-514,4068,6688,0.8195426766462954,0.22457498941254764,0.8888320981344238,79.5070083519234,12.0
09/01/2026,26,41828,43937,37695,2469,6606,1531,22126,0,12,73,1506,992,1004,-452,-531,1016,1397,998,1278,-514,4000,6694,0.8093112682826341,0.22046100792546433,0.8892154357270636,78.77898952636255,12.5
09/01/2026,27,41586,43693,37451,2448,6606,1344,22126,0,11,80,1506,992,1003,-451,-531,1016,1397,998,1372,-514,3792,6788,0.8010025406852984,0.2078770645532095,0.8952210580117557,79.00723835679557,13.0
09/01/2026,28,41178,43286,37010,2426,6606,1297,22126,0,11,-78,1506,992,1003,-452,-531,1016,1397,998,1379,-514,3723,6794,0.7869944379592116,0.203702583338375,0.8956043956043956,77.87037536615021,13.5
09/01/2026,29,41327,43435,37245,2400,6606,992,22126,0,11,350,1506,992,963,-452,-531,966,1397,998,1359,-514,3392,6684,0.7921101421410424,0.18367717345271947,0.8885765397393305,80.61400033048663,14.0
09/01/2026,30,40788,42896,36725,2374,6606,735,22126,0,11,399,1506,992,961,-452,-531,963,1397,998,1354,-514,3109,6674,0.7736043397651583,0.16655575049912275,0.8879376437515972,80.29922758439375,14.5
09/01/2026,31,40873,42978,36784,2313,6606,400,22126,0,9,644,1507,992,1002,-451,-531,644,1397,998,1371,-514,2713,6415,0.7765226944997596,0.14259785830963762,0.8713902376693075,83.4668091536355,15.0
09/01/2026,32,41530,43637,37426,2251,6606,104,22126,0,11,837,1507,992,1004,-451,-531,632,1397,998,1373,-514,2355,6407,0.7990798599189728,0.12093895577469901,0.8708791208791209,88.50994845835231,15.5
09/01/2026,33,42164,44252,38046,2269,6606,0,22126,0,8,750,1507,992,783,-452,-531,689,1397,998,1419,-497,2269,6305,0.8208473528805877,0.11573597918809365,0.8643623818042423,101.90549006212682,16.0
09/01/2026,34,43589,45630,39443,2287,6606,0,22126,0,4,1169,1507,987,775,-452,-531,692,1397,999,1422,-454,2287,6342,0.8697727116665522,0.11682497428761571,0.8667262969588551,107.96745101230012,16.5
09/01/2026,35,44353,46316,40169,2251,6606,0,22126,0,4,1412,1506,809,762,-452,-531,985,1397,998,1422,-376,2251,6520,0.8960035706928517,0.1146469840885716,0.878098645540506,111.46984732004032,17.0
09/01/2026,36,44295,46294,40002,2214,6606,0,22126,0,4,1507,1505,798,761,-452,-531,996,1398,998,1422,-412,2214,6483,0.8940122227563002,0.11240849416177627,0.8757347303858932,111.52780279085259,17.5
09/01/2026,37,43596,45600,39337,2211,6606,0,22126,0,4,1474,1194,798,820,-451,-531,712,1397,998,1421,-418,2211,5940,0.8700130467623429,0.11222699497852259,0.8410426782519805,109.06724047278507,18.0
09/01/2026,38,42331,44280,38079,2207,6606,0,22126,0,6,1128,1155,803,823,-452,-531,701,1397,999,1422,-360,2207,5957,0.8265810615944517,0.1119849960675177,0.842128801431127,103.49996876512445,18.5
09/01/2026,39,41749,43700,37686,2140,6606,0,22126,0,9,1199,1467,980,945,-450,-531,552,1397,999,1422,-361,2140,6420,0.8065989150587104,0.10793151430818561,0.8717096856631741,100.87998567212902,19.0
09/01/2026,40,40842,42929,36905,2073,6606,0,22126,0,12,1556,1507,993,950,-451,-531,547,1397,998,1422,-493,2073,6339,0.775458353361258,0.10387803254885353,0.8665346281625351,97.63250823288354,19.5
09/01/2026,41,39683,41791,35847,2018,6606,0,22126,0,12,1632,1506,992,1007,-451,-531,455,1397,998,1422,-514,2018,6281,0.7356657282153403,0.10055054752253614,0.8628290314336826,93.35580963905107,20.0
09/01/2026,42,38198,40245,34428,1962,6606,0,22126,0,8,1629,1507,992,1009,-452,-528,455,1397,998,1422,-459,1962,6341,0.6846803543225983,0.09716256276846755,0.8666624073600818,77.84971846620685,20.5
09/01/2026,43,37310,39181,33615,1922,6606,0,22126,0,7,1819,1442,960,1003,-452,-432,880,1397,991,1422,-380,1922,6831,0.6541921307422921,0.09474257365841854,0.8979683107590084,74.1450702200395,21.0
09/01/2026,44,35488,37159,31948,1882,6606,0,22126,0,7,2016,1433,957,1003,-413,-283,898,1397,991,1422,-368,1882,7037,0.5916363386664836,0.09232258454836953,0.9111295681063123,67.63203815117348,21.5
09/01/2026,45,33891,35567,30538,1825,6606,0,22126,0,7,1985,1451,934,1008,-451,-209,897,1397,995,1405,-409,1825,7018,0.5368056032410904,0.0888741000665497,0.9099156657296192,62.64624570522697,22.0
09/01/2026,46,31969,33400,28755,1768,6606,0,22126,0,7,2021,1455,935,1009,-430,-62,897,1397,996,1390,-332,1768,7255,0.47081645265398614,0.08542561558472987,0.925057500638896,56.68030546365614,22.5
09/01/2026,47,30632,32198,27600,1668,6606,0,22126,0,106,1977,1489,988,1027,-446,-61,992,1397,998,1029,-353,1668,7060,0.42491244935796196,0.07937564280960736,0.9125990288780986,53.52698919324639,23.0
09/01/2026,48,29827,31532,26873,1568,6606,0,22126,0,125,1804,1493,992,1029,-452,-32,996,1397,998,1002,-496,1568,6927,0.39727391334203116,0.07332567003448484,0.9041017122412471,51.90570004834448,23.5
10/01/2026,1,29832,31572,26876,1495,6606,0,22126,0,125,1834,1504,992,1056,-452,-49,997,1397,997,990,-514,1495,6918,0.39744558126759594,0.0689091899086454,0.9035267058522872,52.23618306322842,0.0
10/01/2026,2,30226,31848,27374,1421,6606,0,22126,0,127,2129,1505,992,1058,-381,-1,997,1397,998,989,-513,1421,7041,0.4109730138021012,0.06443221005505476,0.9113851265014056,53.483683440103235,0.5
10/01/2026,3,29746,31265,26991,1379,6606,0,22126,0,126,2345,1506,992,1056,-279,0,997,1398,998,989,-514,1379,7143,0.3944928929478816,0.061891221489503295,0.9179018655762842,52.202374073118904,1.0
10/01/2026,4,29364,30974,26739,1336,6606,0,22126,0,124,2335,1505,992,1054,-355,0,997,1397,998,989,-531,1336,7046,0.38137746343473183,0.059289733196200615,0.9117045744952722,51.466745409810336,1.5
10/01/2026,5,28870,30695,26290,1323,6606,0,22126,0,361,2398,1505,992,1054,-350,0,997,1397,998,989,-514,1323,7068,0.36441667238893083,0.05850323673543469,0.9131101456682852,50.174348686928035,2.0
10/01/2026,6,28377,30283,25790,1309,6606,0,22126,0,347,2272,1505,992,1054,-445,0,997,1397,998,989,-514,1309,6973,0.3474902149282428,0.057656240546917537,0.9070406337848198,49.069332667366275,2.5
10/01/2026,7,27841,29889,25308,1287,6606,0,22126,0,482,2251,1505,992,1052,-452,0,997,1397,998,989,-514,1287,6964,0.3290874133076976,0.05632524653639059,0.90646562739586,47.808378565605686,3.0
10/01/2026,8,27539,29745,24996,1264,6606,0,22126,0,689,2385,1505,992,1052,-403,0,997,1397,999,989,-514,1264,7014,0.31871867060358444,0.05493375279811241,0.909660107334526,47.082481065207865,3.5
10/01/2026,9,27183,29378,24668,1237,6606,0,22126,0,639,2337,1505,992,1051,-442,0,997,1397,998,989,-514,1237,6973,0.30649591430337153,0.05330026014882933,0.9070406337848198,46.36649844893837,4.0
10/01/2026,10,26703,28937,24148,1209,6606,0,22126,0,636,2101,1505,992,1051,-452,-32,997,1397,998,989,-514,1209,6931,0.29001579344915196,0.05160626777179503,0.9043572706363404,45.37564440810756,4.5
10/01/2026,11,26559,28742,24015,1181,6606,0,22126,0,679,2167,1505,992,1051,-391,0,997,1397,998,989,-513,1181,7025,0.2850717571928861,0.04991227539476072,0.9103628929210325,45.01624308022575,5.0
10/01/2026,12,26920,29063,24368,1153,6606,0,22126,0,644,2341,1505,992,1051,-385,0,997,1398,998,989,-514,1153,7031,0.2974661814186637,0.04821828301772642,0.9107462305136724,45.96464504737835,5.5
10/01/2026,13,27638,29435,25058,1146,6606,0,22126,0,305,2172,1505,992,1051,-310,-68,997,1397,997,989,-514,1146,7036,0.3221176955297672,0.047794784923467844,0.911065678507539,47.744734260346576,6.0
10/01/2026,14,29107,30951,26500,1139,6606,0,22126,0,180,2208,1499,986,1050,-330,-220,997,1385,997,991,-514,1139,6841,0.3725537320607018,0.04737128682920927,0.8986072067467417,51.853483903820916,6.5
10/01/2026,15,30318,32310,27563,1173,6606,0,22126,0,144,2321,1399,776,1047,-362,-372,831,1228,997,1084,-514,1173,6114,0.4141317036324933,0.04942827757275092,0.8521594684385382,66.01974578812928,7.0
10/01/2026,16,31251,33396,28483,1206,6606,0,22126,0,74,2256,1397,767,1046,-449,-508,825,1221,997,1100,-514,1206,5882,0.44616493854288264,0.05142476858854135,0.837337081523128,68.90630096013145,7.5
10/01/2026,17,33265,35518,30264,1207,6606,9,22126,0,157,2032,1474,963,799,-451,-531,939,1378,952,1400,-514,1216,6409,0.5153127789603791,0.0520297658660536,0.8710069000766675,74.50934919420563,8.0
10/01/2026,18,34695,36965,31549,1207,6606,430,22126,0,173,2390,1481,976,789,-452,-531,943,1397,951,1409,-514,1637,6449,0.5644098056719082,0.07750015124931937,0.8735624840276003,77.00499870304023,8.5
10/01/2026,19,35314,37581,32062,1182,6606,1601,22126,0,170,2519,1505,991,706,-452,-531,938,1397,995,942,-514,2783,5977,0.585662294856829,0.14683283925222337,0.8434065934065934,73.70765221494867,9.0
10/01/2026,20,35753,37912,32463,1157,6606,3068,22126,0,62,2459,1505,992,704,-452,-531,938,1396,998,910,-514,4225,5946,0.6007347387214172,0.23407344666948998,0.8414260158446205,68.2450960172309,9.5
10/01/2026,21,35686,37795,32312,1144,6606,4341,22126,0,13,2523,1505,992,932,-451,-531,777,1372,997,909,-514,5485,5988,0.5984343885188491,0.31030310363603364,0.8441093789930999,62.72727309150429,10.0
10/01/2026,22,35251,37361,31874,1131,6606,5152,22126,0,13,2455,1505,992,941,-452,-531,771,1365,998,900,-514,6283,5975,0.5834992789947127,0.3585818863815113,0.8432788142090467,48.752208294157484,10.5
10/01/2026,23,34817,36924,31471,1100,6606,5954,22126,0,10,2603,1482,992,658,-452,-531,777,1304,998,422,-514,7054,5136,0.568598503055689,0.40522717647770584,0.7896754408382315,46.39502743200277,11.0
10/01/2026,24,34491,36602,31214,1069,6606,6379,22126,0,14,2696,1482,992,646,-452,-531,777,1278,997,384,-514,7448,5059,0.557405754308865,0.42906406921168855,0.7847559417326859,44.71748454936519,11.5
10/01/2026,25,34338,36447,31085,1067,6606,6030,22126,0,13,2820,1487,992,506,-451,-531,507,1050,989,261,-514,7097,4296,0.5521527157865824,0.40782866477100854,0.736008177868643,46.38085103305295,12.0
10/01/2026,26,34482,36594,31229,1065,6606,6215,22126,0,15,2952,1485,992,500,-452,-531,495,992,988,241,-514,7280,4196,0.5570967520428484,0.4189001149494827,0.729619217991311,46.27038090363815,12.5
10/01/2026,27,34422,36666,31144,1131,6606,5668,22126,0,6,3011,1426,991,238,-451,-531,146,618,997,-142,-514,6799,2778,0.5550367369360709,0.38979974590114347,0.6390237669307437,49.365197554170244,13.0
10/01/2026,28,34682,36972,31370,1196,6606,4655,22126,0,14,3049,1428,991,225,-451,-531,133,542,998,-180,-514,5851,2641,0.5639634690654398,0.332446003992982,0.6302708918987989,53.19576100286675,13.5
10/01/2026,29,35098,37793,31798,1185,6606,3741,22126,0,11,3069,1505,992,3,-452,-531,72,169,998,-587,-514,4926,1655,0.5782462404724301,0.2764837558230988,0.5672757475083057,58.95345782254239,14.0
10/01/2026,30,35953,38646,32691,1174,6606,2398,22126,0,13,3134,1507,992,0,-451,-531,70,114,999,-626,-472,3572,1602,0.6076014557440088,0.19456712444793997,0.5638895987733197,67.42509405060721,14.5
10/01/2026,31,36607,39736,33408,1163,6606,1051,22126,0,16,3261,1507,992,-105,-451,-511,98,9,999,-1065,-381,2214,1092,0.630055620407883,0.11240849416177627,0.5313059033989267,77.28136476213467,15.0
10/01/2026,32,37435,40435,34190,1151,6606,238,22126,0,14,3331,1507,992,-110,-452,-377,99,0,998,-1095,-352,1389,1210,0.6584838288814118,0.06249621876701555,0.5388448760541784,84.99964295575462,15.5
10/01/2026,33,39084,41684,35720,1203,6606,2,22126,0,9,3382,1507,992,95,-433,-226,27,51,999,-1088,-244,1205,1680,0.7150999107326788,0.051364268860790124,0.5688729874776386,102.11830875139596,16.0
10/01/2026,34,40457,42957,36975,1255,6606,0,22126,0,0,3650,1494,988,102,-451,-93,24,87,998,-1062,-294,1255,1793,0.7622399230927693,0.054389255248351386,0.5760925121390238,107.39922310154708,16.5
10/01/2026,35,42264,43748,38715,1298,6606,0,22126,0,7,3873,1189,858,572,-449,-1,82,458,999,-160,-267,1298,3281,0.8242807113918835,0.056990743541654065,0.6711602351137235,113.16233513296761,17.0
10/01/2026,36,42619,43839,39163,1340,6606,0,22126,0,8,3999,1146,842,642,-347,0,84,524,988,-96,-169,1340,3614,0.8364691341069834,0.05953173210720552,0.692435471505239,114.04200756852828,17.5
10/01/2026,37,41963,42911,38641,1396,6606,0,22126,0,8,4310,539,592,381,-221,-45,146,771,584,-2,-72,1396,2673,0.8139463022728833,0.06291971686127412,0.6323153590595451,111.86640932358746,18.0
10/01/2026,38,41395,42153,38176,1451,6606,0,22126,0,8,4266,533,570,359,-70,-78,148,775,550,-2,68,1451,2853,0.7944448259287235,0.0662472018875915,0.6438154868387427,108.73037402329533,18.5
10/01/2026,39,39978,40778,36927,1604,6606,0,22126,0,16,4584,1029,397,2,68,62,198,436,266,-184,189,1604,2463,0.7457941358236627,0.07550366023352895,0.618898543317148,102.14604405960854,19.0
10/01/2026,40,39164,39973,36317,1756,6606,0,22126,0,14,4638,1043,379,0,189,159,200,368,243,-195,200,1756,2586,0.7178465975417153,0.08469961885171516,0.6267569639662663,97.69024185424836,19.5
10/01/2026,41,37767,38493,35131,1890,6606,0,22126,0,71,4504,511,189,106,200,36,7,37,51,-55,200,1890,1282,0.6698825791389137,0.09280658237037934,0.5434449271658573,93.12320951391187,20.0
10/01/2026,42,36953,37762,34448,2023,6606,0,22126,0,168,4503,440,174,112,200,0,0,-4,38,-37,200,2023,1123,0.6419350408569663,0.10085304616129227,0.5332864809608996,79.55226412925286,20.5
10/01/2026,43,35682,36647,33396,2190,6606,0,22126,0,166,4266,203,78,522,200,50,-195,-4,48,257,200,2190,1359,0.5982970541783973,0.11095650069574686,0.548364426271403,73.885947524962,21.0
10/01/2026,44,34181,35152,32159,2357,6606,0,22126,0,165,4327,173,71,546,200,182,-202,-4,48,282,200,2357,1496,0.5467623429238481,0.12105995523020147,0.5571173013033478,67.96970040726522,21.5
10/01/2026,45,32051,33078,30180,2548,6606,0,22126,0,166,4426,-61,46,661,200,202,-196,-4,28,462,200,2548,1538,0.47363180663324866,0.13261540323068546,0.5598006644518272,60.748328122750024,22.0
10/01/2026,46,30078,31142,28311,2738,6606,0,22126,0,165,4411,-103,51,615,200,202,-196,26,35,463,200,2738,1493,0.4058916432053835,0.14411035150341822,0.5569256325070279,54.88560921408121,22.5
10/01/2026,47,28288,29052,26604,2907,6606,0,22126,0,164,4314,282,306,3,200,203,49,400,324,30,200,2907,1997,0.34443452585318957,0.15433480549337528,0.589125990288781,49.533091284403476,23.0
10/01/2026,48,27322,28088,25720,3075,6606,0,22126,0,166,4193,345,328,0,200,203,58,452,343,3,200,3075,2132,0.31126828263407263,0.1644987597555811,0.5977510861231792,46.853224360990694,23.5
11/01/2026,1,27544,28574,26010,3196,6606,0,22126,0,430,4077,457,450,447,200,202,247,523,355,203,200,3196,3284,0.3188903385291492,0.17181922681347933,0.6713519039100434,45.47179337263771,0.0
11/01/2026,2,27955,28996,26614,3317,6606,0,22126,0,441,4102,471,456,509,200,202,253,546,354,221,200,3317,3412,0.33300144201057474,0.17913969387137757,0.6795297725530284,45.77567766564808,0.5
11/01/2026,3,27490,28532,26238,3472,6606,0,22126,0,442,3924,366,421,749,200,203,161,732,282,309,200,3472,3623,0.3170363249330495,0.18851715167281746,0.6930104778941988,44.1567595629831,1.0
11/01/2026,4,26772,27819,25662,3627,6606,0,22126,0,447,3965,353,419,709,200,203,158,725,281,308,200,3627,3556,0.292384810821946,0.19789460947425735,0.6887298747763864,42.519660542165994,1.5
11/01/2026,5,25683,27053,24664,3824,6606,0,22126,0,712,4006,252,453,105,200,203,-58,353,410,18,200,3824,2136,0.2549955366339353,0.2098130558412487,0.5980066445182725,42.06778429398939,2.0
11/01/2026,6,25498,26896,24555,4020,6606,0,22126,0,726,4097,239,452,102,200,203,-67,286,415,-5,200,4020,2025,0.24864382338803817,0.22167100248048885,0.590914899054434,41.52097686408083,2.5
11/01/2026,7,24578,26785,23706,4226,6606,0,22126,0,722,4085,254,336,-283,200,203,-418,28,297,-184,200,4226,633,0.21705692508411728,0.23413394639724122,0.5019805775619729,41.61864706020799,3.0
11/01/2026,8,24136,26482,23239,4431,6606,0,22126,0,785,4234,256,325,-316,200,202,-432,-4,287,-209,200,4431,509,0.20188148046419008,0.24653639058624235,0.49405826731408126,40.79800215469871,3.5
11/01/2026,9,23441,26794,22664,4516,6606,0,22126,0,775,4582,60,225,-783,200,203,-515,-4,220,-676,200,4516,-870,0.1780196388106846,0.2516788674450965,0.4059545106056734,41.45132931696102,4.0
11/01/2026,10,23151,26599,22295,4600,6606,0,22126,0,781,4457,35,212,-806,200,203,-518,-34,214,-709,200,4600,-1003,0.16806289912792693,0.2567608445761994,0.3974571939688219,41.07054674845466,4.5
11/01/2026,11,22626,26678,21657,4671,6606,0,22126,0,786,4221,-146,-18,-734,200,202,-581,-411,154,-776,200,4671,-1910,0.15003776694362425,0.2610563252465364,0.3395093278814209,41.37963436272046,5.0
11/01/2026,12,22456,26605,21459,4741,6606,0,22126,0,786,4362,-171,-29,-732,200,203,-584,-467,152,-780,172,4741,-2036,0.14420105747442147,0.26529130618912217,0.33145923843598263,41.18011834458354,5.5
11/01/2026,13,23004,27236,22009,4812,6606,0,22126,0,775,4603,7,160,-899,200,203,-627,-578,216,-753,200,4812,-1871,0.16301586211632219,0.26958678685945914,0.34200102223358037,41.5930104341975,6.0
11/01/2026,14,23438,27415,22467,4882,6606,0,22126,0,514,4550,21,177,-906,200,202,-629,-576,219,-752,200,4882,-1844,0.17791663805534574,0.27382176780204487,0.34372604140046,42.02749166014328,6.5
11/01/2026,15,24395,28184,23385,4974,6606,0,22126,0,191,4494,49,312,-939,200,203,-892,-389,172,-778,200,4974,-1862,0.21077387900844607,0.2793877427551576,0.3425760286225403,53.197802305232315,7.0
11/01/2026,16,24871,28631,23804,5066,6606,0,22126,0,173,4418,57,323,-939,200,203,-902,-359,169,-787,200,5066,-1835,0.22711666552221382,0.2849537177082703,0.3443010477894199,53.650034133852046,7.5
11/01/2026,17,27013,30799,25695,5133,6606,3,22126,0,172,4330,557,412,-910,200,203,-793,-270,202,-1041,200,5136,-1240,0.3006592048341688,0.28918869865085606,0.3823153590595451,55.71229440337624,8.0
11/01/2026,18,28184,31975,26600,5199,6606,88,22126,0,177,4213,623,430,-910,173,202,-786,-264,219,-1054,200,5287,-1167,0.340863833001442,0.29832415754129105,0.38697929976999745,57.053820037714296,8.5
11/01/2026,19,30282,33334,28500,5277,6606,270,22126,0,177,4168,1399,854,-708,57,203,-338,-329,734,-900,200,5547,1172,0.41289569456842684,0.3140540867566096,0.5364170713007922,56.95204356011244,9.0
11/01/2026,20,31503,34499,29580,5354,6606,405,22126,0,176,4184,1498,886,-700,0,203,-318,-319,774,-883,200,5759,1341,0.45481700199134795,0.32688002903986935,0.5472144134934832,58.4240630814674,9.5
11/01/2026,21,32936,34970,30857,5363,6606,619,22126,0,177,4172,1507,985,-416,0,197,-93,-93,984,-655,200,5982,2616,0.504017029458216,0.34037146832839255,0.6286736519294659,58.98285627053724,10.0
11/01/2026,22,33722,35665,31527,5372,6606,755,22126,0,177,4102,1508,984,-391,0,83,-84,-61,996,-630,166,6127,2571,0.5310032273570007,0.34914392885232015,0.6257986199846665,50.234207096173975,10.5
11/01/2026,23,34829,35934,32564,5396,6606,793,22126,0,173,4195,1459,696,100,-53,0,158,-11,911,-268,180,6189,3172,0.5690105060770446,0.35289491197289613,0.6641962688474317,51.6920045078456,11.0
11/01/2026,24,34930,35947,32654,5419,6606,805,22126,0,175,4380,1453,684,108,-8,0,167,-4,908,-230,180,6224,3258,0.5724781981734532,0.355012402444189,0.6696907743419371,51.692422705503425,11.5
11/01/2026,25,35933,36705,33608,5411,6606,898,22126,0,168,4338,1501,972,672,0,0,254,-4,992,235,180,6309,4802,0.6069147840417496,0.36015487930304313,0.7683363148479427,51.75864572081916,12.0
11/01/2026,26,36296,37067,34012,5402,6606,876,22126,0,170,4341,1507,992,731,10,0,258,-1,998,264,180,6278,4939,0.6193778754377532,0.35827938774275514,0.7770891898798875,52.57529480422663,12.5
11/01/2026,27,36378,37154,34115,5385,6606,783,22126,0,176,4326,1506,992,315,20,0,576,32,999,91,180,6168,4711,0.6221932294170157,0.35162441769012037,0.7625223613595706,53.48099833154385,13.0
11/01/2026,28,36637,37407,34297,5368,6606,513,22126,0,170,4322,1506,992,301,20,0,583,15,998,66,180,5881,4661,0.6310856279612718,0.33426099582551877,0.7593278814209047,55.315329349818725,13.5
11/01/2026,29,36531,37938,34188,5393,6606,320,22126,0,170,4407,1507,992,307,20,0,73,-257,999,-380,180,5713,3441,0.6274462679392983,0.324097041563313,0.6813825709174547,57.26853324089797,14.0
11/01/2026,30,36621,38128,34359,5418,6606,182,22126,0,176,4512,1506,992,301,20,0,50,-307,998,-424,180,5600,3316,0.6305362905994644,0.31726057232742455,0.6733963710707896,58.124207572271786,14.5
11/01/2026,31,36679,39003,34414,5415,6606,46,22126,0,172,4559,1507,992,-96,20,0,-40,-516,999,-900,180,5461,2146,0.6325276385360159,0.3088511101700042,0.5986455405060056,60.34865112712482,15.0
11/01/2026,32,37253,39643,34947,5411,6606,3,22126,0,169,4313,1507,992,-104,18,0,-43,-545,999,-929,180,5414,2075,0.6522351163908535,0.30600762296569667,0.5941093789930999,62.219397019009264,15.5
11/01/2026,33,38024,40639,35582,5513,6606,0,22126,0,173,4412,1507,992,-362,61,0,-114,-588,999,-778,180,5513,1897,0.6787063105129437,0.31199709601306796,0.582737030411449,74.20213781184368,16.0
11/01/2026,34,38774,41356,36139,5615,6606,0,22126,0,172,4330,1507,990,-374,21,0,-117,-563,998,-756,180,5615,1886,0.7044564993476619,0.3181680682436929,0.5820342448249425,75.94565815038278,16.5
11/01/2026,35,39844,41129,37219,5649,6606,0,22126,0,166,4314,1437,924,583,15,0,-4,-183,975,-332,180,5649,3595,0.7411934354185264,0.3202250589872346,0.6912215691285458,76.84941670186498,17.0
11/01/2026,36,39482,40688,36930,5683,6606,0,22126,0,173,4349,1428,918,692,27,0,0,-128,968,-305,180,5683,3780,0.7287646776076357,0.32228204973077623,0.7030411449016101,75.3349903202906,17.5
11/01/2026,37,38596,39780,36226,5716,6606,0,22126,0,167,4414,1184,839,654,15,0,0,-18,766,-399,180,5716,3221,0.6983451211975554,0.32427854074656665,0.6673268591873243,73.2544598383765,18.0
11/01/2026,38,37727,38934,35286,5748,6606,0,22126,0,169,4415,1153,822,651,-37,0,0,-4,750,-397,180,5748,3118,0.6685092357343954,0.3262145320346058,0.6607462305136724,70.7689487089198,18.5
11/01/2026,39,36294,37147,34118,5794,6606,0,22126,0,169,4536,780,431,329,21,0,0,-4,651,-80,180,5794,2308,0.6193092082675273,0.3289975195111622,0.6089956555072834,67.7793822329349,19.0
11/01/2026,40,35024,35858,33018,5839,6606,0,22126,0,171,4414,733,407,308,15,0,0,-4,645,-59,180,5839,2225,0.5757055551740713,0.3317200072599673,0.6036928188090979,64.57450246843861,19.5
11/01/2026,41,33679,34576,31807,5874,6606,0,22126,0,64,4532,1111,524,-97,15,0,147,-4,637,-132,180,5874,2381,0.5295268831971435,0.3338374977312602,0.6136595962177358,61.19041860663411,20.0
11/01/2026,42,31751,32594,29941,5908,6606,0,22126,0,14,4258,1158,530,-104,15,0,152,6,631,-125,180,5908,2443,0.4633317310993614,0.33589448847480186,0.6176207513416816,47.07843461136182,20.5
11/01/2026,43,30656,31446,29004,5874,6606,0,22126,0,12,4417,832,455,523,18,0,-178,127,460,345,180,5874,2762,0.42573645540067295,0.3338374977312602,0.6380015333503706,44.76102772232516,21.0
11/01/2026,44,29188,29989,27608,5840,6606,0,22126,0,10,3962,789,445,568,46,0,-191,111,444,369,180,5840,2761,0.3753347524548513,0.33178050698771855,0.6379376437515972,42.41504035142322,21.5
11/01/2026,45,27102,28050,25765,5798,6606,0,22126,0,12,4381,511,260,3,159,67,-70,-266,274,22,180,5798,1140,0.303714893909222,0.3292395184221671,0.534372604140046,41.58395812090295,22.0
11/01/2026,46,25580,26888,24413,5756,6606,0,22126,0,286,4255,474,244,0,56,176,-70,-343,258,-9,180,5756,966,0.25145917736730067,0.3266985298566156,0.5232558139534884,39.7922949199238,22.5
11/01/2026,47,23717,27128,22613,5704,6606,0,22126,0,511,4464,-128,124,-613,68,201,-545,-726,96,-288,199,5704,-1612,0.18749570830186088,0.32355254401355193,0.3585484283158702,40.62228344535047,23.0
11/01/2026,48,22982,27148,21909,5651,6606,0,22126,0,946,4066,-222,112,-728,189,203,-567,-797,83,-306,200,5651,-1833,0.16226052324383713,0.320346058442737,0.34442882698696653,39.99146263673204,23.5
12/01/2026,1,23067,27185,21921,5588,6606,0,22126,0,748,4034,-197,-13,-703,200,203,-483,-1091,17,-283,200,5588,-2150,0.1651788779784385,0.31653457559440984,0.3241758241758242,40.62760136778876,0.0
12/01/2026,2,24012,27747,22935,5525,6606,0,22126,0,309,4479,-194,-16,-719,200,202,-480,-1134,13,-283,200,5525,-2211,0.19762411591018333,0.3127230927460826,0.3202785586506517,42.117700681011826,0.5
12/01/2026,3,23609,27374,22533,5472,6606,0,22126,0,340,4145,157,182,-703,200,203,-505,-1217,-19,-381,200,5472,-1883,0.18378768110966148,0.3095166071752677,0.3412343470483005,41.24132208816242,1.0
12/01/2026,4,23248,27593,22284,5419,6606,0,22126,0,894,4285,215,201,-702,191,203,-506,-1242,-22,-379,200,5419,-1841,0.17139325688388382,0.30631012160445276,0.34391771019677997,40.788072423286174,1.5
12/01/2026,5,23609,27635,22594,5386,6606,0,22126,0,927,4125,382,409,-364,76,202,-573,-1428,-69,-65,200,5386,-1230,0.18378768110966148,0.30431363058866234,0.3829542550472783,40.56301322578103,2.0
12/01/2026,6,22954,26728,21947,5353,6606,0,22126,0,676,3800,404,420,-352,0,203,-576,-1451,-71,-48,200,5353,-1271,0.16129918286067432,0.30231713957287193,0.3803347814975722,39.77575749728937,2.5
12/01/2026,7,22085,26443,21145,5314,6606,0,22126,0,670,4070,155,280,-773,41,134,-615,-1451,-27,-222,200,5314,-2278,0.13146329739751425,0.29995765019057413,0.31599795553283927,39.939843279526556,3.0
12/01/2026,8,21746,26119,20803,5275,6606,0,22126,0,670,4050,123,264,-792,1,10,-617,-1447,-20,-227,200,5275,-2505,0.11982421204422165,0.29759816080827634,0.3014950166112957,39.83512332529467,3.5
12/01/2026,9,21281,25818,20351,5186,6606,0,22126,0,723,3957,-145,29,-910,12,0,-765,-1384,97,-10,200,5186,-2876,0.10385909496669642,0.2922136850384173,0.27779197546639406,39.83211373818746,4.0
12/01/2026,10,21633,26450,20730,5097,6606,0,22126,0,993,4303,-197,0,-913,41,0,-770,-1344,99,7,200,5097,-2877,0.11594451692645746,0.2868292092685583,0.27772808586762077,40.47834268164914,4.5
12/01/2026,11,21902,27197,20983,5009,6606,0,22126,0,924,4248,-660,-449,-741,173,0,-864,-952,-105,159,200,5009,-3239,0.12518025132184302,0.2815052332264505,0.254600051111679,41.47005203384662,5.0
12/01/2026,12,22924,28030,21931,4920,6606,0,22126,0,733,4045,-719,-470,-734,184,0,-865,-872,-113,171,200,4920,-3218,0.1602691753072856,0.2761207574565914,0.25594173268591874,43.00830963487531,5.5
12/01/2026,13,25736,29284,24531,4808,6606,0,22126,0,694,3954,-432,-80,-770,125,0,-486,-486,63,305,200,4808,-1561,0.2568152166449221,0.26934478794845423,0.3618067978533095,44.956129070277065,6.0
12/01/2026,14,28281,31500,26831,4695,6606,0,22126,0,471,3915,-396,-56,-771,82,0,-472,-453,76,312,152,4695,-1526,0.3441941907573989,0.2625083187125658,0.36404293381037567,49.01201429421496,6.5
12/01/2026,15,31296,34657,29537,4673,6606,0,22126,0,17,4196,-602,-139,-588,-8,0,-764,-643,116,231,20,4673,-2377,0.44770994987296575,0.26117732470203886,0.3096728852542806,65.96728576396131,7.0
12/01/2026,16,33222,36628,31281,4650,6606,0,22126,0,9,4246,-623,-132,-561,0,0,-776,-649,125,226,-56,4650,-2446,0.5138364348005219,0.2597858309637607,0.30526450293892154,70.52709496291901,7.5
12/01/2026,17,34986,36899,32875,4529,6606,4,22126,0,9,4275,227,354,-113,0,0,-751,-428,369,288,-12,4533,-66,0.5744008789397789,0.25270736281686734,0.45732174801942244,72.45758241162801,8.0
12/01/2026,18,35407,37293,33250,4408,6606,166,22126,0,9,4383,367,402,-106,0,0,-750,-421,401,294,0,4574,187,0.588855318272334,0.25518785165466756,0.47348581650907234,73.10889954781497,8.5
12/01/2026,19,36324,38832,34099,4312,6606,615,22126,0,9,4536,1370,954,-298,0,0,-873,-679,944,364,-49,4927,1733,0.620339215820916,0.27654425555085005,0.5722591362126246,72.16375672448443,9.0
12/01/2026,20,36728,39344,34527,4215,6606,918,22126,0,9,4343,1508,992,-306,0,0,-877,-703,980,365,-121,5133,1838,0.6342099842065508,0.2890071994676024,0.5789675440838231,72.26873025804898,9.5
12/01/2026,21,37158,39298,34929,4198,6606,1163,22126,0,7,4300,1508,992,184,0,0,-749,-604,997,190,-180,5361,2338,0.6489734258051225,0.30280113739488174,0.610912343470483,71.84677123673976,10.0
12/01/2026,22,36967,39095,34652,4180,6606,1361,22126,0,9,4533,1508,992,201,0,0,-741,-611,999,162,-167,5541,2343,0.6424157110485477,0.31369108839010224,0.6112317914643496,60.54485261346809,10.5
12/01/2026,23,36833,39167,34508,4173,6606,1493,22126,0,11,4126,1507,992,578,0,0,-276,-850,998,-401,-196,5666,2352,0.6378150106434114,0.3212535543590054,0.6118067978533095,59.65152717419433,11.0
12/01/2026,24,36752,39154,34497,4166,6606,1808,22126,0,11,4470,1507,992,595,0,0,-255,-850,999,-442,-244,5974,2302,0.6350339902492619,0.33988747050638274,0.6086123179146435,58.25917722346616,11.5
12/01/2026,25,36884,39165,34625,4109,6606,2177,22126,0,11,4374,1507,992,545,0,0,-416,-494,999,-565,-195,6286,2373,0.6395660234841722,0.35876338556476495,0.6131484794275492,57.28777707162282,12.0
12/01/2026,26,36651,38934,34375,4051,6606,1974,22126,0,9,4285,1508,992,542,0,0,-422,-460,999,-586,-206,6025,2367,0.6315662981528531,0.3429729566216952,0.6127651418349093,57.71532739733226,12.5
12/01/2026,27,36187,39009,33879,3978,6606,1816,22126,0,6,4266,1463,992,220,0,0,-554,-543,999,-1026,-93,5794,1458,0.6156355146604409,0.3289975195111622,0.5546894965499617,58.5913854858754,13.0
12/01/2026,28,36011,38899,33635,3904,6606,1810,22126,0,9,4185,1458,992,205,0,0,-560,-580,999,-1054,-85,5714,1375,0.6095928036805603,0.32415754129106417,0.5493866598517761,58.55965005237659,13.5
12/01/2026,29,36222,39818,33857,3817,6606,1751,22126,0,12,4216,1503,992,-117,0,0,-950,-746,999,-982,-189,5568,510,0.6168371901393943,0.3153245810393853,0.4941221569128546,60.78589824291481,14.0
12/01/2026,30,36015,39727,33606,3730,6606,1367,22126,0,13,3818,1508,992,-131,0,0,-965,-746,998,-979,-278,5097,399,0.6097301380210122,0.2868292092685583,0.4870304114490161,62.29962160115526,14.5
12/01/2026,31,36258,39852,33776,3634,6606,687,22126,0,15,3625,1509,992,-170,-16,-1,-940,-603,999,-1083,-166,4321,521,0.6180731992034608,0.2398814205336076,0.4948249424993611,66.21172778935102,15.0
12/01/2026,32,37082,40744,34510,3538,6606,208,22126,0,15,3522,1509,992,-171,-145,-91,-939,-525,997,-1091,-85,3746,451,0.6463640733365378,0.20509407707665314,0.49035267058522874,71.57783978540925,15.5
12/01/2026,33,38511,41380,35811,3490,6606,6,22126,0,9,3354,1455,992,190,-225,-242,-700,-84,914,-1009,2,3496,1293,0.6954267664629541,0.18996914513884688,0.544147712752364,86.56428646658296,16.0
12/01/2026,34,39743,42922,36833,3441,6606,0,22126,0,7,3514,1447,982,206,-372,-394,-689,-51,890,-1000,-66,3441,953,0.7377257433221177,0.1866416601125295,0.5224252491694352,91.68289495213727,16.5
12/01/2026,35,40517,43339,37533,3472,6606,0,22126,0,7,3670,811,608,188,-450,-513,-276,295,276,-930,-46,3472,-37,0.7642999381995468,0.18851715167281746,0.4591745463838487,95.62454108574948,17.0
12/01/2026,36,40560,43338,37487,3502,6606,0,22126,0,7,3347,728,575,188,-450,-531,-259,367,232,-885,-46,3502,-81,0.765776282359404,0.1903321435053542,0.45636340403782266,95.66197632494783,17.5
12/01/2026,37,40770,42419,37626,3433,6606,0,22126,0,9,3259,525,286,306,-450,-531,36,741,88,176,-59,3433,1118,0.772986335233125,0.1861576622905197,0.532967032967033,95.33745636452352,18.0
12/01/2026,38,39490,41080,36470,3363,6606,0,22126,0,9,3131,500,270,309,-450,-531,49,770,86,264,9,3363,1276,0.7290393462885395,0.18192268134793393,0.5430615895732175,90.80286032298307,18.5
12/01/2026,39,38729,40340,35726,3245,6606,0,22126,0,14,3347,1066,412,105,-448,-531,401,543,323,440,-18,3245,2293,0.7029114880175787,0.17478371347328936,0.6080373115256836,87.44733866069701,19.0
12/01/2026,40,37760,39349,34823,3126,6606,0,22126,0,14,3704,1139,432,102,-380,-531,415,500,348,446,-64,3126,2407,0.669642244043123,0.16758424587089357,0.6153207257858421,84.57548188160365,19.5
12/01/2026,41,36413,38203,33551,3103,6606,0,22126,0,11,3690,1250,809,356,-445,-531,120,312,715,212,-203,3103,2595,0.6233949048959693,0.1661927521326154,0.6273319703552261,79.9454027342425,20.0
12/01/2026,42,34749,36515,31926,3079,6606,0,22126,0,14,3914,1264,826,381,-428,-531,108,318,734,196,-193,3079,2675,0.566263819268008,0.164740758666586,0.6324431382570918,64.73271333726488,20.5
12/01/2026,43,32897,34798,30196,3017,6606,0,22126,0,12,3630,1151,500,737,-451,-531,149,692,597,265,-307,3017,2802,0.5026780196388106,0.16098977554601004,0.6405571173013034,59.47133654221933,21.0
12/01/2026,44,31222,33083,28598,2955,6606,0,22126,0,13,3186,1136,477,752,-451,-531,150,748,586,272,-266,2955,2873,0.44516926457460687,0.1572387924254341,0.6450932788142091,55.161978641459804,21.5
12/01/2026,45,29586,31520,27106,2958,6606,0,22126,0,12,3350,982,480,759,-450,-531,241,873,547,295,-341,2958,2855,0.3889995193298084,0.15742029160868776,0.6439432660362893,51.17624302692056,22.0
12/01/2026,46,27872,29769,25524,2961,6606,0,22126,0,10,3305,962,491,760,-450,-464,244,918,551,288,-373,2961,2927,0.33015175444619926,0.15760179079194145,0.6485433171479683,47.2935595085555,22.5
12/01/2026,47,26946,28924,24533,2900,6606,0,22126,0,65,2978,1269,863,624,-431,-352,456,1290,786,-61,-469,2900,3975,0.2983588546316006,0.1539113073991167,0.7154996166624074,44.25892826413122,23.0
12/01/2026,48,26432,28350,24009,2839,6606,0,22126,0,65,2836,1309,888,619,-450,-212,466,1341,803,-77,-514,2839,4173,0.2807113918835405,0.15022082400629197,0.7281497572195247,43.18050310905798,23.5
13/01/2026,1,26712,28600,24231,2772,6606,0,22126,0,70,2619,1403,845,684,-450,-254,859,1391,869,292,-514,2772,5125,0.29032479571516856,0.14616734224695987,0.788972655251725,42.695400739589765,0.0
13/01/2026,2,26702,28493,24260,2704,6606,0,22126,0,67,2415,1414,845,687,-402,-208,875,1397,876,309,-514,2704,5279,0.289981459864039,0.14205336075987657,0.7988116534628162,42.67438785278319,0.5
13/01/2026,3,26619,28584,24179,2621,6606,0,22126,0,73,2225,1475,961,1015,-447,-331,932,1397,990,17,-514,2621,5495,0.2871317722996635,0.1370318833565249,0.8126118067978533,42.473876854978286,1.0
13/01/2026,4,26074,28075,23629,2538,6606,0,22126,0,73,1897,1484,969,1029,-450,-364,934,1397,998,0,-514,2538,5483,0.2684199684131017,0.1320104059531732,0.8118451316125734,41.656038049507956,1.5
13/01/2026,5,25884,27990,23563,2377,6606,0,22126,0,74,1548,1503,991,1051,-450,-468,914,1397,997,0,-514,2377,5421,0.2618965872416398,0.12226994978522597,0.8078839764886276,41.819821339579356,2.0
13/01/2026,6,25264,27339,22991,2215,6606,0,22126,0,75,1255,1506,992,1053,-450,-436,913,1394,998,1,-514,2215,5457,0.24060976447160612,0.1124689938895275,0.8101840020444672,41.03184414641122,2.5
13/01/2026,7,24805,26834,22524,2078,6606,0,22126,0,74,967,1506,992,1052,-451,-390,947,1351,998,141,-514,2078,5632,0.22485064890475864,0.10418053118760966,0.8213646818297982,40.314993022558326,3.0
13/01/2026,8,24630,26503,22324,1941,6606,0,22126,0,70,714,1506,992,1047,-451,-238,947,1316,998,151,-514,1941,5754,0.21884227150999108,0.09589206848569182,0.8291592128801432,40.200749693649016,3.5
13/01/2026,9,24220,25927,21933,1792,6606,0,22126,0,17,595,1507,992,563,-451,-125,675,942,998,104,-514,1792,4691,0.2047655016136785,0.08687760905075927,0.7612445693841042,41.19325371811786,4.0
13/01/2026,10,23963,25631,21624,1643,6606,0,22126,0,12,308,1507,992,539,-427,-135,633,866,998,93,-494,1643,4572,0.19594177023964843,0.07786314961582673,0.7536417071300793,41.265495817415015,4.5
13/01/2026,11,23948,25817,21569,1521,6606,0,22126,0,11,604,1508,984,277,-301,-14,-351,492,994,-208,-384,1521,2997,0.19542676646295407,0.07048218283017726,0.6530155890621007,43.578962331120906,5.0
13/01/2026,12,25351,27402,22863,1399,6606,0,22126,0,19,647,1508,978,262,-308,-28,-424,416,982,-247,-425,1399,2714,0.24359678637643342,0.0631012160445278,0.6349348326092512,47.10685737610288,5.5
13/01/2026,13,27776,31124,25106,1342,6606,0,22126,0,17,797,1299,787,-378,-200,-48,-894,41,606,-900,-311,1342,2,0.32685573027535536,0.05965273156270797,0.4616662407360082,56.33516900067467,6.0
13/01/2026,14,30679,34474,27758,1285,6606,0,22126,0,15,481,1274,776,-431,-295,-198,-915,-36,590,-948,-357,1285,-540,0.426526127858271,0.056204247080888135,0.4270380782008689,65.06245386083671,6.5
13/01/2026,15,33579,38778,30430,1303,6606,0,22126,0,14,194,1446,910,-971,-429,-350,-850,-412,836,-1082,-491,1303,-1393,0.5260935246858477,0.05729324218041019,0.3725402504472272,85.06056100570774,7.0
13/01/2026,16,35356,40822,32126,1321,6606,0,22126,0,17,417,1469,921,-999,-452,-494,-848,-450,855,-1092,-514,1321,-1604,0.5871043054315732,0.05838223727993224,0.35905954510605675,91.32433571777675,7.5
13/01/2026,17,36826,42088,33463,1369,6606,0,22126,0,11,835,1504,987,-754,-451,-531,-974,-335,990,-1092,-514,1369,-1170,0.6375746755476207,0.06128622421199104,0.38678763097367747,95.85515042464066,8.0
13/01/2026,18,37320,42546,33973,1417,6606,15,22126,0,10,1330,1509,992,-744,-452,-531,-978,-305,999,-1092,-514,1432,-1116,0.6545354665934217,0.06509770706031823,0.39023766930743675,97.26994640758286,8.5
13/01/2026,19,37931,42455,34561,1517,6606,88,22126,0,10,1401,1508,992,-561,-451,-531,-665,-100,998,-1092,-514,1605,-416,0.6755132870974387,0.07556415996128017,0.43496038844876056,97.65073622517023,9.0
13/01/2026,20,38266,42747,34881,1616,6606,217,22126,0,11,1486,1508,992,-554,-451,-531,-652,-76,999,-1092,-514,1833,-371,0.6870150381102795,0.0893580978885595,0.43783542039355994,97.47477927159451,9.5
13/01/2026,21,38289,42289,34905,1686,6606,316,22126,0,10,1319,1508,992,-368,-452,-531,-343,-90,999,-1092,-514,2002,109,0.6878047105678775,0.09958255187851654,0.4685024278047534,95.91498178865483,10.0
13/01/2026,22,38761,42683,35199,1755,6606,404,22126,0,8,1088,1508,992,-360,-451,-472,-331,-97,998,-1089,-514,2159,184,0.7040101627411934,0.10908100913545889,0.47329414771275236,86.65853514993107,10.5
13/01/2026,23,38823,42456,35273,1761,6606,505,22126,0,6,1160,1508,992,-158,-452,-409,-375,-151,998,-968,-514,2266,471,0.7061388450181968,0.11555448000483998,0.4916304625606951,85.87370368126257,11.0
13/01/2026,24,38747,42336,35295,1767,6606,730,22126,0,6,1502,1508,992,-149,-451,-369,-377,-165,999,-958,-514,2497,516,0.7035294925496121,0.12952991711537298,0.4945054945054945,84.1337030543346,11.5
13/01/2026,25,39134,42511,35750,1780,6606,972,22126,0,6,2050,1507,992,193,-452,-322,-351,-254,999,-878,-514,2752,920,0.7168165899883265,0.14495734769193538,0.5203168924099156,83.53898490056483,12.0
13/01/2026,26,39139,42509,35784,1792,6606,1266,22126,0,6,2316,1507,992,211,-451,-319,-350,-253,998,-877,-514,3058,944,0.7169882579138913,0.16347026438381027,0.5218502427804753,81.72134767912586,12.5
13/01/2026,27,39296,42688,36023,1808,6606,1280,22126,0,7,2335,1507,992,545,-452,-320,-326,-96,999,-1077,-514,3088,1258,0.7223786307766257,0.16528525621634702,0.5419115767952978,81.7195376874062,13.0
13/01/2026,28,38451,41824,35273,1823,6606,1304,22126,0,11,2214,1507,992,560,-452,-296,-325,-84,998,-1091,-514,3127,1295,0.6933667513561766,0.1676447455986448,0.5442754919499105,78.40283548755285,13.5
13/01/2026,29,38292,41634,35073,1800,6606,1235,22126,0,10,2224,1507,992,375,-452,-190,-305,-180,997,-1091,-514,3035,1139,0.6879077113232164,0.16207877064553208,0.5343087145412727,78.55753553399018,14.0
13/01/2026,30,38282,41813,35095,1776,6606,1007,22126,0,10,2697,1507,992,356,-452,-364,-304,-198,998,-1089,-514,2783,932,0.6875643754720868,0.14683283925222337,0.5210835675951955,80.21935414517448,14.5
13/01/2026,31,38125,41807,35037,1792,6606,591,22126,0,11,3009,1507,992,2,-452,-530,-279,-282,997,-1003,-525,2383,427,0.6821740026093525,0.12263294815173331,0.48881932021466906,82.61675675294137,15.0
13/01/2026,32,38881,42543,35817,1808,6606,187,22126,0,17,3506,1507,992,0,-451,-531,-278,-278,997,-993,-514,1995,451,0.7081301929547483,0.09915905378425798,0.49035267058522874,87.7941335935139,15.5
13/01/2026,33,40025,43335,36758,1850,6606,8,22126,0,13,3551,1487,992,446,-452,-531,-246,-95,999,-859,-514,1858,1227,0.7474078143239717,0.09087059108234014,0.5399309992333248,102.23404238593207,16.0
13/01/2026,34,41384,44548,37994,1891,6606,0,22126,0,9,3644,1485,979,521,-452,-531,-245,-42,986,-771,-514,1891,1416,0.7940671564924809,0.09286708209813056,0.5520061334014822,107.43744378856424,16.5
13/01/2026,35,42502,44646,39092,1965,6606,0,22126,0,10,3506,1077,515,1035,-452,-531,-37,332,532,599,-514,1965,2556,0.8324521046487674,0.09734406195172121,0.6248402760030667,110.30398687361068,17.0
13/01/2026,36,42685,44799,39404,2039,6606,0,22126,0,9,3503,1024,481,1064,-452,-531,-8,408,503,750,-514,2039,2725,0.8387351507244386,0.10182104180531187,0.6356376181957577,110.36456664634726,17.5
13/01/2026,37,42359,44472,39134,2082,6606,0,22126,0,17,3351,709,415,1063,-451,-531,830,780,461,1254,-514,2082,4016,0.8275424019776145,0.10442253009861456,0.7181190902121135,106.98077931828195,18.0
13/01/2026,38,41380,43496,38225,2125,6606,0,22126,0,19,3518,669,421,1064,-452,-531,882,856,466,1291,-514,2125,4152,0.7939298221520291,0.10702401839191723,0.7268080756452849,102.32068581577747,18.5
13/01/2026,39,41012,43125,37949,2106,6606,0,22126,0,16,3755,1309,792,1063,-452,-531,724,1229,742,1420,-514,2106,5782,0.7812950628304608,0.10587452356464395,0.830948121645796,98.8281786650908,19.0
13/01/2026,40,38932,41189,36075,2087,6606,0,22126,0,161,3718,1392,822,1062,-451,-531,719,1283,765,1426,-514,2087,5973,0.7098812057955092,0.10472502873737068,0.8431510350115001,90.36331658736653,19.5
13/01/2026,41,37830,40263,35038,2060,6606,0,22126,0,324,3818,1491,981,1064,-451,-531,986,1384,983,1426,-527,2060,6806,0.67204559500103,0.1030915360880876,0.8963710707896755,85.28417957081578,20.0
13/01/2026,42,36259,38678,33423,2032,6606,0,22126,0,323,3862,1504,992,1064,-451,-531,997,1397,998,1426,-514,2032,6882,0.6181075327885738,0.1013975437110533,0.9012266802964477,69.67719416303188,20.5
13/01/2026,43,34564,36985,31896,2011,6606,0,22126,0,324,3948,1504,992,1065,-452,-531,997,1397,998,1426,-514,2011,6882,0.5599121060221108,0.10012704942827758,0.9012266802964477,64.05227704812681,21.0
13/01/2026,44,32963,35383,30387,1990,6606,0,22126,0,323,4130,1504,992,1064,-452,-531,997,1397,998,1424,-514,1990,6879,0.5049440362562658,0.09885655514550185,0.9010350115001278,59.10578710477611,21.5
13/01/2026,45,31326,33742,28899,1959,6606,0,22126,0,319,4211,1496,992,1066,-452,-531,997,1397,998,1423,-514,1959,6872,0.4487399574263545,0.09698106358521387,0.9005877843087146,54.45246986710405,22.0
13/01/2026,46,30064,32481,27839,1928,6606,0,22126,0,321,4212,1493,989,1065,-451,-531,997,1397,994,1423,-514,1928,6862,0.4054109730138021,0.0951055720249259,0.8999488883209813,51.141660506356715,22.5
13/01/2026,47,28557,31071,26451,1902,6606,0,22126,0,419,4127,1208,894,1033,-451,-530,929,1397,845,1422,-514,1902,6233,0.3536702602485752,0.09353257910339403,0.8597623306925632,48.20588321208545,23.0
13/01/2026,48,27698,30437,25640,1875,6606,0,22126,0,731,4170,1172,889,1033,-452,-442,927,1397,838,1423,-514,1875,6271,0.32417771063654466,0.09189908645411096,0.8621901354459494,46.20353467804452,23.5
14/01/2026,1,28280,31057,26182,1844,6606,0,22126,0,921,4252,1258,915,1052,-452,-290,947,1397,918,1423,-514,1844,6654,0.3441598571722859,0.09002359489382297,0.8866598517761308,47.2076037928462,0.0
14/01/2026,2,28579,31196,26602,1812,6606,0,22126,0,915,4304,1270,917,1057,-451,-137,948,1397,925,1423,-514,1812,6835,0.3544255991210602,0.08808760360578377,0.8982238691541017,47.82607414489259,0.5
14/01/2026,3,28252,30796,26349,1772,6606,0,22126,0,917,4304,1371,922,1059,-451,-62,995,1397,988,1422,-514,1772,7127,0.3431985167891231,0.08566761449573478,0.916879631995911,46.799649534937465,1.0
14/01/2026,4,27598,30123,25667,1732,6606,0,22126,0,915,4191,1384,921,1058,-451,-45,997,1397,992,1422,-514,1732,7161,0.32074435212524893,0.08324762538568577,0.919051878354204,45.33558946907571,1.5
14/01/2026,5,27271,29728,25385,1699,6606,0,22126,0,926,4162,1251,866,1056,-417,0,997,1397,988,1395,-514,1699,7019,0.30951726979331184,0.08125113436989534,0.9099795553283926,44.86989136893626,2.0
14/01/2026,6,26931,29377,25035,1666,6606,0,22126,0,1106,4255,1234,861,1056,-275,0,997,1397,986,1385,-465,1666,7176,0.2978438508549063,0.07925464335410491,0.9200102223358038,44.00278478500674,2.5
14/01/2026,7,26425,28894,24612,1637,6606,0,22126,0,1259,4179,962,830,1053,-146,0,987,1397,912,1105,-464,1637,6636,0.28047105678774975,0.07750015124931937,0.8855098389982111,43.655472263771614,3.0
14/01/2026,8,26003,28295,24205,1607,6606,0,22126,0,1259,4229,927,820,1053,-111,0,986,1397,891,1080,-322,1607,6721,0.2659822838700817,0.07568515941678262,0.8909404548939432,42.72270720893259,3.5
14/01/2026,9,25567,27451,23838,1577,6606,0,22126,0,1093,4179,809,535,1000,-18,0,736,1397,363,880,-173,1577,5529,0.25101284076083225,0.07387016758424587,0.8147840531561462,43.41149913939181,4.0
14/01/2026,10,25575,26837,23875,1546,6606,0,22126,0,630,3954,788,497,998,0,0,727,1397,314,857,-32,1546,5546,0.2512875094417359,0.0719946760239579,0.8158701763352926,43.50301177714335,4.5
14/01/2026,11,25511,26923,23755,1526,6606,0,22126,0,317,3992,-118,-173,739,67,12,583,1397,-204,551,64,1526,2918,0.24909015999450662,0.0707846814689334,0.6479683107590084,46.788270360866115,5.0
14/01/2026,12,26379,28022,24506,1506,6606,0,22126,0,324,3762,-260,-223,728,96,0,576,1367,-236,521,188,1506,2757,0.27889171187255374,0.06957468691390889,0.637682085356504,48.943603176607084,5.5
14/01/2026,13,28856,30678,26813,1502,6606,0,22126,0,313,4221,-378,-361,480,100,0,187,996,-170,217,200,1502,1271,0.36393600219734945,0.06933268800290399,0.5427421415793509,56.83008338028091,6.0
14/01/2026,14,33082,34920,30741,1498,6606,0,22126,0,310,4377,-393,-369,469,56,0,170,931,-166,185,200,1498,1083,0.5090297328847079,0.06909068909189908,0.5307308970099668,69.28663243763187,6.5
14/01/2026,15,35856,37949,33122,1507,6606,0,22126,0,316,4242,-397,-318,124,117,0,-79,683,-186,-197,134,1507,-119,0.6042710979880519,0.06963518664166012,0.4539355992844365,90.15320979665475,7.0
14/01/2026,16,37283,39372,34446,1515,6606,0,22126,0,309,4159,-395,-303,111,14,0,-87,682,-178,-217,11,1515,-362,0.6532651239442423,0.07011918446366991,0.4384104267825198,95.66237209216995,7.5
14/01/2026,17,39205,40134,36086,1557,6606,41,22126,0,316,3839,390,120,322,0,0,262,1056,147,38,-13,1598,2322,0.7192542745313466,0.0751406618670216,0.6098901098901099,99.2110896886103,8.0
14/01/2026,18,39600,40521,36457,1599,6606,693,22126,0,321,3922,509,159,331,0,0,275,1084,173,60,68,2292,2659,0.7328160406509647,0.11712747292637184,0.6314209046767186,95.91474409031869,8.5
14/01/2026,19,40406,41207,37130,1667,6606,1964,22126,0,201,3698,877,481,477,0,0,332,859,382,214,190,3631,3812,0.7604889102520085,0.19813660838526226,0.7050856120623562,89.34815260216502,9.0
14/01/2026,20,39703,40319,36395,1734,6606,2961,22126,0,16,3821,926,500,482,0,0,334,843,397,220,200,4695,3902,0.7363523999175994,0.2625083187125658,0.7108356759519551,80.83382571387045,9.5
14/01/2026,21,38778,39394,35503,1741,6606,3892,22126,0,16,4158,813,409,171,0,0,101,978,453,16,181,5633,3122,0.7045938336881137,0.31925706334321496,0.6610017889087657,74.29507126384301,10.0
14/01/2026,22,38183,38795,34922,1748,6606,4906,22126,0,12,4382,797,401,163,60,0,92,1000,451,0,200,6654,3164,0.684165350545904,0.3810272853772158,0.6636851520572451,58.17565361262774,10.5
14/01/2026,23,37690,38302,34529,1691,6606,5322,22126,0,12,4554,306,335,687,40,0,41,1062,229,0,200,7013,2900,0.667238893085216,0.4027466876399056,0.6468182979810887,55.86815673906915,11.0
14/01/2026,24,37275,37891,34119,1634,6606,5439,22126,0,10,4572,242,330,712,162,0,39,1054,219,-6,200,7073,2952,0.6529904552633385,0.4063766713049791,0.6501405571173013,54.574608435333765,11.5
14/01/2026,25,37651,38564,34520,1696,6606,5015,22126,0,10,4639,615,288,333,119,0,-70,871,370,-233,200,6711,2493,0.6658998832658106,0.38447576985903564,0.6208152312803475,57.43738950566176,12.0
14/01/2026,26,38068,39013,34891,1758,6606,4426,22126,0,10,4621,664,299,309,182,0,-74,818,385,-261,200,6184,2522,0.6802169882579139,0.35259241333414,0.6226680296447739,60.61781826303589,12.5
14/01/2026,27,38171,40164,35086,1729,6606,3430,22126,0,8,4554,1320,806,-308,200,0,-348,446,597,-729,200,5159,2184,0.6837533475245485,0.29058019238913424,0.6010733452593918,65.88636901926827,13.0
14/01/2026,28,38524,40615,35420,1699,6606,2830,22126,0,9,4800,1406,844,-346,200,0,-367,371,621,-769,200,4529,2160,0.6958731030694225,0.25246536390586244,0.5995399948888321,70.06678869683277,13.5
14/01/2026,29,38101,41630,34965,1808,6606,1979,22126,0,14,5057,1465,983,-859,200,0,-979,-6,976,-1071,200,3787,909,0.6813499965666415,0.2075745659144534,0.5196141068234091,74.10227027014386,14.0
14/01/2026,30,38833,42507,35811,1917,6606,1292,22126,0,3,5228,1473,989,-891,200,12,-1000,-82,995,-1092,200,3209,804,0.7064821808693263,0.17260572327424525,0.5129056989522106,79.92444587595783,14.5
14/01/2026,31,39019,42326,36080,2063,6606,548,22126,0,8,5145,1410,867,-778,180,108,-337,-460,905,-1092,199,2611,1002,0.7128682277003364,0.13642688607901265,0.5255558395093278,83.847882955268,15.0
14/01/2026,32,39657,42929,36750,2209,6606,116,22126,0,5,5225,1402,858,-773,133,22,-303,-495,901,-1091,146,2325,800,0.7347730550024033,0.11912396394216226,0.5126501405571173,88.30562867008696,15.5
14/01/2026,33,40762,43401,37795,2351,6606,2,22126,0,7,4938,1385,837,-455,18,0,-135,-350,967,-1092,17,2353,1192,0.7727116665522213,0.12081795631919656,0.5376948632762586,102.02795527347052,16.0
14/01/2026,34,42137,44760,39127,2492,6606,0,22126,0,4,5261,1379,824,-424,-9,0,-128,-305,957,-1085,-68,2492,1141,0.8199203460825379,0.12922741847661687,0.5344364937388193,106.85466462891692,16.5
14/01/2026,35,42302,43965,39246,2626,6606,0,22126,0,7,5020,574,412,181,0,0,190,22,484,-852,-204,2626,807,0.825585387626176,0.13733438199528103,0.5130973677485305,107.06280349533428,17.0
14/01/2026,36,42724,44598,39757,2760,6606,0,22126,0,6,4966,468,380,196,-79,0,202,59,446,-836,-353,2760,483,0.840074160543844,0.1454413455139452,0.49239713774597493,108.34266816439761,17.5
14/01/2026,37,41870,44294,39078,2896,6606,0,22126,0,5,5285,365,254,-342,-150,0,99,3,129,-855,-472,2896,-969,0.8107532788573782,0.1536693084881118,0.3996294403271147,105.73302374008384,18.0
14/01/2026,38,41145,43769,38340,3031,6606,0,22126,0,9,5332,353,249,-387,-296,-66,82,-9,120,-857,-400,3031,-1211,0.7858614296504841,0.1618367717345272,0.38416815742397137,102.26039730673175,18.5
14/01/2026,39,40109,44301,37402,3157,6606,0,22126,0,9,5289,652,349,-938,-430,-217,-634,-65,481,-810,-489,3157,-2101,0.7502918354734601,0.16945973743118156,0.32730641451571685,98.6237085726603,19.0
14/01/2026,40,38751,43155,36180,3282,6606,0,22126,0,12,5327,691,358,-960,-450,-329,-674,-64,506,-801,-514,3282,-2237,0.7036668268900639,0.1770222034000847,0.31861742908254537,93.10493195900322,19.5
14/01/2026,41,37168,40745,34735,3456,6606,0,22126,0,18,5003,850,409,-430,-450,-295,-659,43,580,-611,-514,3456,-1077,0.6493167616562522,0.18754915602879788,0.3927293636595962,85.28536780860897,20.0
14/01/2026,42,35243,38747,32952,3630,6606,0,22126,0,16,5134,871,414,-389,-450,-287,-654,61,582,-594,-514,3630,-960,0.583224610313809,0.19807610865751105,0.40020444671607464,68.28297431819102,20.5
14/01/2026,43,34587,37102,32548,3620,6606,0,22126,0,3,5162,741,456,558,-435,-361,-147,115,526,-455,-514,3620,484,0.5607017784797088,0.1974711113799988,0.4924610273447483,64.57090830219543,21.0
14/01/2026,44,32496,34727,30553,3609,6606,0,22126,0,15,5119,724,454,658,-337,-232,-124,134,520,-439,-484,3609,874,0.48891025200851473,0.19680561437473532,0.517377970866343,58.424189391401356,21.5
14/01/2026,45,30555,32593,28763,3578,6606,0,22126,0,14,5099,733,298,546,-427,-168,-110,292,437,-206,-513,3578,882,0.4222687633042642,0.19493012281444733,0.5178890876565295,53.78603654219206,22.0
14/01/2026,46,28719,30454,27010,3547,6606,0,22126,0,12,5040,734,291,541,-368,-32,-109,341,428,-187,-427,3547,1212,0.35923230103687426,0.19305463125415936,0.538972655251725,49.45510107488048,22.5
14/01/2026,47,27310,28946,25649,3466,6606,0,22126,0,310,4788,677,420,524,-250,0,71,714,297,-107,-369,3466,1977,0.31085627961271717,0.18815415330631013,0.5878481983133146,45.9360113270599,23.0
14/01/2026,48,26066,28065,24333,3384,6606,0,22126,0,713,4681,670,430,524,-100,0,78,773,289,-96,-490,3384,2078,0.26814529973219803,0.18319317563070966,0.5943010477894198,43.77700756793951,23.5
15/01/2026,1,26657,28352,24782,3286,6606,0,22126,0,591,4568,900,461,546,-28,0,337,934,305,88,-476,3286,3067,0.2884364485339559,0.1772642023110896,0.657487860976233,43.81133075231514,0.0
15/01/2026,2,27143,28816,25320,3188,6606,0,22126,0,694,4624,930,468,548,-16,0,352,957,310,107,-363,3188,3293,0.30512257089885325,0.17133522899146955,0.6719269102990033,44.70025093150857,0.5
15/01/2026,3,27155,29061,25301,3101,6606,0,22126,0,699,4331,1105,625,925,-145,0,843,998,465,257,-462,3101,4611,0.3055345739202088,0.16607175267711297,0.7561334014822387,43.28355505739521,1.0
15/01/2026,4,26533,28548,24668,3014,6606,0,22126,0,708,4523,1129,641,942,-238,0,865,985,486,276,-469,3014,4617,0.2841790839799492,0.16080827636275638,0.7565167390748786,42.3258016571448,1.5
15/01/2026,5,26166,28363,24245,2928,6606,0,22126,0,699,4197,1342,864,919,-385,0,797,757,890,583,-513,2928,5254,0.2715786582434938,0.155605299776151,0.7972144134934832,41.05768825903724,2.0
15/01/2026,6,25721,27928,23795,2842,6606,0,22126,0,694,4225,1370,876,918,-399,0,795,729,914,614,-514,2842,5303,0.2563002128682277,0.15040232318954563,0.8003450038333759,40.40590052467911,2.5
15/01/2026,7,25226,27483,23261,2766,6606,0,22126,0,696,3954,1213,759,851,-447,0,695,725,872,947,-514,2766,5101,0.23930508823731375,0.14580434388045255,0.7874393048811653,39.97383046717289,3.0
15/01/2026,8,24848,27057,22860,2690,6606,0,22126,0,700,3942,1192,745,848,-407,0,691,732,855,968,-502,2690,5122,0.22632699306461582,0.14120636457135943,0.7887809864554051,39.47600034004097,3.5
15/01/2026,9,24600,26564,22776,2601,6606,0,22126,0,689,4287,972,549,932,-265,0,670,828,363,831,-410,2601,4470,0.21781226395660236,0.1358218888015004,0.7471249680552006,40.098679830199536,4.0
15/01/2026,10,24376,26372,22529,2512,6606,0,22126,0,695,4294,943,532,936,-217,0,668,833,332,809,-484,2512,4352,0.21012154089129986,0.13043741303164136,0.7395859953999488,40.08099295066904,4.5
15/01/2026,11,24552,26330,22668,2418,6606,0,22126,0,692,4712,666,379,1008,-75,0,417,751,350,369,-411,2418,3454,0.21616425187118038,0.12475043862302619,0.6822131357015078,41.761183317280384,5.0
15/01/2026,12,25549,27358,23580,2323,6606,0,22126,0,689,4631,630,362,1010,-43,0,404,711,344,344,-477,2323,3285,0.250394836228799,0.11900296448665981,0.6714157935088167,44.053218081969995,5.5
15/01/2026,13,28257,29643,26119,2278,6606,0,22126,0,280,4791,257,131,892,-79,0,-33,337,68,643,-394,2278,1822,0.3433701847146879,0.11628047673785467,0.57794531050345,51.78167100452308,6.0
15/01/2026,14,31097,32643,28694,2233,6606,0,22126,0,130,4351,209,113,888,-227,-69,-54,271,52,673,-466,2233,1390,0.4408775664354872,0.11355798898904955,0.5503450038333759,59.64974925786335,6.5
15/01/2026,15,34195,36166,31640,2186,6606,0,22126,0,36,4512,87,26,640,-268,-221,-451,26,97,978,-395,2186,519,0.5472430131154296,0.11071450178474197,0.49469716330181446,80.10777067731382,7.0
15/01/2026,16,35840,38182,33252,2138,6606,0,22126,0,13,4595,74,33,629,-405,-372,-464,26,109,998,-488,2138,140,0.6037217606262446,0.10781051485268316,0.47048300536672627,86.2605726932159,7.5
15/01/2026,17,37206,39308,34423,2148,6606,0,22126,0,11,4347,750,495,670,-450,-508,-19,400,417,924,-514,2148,2165,0.6506214378905445,0.10841551213019542,0.5998594428826987,88.41443924984017,8.0
15/01/2026,18,37591,39697,34749,2157,6606,41,22126,0,11,4194,873,539,671,-450,-531,8,476,451,916,-514,2198,2439,0.6638398681590332,0.11144049851775667,0.6173651929465883,89.17177972670164,8.5
15/01/2026,19,38876,40981,35936,2085,6606,263,22126,0,9,3939,1432,959,598,-451,-531,610,850,964,810,-514,2348,4727,0.7079585250291835,0.12051545768044043,0.7635445949399438,90.13734681452124,9.0
15/01/2026,20,39053,41164,36099,2012,6606,764,22126,0,15,3671,1504,987,596,-451,-531,640,925,997,813,-514,2776,4966,0.714035569594177,0.14640934115796478,0.7788142090467672,87.92483048061592,9.5
15/01/2026,21,39221,41334,36207,1920,6606,1138,22126,0,16,3288,1503,992,780,-452,-531,997,1299,997,1252,-514,3058,6323,0.7198036118931539,0.16347026438381027,0.865512394582162,85.14819626562574,10.0
15/01/2026,22,39096,41208,36172,1828,6606,1439,22126,0,16,3310,1502,992,788,-451,-531,1011,1348,997,1285,-514,3267,6427,0.7155119137540342,0.17611470748381633,0.8721569128545873,73.35085783648209,10.5
15/01/2026,23,39070,41182,36107,1694,6606,1354,22126,0,16,3099,1503,992,1026,-451,-531,1016,1392,998,1406,-514,3048,6837,0.7146192405410973,0.16286526710629803,0.8983516483516484,73.99772547348734,11.0
15/01/2026,24,39226,41339,36241,1560,6606,1244,22126,0,16,3202,1503,992,1036,-452,-531,1017,1397,998,1414,-514,2804,6860,0.7199752798187187,0.1481033335349991,0.8998211091234347,75.98174038100986,11.5
15/01/2026,25,39600,41712,36612,1463,6606,1229,22126,0,16,3243,1503,992,1045,-451,-531,1017,1397,997,1377,-514,2692,6832,0.7328160406509647,0.14132736402686188,0.8980322003577818,78.10370797254905,12.0
15/01/2026,26,39915,42165,36942,1365,6606,1071,22126,0,153,3030,1503,992,1036,-452,-531,1017,1368,998,1364,-514,2436,6781,0.7436311199615464,0.12583943372254824,0.8947738308203425,80.97457922554004,12.5
15/01/2026,27,39773,41937,36769,1252,6606,979,22126,0,68,2774,1502,992,1047,-451,-531,1016,994,998,1018,-514,2231,6071,0.7387557508755064,0.1134369895335471,0.8494122156912854,82.62028923236267,13.0
15/01/2026,28,39843,42108,36723,1139,6606,839,22126,0,169,2654,1503,992,1047,-451,-531,1017,918,997,981,-514,1978,5959,0.7411591018334135,0.09813055841248715,0.8422565806286737,84.66645816763074,13.5
15/01/2026,29,39497,41763,36285,1097,6606,589,22126,0,169,2500,1503,992,877,-452,-531,890,545,998,549,-514,1686,4857,0.7292796813843302,0.0804646379091294,0.7718502427804753,86.57790090087342,14.0
15/01/2026,30,39203,41471,35965,1054,6606,400,22126,0,171,2480,1503,992,871,-452,-531,886,507,998,510,-514,1454,4770,0.7191856073611207,0.06642870107084518,0.7662918476871965,87.01422103115462,14.5
15/01/2026,31,39118,41383,35790,1065,6606,221,22126,0,169,2223,1503,992,684,-451,-531,792,620,998,202,-514,1286,4295,0.7162672526265192,0.05626474680863936,0.7359442882698697,88.38006039655703,15.0
15/01/2026,32,39785,42050,36305,1075,6606,95,22126,0,168,2011,1503,992,679,-452,-531,788,636,998,178,-514,1170,4277,0.739167753896862,0.049246778389497245,0.7347942754919499,91.95287844105259,15.5
15/01/2026,33,41190,43453,37583,1076,6606,10,22126,0,167,2105,1502,992,1044,-451,-531,989,659,998,77,-514,1086,4765,0.7874064409805672,0.04416480125839434,0.76597239969333,107.9963537086185,16.0
15/01/2026,34,42262,44527,38545,1076,6606,0,22126,0,168,2147,1502,992,1060,-452,-531,997,691,997,94,-514,1076,4836,0.8242120442216576,0.043559803980882085,0.7705085612062357,112.81659163689162,16.5
15/01/2026,35,42851,45113,38929,1073,6606,0,22126,0,165,1764,1503,992,1060,-452,-531,987,1065,997,945,-514,1073,6052,0.8444345258531896,0.04337830479762841,0.8481983133145924,114.01352978141585,17.0
15/01/2026,36,42939,45047,38964,1069,6606,0,22126,0,11,1653,1503,992,1060,-452,-531,987,1130,998,1013,-514,1069,6186,0.8474558813431299,0.04313630588662351,0.8567595195502172,114.28475445387423,17.5
15/01/2026,37,42716,44824,38820,1076,6606,0,22126,0,11,1500,1503,992,1060,-452,-531,996,1367,998,1356,-514,1076,6775,0.8397994918629403,0.043559803980882085,0.8943904932277025,112.43723412404816,18.0
15/01/2026,38,42240,44350,38406,1082,6606,0,22126,0,14,1588,1502,992,1060,-451,-531,997,1397,998,1381,-514,1082,6831,0.8234567053491726,0.043922802347389434,0.8979683107590084,110.12160428411667,18.5
15/01/2026,39,41294,43405,37609,1118,6606,0,22126,0,15,1769,1503,992,1061,-451,-531,997,1397,997,1398,-514,1118,6849,0.7909771338323147,0.04610079254643354,0.8991183235369282,105.56414093460745,19.0
15/01/2026,40,39800,41911,36260,1153,6606,0,22126,0,14,1698,1503,992,1061,-452,-531,997,1397,997,1401,-514,1153,6851,0.7396827576735563,0.04821828301772642,0.8992461027344748,98.84322694438472,19.5
15/01/2026,41,38403,40514,34952,1140,6606,0,22126,0,14,1421,1503,992,1060,-452,-531,997,1397,998,1419,-514,1140,6869,0.6917187392707547,0.047431786556960495,0.9003961155123946,93.1442143101071,20.0
15/01/2026,42,36966,39067,33582,1127,6606,0,22126,0,14,1268,1502,992,1060,-451,-522,996,1397,998,1420,-514,1127,6878,0.6423813774634347,0.046645290096194565,0.9009711219013544,77.57056310512215,20.5
15/01/2026,43,35309,37293,32078,1086,6606,0,22126,0,14,1301,1503,992,1057,-449,-407,997,1397,998,1423,-514,1086,6997,0.5854906269312642,0.04416480125839434,0.9085739841553795,71.50522032881601,21.0
15/01/2026,44,33824,35570,30747,1045,6606,0,22126,0,14,1281,1502,992,1057,-380,-257,997,1397,998,1424,-495,1045,7235,0.5345052530385223,0.04168431242059411,0.9237797086634296,66.22643534634686,21.5
15/01/2026,45,32373,34080,29475,1012,6606,0,22126,0,7,945,1503,992,1049,-446,-188,997,1397,998,1424,-466,1012,7260,0.484687221039621,0.03968782140480368,0.9253769486327625,61.57078316730635,22.0
15/01/2026,46,30461,32069,27705,978,6606,0,22126,0,11,809,1502,992,1050,-445,-46,997,1397,998,1424,-506,978,7363,0.4190414063036462,0.03763083066126202,0.9319575773064145,55.722021418891,22.5
15/01/2026,47,28999,30535,26304,936,6606,0,22126,0,118,899,1502,992,1029,-371,0,997,1397,997,1403,-447,936,7499,0.3688457048685024,0.03508984209571057,0.940646562739586,51.57178023318969,23.0
15/01/2026,48,27867,29527,25179,894,6606,0,22126,0,520,844,1502,992,1029,-222,0,997,1397,997,1402,-318,894,7776,0.3299800865206345,0.032548853530159114,0.9583439815997955,48.36377852441876,23.5
16/01/2026,1,28538,30016,25797,892,6606,0,22126,0,541,847,1503,992,1056,-158,0,997,1397,997,1418,-179,892,8023,0.35301792213142896,0.03242785407465666,0.9741247124968055,49.8320665172801,0.0
16/01/2026,2,29009,29725,26369,890,6606,0,22126,0,41,1069,1502,992,1056,-26,0,997,1397,997,1419,-49,890,8285,0.36918904071963193,0.03230685461915422,0.9908637873754153,50.79045668141255,0.5
16/01/2026,3,28753,29505,26166,898,6606,0,22126,0,18,976,1503,992,1057,0,0,997,1397,997,1422,-134,898,8231,0.3603996429307148,0.03279085244116402,0.987413749041656,50.123636339522136,1.0
16/01/2026,4,27849,28835,25305,906,6606,0,22126,0,76,837,1502,992,1056,-26,0,997,1397,997,1423,-284,906,8054,0.32936208198860123,0.03327485026317382,0.9761052900587784,47.91419089792288,1.5
16/01/2026,5,27723,28819,25207,902,6606,0,22126,0,134,783,1502,992,1056,0,0,997,1397,998,1423,-362,902,8003,0.3250360502643686,0.033032851352168914,0.9728469205213391,47.66947015008034,2.0
16/01/2026,6,27300,28805,24778,897,6606,0,22126,0,512,769,1503,992,1057,0,0,997,1397,998,1423,-393,897,7974,0.3105129437615876,0.03273035271341279,0.9709941221569128,46.64851479928912,2.5
16/01/2026,7,26946,28666,24520,894,6606,0,22126,0,685,886,1503,992,1056,0,0,997,1397,998,1423,-435,894,7931,0.2983588546316006,0.032548853530159114,0.9682468694096601,45.83224859229895,3.0
16/01/2026,8,26328,28087,23938,890,6606,0,22126,0,690,1048,1503,992,1056,-31,0,997,1397,998,1423,-438,890,7897,0.2771406990317929,0.03230685461915422,0.9660746230513673,44.39154654386206,3.5
16/01/2026,9,26047,27818,23696,891,6606,0,22126,0,683,1072,1503,992,1056,-167,-12,997,1397,997,1423,-309,891,7877,0.2674929616150518,0.032367354346905436,0.9647968310759009,43.74980428426977,4.0
16/01/2026,10,25931,27637,23564,892,6606,0,22126,0,683,1096,1502,984,1056,-160,-106,997,1397,986,1423,-157,892,7922,0.2635102657419488,0.03242785407465666,0.9676718630207002,43.41808260594256,4.5
16/01/2026,11,25936,27280,23608,947,6606,0,22126,0,680,1327,891,702,1054,-23,-19,997,1397,596,1424,-22,947,6997,0.2636819336675136,0.035755339100974046,0.9085739841553795,44.42016944120571,5.0
16/01/2026,12,26579,27753,24188,1001,6606,0,22126,0,545,1398,808,667,1055,0,0,986,1397,561,1424,-29,1001,6869,0.28575842889514524,0.039022324399540204,0.9003961155123946,45.904467429271676,5.5
16/01/2026,13,28991,29738,26387,1038,6606,0,22126,0,147,1712,137,97,1049,56,54,321,1397,198,1423,38,1038,4770,0.36857103618759873,0.041260814326335535,0.7662918476871965,54.60709894406211,6.0
16/01/2026,14,31847,32531,28936,1075,6606,0,22126,0,16,1297,51,57,1053,11,10,285,1397,171,1424,-68,1075,4391,0.46662775527020534,0.04349930425313086,0.7420776897521083,63.260838451778646,6.5
16/01/2026,15,34828,36228,31686,1150,6606,0,22126,0,15,1458,-431,21,1056,-69,-65,82,1397,38,1424,-220,1150,3233,0.5689761724919316,0.04803678383447275,0.6680935343726041,84.2387434964794,7.0
16/01/2026,16,36272,38180,32945,1225,6606,0,22126,0,12,1228,-487,25,1056,-221,-216,83,1397,42,1424,-372,1225,2731,0.6185538693950422,0.05257426341581463,0.6360209557883977,89.6644826206234,7.5
16/01/2026,17,37895,39746,34380,1269,6606,23,22126,0,13,964,754,242,1055,-372,-367,713,1397,511,1424,-499,1292,4858,0.6742772780333722,0.05662774517514671,0.7719141323792487,92.72343284489457,8.0
16/01/2026,18,38030,40112,34481,1313,6606,461,22126,0,12,962,974,264,1055,-451,-505,745,1397,546,1424,-514,1774,4935,0.6789123120236215,0.08578861395123721,0.7768336314847942,90.1539047056155,8.5
16/01/2026,19,38591,40698,34884,1340,6606,1263,22126,0,11,701,1054,518,1054,-451,-531,747,1397,723,1424,-514,2603,5421,0.6981734532719907,0.13594288825700285,0.8078839764886276,86.65716444762133,9.0
16/01/2026,20,38699,40806,34963,1366,6606,2133,22126,0,11,376,1065,531,1055,-451,-531,747,1397,732,1413,-514,3499,5444,0.7018814804641901,0.19015064432210055,0.809353437260414,81.89577806321724,9.5
16/01/2026,21,38363,40470,34660,1377,6606,3008,22126,0,11,388,940,365,1055,-451,-531,896,1397,623,1020,-514,4385,4800,0.6903453958662363,0.24375340310968602,0.7682085356503962,76.90370750800696,10.0
16/01/2026,22,37670,39777,33960,1388,6606,3998,22126,0,11,555,924,349,1054,-451,-531,900,1397,611,990,-514,5386,4729,0.6665522213829568,0.30431363058866234,0.7636723741374905,60.13224025454677,10.5
16/01/2026,23,36652,38759,33034,1430,6606,4845,22126,0,11,499,776,207,1001,-451,-531,631,1397,417,989,-514,6275,3922,0.6316006317379661,0.3580978885595015,0.7121134679274214,54.767044285753876,11.0
16/01/2026,24,36126,38233,32469,1471,6606,5164,22126,0,11,515,757,189,998,-451,-531,620,1397,401,989,-514,6635,3855,0.6135411659685505,0.37987779054994253,0.7078328648096089,52.26457000677261,11.5
16/01/2026,25,36010,38214,32353,1467,6606,5683,22126,0,10,557,509,-98,1002,-451,-531,257,1397,305,989,-514,7150,2865,0.6095584700954474,0.4110351503418235,0.6445821620240225,51.52433156224273,12.0
16/01/2026,26,35820,38041,32156,1462,6606,5329,22126,0,9,404,476,-116,983,-451,-531,238,1397,291,988,-514,6791,2761,0.6030350889239855,0.38931574807913366,0.6379376437515972,52.423735638622944,12.5
16/01/2026,27,35449,37854,31878,1403,6606,4907,22126,0,9,945,45,-62,192,-451,-531,-238,1397,39,929,-514,6310,806,0.5902973288470782,0.36021537903079437,0.5130334781497572,55.72102443783993,13.0
16/01/2026,28,35453,37885,31871,1344,6606,4538,22126,0,9,956,-9,-52,144,-451,-531,-273,1397,32,910,-507,5882,660,0.59043466318753,0.33432149555327,0.5037055967288525,57.44926700446532,13.5
16/01/2026,29,35575,39433,32070,1361,6606,3811,22126,0,12,1042,562,172,-829,-451,-531,-982,1397,334,391,-453,5172,-390,0.5946233605713108,0.2913666888499002,0.4366215180168668,61.82937993363093,14.0
16/01/2026,30,35759,39919,32295,1378,6606,2756,22126,0,12,1096,634,196,-1058,-451,-531,-1021,1397,345,343,-487,4134,-633,0.600940740232095,0.2285679714441285,0.4210963455149502,67.07835229174991,14.5
16/01/2026,31,36301,40594,32827,1450,6606,1584,22126,0,12,1111,1121,509,-1068,-451,-531,-1007,1397,77,-119,-505,3034,-577,0.619549543363318,0.16201827091778087,0.42467416304625605,73.98804226201213,15.0
16/01/2026,32,37051,41391,33557,1522,6606,488,22126,0,12,1271,1185,538,-1068,-451,-531,-1006,1397,75,-159,-513,2010,-533,0.6452997321980362,0.10006654970052635,0.42748530539228213,82.09704008684179,15.5
16/01/2026,33,38385,42973,34764,1648,6606,27,22126,0,12,1462,1202,791,-1003,-451,-531,-984,1397,575,-493,-514,1675,-11,0.6911007347387215,0.07979914090386593,0.460835675951955,98.45471996089586,16.0
16/01/2026,34,39507,44103,35761,1774,6606,0,22126,0,11,1724,1204,798,-997,-451,-531,-977,1397,595,-515,-514,1774,9,0.7296230172354597,0.08578861395123721,0.4621134679274214,102.2403572434739,16.5
16/01/2026,35,40474,43929,36556,1862,6606,0,22126,0,10,2046,743,430,-505,-451,-531,-403,1397,196,-441,-514,1862,-79,0.7628235940396896,0.09111258999334503,0.4564911832353693,105.72148277449674,17.0
16/01/2026,36,40697,44092,36712,1949,6606,0,22126,0,10,2208,682,406,-481,-451,-531,-373,1397,158,-435,-514,1949,-142,0.7704799835198791,0.09637606630770161,0.45246613851265016,106.14356005335927,17.5
16/01/2026,37,40488,43587,36541,2006,6606,0,22126,0,10,2370,298,445,-314,-451,-531,46,1397,-298,-381,-514,2006,-303,0.7633042642312711,0.09982455078952145,0.44217991311014565,105.10615559228705,18.0
16/01/2026,38,40014,43119,36100,2062,6606,0,22126,0,10,2548,248,443,-308,-451,-531,64,1397,-321,-370,-514,2062,-343,0.7470301448877292,0.10321253554359006,0.4396243291592129,102.86240999211338,18.5
16/01/2026,39,38658,41252,35187,2032,6606,0,22126,0,10,2969,267,276,-308,-451,-531,79,1397,-57,-123,-514,2032,35,0.7004738034745588,0.1013975437110533,0.46377459749552774,97.23507577847406,19.0
16/01/2026,40,37582,40129,34203,2001,6606,0,22126,0,10,2923,270,264,-302,-451,-531,81,1397,-37,-102,-514,2001,75,0.6635308658930166,0.09952205215076532,0.4663301814464605,93.31532596100499,19.5
16/01/2026,41,36528,38634,33276,1962,6606,0,22126,0,10,3122,496,209,94,-451,-531,389,1397,75,33,-514,1962,1197,0.6273432671839594,0.09716256276846755,0.5380143112701252,88.28406233897228,20.0
16/01/2026,42,34660,36765,31467,1922,6606,0,22126,0,10,3145,526,206,103,-450,-531,401,1397,81,43,-514,1922,1262,0.5632081301929548,0.09474257365841854,0.5421671351903911,72.01030395371058,20.5
16/01/2026,43,33214,35320,30060,1856,6606,0,22126,0,10,2940,285,243,488,-451,-531,216,1397,25,113,-514,1856,1271,0.5135617661196182,0.09074959162683768,0.5427421415793509,67.69134815835137,21.0
16/01/2026,44,31585,33697,28654,1790,6606,0,22126,0,10,3055,254,246,536,-451,-531,209,1397,24,116,-520,1790,1280,0.45763235597061047,0.08675660959525681,0.5433171479683108,63.08918214656904,21.5
16/01/2026,45,30470,32574,27733,1791,6606,0,22126,0,10,3257,301,270,385,-450,-530,351,1397,149,53,-514,1791,1412,0.4193504085696628,0.08681710932300804,0.5517505750063889,59.76919526944041,22.0
16/01/2026,46,29591,31599,27033,1791,6606,0,22126,0,10,3435,309,273,380,-450,-443,356,1397,158,61,-505,1791,1536,0.3891711872553732,0.08681710932300804,0.5596728852542806,57.25395581197892,22.5
16/01/2026,47,28190,30222,25643,1780,6606,0,22126,0,13,3417,819,301,657,-450,-457,217,1397,197,507,-512,1780,2676,0.34106983451211975,0.08615161231774457,0.6325070278558651,52.307102454239605,23.0
16/01/2026,48,26757,29073,24285,1768,6606,0,22126,0,236,3482,887,311,668,-450,-516,213,1397,202,540,-514,1768,2738,0.2918698070452517,0.08542561558472987,0.6364681829798109,48.93981240593928,23.5
17/01/2026,1,26904,29508,24172,1715,6606,0,22126,0,509,3399,1053,595,724,-450,-531,468,1397,295,605,-514,1715,3642,0.2969168440568564,0.08221913001391494,0.694224380270892,48.29131876135485,0.0
17/01/2026,2,27715,30321,25020,1661,6606,0,22126,0,511,3533,1074,612,727,-450,-531,478,1397,304,612,-514,1661,3709,0.32476138158346496,0.07895214471534878,0.6985049833887044,50.277122109885184,0.5
17/01/2026,3,27339,29978,24744,1613,6606,0,22126,0,544,3513,1003,514,962,-450,-531,646,1397,387,665,-514,1613,4079,0.31185195358099294,0.07604815778328998,0.7221441349348326,49.085956517800646,1.0
17/01/2026,4,26549,29326,24194,1565,6606,0,22126,0,682,3349,993,510,971,-450,-531,652,1397,389,667,-514,1565,4084,0.2847284213417565,0.07314417085123116,0.7224635829286992,47.431613772897585,1.5
17/01/2026,5,26102,28762,23844,1578,6606,0,22126,0,564,3666,1044,601,739,-451,-531,426,1397,255,573,-514,1578,3539,0.2693813087962645,0.0739306673119971,0.68764375159724,47.09651449594256,2.0
17/01/2026,6,25511,28280,23297,1591,6606,0,22126,0,673,3691,1051,606,729,-451,-531,417,1397,245,564,-514,1591,3513,0.24909015999450662,0.07471716377276302,0.6859826220291336,45.82679555469559,2.5
17/01/2026,7,24596,27451,22413,1617,6606,0,22126,0,759,3556,1051,547,696,-451,-531,191,1397,222,508,-514,1617,3116,0.2176749296161505,0.07629015669429487,0.6606184513161257,44.40530269834454,3.0
17/01/2026,8,24266,27195,22129,1643,6606,0,22126,0,833,3376,1051,537,695,-451,-531,182,1397,220,506,-514,1643,3092,0.20634484652887455,0.07786314961582673,0.659085100945566,43.726650140268234,3.5
17/01/2026,9,24066,26993,21991,1627,6606,0,22126,0,832,3514,1091,302,891,-450,-531,37,1397,223,590,-514,1627,3036,0.19947812950628305,0.07689515397180713,0.6555072834142601,43.46372004626507,4.0
17/01/2026,10,23773,26695,21617,1610,6606,0,22126,0,827,3220,1095,289,898,-450,-531,32,1397,231,596,-514,1610,3043,0.1894183890681865,0.0758666586000363,0.6559545106056734,42.95528532215159,4.5
17/01/2026,11,24117,27033,21982,1599,6606,0,22126,0,820,3394,792,404,730,-451,-531,282,1397,508,573,-514,1599,3190,0.20122914234704387,0.07520116159477282,0.6653462816253514,43.43918832948123,5.0
17/01/2026,12,23822,26843,21634,1587,6606,0,22126,0,952,3103,752,404,724,-450,-505,291,1397,522,571,-514,1587,3192,0.1911007347387214,0.07447516486175812,0.6654740608228981,42.91638464018573,5.5
17/01/2026,13,24722,27471,22495,1534,6606,0,22126,0,858,3236,442,112,567,-396,-381,247,1397,381,603,-514,1534,2458,0.22200096134038316,0.07126867929094319,0.6185790953232814,45.73360941953132,6.0
17/01/2026,14,25903,28458,23611,1481,6606,0,22126,0,613,2941,398,80,556,-429,-399,242,1397,361,599,-514,1481,2291,0.262548925358786,0.06806219372012826,0.6079095323281369,48.57140588319409,6.5
17/01/2026,15,26898,29818,24612,1430,6606,0,22126,0,347,3057,-281,-364,122,-329,-273,-205,1397,-8,257,-513,1430,-197,0.2967108425461787,0.06497670760481578,0.4489522105801176,64.16213081992163,7.0
17/01/2026,16,28256,31299,25911,1379,6606,0,22126,0,168,2922,-391,-386,110,-419,-311,-225,1397,-29,231,-514,1379,-537,0.34333585112957493,0.061891221489503295,0.42722974699718885,68.08476723374835,7.5
17/01/2026,17,29793,32079,27284,1343,6606,13,22126,0,79,2811,-77,-103,399,-451,-462,9,1397,41,181,-514,1356,420,0.3961065714481906,0.06049972775122512,0.4883720930232558,71.01974637710012,8.0
17/01/2026,18,30609,32832,27911,1307,6606,186,22126,0,9,2434,-43,-75,420,-451,-531,21,1397,52,187,-514,1493,463,0.42412277690036393,0.06878819045314297,0.4911193457705086,72.65463854654715,8.5
17/01/2026,19,32357,34465,29490,1254,6606,652,22126,0,12,1745,800,201,1028,-451,-531,480,1397,272,565,-514,1906,3247,0.48413788367781363,0.09377457801439894,0.6689879887554306,72.31552885608008,9.0
17/01/2026,20,32480,34588,29562,1200,6606,1191,22126,0,12,1764,938,227,1059,-451,-531,501,1397,291,596,-514,2391,3513,0.4883609146467074,0.12311694597374312,0.6859826220291336,70.12546516519197,9.5
17/01/2026,21,32671,34803,29637,1168,6606,2094,22126,0,12,1486,1001,464,1055,-451,-531,779,1397,465,753,-538,3262,4394,0.4949186294032823,0.17581220884506019,0.7422693585484283,65.78672619829979,10.0
17/01/2026,22,32674,34780,29605,1135,6606,2722,22126,0,10,1543,1010,485,1055,-451,-531,790,1397,481,768,-514,3857,4490,0.49502163015862116,0.21180954685703915,0.748402760030667,53.29106864770166,10.5
17/01/2026,23,32744,34848,29568,1034,6606,3148,22126,0,8,1337,1141,658,1059,-451,-531,911,1397,671,804,-514,4182,5145,0.49742498111652816,0.2314719583761873,0.7902504472271914,51.39169216711514,11.0
17/01/2026,24,32804,34907,29515,932,6606,3311,22126,0,8,1323,1158,674,1059,-450,-531,912,1397,685,805,-514,4243,5195,0.4994849962233056,0.23516244176901205,0.7934449271658573,51.24761282013928,11.5
17/01/2026,25,32748,34851,29406,925,6606,3794,22126,0,8,1256,1217,815,1058,-450,-531,489,1397,727,748,-514,4719,4956,0.49756231545698004,0.26396031217859517,0.778175313059034,49.69437074788113,12.0
17/01/2026,26,32644,34746,29341,918,6606,3617,22126,0,7,1089,1224,826,1059,-450,-531,470,1397,730,727,-514,4535,4938,0.49399162260523244,0.25282836227236977,0.7770253002811143,50.12389111847849,12.5
17/01/2026,27,32480,34583,29242,867,6606,3421,22126,0,7,965,1324,881,1047,-451,-531,157,1397,740,207,-514,4288,4257,0.4883609146467074,0.23788492951781717,0.7335164835164835,51.49185217758139,13.0
17/01/2026,28,32483,34587,29178,815,6606,3118,22126,0,8,635,1337,882,1036,-451,-531,144,1397,742,153,-514,3933,4195,0.48846391540204626,0.21640752616613226,0.7295553283925377,52.896104998692124,13.5
17/01/2026,29,32260,34866,29016,785,6606,2562,22126,0,8,981,1311,777,391,-450,-531,160,1397,774,-503,-514,3347,2812,0.48080752592185677,0.18095468570391432,0.6411960132890365,56.374443747182134,14.0
17/01/2026,30,32620,35272,29419,754,6606,1969,22126,0,8,1045,1308,772,354,-451,-531,161,1397,779,-548,-514,2723,2727,0.49316761656252145,0.14320285558714985,0.6357653973933044,60.06383108249321,14.5
17/01/2026,31,33323,35933,30107,777,6606,1238,22126,0,7,1091,1462,836,451,-450,-531,6,1397,894,-508,-514,2015,3043,0.5173041268969306,0.10036904833928248,0.6559545106056734,64.99209499749762,15.0
17/01/2026,32,34193,36801,30964,799,6606,470,22126,0,7,1006,1483,845,455,-451,-531,0,1397,903,-505,-514,1269,3082,0.5471743459452036,0.055236251436868535,0.6584462049578329,71.58114752525492,15.5
17/01/2026,33,35292,37893,31991,833,6606,43,22126,0,7,1080,1505,983,476,-451,-531,156,1397,993,-498,-514,876,3516,0.5849069559843438,0.03145985843063706,0.6861742908254537,87.10721805738291,16.0
17/01/2026,34,36121,38699,32728,867,6606,0,22126,0,9,1077,1507,987,479,-451,-531,165,1397,990,-473,-514,867,3556,0.6133694980429857,0.030915360880876035,0.6887298747763864,90.18789091360088,16.5
17/01/2026,35,38000,40102,34504,894,6606,0,22126,0,6,1198,1225,797,846,-451,-531,642,1397,699,394,-514,894,4504,0.6778823044702328,0.032548853530159114,0.7492972144134935,96.14019805876814,17.0
17/01/2026,36,38145,40246,34658,920,6606,0,22126,0,5,1263,1188,787,862,-451,-531,663,1397,680,458,-514,920,4539,0.6828606743116116,0.03412184645169097,0.7515333503705597,96.51182857788636,17.5
17/01/2026,37,37979,40080,34572,913,6606,0,22126,0,5,1383,1081,892,1007,-451,-531,755,1397,650,645,-514,913,4931,0.6771612991828607,0.03369834835743239,0.776578073089701,95.38661419989549,18.0
17/01/2026,38,37318,39423,34000,906,6606,0,22126,0,9,1159,1068,893,1013,-451,-531,758,1397,646,664,-514,906,4943,0.6544667994231957,0.03327485026317382,0.7773447482749808,92.78629776560663,18.5
17/01/2026,39,36148,38259,33033,915,6606,0,22126,0,15,1227,1343,670,1012,-451,-531,705,1397,601,877,-514,915,5109,0.6142965048410355,0.033819347812934844,0.7879504216713519,88.0154951157119,19.0
17/01/2026,40,35190,37301,32133,924,6606,0,22126,0,15,1143,1379,662,1012,-451,-531,703,1397,607,893,-514,924,5157,0.5814049303028223,0.03436384536269587,0.7910171224124712,84.36017631973081,19.5
17/01/2026,41,34690,36801,31674,913,6606,0,22126,0,15,1063,1492,921,1050,-451,-531,897,1397,911,947,-514,913,6119,0.5642381377463435,0.03369834835743239,0.8524789164324048,81.39734481797248,20.0
17/01/2026,42,33719,35830,30606,901,6606,0,22126,0,15,1120,1506,932,1051,-451,-531,904,1397,928,951,-514,901,6173,0.5309002266016617,0.03297235162441769,0.855928954766164,68.00418954077189,20.5
17/01/2026,43,32415,34526,29465,871,6606,0,22126,0,15,1245,1424,684,1051,-451,-531,884,1397,852,973,-514,871,5769,0.48612923161436516,0.031157359791880935,0.8301175568617429,64.32806158256261,21.0
17/01/2026,44,31389,33503,28466,841,6606,0,22126,0,15,1215,1413,668,1052,-451,-531,883,1397,843,975,-517,841,5732,0.4509029732884708,0.02934236795934418,0.8277536417071301,61.263575696543484,21.5
17/01/2026,45,30123,32234,27381,796,6606,0,22126,0,15,1070,1380,720,1050,-451,-531,993,1397,711,933,-514,796,5688,0.40743665453546657,0.026619880210539053,0.824942499361104,57.70130472431498,22.0
17/01/2026,46,28724,30834,26095,750,6606,0,22126,0,14,1067,1376,729,1050,-451,-531,997,1397,709,930,-514,750,5692,0.35940396896243904,0.023836892733982696,0.8251980577561973,53.91340658026502,22.5
17/01/2026,47,27152,29193,24614,752,6606,0,22126,0,13,1330,1422,931,1027,-451,-463,997,1397,930,983,-514,752,6259,0.30543157316486985,0.023957892189485148,0.8614234602606695,49.0237029406068,23.0
17/01/2026,48,26438,28256,23964,753,6606,0,22126,0,12,1446,1428,946,1026,-381,-311,997,1397,945,987,-514,753,6520,0.28091739339421823,0.024018391917236374,0.878098645540506,46.91399688503373,23.5
18/01/2026,1,26485,28032,23971,768,6606,0,22126,0,12,1291,1497,984,1055,-261,-160,997,1397,994,987,-514,768,6976,0.28253107189452725,0.02492588783350475,0.9072323025811397,46.39044604045995,0.0
18/01/2026,2,27134,28693,24732,782,6606,0,22126,0,9,1531,1506,986,1056,-251,-193,997,1397,998,987,-506,782,6977,0.30481356863283665,0.0257728840220219,0.9072961921799131,47.94525460113888,0.5
18/01/2026,3,26699,28410,24371,765,6606,0,22126,0,9,1593,1506,992,1056,-250,-339,997,1397,998,987,-513,765,6831,0.28987845910870014,0.024744388650251074,0.8979683107590084,47.11120500873225,1.0
18/01/2026,4,26012,27713,23783,748,6606,0,22126,0,10,1584,1506,992,1056,-251,-326,997,1397,998,987,-514,748,6842,0.2662912861360983,0.023715893278480248,0.8986710963455149,45.49732199338089,1.5
18/01/2026,5,25539,27349,23336,759,6606,0,22126,0,16,1751,1506,992,1052,-251,-429,997,1397,998,987,-514,759,6735,0.25005150037766943,0.024381390283743722,0.8918349092767698,44.48954003644734,2.0
18/01/2026,6,25236,27292,23020,770,6606,0,22126,0,272,1830,1506,990,1052,-251,-419,997,1397,997,987,-514,770,6742,0.2396484240884433,0.0250468872890072,0.892282136468183,43.75211679130464,2.5
18/01/2026,7,24491,26841,22272,744,6606,0,22126,0,560,1774,1506,919,1047,-250,-426,997,1397,970,987,-514,744,6633,0.21406990317928998,0.023473894367475347,0.8853181702018912,42.33182620660911,3.0
18/01/2026,8,24400,26595,22221,718,6606,0,22126,0,551,1708,1506,916,1046,-251,-279,997,1397,969,987,-514,718,6774,0.21094554693401085,0.021900901445943494,0.8943266036289292,42.03853544066608,3.5
18/01/2026,9,24287,26409,22113,713,6606,0,22126,0,608,1742,1506,987,1048,-251,-149,997,1397,996,987,-514,713,7004,0.20706585181624665,0.021598402807187368,0.9090212113467927,41.51814824001408,4.0
18/01/2026,10,23820,25858,21585,707,6606,0,22126,0,616,1911,1506,992,1047,-251,-57,997,1397,994,981,-514,707,7092,0.1910320675684955,0.021235404440680016,0.9146434960388449,40.44120505730297,4.5
18/01/2026,11,23303,25317,21159,750,6606,0,22126,0,613,2081,1475,987,884,-250,-37,878,1397,858,740,-514,750,6418,0.1732816040650965,0.023836892733982696,0.8715819064656274,40.12454255596223,5.0
18/01/2026,12,22956,24922,20870,792,6606,0,22126,0,612,2062,1472,981,878,-249,0,874,1397,845,717,-505,792,6410,0.16136785003090023,0.026377881299534153,0.8710707896754408,39.33529926822689,5.5
18/01/2026,13,23340,25318,21271,838,6606,0,22126,0,605,2032,1342,774,759,-260,0,893,1397,690,611,-513,838,5693,0.1745519467142759,0.029160868776090507,0.8252619473549706,40.87032679083056,6.0
18/01/2026,14,24057,25982,21957,884,6606,0,22126,0,567,1994,1324,753,754,-264,0,893,1397,678,597,-494,884,5638,0.19916912724026642,0.03194385625264686,0.821748019422438,42.25134648899546,6.5
18/01/2026,15,24838,25960,22590,910,6606,0,22126,0,31,2278,820,518,543,-113,0,536,1397,585,339,-378,910,4247,0.22598365721348623,0.033516849174178714,0.7328775875287503,55.598897394549454,7.0
18/01/2026,16,26039,27112,23703,935,6606,0,22126,0,12,2455,752,504,538,-5,0,521,1397,573,323,-456,935,4147,0.26721829293414817,0.03502934236795934,0.7264886276514183,58.34278141920046,7.5
18/01/2026,17,27873,29058,25394,929,6606,0,22126,0,8,2279,868,578,998,-93,0,596,1397,392,417,-484,929,4669,0.3301860880313122,0.03466634400145199,0.7598389982110912,62.21058838367555,8.0
18/01/2026,18,29074,30315,26586,922,6606,46,22126,0,9,2346,884,594,1015,-245,0,599,1397,398,434,-387,968,4689,0.37142072375197416,0.037025833383749776,0.7611167901865576,65.23291470709792,8.5
18/01/2026,19,30645,32142,28003,920,6606,225,22126,0,13,1806,1434,967,495,-394,0,777,1397,962,850,-490,1145,5998,0.4253587859644304,0.04773428519571662,0.8447482749808332,67.24337319793828,9.0
18/01/2026,20,31945,33534,29140,917,6606,441,22126,0,13,1555,1506,992,474,-450,0,783,1397,998,880,-526,1358,6054,0.46999244661127515,0.06062072720672757,0.848326092512139,70.06966647690054,9.5
18/01/2026,21,33178,34739,30254,886,6606,822,22126,0,13,1364,1505,992,982,-434,0,974,1397,998,930,-514,1708,6830,0.5123257570555517,0.08179563191965636,0.8979044211602352,71.20244422039946,10.0
18/01/2026,22,33580,35150,30589,854,6606,1254,22126,0,13,1237,1506,992,1007,-443,0,981,1397,998,935,-514,2108,6859,0.5261278582709606,0.1059955230201464,0.8997572195246614,60.46077499713897,10.5
18/01/2026,23,34512,35985,31474,826,6606,1383,22126,0,13,1280,1506,992,1046,-346,0,1015,1397,998,984,-514,2209,7078,0.558126759596237,0.11210599552302014,0.9137490416560184,62.622981004105874,11.0
18/01/2026,24,34908,36301,31816,798,6606,1561,22126,0,9,1357,1506,992,1048,-270,0,1017,1397,999,988,-514,2359,7163,0.5717228593009682,0.12118095468570392,0.9191796575517506,63.02917304929359,11.5
18/01/2026,25,35492,36897,32354,709,6606,1581,22126,0,8,1434,1506,992,1048,-283,0,1017,1397,998,988,-514,2290,7149,0.5917736730069354,0.11700647347086938,0.9182852031689241,65.31928227809198,12.0
18/01/2026,26,35790,37218,32596,620,6606,1466,22126,0,8,1478,1505,991,1049,-306,0,1017,1397,998,987,-514,2086,7124,0.6020050813705967,0.10466452900961945,0.9166879631995911,67.44736562190678,12.5
18/01/2026,27,35883,37258,32706,631,6606,1176,22126,0,8,1600,1331,942,1026,-308,0,825,1397,999,936,-459,1807,6689,0.6051981047861018,0.08778510496702766,0.888895987733197,69.85942403067571,13.0
18/01/2026,28,35819,37189,32573,642,6606,962,22126,0,52,1649,1307,939,1024,-242,3,817,1397,998,934,-476,1604,6701,0.6030007553388725,0.07550366023352895,0.8896626629184768,70.75685826885405,13.5
18/01/2026,29,35618,37014,32365,652,6606,709,22126,0,165,1629,1457,962,939,-232,0,533,1397,998,934,-399,1361,6589,0.596099704731168,0.06080222638998124,0.8825070278558651,71.56238425953597,14.0
18/01/2026,30,35930,37302,32742,662,6606,437,22126,0,164,1762,1477,964,935,-206,0,522,1397,999,929,-402,1099,6615,0.6068117832864107,0.04495129771916027,0.8841681574239714,74.18180156591418,14.5
18/01/2026,31,36489,37910,33277,690,6606,239,22126,0,164,1886,1504,991,1030,-153,0,529,1397,998,722,-504,929,6514,0.626004257364554,0.03466634400145199,0.8777153079478661,77.42670548241894,15.0
18/01/2026,32,36999,38511,33802,718,6606,73,22126,0,213,1910,1507,991,1034,-185,0,529,1397,999,711,-514,791,6469,0.6435143857721624,0.026317381571782927,0.8748402760030667,80.31017698330706,15.5
18/01/2026,33,37361,38857,34042,747,6606,4,22126,0,321,1865,1506,965,957,-61,0,738,1397,998,858,-514,751,6844,0.655943143583053,0.023897392461733922,0.8987988755430616,91.51373634923961,16.0
18/01/2026,34,38756,40193,35216,776,6606,0,22126,0,250,2040,1507,960,956,-53,0,746,1397,997,869,-534,776,6845,0.7038384948156287,0.02540988565551455,0.8988627651418349,97.02991058373863,16.5
18/01/2026,35,39955,41141,36333,798,6606,0,22126,0,158,2371,1408,857,1050,0,0,941,1397,969,916,-428,798,7110,0.7450044633660647,0.026740879666041502,0.9157935088167646,101.63623650850205,17.0
18/01/2026,36,39778,40912,36200,819,6606,0,22126,0,158,2262,1395,851,1053,0,0,948,1397,967,929,-376,819,7164,0.7389274188010712,0.02801137394881723,0.9192435471505239,100.65598196027015,17.5
18/01/2026,37,39516,40609,36004,849,6606,0,22126,0,159,2131,1391,910,1053,0,0,900,1397,969,1280,-334,849,7566,0.7299320195014763,0.029826365781353986,0.9449271658573984,98.81282207172326,18.0
18/01/2026,38,38741,39733,35309,878,6606,0,22126,0,164,2055,1390,909,1052,0,0,894,1397,964,1305,-228,878,7683,0.7033234910389343,0.03158085788613951,0.9524022489138768,95.21175883839867,18.5
18/01/2026,39,37498,38419,34222,847,6606,0,22126,0,170,2195,1187,727,1051,-72,0,421,1397,802,1353,-79,847,6787,0.6606468447435281,0.029705366325851534,0.8951571684129823,91.51679838297895,19.0
18/01/2026,40,36704,37545,33563,816,6606,0,22126,0,171,2169,1160,707,1052,-70,0,399,1397,782,1357,68,816,6852,0.6333859781638399,0.027829874765563554,0.8993099923332482,88.51623469869597,19.5
18/01/2026,41,35369,36139,32394,816,6606,0,22126,0,170,2314,795,426,1051,38,0,601,1397,464,1393,170,816,6335,0.5875506420380416,0.027829874765563554,0.8662790697674418,84.13878828217143,20.0
18/01/2026,42,34449,35366,31419,816,6606,0,22126,0,317,2302,748,401,1052,79,0,608,1397,440,1393,197,816,6315,0.5559637437341207,0.027829874765563554,0.8650012777919754,70.83915096366024,20.5
18/01/2026,43,33036,34219,30157,819,6606,0,22126,0,583,2715,605,194,1050,140,0,617,1397,264,1245,199,819,5711,0.5074503879695118,0.02801137394881723,0.8264119601328903,66.7211411875663,21.0
18/01/2026,44,31159,32594,28414,821,6606,0,22126,0,835,2590,587,187,1050,179,0,618,1397,255,1225,200,821,5698,0.44300624871249056,0.02813237340431968,0.8255813953488372,60.69187078418648,21.5
18/01/2026,45,29746,30994,27100,783,6606,0,22126,0,648,2645,765,428,965,116,0,593,1397,332,879,200,783,5675,0.3944928929478816,0.025833383749773127,0.8241119345770509,56.67706553721248,22.0
18/01/2026,46,28573,29722,26101,745,6606,0,22126,0,549,2854,790,437,958,16,0,592,1397,338,843,200,745,5571,0.35421959761038246,0.02353439409522657,0.8174674163046256,53.674565984897605,22.5
18/01/2026,47,27104,28360,24686,762,6606,0,22126,0,603,3036,1013,150,467,0,-53,342,1397,393,412,200,762,4321,0.30378356107944793,0.0245628894669974,0.737605417837976,51.34019840975095,23.0
18/01/2026,48,26325,27601,23950,778,6606,0,22126,0,666,2950,1042,142,443,0,-10,333,1397,399,382,200,778,4328,0.277037698276454,0.025530885111017,0.7380526450293892,49.34986910125791,23.5
19/01/2026,1,26613,27880,24260,764,6606,0,22126,0,667,2803,821,565,433,0,0,600,1397,491,415,136,764,4858,0.2869257707889858,0.02468388892249985,0.7719141323792487,49.424479792592024,0.0
19/01/2026,2,27344,28612,25067,750,6606,0,22126,0,656,3137,792,589,433,0,0,610,1397,494,423,-12,750,4726,0.3120236215065577,0.023836892733982696,0.7634807053411704,51.47931940985769,0.5
19/01/2026,3,26955,28320,24732,750,6606,0,22126,0,605,2736,915,429,698,0,0,527,1397,411,607,-160,750,4824,0.29866785689761727,0.023836892733982696,0.7697418860209558,50.36869330525287,1.0
19/01/2026,4,26147,27656,23951,750,6606,0,22126,0,599,2471,931,421,709,0,0,524,1397,411,620,-310,750,4703,0.2709263201263476,0.023836892733982696,0.7620112445693841,48.54491223939194,1.5
19/01/2026,5,26206,27838,24001,777,6606,0,22126,0,592,2660,986,528,589,0,0,747,1397,582,623,-440,777,5012,0.2729520016480121,0.025470385383265775,0.7817531305903399,48.19373491595638,2.0
19/01/2026,6,25514,27098,23323,804,6606,0,22126,0,597,2390,993,533,583,0,0,755,1397,590,612,-387,804,5076,0.2491931607498455,0.027103878032548854,0.7858420649118324,46.39718776065371,2.5
19/01/2026,7,24947,26625,22850,807,6606,0,22126,0,595,2668,900,441,328,0,0,543,1397,467,190,-483,807,3783,0.2297260179907986,0.027285377215802528,0.70323281369793,46.76475591144273,3.0
19/01/2026,8,24502,26189,22395,809,6606,0,22126,0,593,2641,886,426,318,0,0,535,1369,451,159,-494,809,3650,0.21444757261553252,0.02740637667130498,0.6947354970610785,45.96006620207539,3.5
19/01/2026,9,24120,25682,22007,815,6606,0,22126,0,591,2720,433,108,261,0,-11,501,1010,162,123,-360,815,2227,0.20133214310238276,0.02776937503781233,0.6038205980066446,46.95123458032221,4.0
19/01/2026,10,24217,25708,22075,820,6606,0,22126,0,585,2670,373,81,254,0,-98,463,936,137,96,-208,820,2034,0.20466250085833962,0.028071873676568455,0.5914899054433939,47.38560069167573,4.5
19/01/2026,11,24456,27600,22271,817,6606,0,22126,0,120,2905,-17,-79,-750,0,-14,-576,562,-129,-783,-76,817,-1862,0.21286822770033648,0.02789037449331478,0.3425760286225403,52.87950567138792,5.0
19/01/2026,12,25434,28922,23202,814,6606,0,22126,0,8,2889,-69,-99,-932,0,0,-655,486,-149,-846,-130,814,-2394,0.2464464739408089,0.027708875310061106,0.3085867620751342,55.725625680112614,5.5
19/01/2026,13,27683,32655,25300,844,6606,0,22126,0,8,3188,-593,-461,-1052,38,56,-983,114,-224,-1006,-45,844,-4156,0.3236627068598503,0.02952386714259786,0.19601328903654486,63.33158590119787,6.0
19/01/2026,14,30238,35490,27638,873,6606,0,22126,0,8,3057,-662,-477,-1057,-66,11,-996,63,-224,-1019,-143,873,-4570,0.4113850168234567,0.03127835924738339,0.1695629951443905,70.7946542606482,6.5
19/01/2026,15,33425,37607,30470,879,6606,0,22126,0,8,2910,-42,-162,-1061,-60,0,-839,3,-32,-1086,-292,879,-3571,0.5208061525784522,0.03164135761389074,0.23338870431893688,89.5721630863059,7.0
19/01/2026,16,34886,39139,31712,885,6606,0,22126,0,9,2932,20,-126,-1051,-109,0,-818,16,-12,-1086,-442,885,-3608,0.5709675204284831,0.03200435598039809,0.23102478916432403,94.6869519123545,7.5
19/01/2026,17,36845,39314,33505,921,6606,4,22126,0,12,2479,754,393,-379,-142,-19,-44,266,242,-772,-501,925,-202,0.6382270136647669,0.034424345090447096,0.44863276258625095,97.39835469680044,8.0
19/01/2026,18,37491,39970,34120,956,6606,114,22126,0,12,2393,852,427,-330,-285,-151,2,326,265,-694,-407,1070,5,0.6604065096477374,0.043196805614374736,0.46185790953232814,98.74006715200876,8.5
19/01/2026,19,39073,40901,35670,920,6606,395,22126,0,12,1831,1201,359,384,-424,-301,401,689,492,493,-491,1315,2803,0.7147222412964361,0.05801923891342489,0.6406210069000766,99.91142234678485,9.0
19/01/2026,20,39006,41036,35581,884,6606,789,22126,0,12,2120,1249,363,437,-451,-453,419,729,508,607,-514,1673,2894,0.712421891093868,0.07967814144836348,0.6464349603884487,97.19971135546203,9.5
19/01/2026,21,39244,41351,35887,838,6606,1332,22126,0,11,2061,1477,672,908,-451,-531,776,645,584,854,-514,2170,4420,0.7205932843507519,0.10974650614072237,0.7439304881165346,93.04075361445209,10.0
19/01/2026,22,39449,41555,35944,792,6606,1721,22126,0,10,1929,1507,692,929,-451,-531,791,664,590,871,-514,2513,4548,0.7276316692989082,0.13049791275939257,0.7521083567595196,81.54228564592378,10.5
19/01/2026,23,39362,41469,35865,760,6606,1998,22126,0,11,1693,1507,633,1054,-451,-531,879,1038,590,851,-514,2758,5056,0.7246446473940809,0.14532034605844274,0.784564272936366,79.07188882236414,11.0
19/01/2026,24,39195,41300,35799,728,6606,2120,22126,0,10,1613,1507,627,1057,-450,-531,882,1094,593,849,-514,2848,5114,0.7189109386802169,0.150765321556053,0.7882698696652185,77.83544704266654,11.5
19/01/2026,25,39053,41160,35697,719,6606,2184,22126,0,11,1540,1369,557,663,-451,-531,840,1212,688,862,-514,2903,4695,0.714035569594177,0.15409280658237037,0.7615001277791975,77.52078990166981,12.0
19/01/2026,26,39033,41139,35681,710,6606,2073,22126,0,11,1654,1351,563,645,-450,-531,837,1197,696,843,-514,2783,4637,0.7133488978919179,0.14683283925222337,0.757794531050345,78.22950679890234,12.5
19/01/2026,27,38774,40881,35461,719,6606,1702,22126,0,11,1685,1232,929,671,-451,-531,468,824,767,57,-514,2421,3452,0.7044564993476619,0.12493193780627987,0.6820853565039612,80.93951775542271,13.0
19/01/2026,28,38494,40610,35162,727,6606,1530,22126,0,11,1504,1217,955,620,-451,-531,455,760,777,-9,-514,2257,3279,0.6948430955160337,0.11500998245507896,0.6710324559161769,81.09516156878291,13.5
19/01/2026,29,38264,41126,34862,756,6606,1319,22126,0,6,1726,1473,990,-323,-451,-531,808,537,984,-437,-514,2075,2536,0.6869463709400535,0.10399903200435598,0.6235624840276003,82.27629019525212,14.0
19/01/2026,30,37780,40729,34371,784,6606,851,22126,0,10,1800,1507,992,-360,-451,-531,822,507,998,-483,-514,1635,2487,0.6703289157453821,0.07737915179381692,0.6204318936877077,83.17850955645963,14.5
19/01/2026,31,37816,41113,34337,833,6606,416,22126,0,10,1844,1507,992,-138,-450,-531,972,475,998,-1054,-514,1249,2257,0.6715649248094486,0.05402625688184403,0.6057372859698441,86.00830394967377,15.0
19/01/2026,32,38787,42113,35198,882,6606,210,22126,0,9,1910,1507,992,-129,-451,-531,977,466,998,-1092,-514,1092,2223,0.7049028359541303,0.044527799624901686,0.6035650396115513,90.95468997359693,15.5
19/01/2026,33,39550,43139,35871,945,6606,26,22126,0,9,2146,1507,992,-405,-450,-519,930,408,997,-1092,-514,971,1854,0.731099361395317,0.03720733256700345,0.5799897776641962,105.41712778580703,16.0
19/01/2026,34,40823,44435,36908,1008,6606,0,22126,0,9,2228,1507,992,-402,-450,-531,928,412,997,-1084,-536,1008,1833,0.7748060152441117,0.03944582249379878,0.5786480960899566,110.68118079805802,16.5
19/01/2026,35,42017,44910,37935,1077,6606,0,22126,0,9,2134,1507,992,321,-451,-531,701,556,998,-788,-514,1077,2791,0.815800315868983,0.04362030370863331,0.6398543317147968,114.30203516000185,17.0
19/01/2026,36,41993,44866,37831,1145,6606,0,22126,0,10,2181,1507,990,358,-451,-531,692,586,984,-767,-514,1145,2854,0.814976309826272,0.04773428519571662,0.643879376437516,113.60905576998069,17.5
19/01/2026,37,41547,44424,37495,1200,6606,0,22126,0,10,2171,1387,923,345,-451,-531,351,740,541,-771,-514,1200,2020,0.799663530865893,0.051061770222034,0.5905954510605673,112.2670548691085,18.0
19/01/2026,38,41051,43910,37084,1254,6606,0,22126,0,10,2140,1371,899,344,-451,-531,338,742,512,-753,-514,1254,1957,0.7826340726498661,0.05432875552060016,0.5865704063378482,109.76981021114531,18.5
19/01/2026,39,40016,42225,36257,1354,6606,0,22126,0,12,2259,1045,234,366,-451,-531,574,526,502,-101,-514,1354,1650,0.7470988120579551,0.06037872829572267,0.566956299514439,105.0285330497022,19.0
19/01/2026,40,38755,40897,35298,1454,6606,0,22126,0,10,2555,1001,199,356,-450,-504,583,470,502,-64,-514,1454,1579,0.7038041612305157,0.06642870107084518,0.5624201380015333,99.2857512898897,19.5
19/01/2026,41,37885,39875,34536,1553,6606,0,22126,0,11,2553,732,576,2,-387,-367,450,96,533,-111,-514,1553,1010,0.6739339421822427,0.07241817411821647,0.5260669562995144,95.97274649153226,20.0
19/01/2026,42,35954,37872,32743,1652,6606,0,22126,0,11,2685,657,597,0,-438,-240,445,46,524,-115,-514,1652,962,0.6076357893291218,0.07840764716558775,0.5230002555583951,78.29814263450127,20.5
19/01/2026,43,33943,36067,30935,1662,6606,0,22126,0,11,3062,112,391,-122,-437,-298,171,1,146,-142,-514,1662,-692,0.5385909496669642,0.07901264444310001,0.4173268591873243,73.49945458758543,21.0
19/01/2026,44,32681,34608,29834,1672,6606,0,22126,0,11,3207,85,376,-130,-342,-184,160,-2,123,-144,-514,1672,-572,0.49526196525441185,0.07961764172061225,0.4249936110401227,69.28768935890785,21.5
19/01/2026,45,31083,32997,28377,1703,6606,0,22126,0,9,3210,75,312,-156,-410,-107,179,51,131,-118,-514,1703,-557,0.44039689624390577,0.08149313328090024,0.42595195502172245,64.3807574150351,22.0
19/01/2026,46,29184,30894,26704,1733,6606,0,22126,0,9,3585,80,304,-156,-300,-5,174,72,131,-136,-504,1733,-340,0.3751974181143995,0.08330812511343699,0.43981599795553283,58.824294574178325,22.5
19/01/2026,47,27331,29956,24914,1764,6606,0,22126,0,9,2918,395,168,96,-293,0,-382,260,105,-845,-496,1764,-992,0.3115772849000893,0.08518361667372497,0.3981599795553284,55.0196288854646,23.0
19/01/2026,48,26465,29072,24171,1794,6606,0,22126,0,9,3100,423,166,103,-295,0,-409,265,104,-895,-399,1794,-937,0.2818444001922681,0.08699860850626172,0.40167390748786097,52.90823255501046,23.5
20/01/2026,1,26500,29467,24222,1868,6606,0,22126,0,17,3367,953,453,-140,-145,0,-603,25,139,-974,-488,1868,-780,0.2830460756712216,0.09147558835985238,0.41170457449527215,52.54543898267078,0.0
20/01/2026,2,27290,30396,25046,1942,6606,0,22126,0,164,3676,1001,484,-155,-78,0,-610,-5,149,-980,-514,1942,-708,0.310169607910458,0.09595256821344304,0.4163046256069512,53.95545116366915,0.5
20/01/2026,3,26897,30855,24748,1974,6606,0,22126,0,229,3600,1113,910,-666,-219,0,-722,-5,402,-1003,-514,1974,-704,0.29667650896106573,0.09788855950148224,0.4165601840020445,52.97019882437802,1.0
20/01/2026,4,26167,30270,24074,2005,6606,0,22126,0,283,3710,1127,937,-693,-249,0,-726,-32,424,-1006,-514,2005,-732,0.27161299182860676,0.09976405106177022,0.4147712752363915,51.34809614312436,1.5
20/01/2026,5,25422,30073,23367,2052,6606,0,22126,0,283,3989,1240,893,-1015,-139,0,-754,-375,613,-1039,-446,2052,-1022,0.2460344709194534,0.1026075382660778,0.3962432915921288,50.07256395757458,2.0
20/01/2026,6,25139,29604,23025,2099,6606,0,22126,0,282,4026,1254,885,-1028,-43,0,-755,-421,627,-1042,-294,2099,-817,0.23631806633248645,0.10545102547038539,0.40934065934065933,49.129949645414875,2.5
20/01/2026,7,24330,28846,22353,2157,6606,0,22126,0,282,3823,1210,707,-1016,-155,0,-805,-453,696,-1063,-142,2157,-1021,0.20854219597610382,0.10896000967995643,0.39630718119090214,47.74174063447865,3.0
20/01/2026,8,23888,28249,21862,2215,6606,0,22126,0,285,3872,1203,682,-1015,-138,0,-806,-487,690,-1030,7,2215,-894,0.19336675135617662,0.1124689938895275,0.4044211602351137,46.66484386264693,3.5
20/01/2026,9,23627,27439,21580,2303,6606,0,22126,0,283,3872,663,256,-1069,-14,0,-901,-872,327,-73,151,2303,-1532,0.1844056856416947,0.11779296993163531,0.36365959621773575,46.835481637020166,4.0
20/01/2026,10,23513,27429,21379,2391,6606,0,22126,0,382,3671,589,221,-1070,0,0,-904,-942,297,-18,200,2391,-1627,0.18049165693881755,0.12311694597374312,0.35759008433427036,46.57186765915455,4.5
20/01/2026,11,23678,28673,21594,2490,6606,0,22126,0,389,3666,-28,19,-1070,56,40,-1018,-1210,41,-680,200,2490,-3650,0.18615669848245553,0.12910641902111442,0.22834142601584462,49.20153091154493,5.0
20/01/2026,12,24372,29499,22243,2588,6606,0,22126,0,317,3536,-130,-10,-1069,11,1,-1022,-1257,24,-722,200,2588,-3974,0.20998420655084804,0.13503539234073447,0.20764119601328904,50.53252205663623,5.5
20/01/2026,13,26582,32719,24333,2709,6606,0,22126,0,317,3313,-433,-565,-1074,76,0,-996,-1430,13,-722,200,2709,-4931,0.2858614296504841,0.1423558593986327,0.14649884998722207,55.46943532591449,6.0
20/01/2026,14,29569,35812,27064,2829,6606,0,22126,0,323,3415,-473,-602,-1074,192,0,-995,-1452,25,-724,200,2829,-4903,0.3884158483828881,0.1496158267287797,0.14828775875287503,61.50393097891479,6.5
20/01/2026,15,32555,38474,29847,2973,6606,0,22126,0,325,3432,-191,-531,-1075,127,0,-1021,-1452,480,-724,166,2973,-4221,0.4909359335301792,0.15832778752495613,0.19186046511627908,77.68808514047483,7.0
20/01/2026,16,34059,40010,31298,3117,6606,0,22126,0,421,3489,-152,-504,-1075,9,0,-1022,-1453,512,-724,33,3117,-4376,0.5425736455400673,0.16703974832113255,0.18195757730641451,81.5141443034669,7.5
20/01/2026,17,34862,40191,31982,3314,6606,19,22126,0,332,3701,255,322,-1075,-55,0,-1022,-1453,585,-724,-68,3333,-3235,0.5701435143857722,0.18010768951539718,0.2548556095067723,81.43307438077235,8.0
20/01/2026,18,35270,40686,32394,3511,6606,387,22126,0,316,3823,325,383,-1074,-10,0,-1021,-1453,588,-724,-218,3898,-3204,0.5841516171118588,0.21429003569483937,0.2568361870687452,80.00849523675217,8.5
20/01/2026,19,35886,40713,32847,3638,6606,1117,22126,0,211,3510,803,514,-822,0,0,-720,-1453,512,-724,-297,4755,-2187,0.6053011055414407,0.2661383023776393,0.3218119090212114,76.69354139289987,9.0
20/01/2026,20,35351,39934,32324,3765,6606,1798,22126,0,163,3701,881,529,-786,0,0,-703,-1441,508,-724,-166,5563,-1902,0.5869326375060083,0.3150220824006292,0.34002044467160747,71.66235513345224,9.5
20/01/2026,21,35059,38272,32056,3857,6606,2681,22126,0,168,3862,1158,753,-162,0,0,-211,-1294,501,-724,-54,6538,-33,0.5769072306530247,0.3740093169580737,0.459430104778942,65.13746142470578,10.0
20/01/2026,22,34334,37416,31427,3949,6606,3018,22126,0,167,4098,1166,768,-134,0,0,-190,-1267,501,-724,58,6967,178,0.5520153814461306,0.39996370016334926,0.47291081012011243,52.01067087739773,10.5
20/01/2026,23,34198,37325,31285,4081,6606,3612,22126,0,168,4093,992,781,110,0,0,-473,-1162,495,-724,123,7693,142,0.5473460138707684,0.4438865025107387,0.4706107845642729,49.80726201767449,11.0
20/01/2026,24,33611,36754,30806,4213,6606,4081,22126,0,166,4407,985,786,118,23,0,-484,-1169,494,-724,200,8294,229,0.5271921994094624,0.480246838889225,0.47616917965755173,47.289131229013215,11.5
20/01/2026,25,33845,37956,31112,4314,6606,3726,22126,0,165,4792,1232,956,-620,0,0,-581,-1421,465,-724,173,8040,-520,0.5352262583258944,0.4648799080404138,0.42831587017633527,49.19325222820592,12.0
20/01/2026,26,33761,38034,31019,4415,6606,3641,22126,0,166,4942,1264,969,-743,0,0,-587,-1453,467,-724,156,8056,-651,0.5323422371764059,0.4658479036844334,0.4199463327370304,49.184615504975135,12.5
20/01/2026,27,33645,38652,31025,4530,6606,3438,22126,0,164,5041,1466,991,-1062,0,0,-1004,-1453,584,-724,100,7968,-1102,0.5283595413033029,0.46052392764232564,0.39113212369026323,49.77212157790275,13.0
20/01/2026,28,33774,38814,31094,4644,6606,3078,22126,0,166,4819,1492,992,-1076,19,0,-1021,-1453,590,-724,176,7722,-1005,0.5327885737828744,0.44564099461552426,0.39732941477127526,50.451406850707514,13.5
20/01/2026,29,34029,38960,31378,4704,6606,2366,22126,0,165,5170,1415,992,-1067,0,0,-922,-1453,537,-724,126,7070,-1096,0.5415436379866786,0.40619517212172546,0.39151546128290315,52.7447335628771,14.0
20/01/2026,30,34404,39313,31906,4764,6606,1458,22126,0,166,5214,1405,983,-1066,0,0,-919,-1453,533,-705,125,6222,-1097,0.5544187324040376,0.35489140298868654,0.3914515716841298,56.089645083835634,14.5
20/01/2026,31,34751,38932,32328,4787,6606,672,22126,0,164,5227,1341,646,-1075,40,0,-846,-1453,520,-43,131,5459,-739,0.5663324864382339,0.3087301107145018,0.4143240480449783,59.086454213905384,15.0
20/01/2026,32,35907,40011,33433,4810,6606,190,22126,0,99,5287,1333,632,-1075,81,0,-842,-1453,527,-35,26,5000,-806,0.6060221108288127,0.28096073567668944,0.4100434449271659,63.95108732125587,15.5
20/01/2026,33,36626,41330,34083,4760,6606,12,22126,0,10,5157,1478,969,-1076,4,0,-479,-1453,771,-1019,-67,4772,-872,0.6307079585250291,0.2671667977494101,0.40582673140812675,77.0265103150414,16.0
20/01/2026,34,37972,42931,35334,4710,6606,0,22126,0,10,5033,1497,980,-1075,-68,0,-466,-1453,786,-1096,-191,4710,-1086,0.6769209640870699,0.2634158146288342,0.39215435727063636,81.59046749691372,16.5
20/01/2026,35,38925,44384,36227,4643,6606,0,22126,0,7,5272,1069,579,-1075,-59,0,-831,-1453,742,-1096,-338,4643,-2462,0.7096408706997185,0.2593623328695021,0.3042422693585484,86.68496515256376,17.0
20/01/2026,36,39417,44974,36738,4575,6606,0,22126,0,7,5438,1012,547,-1072,-5,0,-845,-1453,732,-1096,-479,4575,-2659,0.7265329945752935,0.2552483513824188,0.29165601840020444,88.8973017681012,17.5
20/01/2026,37,39100,43902,36561,4572,6606,0,22126,0,7,5474,655,378,-606,-34,0,-568,-1453,451,-1096,-438,4572,-2711,0.715649248094486,0.2550668521991651,0.2883337592639918,87.93545777704512,18.0
20/01/2026,38,38332,42958,35826,4569,6606,0,22126,0,9,5422,606,354,-584,-6,0,-558,-1453,431,-1096,-320,4569,-2626,0.6892810547277347,0.2548853530159114,0.293764375159724,85.37137163538,18.5
20/01/2026,39,37575,42034,35184,4574,6606,0,22126,0,8,5464,564,-107,-413,-59,-12,-539,-1453,351,-1096,-172,4574,-2936,0.6632905307972259,0.25518785165466756,0.2739585995399949,83.38968149484914,19.0
20/01/2026,40,36556,40802,34284,4578,6606,0,22126,0,7,5516,562,-132,-407,17,0,-538,-1437,345,-1092,-33,4578,-2715,0.6283046075671221,0.25542985056567247,0.28807820086889857,80.04985983287017,19.5
20/01/2026,41,35652,39310,33498,4546,6606,0,22126,0,7,5579,1268,86,-273,5,0,-576,-1237,299,-965,67,4546,-1326,0.5972670466250086,0.25349385927763324,0.37682085356503964,75.84024927570898,20.0
20/01/2026,42,34358,37940,32254,4513,6606,0,22126,0,7,5607,1363,107,-263,79,0,-577,-1187,293,-948,187,4513,-946,0.5528393874888415,0.2514973682618428,0.4010989010989011,61.99509718282865,20.5
20/01/2026,43,32633,35086,30670,4475,6606,0,22126,0,7,5521,730,348,-2,7,0,-332,-865,180,-647,200,4475,-381,0.4936139531689899,0.24919837860729627,0.43719652440582674,57.10901466572355,21.0
20/01/2026,44,30922,33457,29166,4436,6606,0,22126,0,143,5365,646,369,0,0,0,-323,-843,175,-626,200,4436,-402,0.43486918904071964,0.2468388892249985,0.43585484283158704,53.39382764717448,21.5
20/01/2026,45,29082,32183,27481,4450,6606,0,22126,0,161,5651,854,533,-336,0,0,-301,-1066,289,-637,200,4450,-464,0.37169539243287786,0.24768588541351563,0.4318936877076412,49.722066850627925,22.0
20/01/2026,46,27675,30845,26143,4463,6606,0,22126,0,161,5624,882,555,-381,0,0,-300,-1081,305,-647,200,4463,-467,0.3233880381789466,0.24847238187428156,0.43170201891132126,47.18405102627652,22.5
20/01/2026,47,26199,30370,24800,4418,6606,0,22126,0,161,5573,1413,950,-1002,-67,-54,-460,-932,596,-895,200,4418,-251,0.2727116665522214,0.24574989412547643,0.4455021722463583,44.66954262374089,23.0
20/01/2026,48,25124,29431,23755,4372,6606,0,22126,0,162,5343,1506,978,-1035,-220,-10,-465,-902,624,-913,120,4372,-317,0.2358030625557921,0.24296690664892007,0.44128545872731917,43.3174061282177,23.5
21/01/2026,1,25317,29398,23947,4262,6606,0,22126,0,35,5267,1502,973,-1021,-333,0,-344,-763,956,-955,-30,4262,-15,0.24242944448259288,0.23631193659628533,0.46058011755686173,43.398462764442264,0.0
21/01/2026,2,25756,29795,24428,4152,6606,0,22126,0,30,5500,1502,973,-1020,-248,0,-339,-734,978,-958,-110,4152,44,0.25750188834718124,0.22965696654365056,0.4643496038844876,44.16989484010267,0.5
21/01/2026,3,25533,29332,24263,4015,6606,0,22126,0,164,5327,1504,991,-833,-315,0,-173,-587,996,-884,-243,4015,456,0.2498454988669917,0.2213685038417327,0.4906721185790953,43.587978822585896,1.0
21/01/2026,4,24992,28829,23803,3877,6606,0,22126,0,163,5561,1505,992,-825,-241,0,-167,-573,997,-875,-393,3877,420,0.2312710293208817,0.21301954141206364,0.4883720930232558,43.112800078661394,1.5
21/01/2026,5,24780,28414,23608,3771,6606,0,22126,0,163,5517,1505,992,-697,-293,0,44,-623,996,-752,-506,3771,666,0.2239923092769347,0.20660657027043378,0.5040889343214925,42.697852411782655,2.0
21/01/2026,6,24395,27925,23247,3664,6606,0,22126,0,159,5513,1505,992,-692,-191,0,52,-633,996,-741,-514,3664,774,0.21077387900844607,0.2001330994010527,0.510989010989011,42.21397552996523,2.5
21/01/2026,7,23771,26929,22655,3569,6606,0,22126,0,161,5405,1505,992,-467,-44,0,-15,-676,996,-681,-514,3569,1096,0.1893497218979606,0.1943856252646863,0.53156146179402,41.11119088209744,3.0
21/01/2026,8,23583,26659,22412,3473,6606,0,22126,0,164,5091,1505,992,-459,0,0,-18,-674,996,-673,-488,3473,1181,0.18289500789672458,0.1885776514005687,0.5369920776897521,40.918629220056886,3.5
21/01/2026,9,23347,26061,22103,3338,6606,0,22126,0,165,4703,1505,992,-241,-5,0,-188,-578,996,-519,-418,3338,1544,0.17479228181006662,0.1804101881541533,0.5601840020444672,40.37570558688872,4.0
21/01/2026,10,23509,26185,22166,3203,6606,0,22126,0,165,4230,1506,992,-232,-94,0,-194,-570,996,-512,-309,3203,1583,0.18035432259836573,0.17224272490773793,0.5626756963966266,40.797325109795636,4.5
21/01/2026,11,23925,26751,22543,3133,6606,0,22126,0,165,4072,1506,992,-240,-49,0,-389,-621,997,-605,-157,3133,1434,0.19463709400535603,0.16800774396515217,0.553156146179402,41.72467585468546,5.0
21/01/2026,12,24898,27563,23337,3063,6606,0,22126,0,166,3669,1507,990,-237,0,0,-397,-639,994,-604,-22,3063,1592,0.22804367232026368,0.1637727630225664,0.5632507027855865,43.191394933339,5.5
21/01/2026,13,27551,30034,25711,3044,6606,0,22126,0,164,3710,1477,896,95,69,44,-648,-785,849,-286,68,3044,1779,0.3191306736249399,0.16262326819529313,0.5751980577561973,47.85224182127404,6.0
21/01/2026,14,30018,32441,27943,3025,6606,0,22126,0,166,3420,1472,892,102,118,1,-657,-772,844,-228,163,3025,1935,0.40383162809860607,0.16147377336801985,0.5851648351648352,53.12999500458365,6.5
21/01/2026,15,32731,34215,30402,3043,6606,0,22126,0,103,2901,1502,968,232,8,0,-394,-387,988,732,159,3043,3808,0.49697864451005974,0.1625627684675419,0.7048300536672629,67.61570034198796,7.0
21/01/2026,16,34508,35799,31924,3061,6606,0,22126,0,13,2815,1505,973,240,0,0,-368,-310,997,813,29,3061,3879,0.5579894252557852,0.16365176356706396,0.7093662151801686,72.55283128518383,7.5
21/01/2026,17,35986,36668,33155,3152,6606,3,22126,0,14,2756,1503,991,384,0,0,399,67,997,1003,-68,3155,5276,0.6087344640527363,0.1693387379756791,0.7986199846664963,74.88093297519622,8.0
21/01/2026,18,36404,37130,33527,3243,6606,67,22126,0,16,2867,1504,992,397,0,0,448,143,997,1026,-110,3310,5397,0.6230859026299527,0.178716195777119,0.806350626118068,75.28280389163159,8.5
21/01/2026,19,38081,38759,35084,3432,6606,202,22126,0,12,2774,1502,992,999,0,0,963,516,997,1399,-66,3634,7302,0.6806633248643823,0.19831810756851595,0.928060311781242,76.67519805078676,9.0
21/01/2026,20,38241,39007,35195,3620,6606,380,22126,0,17,2934,1502,992,1031,0,0,987,592,997,1414,-149,4000,7366,0.6861566984824555,0.22046100792546433,0.9321492461027345,75.20180135168077,9.5
21/01/2026,21,38277,39049,35230,3784,6606,533,22126,0,14,3274,1502,992,1058,0,0,1016,966,997,1019,-158,4317,7392,0.687392707546522,0.2396394216226027,0.9338103756708408,73.659298443106,10.0
21/01/2026,22,38477,39271,35493,3948,6606,742,22126,0,15,3803,1502,992,1060,0,0,1016,1037,997,991,-179,4690,7416,0.6942594245691135,0.26220582007380966,0.9353437260414005,62.397546889165305,10.5
21/01/2026,23,38217,39043,35324,4154,6606,858,22126,0,16,3798,1503,992,1060,0,0,1017,1357,997,992,-210,5012,7708,0.6853326924397446,0.28168673240970415,0.9539994888832098,59.658519610548844,11.0
21/01/2026,24,37954,38740,35069,4360,6606,986,22126,0,16,3991,1502,992,1060,0,0,1016,1382,997,991,-170,5346,7770,0.6763029595550367,0.30189364147861336,0.9579606440071556,57.24703650544709,11.5
21/01/2026,25,38009,38991,35131,4528,6606,1014,22126,0,16,4066,1502,992,1060,-75,0,1017,1195,998,968,-291,5542,7366,0.6781913067362494,0.3137515881178535,0.9321492461027345,57.04109821425902,12.0
21/01/2026,26,37817,39025,35053,4696,6606,939,22126,0,16,4537,1502,992,1060,-170,0,1016,1143,997,972,-422,5635,7090,0.6715992583945616,0.3193780627987174,0.9145157168412983,56.43590035261292,12.5
21/01/2026,27,37965,39330,35287,4861,6606,821,22126,0,13,4907,1503,992,1059,-240,0,1017,770,997,1195,-512,5682,6781,0.6766806289912792,0.322221550003025,0.8947738308203425,57.04357636378566,13.0
21/01/2026,28,37472,38989,34895,5025,6606,677,22126,0,14,5021,1503,992,1053,-389,0,1017,695,997,1204,-514,5702,6558,0.6597541715305912,0.3234315445580495,0.8805264502938922,55.863466083427,13.5
21/01/2026,29,36675,38252,34183,4932,6606,555,22126,0,9,5179,1503,992,377,-436,-18,909,321,997,823,-514,5487,4954,0.6323903041955641,0.31042410309153606,0.7780475338614874,56.64167247704829,14.0
21/01/2026,30,36217,37855,33694,4839,6606,460,22126,0,8,4944,1503,992,319,-411,-122,896,256,997,808,-497,5299,4741,0.6166655222138295,0.29905015427430576,0.7644390493227703,56.45910659095015,14.5
21/01/2026,31,36403,37852,33971,4919,6606,221,22126,0,7,5142,1505,992,-97,-296,-49,279,25,998,1250,-400,5140,4207,0.6230515690448397,0.28943069756186096,0.7303220035778175,58.310874916725155,15.0
21/01/2026,32,37079,38787,34622,4999,6606,65,22126,0,6,5088,1505,992,-104,-354,-149,247,-5,998,1282,-490,5064,3922,0.6462610725811989,0.28483271825276785,0.7121134679274214,60.901019315869966,15.5
21/01/2026,33,37741,39697,35176,4954,6606,9,22126,0,6,4835,1504,993,-104,-426,-301,481,-5,998,1315,-514,4963,3941,0.6689899059259767,0.2787222457498941,0.7133273703041145,73.2699122532188,16.0
21/01/2026,34,38938,41063,36303,4909,6606,0,22126,0,6,4909,1504,992,-104,-450,-452,483,26,997,1320,-513,4909,3803,0.7100872073061869,0.27545526045132795,0.7045106056733964,77.38391411885041,16.5
21/01/2026,35,40109,42294,37173,4843,6606,0,22126,0,4,4601,1505,992,621,-450,-531,-86,400,998,1416,-514,4843,4351,0.7502918354734601,0.2714622784197471,0.7395221058011756,80.83402763281778,17.0
21/01/2026,36,40056,42273,37104,4776,6606,0,22126,0,6,4634,1504,992,742,-451,-531,-115,462,998,1422,-514,4776,4509,0.7484721554624734,0.267408796660415,0.7496166624073601,80.80960638145434,17.5
21/01/2026,37,39765,41868,36956,4700,6606,0,22126,0,7,4789,1504,992,714,-451,-531,7,669,998,1422,-514,4700,4810,0.7384810821946027,0.26281081735132195,0.7688474316381293,79.85370218584647,18.0
21/01/2026,38,39090,41192,36402,4623,6606,0,22126,0,6,4840,1504,992,712,-451,-531,13,712,998,1422,-514,4623,4857,0.7153059122433565,0.2581523383144776,0.7718502427804753,77.97002489404724,18.5
21/01/2026,39,38259,40360,35696,4635,6606,0,22126,0,5,4873,1504,992,833,-451,-531,379,931,998,1423,-514,4635,5564,0.6867747030144887,0.2588783350474923,0.8170201891132124,74.34995239005137,19.0
21/01/2026,40,37170,39268,34733,4646,6606,0,22126,0,2,4627,1503,992,837,-451,-531,392,953,998,1425,-514,4646,5604,0.6493854288264781,0.2595438320527558,0.8195757730641452,70.91617496469868,19.5
21/01/2026,41,35708,37813,33400,4585,6606,0,22126,0,7,4835,1504,992,620,-451,-531,-2,882,998,1426,-514,4585,4924,0.5991897273913342,0.25585334865993103,0.7761308458982877,67.84216385551329,20.0
21/01/2026,42,34614,36738,32420,4524,6606,0,22126,0,9,5095,1504,992,573,-451,-531,-19,844,998,1425,-514,4524,4821,0.5616287852777587,0.2521628652671063,0.7695502172246358,55.255410447486824,20.5
21/01/2026,43,32844,35477,30824,4426,6606,0,22126,0,0,5269,1505,992,-151,-451,-531,-386,471,998,1395,-514,4426,3328,0.5008583396278239,0.24623389194748624,0.6741630462560695,53.054072462958004,21.0
21/01/2026,44,31525,34192,29700,4327,6606,0,22126,0,5,5587,1505,984,-166,-451,-531,-400,396,986,1393,-514,4327,3202,0.455572340863833,0.24024441890011494,0.6661129568106312,50.47526876997003,21.5
21/01/2026,45,29207,32483,27540,4294,6606,0,22126,0,5,5599,1393,687,-579,-451,-531,-596,22,561,1420,-514,4294,1412,0.37598709057199753,0.23824792788432453,0.5517505750063889,47.99535890249646,22.0
21/01/2026,46,27784,31159,26217,4261,6606,0,22126,0,11,5607,1378,675,-611,-451,-531,-603,-55,546,1402,-513,4261,1237,0.327130398956259,0.2362514368685341,0.540569895221058,45.6818140927817,22.5
21/01/2026,47,25972,30472,24491,4195,6606,0,22126,0,663,5644,1491,972,-971,-451,-531,-337,-433,969,668,-514,4195,863,0.26491794273158004,0.23225845483695323,0.5166751852798365,43.35945888753023,23.0
21/01/2026,48,24899,29683,23456,4129,6606,0,22126,0,907,5487,1506,992,-974,-451,-531,-327,-480,997,619,-514,4129,837,0.22807800590537664,0.22826547280537238,0.5150140557117301,41.974874937819294,23.5
22/01/2026,1,25283,30078,23864,4015,6606,0,22126,0,759,5686,1506,992,-1074,-391,-531,-439,-487,996,760,-514,4015,818,0.24126210258875233,0.2213685038417327,0.513800153335037,42.757171237863815,0.0
22/01/2026,2,25703,30174,24285,3901,6606,0,22126,0,485,5623,1506,992,-1077,-356,-531,-443,-465,997,776,-514,3901,885,0.2556822083361945,0.21447153487809306,0.5180807564528495,43.533426334460216,0.5
22/01/2026,3,25468,30110,24124,3828,6606,0,22126,0,921,5674,1506,992,-1075,-356,-531,-462,-183,997,996,-514,3828,1370,0.24761381583464945,0.2100550547522536,0.5490672118579095,42.706196385702846,1.0
22/01/2026,4,24865,29503,23559,3755,6606,0,22126,0,950,5803,1507,992,-1074,-356,-531,-462,-151,997,1005,-514,3755,1413,0.2269106640115361,0.2056385746264142,0.5518144646051623,41.89813013677429,1.5
22/01/2026,5,24528,28602,23306,3720,6606,0,22126,0,685,5834,1506,992,-970,-356,-531,-242,-177,998,762,-513,3720,1469,0.21534024582846942,0.2035210841551213,0.5553922821364682,41.40851322071542,2.0
22/01/2026,6,24135,28177,22933,3684,6606,0,22126,0,629,5794,1506,992,-966,-356,-531,-235,-211,998,752,-514,3684,1435,0.20184714687907712,0.2013430939560772,0.5532200357781754,40.96920758507821,2.5
22/01/2026,7,23702,28571,22537,3613,6606,0,22126,0,777,5812,1507,992,-902,-356,-531,-598,-591,997,1019,-514,3613,1023,0.18698070452516652,0.19704761328574022,0.5268975210835676,41.02984936076311,3.0
22/01/2026,8,23180,28283,22060,3542,6606,0,22126,0,939,5551,1507,992,-900,-356,-531,-613,-650,997,1038,-514,3542,970,0.1690585730962027,0.19275213261540322,0.5235113723485817,40.50955149841438,3.5
22/01/2026,9,23091,28553,22047,3496,6606,0,22126,0,884,5767,1507,992,-926,-356,-531,-854,-798,996,995,-513,3496,512,0.1660028840211495,0.18996914513884688,0.49424993611040124,41.056042284472554,4.0
22/01/2026,10,22910,28394,21836,3449,6606,0,22126,0,928,5643,1507,985,-927,-356,-504,-863,-793,988,992,-513,3449,516,0.1597885051157042,0.1871256579345393,0.4945054945054945,40.8876605764821,4.5
22/01/2026,11,23542,27847,22420,3457,6606,0,22126,0,145,5661,1128,717,-863,-356,-377,-955,-495,711,1040,-514,3457,36,0.18148733090709332,0.1876096557565491,0.46383848709430103,42.354433821701235,5.0
22/01/2026,12,24262,28377,23029,3464,6606,0,22126,0,13,5577,1077,693,-861,-356,-385,-959,-428,686,1047,-513,3464,1,0.2062075121884227,0.18803315385080768,0.46160235113723486,43.39507728732703,5.5
22/01/2026,13,26766,30094,25275,3466,6606,0,22126,0,9,5466,751,504,-710,-304,-265,-959,-52,451,1107,-429,3466,94,0.2921788093112683,0.18815415330631013,0.4675440838231536,47.34091384021534,6.0
22/01/2026,14,28772,32044,27083,3468,6606,0,22126,0,8,5408,707,499,-704,-295,-339,-959,26,444,1113,-367,3468,125,0.361051981047861,0.18827515276181256,0.4695246613851265,51.194441374912735,6.5
22/01/2026,15,31832,35085,29900,3443,6606,0,22126,0,8,5016,1102,785,-442,-429,-486,-797,400,711,1168,-491,3443,1521,0.46611275149351095,0.18676265956803195,0.5587145412726808,66.54952787877227,7.0
22/01/2026,16,33586,36885,31610,3418,6606,0,22126,0,12,5072,1155,802,-417,-450,-531,-775,475,729,1166,-514,3418,1640,0.5263338597816384,0.18525016637425132,0.5663174035267059,71.14978648400935,7.5
22/01/2026,17,34757,37480,32552,3414,6606,7,22126,0,17,4894,1239,737,-597,-450,-531,-14,849,765,939,-514,3421,2423,0.5665384879489116,0.18543166555750498,0.6163429593662152,73.48627496830353,8.0
22/01/2026,18,35337,38023,33039,3409,6606,112,22126,0,16,4834,1263,739,-564,-450,-531,54,925,773,927,-525,3521,2611,0.586451967314427,0.1914816383326275,0.6283542039355993,74.50663911044572,8.5
22/01/2026,19,36907,39015,34527,3410,6606,260,22126,0,13,4584,1475,951,826,-450,-531,936,1299,980,1073,-514,3670,6045,0.6403556959417702,0.20049609776756006,0.8477510861231792,74.25291114853908,9.0
22/01/2026,20,37084,39193,34572,3410,6606,544,22126,0,13,4001,1503,966,1056,-451,-531,994,1348,994,1089,-514,3954,6454,0.6464327405067637,0.21767802044890797,0.8738819320214669,72.87916696468739,9.5
22/01/2026,21,36744,38853,34278,3474,6606,778,22126,0,13,4065,1503,990,1053,-451,-531,873,1391,997,1282,-514,4252,6593,0.6347593215683581,0.23570693931877307,0.8827625862509584,70.2184811848961,10.0
22/01/2026,22,37053,39162,34530,3537,6606,963,22126,0,13,3963,1503,992,1053,-451,-531,869,1397,998,1292,-514,4500,6608,0.6453683993682621,0.2507108718010769,0.8837209302325582,59.96426505997362,10.5
22/01/2026,23,37404,39512,34865,3597,6606,1053,22126,0,13,3846,1502,992,1048,-451,-531,1012,1397,997,1143,-513,4650,6596,0.6574194877429101,0.2597858309637607,0.8829542550472783,60.33087098007152,11.0
22/01/2026,24,37241,39351,34639,3656,6606,1030,22126,0,15,3665,1503,992,1048,-450,-531,1017,1397,998,1133,-514,4686,6593,0.651823113369498,0.26196382116280476,0.8827625862509584,59.67817423807085,11.5
22/01/2026,25,37624,39734,35041,3680,6606,1151,22126,0,15,4055,1502,992,1048,-450,-531,983,1397,997,1264,-514,4831,6688,0.6649728764677607,0.2707362816867324,0.8888320981344238,60.02553420529242,12.0
22/01/2026,26,37534,39644,34930,3704,6606,1098,22126,0,15,4275,1503,992,1049,-450,-531,982,1389,997,1270,-514,4802,6687,0.6618828538075946,0.2689817895819469,0.8887682085356504,59.89277107031116,12.5
22/01/2026,27,37428,39642,34942,3670,6606,886,22126,0,120,4331,1503,992,1045,-450,-531,1013,1296,998,1134,-513,4556,6487,0.6582434937856211,0.2540988565551455,0.8759902887809865,60.98694154727991,13.0
22/01/2026,28,37448,39605,34949,3636,6606,698,22126,0,62,4407,1503,992,1045,-450,-531,979,1255,998,1128,-514,4334,6405,0.6589301654878802,0.24066791699437354,0.8707513416815742,62.21874078694316,13.5
22/01/2026,29,37092,39240,34667,3669,6606,653,22126,0,9,4652,1504,992,891,-450,-531,-44,881,998,1311,-514,4322,5038,0.6467074091876673,0.23994192026135883,0.7834142601584462,62.92924333538455,14.0
22/01/2026,30,36891,39118,34520,3702,6606,586,22126,0,13,4730,1504,992,871,-450,-531,-119,806,998,1321,-514,4288,4878,0.6398063585799629,0.23788492951781717,0.7731919243547151,62.684318078931156,14.5
22/01/2026,31,36960,39357,34546,3755,6606,340,22126,0,9,4941,1504,992,185,-450,-531,-293,433,998,1193,-514,4095,3517,0.642175375952757,0.22620848206183072,0.6862381804242269,65.55770437656672,15.0
22/01/2026,32,38008,40409,35511,3808,6606,149,22126,0,7,5117,1504,992,150,-450,-531,-299,395,997,1186,-514,3957,3430,0.6781569731511364,0.21785951963216166,0.6806797853309481,69.6893223734248,15.5
22/01/2026,33,38721,41199,36106,3836,6606,15,22126,0,6,5073,1326,992,103,-450,-531,-377,487,971,1232,-514,3851,3239,0.7026368193366751,0.2114465484905318,0.6684768719652441,82.86861180988062,16.0
22/01/2026,34,39559,42038,36884,3863,6606,0,22126,0,5,5028,1296,974,122,-450,-531,-379,527,934,1240,-514,3863,3219,0.7314083636613335,0.2121725452235465,0.6671990799897777,85.7235266988769,16.5
22/01/2026,35,40378,42578,37603,3902,6606,0,22126,0,8,5050,320,340,948,-450,-531,-35,901,-62,1410,-514,3902,2327,0.7595275698688457,0.21453203460584427,0.6102095578839765,89.5621586062953,17.0
22/01/2026,36,40195,42436,37516,3940,6606,0,22126,0,8,5200,181,295,1002,-450,-531,-11,977,-127,1423,-514,3940,2245,0.7532445237931745,0.21683102426039083,0.6049706107845643,88.78980455708444,17.5
22/01/2026,37,40008,42112,37422,3946,6606,0,22126,0,9,5307,157,254,1017,-450,-531,628,1351,45,1426,-514,3946,3383,0.7468241433770514,0.2171940226268982,0.6776769741886021,86.63408946085238,18.0
22/01/2026,38,39268,41372,36747,3952,6606,0,22126,0,9,5227,155,256,1018,-450,-531,654,1397,66,1425,-514,3952,3476,0.7214172903934629,0.21755702099340554,0.6836187068745209,83.89011711323982,18.5
22/01/2026,39,38349,40454,35940,3922,6606,0,22126,0,10,5223,592,415,950,-450,-531,68,1397,401,1406,-514,3922,3734,0.689864725674655,0.21574202916086876,0.7001022233580373,80.60782356596962,19.0
22/01/2026,40,37334,39438,34973,3891,6606,0,22126,0,9,5207,651,429,939,-450,-531,39,1397,429,1404,-514,3891,3793,0.6550161367850031,0.2138665376005808,0.7038717096856631,77.38399328130403,19.5
22/01/2026,41,36454,38557,34188,3875,6606,0,22126,0,9,5141,840,520,320,-450,-531,193,1397,625,1421,-513,3875,3822,0.6248025818856004,0.2128985419565612,0.7057245080500895,74.6705531423172,20.0
22/01/2026,42,34706,36810,32504,3858,6606,0,22126,0,9,4979,865,522,280,-450,-531,198,1397,632,1422,-514,3858,3821,0.5647874751081507,0.21187004658479036,0.7056606184513161,59.59522791908848,20.5
22/01/2026,43,33139,35574,31119,3878,6606,0,22126,0,7,5086,972,362,-333,-450,-531,43,1397,436,1425,-514,3878,2807,0.5109867472361463,0.21308004113981488,0.6408765652951699,56.55444168157797,21.0
22/01/2026,44,31587,34056,29739,3898,6606,0,22126,0,7,4967,986,350,-367,-450,-531,37,1367,418,1426,-514,3898,2722,0.4577010231408364,0.21429003569483937,0.6354459493994378,52.72535539536565,21.5
22/01/2026,45,29633,32024,27888,3894,6606,0,22126,0,7,5150,566,327,-106,-450,-531,-183,993,244,1426,-514,3894,1772,0.39061319783011744,0.21404803678383447,0.574750830564784,49.578585564111975,22.0
22/01/2026,46,28308,30706,26727,3890,6606,0,22126,0,8,5294,510,324,-104,-450,-531,-191,918,234,1420,-514,3890,1616,0.34512119755544873,0.21380603787282956,0.5647840531561462,47.129605972658446,22.5
22/01/2026,47,26860,29183,25312,3917,6606,0,22126,0,8,5346,310,279,-107,-404,-511,-179,544,296,1223,-514,3917,937,0.29540616631188626,0.21543953052211265,0.5214030155890621,45.308680195402886,23.0
22/01/2026,48,25700,27962,24232,3944,6606,0,22126,0,116,5432,288,290,-108,-304,-441,-179,468,315,1209,-514,3944,1024,0.2555792075808556,0.21707302317139573,0.5269614106823409,43.26071296871205,23.5
23/01/2026,1,26049,29240,24574,3932,6606,0,22126,0,258,5320,1194,781,-720,-301,-409,-389,96,825,1248,-514,3932,1811,0.2675616287852778,0.21634702643838102,0.5772425249169435,42.82457998953385,0.0
23/01/2026,2,26493,29809,25068,3919,6606,0,22126,0,408,5496,1288,818,-800,-301,-296,-397,46,861,1252,-514,3919,1957,0.2828057405754309,0.2155605299776151,0.5865704063378482,43.3853206978325,0.5
23/01/2026,3,26136,29332,24780,3894,6606,0,22126,0,541,5580,1003,952,-642,-301,-390,-209,2,988,1252,-513,3894,2142,0.2705486506901051,0.21404803678383447,0.5983899821109123,42.62424444417805,1.0
23/01/2026,4,25536,28949,24191,3868,6606,0,22126,0,789,5789,1036,963,-636,-301,-366,-202,-5,996,1254,-514,3868,2225,0.24994849962233057,0.21247504386230262,0.6036928188090979,41.63408788603811,1.5
23/01/2026,5,25173,28714,23906,3854,6606,0,22126,0,971,5721,1505,990,-602,-301,-491,-57,-5,998,1327,-514,3854,2850,0.237485408226327,0.21162804767378546,0.6436238180424227,40.3182147236757,2.0
23/01/2026,6,24626,28160,23425,3840,6606,0,22126,0,965,5541,1506,992,-600,-301,-491,-52,-11,997,1334,-514,3840,2860,0.21870493716953923,0.21078105148526832,0.6442627140301559,39.54327893948065,2.5
23/01/2026,7,24303,27717,23175,3818,6606,0,22126,0,961,5647,1505,992,-552,-301,-394,11,-92,998,1414,-514,3818,3067,0.20761518917805397,0.20945005747474135,0.657487860976233,38.87134862335526,3.0
23/01/2026,8,23685,27220,22575,3796,6606,0,22126,0,962,5678,1506,992,-552,-301,-494,13,-112,997,1422,-514,3796,2957,0.18639703357824625,0.2081190634642144,0.6504600051111679,38.20310933698006,3.5
23/01/2026,9,23434,27782,22287,3754,6606,0,22126,0,899,5797,1506,992,-909,-301,-505,-379,-241,998,1423,-514,3754,2070,0.17777930371489392,0.20557807489866295,0.5937899309992333,39.0680312816512,4.0
23/01/2026,10,23305,27631,22077,3711,6606,0,22126,0,862,5828,1506,984,-924,-301,-484,-401,-240,984,1423,-514,3711,2033,0.1733502712353224,0.20297658660536028,0.5914260158446205,39.01619293435968,4.5
23/01/2026,11,23488,27549,22259,3772,6606,0,22126,0,398,5813,1050,674,-927,-301,-337,-954,-30,495,1423,-514,3772,579,0.1796333173109936,0.20666706999818502,0.49853053922821366,41.01470980792992,5.0
23/01/2026,12,24216,27794,22952,3833,6606,0,22126,0,87,5596,988,648,-926,-301,-192,-980,-2,465,1423,-490,3833,633,0.20462816727322666,0.21035755339100973,0.5019805775619729,41.83478853795931,5.5
23/01/2026,13,26426,29600,24933,3873,6606,0,22126,0,14,5468,947,466,-964,-268,-196,-767,24,504,1383,-365,3873,764,0.28050539037286276,0.21277754250105874,0.5103501150012778,44.90511072249796,6.0
23/01/2026,14,28581,31931,26908,3912,6606,0,22126,0,11,5436,941,461,-938,-295,-348,-759,51,516,1380,-399,3912,610,0.3544942662912861,0.21513703188335653,0.5005111167901866,48.880663686256604,6.5
23/01/2026,15,31097,34055,29245,3993,6606,0,22126,0,77,4848,830,708,-152,-429,-492,-700,358,864,1417,-508,3993,1896,0.4408775664354872,0.22003750983120576,0.5826731408126757,62.306734382288724,7.0
23/01/2026,16,32918,35945,30876,4073,6606,0,22126,0,116,4790,815,732,-118,-450,-531,-698,426,888,1420,-514,4073,1970,0.5033990249261828,0.22487748805130378,0.5874009711219014,66.29607172325885,7.5
23/01/2026,17,34471,37024,32109,4175,6606,18,22126,0,8,4290,1087,975,240,-450,-531,-450,800,964,1420,-514,4193,3541,0.5567190826066057,0.23213745538145078,0.6877715307947866,67.87040299085274,8.0
23/01/2026,18,35102,37666,32669,4276,6606,184,22126,0,54,4101,1124,991,287,-450,-531,-415,876,970,1420,-514,4460,3758,0.5783835748128819,0.2482908826910279,0.701635573728597,68.19157616074769,8.5
23/01/2026,19,35947,38091,33419,4372,6606,464,22126,0,76,3808,1405,965,1026,-450,-504,491,1249,969,1420,-514,4836,6057,0.6073954542333311,0.27103878032548856,0.848517761308459,65.98244825834021,9.0
23/01/2026,20,36013,37952,33459,4467,6606,945,22126,0,9,3758,1443,963,1058,-450,-366,551,1302,969,1420,-514,5412,6376,0.6096614708507863,0.3058866235101942,0.868898543317148,63.368638734990675,9.5
23/01/2026,21,35886,37673,33335,4471,6606,1652,22126,0,9,3692,1430,968,1058,-450,-214,369,1386,957,1420,-514,6123,6410,0.6053011055414407,0.34890192994131525,0.8710707896754408,60.268002764814796,10.0
23/01/2026,22,35995,37542,33440,4474,6606,1658,22126,0,9,3859,1428,968,1059,-362,-62,360,1397,956,1410,-514,6132,6640,0.6090434663187531,0.3494464274910763,0.8857653973933044,50.206475234237644,10.5
23/01/2026,23,35653,37022,33181,4544,6606,1638,22126,0,10,4026,1453,954,1047,-259,65,-55,1397,967,1018,-445,6182,6142,0.5973013802101216,0.35247141387863756,0.8539483772041911,49.83544799279444,11.0
23/01/2026,24,35464,36546,33031,4613,6606,1706,22126,0,10,4232,1456,955,1047,-112,46,-66,1397,970,991,-294,6319,6390,0.5908123326237725,0.36075987658055536,0.8697929976999744,48.58928500542573,11.5
23/01/2026,25,35793,36642,33393,4601,6606,1680,22126,0,9,4268,1498,990,1058,-98,0,505,1397,996,991,-142,6281,7195,0.6021080821259356,0.35846088692600886,0.9212241247124968,48.46785152673469,12.0
23/01/2026,26,35875,36558,33427,4589,6606,1933,22126,0,9,4202,1504,992,1058,-10,0,533,1397,998,998,-64,6522,7406,0.604923436105198,0.3730413213140541,0.9347048300536672,47.53776011331375,12.5
23/01/2026,27,35644,36256,33178,4550,6606,2031,22126,0,9,4090,1503,991,1049,0,0,713,1397,998,1278,-3,6581,7926,0.5969923779441049,0.37661080525137636,0.9679274214157935,46.13690478685825,13.0
23/01/2026,28,35485,36097,32926,4511,6606,1631,22126,0,12,4019,1503,992,1049,0,0,713,1394,998,1301,44,6142,7994,0.5915333379111447,0.3500514247685885,0.9722719141323792,47.21316335323988,13.5
23/01/2026,29,35291,35900,32716,4485,6606,1232,22126,0,9,4043,1503,992,806,0,0,130,1357,999,1413,88,5717,7288,0.5848726223992309,0.3243390404743179,0.9271658573984155,49.19408137240891,14.0
23/01/2026,30,35316,35926,32772,4459,6606,902,22126,0,10,4407,1504,992,792,0,0,100,1346,998,1421,214,5361,7367,0.5857309620270549,0.30280113739488174,0.9322131357015078,50.503898785189115,14.5
23/01/2026,31,35446,36198,32857,4467,6606,534,22126,0,9,4844,1444,978,292,0,0,-143,1261,984,1421,188,5001,6425,0.5901943280917393,0.2810212354044407,0.8720291336570406,53.47183346290529,15.0
23/01/2026,32,35960,36725,33320,4475,6606,316,22126,0,13,5026,1435,977,263,37,0,-152,1240,983,1421,179,4791,6383,0.6078417908397995,0.2683162925766834,0.8693457705085612,55.79392128436929,15.5
23/01/2026,33,36639,37560,33902,4495,6606,86,22126,0,9,5041,1381,964,-119,-23,0,-170,1108,971,1421,38,4581,5571,0.6311542951314977,0.25561134974892613,0.8174674163046256,69.69043321629664,16.0
23/01/2026,34,37762,38875,34967,4514,6606,0,22126,0,9,5242,1372,955,-129,-141,0,-166,1112,962,1421,-68,4514,5318,0.6697109112133489,0.25155786798959406,0.8013033478149757,73.70675150598385,16.5
23/01/2026,35,38909,39764,35999,4543,6606,0,22126,0,9,5327,866,646,631,-95,0,346,1366,709,1421,-151,4543,5739,0.7090915333379112,0.2533123600943796,0.8282008688985433,76.66435243846762,17.0
23/01/2026,36,38967,39857,36105,4572,6606,0,22126,0,9,5281,797,619,759,-139,0,369,1397,689,1421,-142,4572,5770,0.7110828812744627,0.2550668521991651,0.8301814464605163,76.6647178822094,17.5
23/01/2026,37,38508,39400,35726,4567,6606,0,22126,0,9,5492,951,403,999,-123,0,593,1397,516,1421,-160,4567,5997,0.6953237657076152,0.254764353560409,0.8446843853820598,74.92188805174065,18.0
23/01/2026,38,37834,38531,35173,4561,6606,0,22126,0,9,5470,972,393,1009,-61,0,601,1397,506,1421,-27,4561,6211,0.6721829293414818,0.2544013551939016,0.8583567595195503,72.56062794928502,18.5
23/01/2026,39,36942,37602,34464,4534,6606,0,22126,0,13,5378,1025,546,1006,-47,0,798,1397,578,1421,68,4534,6792,0.6415573714207238,0.2527678625446185,0.895476616406849,69.2391635850808,19.0
23/01/2026,40,36024,36634,33624,4507,6606,0,22126,0,10,5457,1032,553,1007,41,0,801,1397,581,1421,189,4507,7022,0.6100391402870288,0.2511343698953355,0.9101712241247125,66.39286808472167,19.5
23/01/2026,41,34774,35384,32500,4518,6606,0,22126,0,10,5412,771,449,722,1,0,338,1397,521,1421,200,4518,5820,0.567122158895832,0.25179986690059897,0.8333759263991822,64.42906069057926,20.0
23/01/2026,42,33407,34055,31189,4528,6606,0,22126,0,10,5387,736,435,710,-38,0,317,1392,506,1421,181,4528,5660,0.520188148046419,0.2524048641781112,0.823153590595451,51.07478141176208,20.5
23/01/2026,43,31842,32533,29792,4471,6606,0,22126,0,91,5388,331,185,476,56,0,341,1329,125,1421,200,4471,4464,0.4664560873446405,0.24895637969629136,0.7467416304625607,49.09308686327271,21.0
23/01/2026,44,30526,31292,28615,4414,6606,0,22126,0,166,5384,277,164,467,11,0,342,1291,101,1421,200,4414,4274,0.42127308933598845,0.24550789521447153,0.7346026066956299,46.64723879096726,21.5
23/01/2026,45,28610,29410,26933,4417,6606,0,22126,0,200,5333,37,6,252,0,0,79,919,77,1421,200,4417,2991,0.3554899402595619,0.24568939439772522,0.6526322514694608,44.51964034135494,22.0
23/01/2026,46,27698,28596,26163,4420,6606,0,22126,0,295,5497,6,-3,240,0,0,69,843,77,1420,200,4420,2852,0.32417771063654466,0.24587089358097888,0.6437515972399693,43.083867129075465,22.5
23/01/2026,47,25985,27690,24509,4352,6606,0,22126,0,659,5466,145,38,-217,68,-52,-177,469,98,1360,200,4352,1932,0.26536427933804846,0.24175691209389558,0.5849731663685152,41.695838950626786,23.0
23/01/2026,48,25232,27422,23736,4283,6606,0,22126,0,1157,5308,164,48,-238,189,-9,-186,395,105,1354,200,4283,2022,0.23951108974799148,0.23758243087906106,0.590723230258114,40.63872924188752,23.5
24/01/2026,1,25649,27972,24123,4227,6606,0,22126,0,1176,5086,604,312,-365,200,0,-182,40,318,1318,200,4227,2445,0.25382819474009477,0.23419444612499243,0.6177485305392282,40.79545284015032,0.0
24/01/2026,2,25919,28162,24387,4170,6606,0,22126,0,1088,4850,663,334,-369,200,0,-182,-4,337,1314,200,4170,2493,0.2630982627205933,0.2307459616431726,0.6208152312803475,41.24804731702184,0.5
24/01/2026,3,25785,28233,24221,4134,6606,0,22126,0,1229,4686,905,486,-494,200,0,-121,-4,541,1246,200,4134,2959,0.25849756231545695,0.2285679714441285,0.6505877843087146,40.52485448770364,1.0
24/01/2026,4,25054,27500,23522,4098,6606,0,22126,0,1190,4753,938,508,-501,200,0,-120,-35,564,1237,195,4098,2986,0.23339971159788506,0.2263899812450844,0.6523128034755942,39.50098113622812,1.5
24/01/2026,5,24531,28019,23065,4112,6606,0,22126,0,1177,4794,1391,927,-853,200,0,-446,-412,923,1186,89,4112,3005,0.21544324658380828,0.22723697743360155,0.6535267058522872,38.73008642329854,2.0
24/01/2026,6,23899,27417,22571,4126,6606,0,22126,0,1108,4834,1452,956,-868,200,0,-458,-484,947,1176,87,4126,3008,0.19374442079241913,0.2280839736221187,0.6537183746486072,37.83289013006106,2.5
24/01/2026,7,23348,27331,22165,4130,6606,0,22126,0,1093,5296,1502,990,-1066,200,0,-420,-804,995,1017,12,4130,2426,0.17482661539517957,0.2283259725331236,0.6165346281625351,37.812592876562775,3.0
24/01/2026,8,22598,26617,21435,4134,6606,0,22126,0,1108,5307,1508,985,-1074,200,0,-419,-818,989,1004,97,4134,2472,0.14907642656046144,0.2285679714441285,0.6194735497061078,36.71654692497245,3.5
24/01/2026,9,22019,25979,20908,4100,6606,0,22126,0,1097,5445,1060,726,-1054,200,0,-711,-498,681,1003,129,4100,1536,0.12919728078005904,0.22651098070058684,0.5596728852542806,37.17910410509914,4.0
24/01/2026,10,21854,25746,20748,4066,6606,0,22126,0,1088,5576,1000,695,-1054,200,0,-722,-428,650,997,182,4066,1520,0.12353223923642107,0.22445398995704519,0.5586506516739075,37.034656837267335,4.5
24/01/2026,11,21725,25405,20587,4074,6606,0,22126,0,1081,5493,721,272,-1074,200,0,-874,-51,266,874,200,4074,534,0.11910320675684954,0.224937987779055,0.4956555072834143,38.10287849123405,5.0
24/01/2026,12,21744,25378,20536,4082,6606,0,22126,0,1077,5208,683,241,-1074,200,0,-879,-4,240,866,200,4082,473,0.11975554487399574,0.2254219856010648,0.49175824175824173,38.19239739176305,5.5
24/01/2026,13,22862,26193,21454,4126,6606,0,22126,0,768,4915,533,178,-1044,200,0,-914,-5,206,913,200,4126,267,0.15814049303028221,0.2280839736221187,0.4785969844109379,39.911160824328974,6.0
24/01/2026,14,23827,26698,22393,4169,6606,0,22126,0,326,4897,512,173,-1030,200,0,-915,13,207,911,190,4169,261,0.19127240266428622,0.23068546191542139,0.478213646818298,41.16605931274285,6.5
24/01/2026,15,25129,27058,23728,4157,6606,0,22126,0,173,4893,564,141,-269,200,0,-887,224,328,690,193,4157,1184,0.23597473048135686,0.22995946518240667,0.537183746486072,51.79870133905764,7.0
24/01/2026,16,26182,28050,24748,4144,6606,0,22126,0,169,5049,571,147,-216,199,0,-883,266,338,687,82,4144,1191,0.2721279956053011,0.22917296872164075,0.5376309736774854,53.36801934908767,7.5
24/01/2026,17,27668,28928,26059,4092,6606,96,22126,0,169,4799,648,409,95,109,0,-458,464,413,1123,-33,4188,2770,0.32314770308315593,0.23183495674269466,0.6385126501405571,53.700887476888504,8.0
24/01/2026,18,28613,30028,26856,4039,6606,643,22126,0,169,4851,661,438,102,-40,0,-431,477,426,1141,-175,4682,2599,0.3555929410149008,0.26172182225179985,0.6275875287503194,54.349019614305824,8.5
24/01/2026,19,29388,30564,27392,4074,6606,1687,22126,0,16,4569,1174,822,639,-190,-45,187,335,692,660,-325,5761,3949,0.3822014694774428,0.32700102849537177,0.7138384870943011,51.38408350342744,9.0
24/01/2026,20,29584,30929,27433,4109,6606,2757,22126,0,13,4781,1245,848,729,-260,-2,217,330,714,628,-470,6866,3979,0.3889308521595825,0.39385322766047554,0.7157551750575006,49.42653375541902,9.5
24/01/2026,21,29921,31393,27664,4115,6606,3387,22126,0,13,4645,1313,839,692,-345,0,417,493,878,741,-514,7502,4514,0.4005012703426492,0.4323310545102547,0.7499361104012267,48.05139697037379,10.0
24/01/2026,22,29717,31301,27417,4120,6606,3999,22126,0,10,4713,1322,837,691,-448,0,424,530,875,750,-526,8119,4455,0.3934972189796058,0.4696593865327606,0.7461666240736008,36.72677468172939,10.5
24/01/2026,23,29542,31182,27231,4116,6606,4321,22126,0,10,4758,1151,786,909,-452,-64,578,736,428,771,-514,8437,4329,0.38748884158483826,0.4888982999576502,0.7381165346281625,36.070273972100765,11.0
24/01/2026,24,29270,30993,26961,4111,6606,4413,22126,0,10,5000,1128,788,918,-383,-216,583,740,416,766,-514,8524,4226,0.37815010643411384,0.4941617762720068,0.7315359059545106,35.67043285011414,11.5
24/01/2026,25,29446,31200,27123,4126,6606,4600,22126,0,10,5165,1461,978,1010,-263,-367,767,478,962,433,-514,8726,4945,0.38419281741399436,0.5063827212777543,0.7774725274725275,34.6267805087766,12.0
24/01/2026,26,29273,31154,26926,4140,6606,4938,22126,0,10,5200,1507,992,1013,-252,-505,774,416,998,415,-514,9078,4844,0.3782531071894527,0.5276786254461855,0.7710196779964222,33.87937196426411,12.5
24/01/2026,27,29283,31189,26964,4106,6606,4385,22126,0,10,5119,1507,992,1054,-251,-531,1007,42,997,648,-514,8491,4951,0.3785964430405823,0.49216528525621633,0.7778558650651674,34.82178186263346,13.0
24/01/2026,28,29726,31641,27322,4071,6606,3679,22126,0,13,4832,1507,992,1047,-252,-531,1015,-5,997,657,-514,7750,4913,0.3938062212456225,0.4473349869925585,0.7754280603117812,36.823638033812514,13.5
24/01/2026,29,29848,31683,27454,4089,6606,2924,22126,0,15,4863,1505,992,420,-251,-451,690,-4,998,385,-514,7013,3770,0.3979949186294033,0.4027466876399056,0.7024022489138768,39.78935113770142,14.0
24/01/2026,30,30498,32202,28147,4107,6606,2209,22126,0,15,4950,1506,992,370,-251,-311,654,-13,997,354,-514,6316,3784,0.42031174895282564,0.3605783773973017,0.7032967032967034,42.14326911090333,14.5
24/01/2026,31,30968,33471,28630,4119,6606,1098,22126,0,15,5263,1507,992,-549,-251,-201,-210,-124,998,-39,-514,5217,1609,0.43644853395591565,0.2940891765987053,0.5643368259647329,48.56450073861028,15.0
24/01/2026,32,31595,34337,29209,4131,6606,364,22126,0,15,5072,1507,992,-644,-251,-262,-264,-129,998,-63,-514,4495,1370,0.45797569182174,0.2504083731623208,0.5490672118579095,52.41048374736944,15.5
24/01/2026,33,33197,35374,30769,4166,6606,47,22126,0,13,5099,1507,992,-587,-300,-144,51,-19,998,29,-514,4213,2013,0.5129780951726979,0.2333474499364753,0.5901482238691541,66.40733369674415,16.0
24/01/2026,34,34744,37061,32215,4200,6606,0,22126,0,13,5113,1507,992,-548,-431,-206,63,-5,998,47,-514,4200,1903,0.5660921513424432,0.23256095347570935,0.583120368004089,70.67903368636978,16.5
24/01/2026,35,36107,38035,33383,4290,6606,0,22126,0,13,5117,1507,983,324,-452,-345,2,-5,998,468,-513,4290,2967,0.6128888278514042,0.23800592897331962,0.6510989010989011,72.78562849515272,17.0
24/01/2026,36,36221,38282,33489,4379,6606,0,22126,0,13,5326,1508,979,363,-452,-482,0,26,994,504,-514,4379,2926,0.6168028565542814,0.24339040474317866,0.648479427549195,72.76702511894673,17.5
24/01/2026,37,36153,38221,33545,4447,6606,0,22126,0,11,5393,1265,859,678,-452,-491,29,400,815,780,-514,4447,3369,0.6144681727666003,0.24750438623026197,0.6767825198057756,71.6976901653859,18.0
24/01/2026,38,35458,37568,33004,4515,6606,0,22126,0,13,5357,1233,852,691,-452,-531,31,432,808,801,-514,4515,3351,0.5906063311130948,0.25161836771734525,0.6756325070278558,69.45782243207822,18.5
24/01/2026,39,34452,36564,32171,4544,6606,0,22126,0,15,5429,1406,894,666,-452,-531,332,259,927,876,-514,4544,3863,0.5560667444894596,0.2533728598221308,0.7083439815997955,65.97201962181845,19.0
24/01/2026,40,33304,35367,31089,4572,6606,0,22126,0,13,5399,1428,896,665,-452,-485,343,237,933,882,-513,4572,3934,0.5166517887797843,0.2550668521991651,0.7128801431127012,62.8620638657156,19.5
24/01/2026,41,32388,34318,30239,4601,6606,0,22126,0,9,5480,1364,865,462,-452,-355,13,233,895,902,-514,4601,3413,0.4852022248163153,0.25682134430395065,0.6795936621518017,61.24104501551423,20.0
24/01/2026,42,31310,33202,29186,4630,6606,0,22126,0,9,5484,1354,847,454,-451,-312,-6,247,878,902,-514,4630,3399,0.44819062006454713,0.25857583640873616,0.6786992077689752,48.753591525790696,20.5
24/01/2026,43,29992,32308,28005,4652,6606,0,22126,0,26,5236,724,292,264,-451,-173,-535,424,406,863,-531,4652,1283,0.40293895488566916,0.2599068304192631,0.5435088167646307,48.677668265318665,21.0
24/01/2026,44,29081,31555,27189,4674,6606,0,22126,0,130,5243,637,249,256,-452,-218,-560,416,370,853,-514,4674,1037,0.3716610588477649,0.26123782442979004,0.5277919754663941,47.20506555364864,21.5
24/01/2026,45,27345,30201,25650,4683,6606,0,22126,0,130,5439,291,64,158,-452,-300,-861,42,140,595,-513,4683,-836,0.31205795509167067,0.2617823219795511,0.4081267569639663,46.617971762090434,22.0
24/01/2026,46,25944,28823,24356,4692,6606,0,22126,0,130,5495,243,49,153,-451,-301,-873,-11,123,556,-513,4692,-1025,0.2639566023484172,0.26232681952931214,0.39605162279580886,44.76758642366339,22.5
24/01/2026,47,24788,28385,23265,4611,6606,0,22126,0,129,5545,181,-14,-646,-383,-368,-610,-98,55,-235,-514,4611,-2632,0.22426697795783837,0.2574263415814629,0.29338103756708406,45.38026811952796,23.0
24/01/2026,48,24507,28227,23025,4530,6606,0,22126,0,130,5517,172,-17,-778,-302,-363,-600,-101,57,-303,-526,4530,-2761,0.2146192405410973,0.2525258636336136,0.28513927932532585,45.30620812612897,23.5
25/01/2026,1,24567,28370,22993,4430,6606,0,22126,0,130,5418,301,46,-648,-301,-337,-506,-15,252,-753,-513,4430,-2474,0.21667925564787474,0.24647589085849114,0.3034755941732686,45.20338161669488,0.0
25/01/2026,2,25349,29080,23769,4330,6606,0,22126,0,133,5444,318,53,-643,-302,-252,-502,-5,267,-780,-514,4330,-2360,0.2435281192062075,0.24042591808336863,0.310759008433427,46.3137444761871,0.5
25/01/2026,3,24904,28682,23422,4260,6606,0,22126,0,131,5223,876,157,-641,-302,-368,-579,-12,341,-631,-514,4260,-1673,0.2282496738309414,0.23619093714078288,0.3546511627906977,44.951235583200216,1.0
25/01/2026,4,24367,28525,23078,4189,6606,0,22126,0,397,5301,951,174,-641,-302,-453,-582,-43,347,-627,-513,4189,-1689,0.20981253862528326,0.23189545647044588,0.35362892921032457,44.363059266691465,1.5
25/01/2026,5,23492,28898,22393,4129,6606,0,22126,0,698,5412,1049,523,-793,-301,-501,-691,-420,380,-888,-514,4129,-2156,0.17977065165144546,0.22826547280537238,0.32379248658318427,43.86701215023296,2.0
25/01/2026,6,23070,28620,22047,4069,6606,0,22126,0,714,5517,1062,550,-799,-302,-531,-695,-488,386,-907,-514,4069,-2238,0.1652818787337774,0.22463548914029888,0.318553539483772,43.50113968546668,2.5
25/01/2026,7,22451,28181,21399,4022,6606,0,22126,0,725,5460,1124,672,-794,-302,-531,-563,-748,503,-954,-513,4022,-2106,0.1440293895488567,0.2217920019359913,0.3269869665218502,42.56767619343752,3.0
25/01/2026,8,22145,27933,21126,3974,6606,0,22126,0,749,5316,1133,677,-794,-302,-531,-558,-784,518,-956,-514,3974,-2111,0.1335233125042917,0.21888801500393248,0.32666751852798365,42.24094167949402,3.5
25/01/2026,9,21661,27796,20611,3944,6606,0,22126,0,942,5651,1155,579,-868,-301,-531,-669,-829,789,-882,-513,3944,-2070,0.11690585730962028,0.21707302317139573,0.32928699207768974,41.57830375568914,4.0
25/01/2026,10,21352,27464,20379,3913,6606,0,22126,0,912,5847,1159,573,-870,-302,-531,-673,-838,799,-872,-514,3913,-2069,0.1062967795097164,0.21519753161110775,0.3293508816764631,41.20892759852616,4.5
25/01/2026,11,20904,27032,19959,3833,6606,0,22126,0,910,5892,1017,599,-901,-301,-531,-787,-887,564,-698,-513,3833,-2438,0.09091533337911145,0.21035755339100973,0.3057756197291081,41.210374338852,5.0
25/01/2026,12,21041,26947,20138,3752,6606,0,22126,0,715,5902,999,596,-903,-301,-515,-790,-891,544,-677,-514,3752,-2452,0.09561903453958662,0.2054570754431605,0.3048811653462816,41.56342581136302,5.5
25/01/2026,13,21547,26424,20587,3705,6606,0,22126,0,645,5920,630,413,-671,-302,-387,-560,-869,389,-330,-513,3705,-2200,0.11299182860674312,0.20261358823885292,0.3209813442371582,42.021638612360974,6.0
25/01/2026,14,22310,26660,21260,3657,6606,0,22126,0,348,5885,581,399,-662,-302,-235,-551,-848,373,-305,-499,3657,-2049,0.13918835404792967,0.19970960130679413,0.33062867365192944,42.96367264967478,6.5
25/01/2026,15,23407,26965,22190,3656,6606,0,22126,0,134,5779,730,338,-587,-286,-84,-552,-631,190,-285,-399,3656,-1566,0.17685229691684407,0.1996491015790429,0.36148734985944286,53.85487183211362,7.0
25/01/2026,16,24269,27658,22955,3654,6606,0,22126,0,15,5838,750,337,-584,-295,0,-552,-574,187,-279,-490,3654,-1500,0.20644784728421342,0.19952810212354044,0.365704063378482,54.960862532478004,7.5
25/01/2026,17,25616,27981,24103,3611,6606,22,22126,0,13,5667,835,461,-414,-195,0,-310,-193,519,-144,-496,3633,63,0.2526951864313672,0.1982576078407647,0.4655635062611807,55.02661609457661,8.0
25/01/2026,18,26843,29222,25165,3567,6606,201,22126,0,15,5359,847,471,-393,-303,-3,-300,-120,545,-132,-513,3768,99,0.294822495364966,0.2064250710871801,0.4678635318170202,56.71172332277965,8.5
25/01/2026,19,28420,30096,26496,3490,6606,552,22126,0,17,4841,1288,537,225,-433,-104,17,226,684,-8,-514,4042,1918,0.3489665590881,0.2230019964910158,0.5840787119856887,56.53905249089623,9.0
25/01/2026,20,29475,31266,27440,3412,6606,920,22126,0,16,5111,1345,546,253,-450,-211,30,298,697,6,-514,4332,2000,0.3851884913822701,0.24054691753887109,0.5893176590851009,57.66005004045638,9.5
25/01/2026,21,30792,32439,28624,3351,6606,1194,22126,0,16,4936,1323,715,837,-411,-106,75,671,846,290,-514,4545,3726,0.43040582297603514,0.253433359549882,0.6995911065678507,57.50056516985519,10.0
25/01/2026,22,31196,32890,28983,3290,6606,1394,22126,0,16,4919,1320,732,868,-432,-132,77,720,854,329,-514,4684,3822,0.44427659136166997,0.26184282170730233,0.7057245080500895,47.79821366086411,10.5
25/01/2026,23,31994,33395,29710,3218,6606,1628,22126,0,16,5043,1333,947,1048,-318,-22,139,748,839,995,-445,4846,5264,0.4716747922818101,0.2716437776030008,0.7978533094812165,47.16135658356409,11.0
25/01/2026,24,32648,33970,30324,3146,6606,1578,22126,0,16,4967,1336,963,1056,-357,0,142,749,843,1042,-349,4724,5425,0.49412895694568426,0.2642628108173513,0.8081395348837209,48.844789963785935,11.5
25/01/2026,25,33335,34782,30949,3002,6606,1533,22126,0,16,5069,1481,990,1021,-449,-15,144,717,986,1061,-367,4535,5569,0.5177161299182861,0.25282836227236977,0.817339637107079,50.98693335332498,12.0
25/01/2026,26,33794,35341,31359,2857,6606,1469,22126,0,16,5128,1501,992,1019,-451,-111,150,696,996,1061,-369,4326,5484,0.5334752454851336,0.24018391917236373,0.8119090212113468,53.05649994542571,12.5
25/01/2026,27,34476,36078,32033,2746,6606,1453,22126,0,16,5066,1500,992,1031,-451,-176,693,473,996,957,-359,4199,5656,0.5568907505321705,0.23250045374795814,0.8228980322003577,55.156399643705875,13.0
25/01/2026,28,34649,36281,32071,2634,6606,1133,22126,0,19,4832,1500,992,1020,-451,-138,711,416,996,931,-424,3767,5553,0.5628304607567122,0.20636457135942887,0.8163174035267059,57.62000903717929,13.5
25/01/2026,29,34281,35925,31676,2562,6606,855,22126,0,13,4776,1502,992,254,-451,-176,110,42,997,240,-404,3417,3106,0.5501957014351438,0.18518966664650008,0.6599795553283926,61.24631127737063,14.0
25/01/2026,30,34825,36586,32251,2489,6606,597,22126,0,16,4714,1504,992,200,-451,-184,80,-31,998,185,-479,3086,2814,0.5688731717365927,0.16516425676084456,0.6413237924865832,64.75237659876046,14.5
25/01/2026,31,35501,37760,32816,2436,6606,366,22126,0,16,4725,1505,992,122,-451,-291,118,-367,998,-66,-468,2802,2092,0.592082675272952,0.14798233407949665,0.5951955021722464,69.17343372797686,15.0
25/01/2026,32,36379,38829,33596,2383,6606,196,22126,0,16,4559,1505,992,119,-451,-442,120,-395,998,-81,-465,2579,1900,0.6222275630021287,0.13449089479097345,0.582928699207769,73.46902514326368,15.5
25/01/2026,33,37544,39805,34608,2293,6606,47,22126,0,14,4215,1504,992,151,-451,-530,227,-220,998,-3,-443,2340,2225,0.6622261896587242,0.12003145985843064,0.6036928188090979,88.45275491580688,16.0
25/01/2026,34,38398,40672,35336,2202,6606,0,22126,0,13,4053,1504,990,152,-451,-530,231,-168,995,14,-512,2202,2225,0.6915470713451899,0.11168249742876157,0.6036928188090979,92.41212699975965,16.5
25/01/2026,35,39605,41617,36405,2118,6606,0,22126,0,7,4194,1493,942,103,-450,-468,167,208,900,501,-487,2118,2909,0.7329877085765295,0.10660052029765867,0.6473933043700486,96.71528122512504,17.0
25/01/2026,36,39465,41492,36251,2034,6606,0,22126,0,5,4192,1491,933,103,-451,-519,164,260,890,543,-452,2034,2962,0.7281810066607155,0.10151854316655574,0.6507794531050345,96.62844549848542,17.5
25/01/2026,37,38911,40932,35768,1991,6606,0,22126,0,8,4283,1178,722,435,-450,-527,378,319,733,871,-436,1991,3223,0.7091602005081371,0.09891705487325307,0.667454638384871,94.39360541409197,18.0
25/01/2026,38,38102,40105,35044,1947,6606,0,22126,0,8,4099,1136,705,472,-451,-498,386,340,722,893,-446,1947,3259,0.6813843301517545,0.09625506685219916,0.6697546639407105,91.51520320785882,18.5
25/01/2026,39,37208,39246,34279,1896,6606,0,22126,0,10,4116,1133,618,320,-451,-529,163,506,671,887,-448,1896,2870,0.6506901050607704,0.09316958073688668,0.644901610017889,88.98423268250912,19.0
25/01/2026,40,36296,38349,33491,1844,6606,0,22126,0,12,4192,1133,611,315,-451,-521,155,521,673,880,-469,1844,2847,0.6193778754377532,0.09002359489382297,0.6434321492461027,86.0187214455843,19.5
25/01/2026,41,35261,37160,32583,1783,6606,0,22126,0,12,4261,1131,567,188,-451,-399,130,452,835,630,-437,1783,2646,0.5838426148458422,0.08633311150099825,0.6305903398926654,83.00284680605644,20.0
25/01/2026,42,34108,35747,31472,1722,6606,0,22126,0,13,3919,1129,559,183,-412,-248,129,419,837,608,-366,1722,2838,0.5442559912106022,0.08264262810817351,0.6428571428571429,69.21903176772008,20.5
25/01/2026,43,32867,34306,30342,1655,6606,0,22126,0,10,3942,639,382,285,-408,-96,60,125,548,444,-325,1655,1654,0.501648012085422,0.07858914634884143,0.5672118579095323,67.1027371674603,21.0
25/01/2026,44,31251,32344,28865,1588,6606,0,22126,0,12,3933,571,369,283,-264,-1,58,83,529,435,-216,1588,1847,0.44616493854288264,0.07453566458950935,0.579542550472783,62.30617563012105,21.5
25/01/2026,45,29763,30650,27510,1519,6606,0,22126,0,12,4099,621,333,-97,-113,0,2,5,554,541,-65,1519,1781,0.3950765638948019,0.07036118337467481,0.575325836953744,58.51211501625681,22.0
25/01/2026,46,28494,29215,26374,1449,6606,0,22126,0,12,4190,628,338,-104,-5,0,0,26,555,543,68,1449,2049,0.35150724438645886,0.06612620243208905,0.5924482494249936,55.114079060413516,22.5
25/01/2026,47,27501,28522,25394,1377,6606,0,22126,0,11,3965,1061,613,-341,-55,0,-14,400,524,321,84,1377,2593,0.317413994369292,0.06177022203400085,0.6272041911576796,52.220593590627146,23.0
25/01/2026,48,26694,27772,24596,1304,6606,0,22126,0,21,4077,1120,633,-362,-16,0,-15,459,526,304,-64,1304,2585,0.28970679118313536,0.057353741908161414,0.626693074367493,50.57307427317342,23.5
26/01/2026,1,26989,28251,24905,1297,6606,0,22126,0,256,4071,1198,704,-213,-60,0,-90,617,668,493,-43,1297,3274,0.2998351987914578,0.05693024381390284,0.6707130079223103,50.411409507953906,0.0
26/01/2026,2,27598,28767,25506,1290,6606,0,22126,0,276,4113,1208,708,-200,38,0,-93,630,678,509,68,1290,3546,0.32074435212524893,0.056506745719644265,0.6880909787886532,51.562042895985364,0.5
26/01/2026,3,27299,28393,25227,1312,6606,0,22126,0,279,4063,1273,698,-106,33,0,-109,543,706,610,189,1312,3837,0.3104786101764746,0.057837739730171214,0.7066828520316892,50.379999739712005,1.0
26/01/2026,4,26605,27702,24602,1334,6606,0,22126,0,283,4086,1283,699,-104,0,0,-110,526,708,614,200,1334,3816,0.28665110210808215,0.059168733740698164,0.7053411704574495,48.68905233803541,1.5
26/01/2026,5,26256,27723,24296,1297,6606,0,22126,0,535,4192,1452,770,-104,0,0,-228,455,718,508,198,1297,3769,0.27466868090366,0.05693024381390284,0.7023383593151035,48.076674354604656,2.0
26/01/2026,6,25776,27253,23870,1260,6606,0,22126,0,541,4142,1475,772,-104,26,0,-232,416,719,506,200,1260,3778,0.25818856004944035,0.05469175388710751,0.7029133657040634,47.11317947837932,2.5
26/01/2026,7,25650,26901,23803,1265,6606,0,22126,0,539,4362,1428,665,95,27,0,-112,42,659,738,200,1265,3742,0.2538625283252077,0.05499425252586363,0.7006133401482239,46.865322221432166,3.0
26/01/2026,8,25203,26468,23346,1269,6606,0,22126,0,538,4243,1420,655,102,159,0,-108,-19,654,749,200,1269,3812,0.23851541577971572,0.055236251436868535,0.7050856120623562,45.79729197176818,3.5
26/01/2026,9,24682,26521,22856,1241,6606,0,22126,0,537,4360,1079,553,-166,200,44,-342,-194,609,532,200,1241,2515,0.22062761793586486,0.05354225905983423,0.6222208024533606,46.44947192561627,4.0
26/01/2026,10,24696,26628,22745,1213,6606,0,22126,0,542,4430,1025,530,-192,200,177,-352,-246,592,525,200,1213,2459,0.22110828812744626,0.051848266682799925,0.6186429849220547,46.63496111773929,4.5
26/01/2026,11,24959,27974,22985,1219,6606,0,22126,0,106,4285,80,-63,-905,200,203,-715,-626,100,907,200,1219,-619,0.23013802101215408,0.05221126504930728,0.42199079989777666,51.09884272029915,5.0
26/01/2026,12,26101,29145,24043,1225,6606,0,22126,0,19,4254,-48,-106,-837,200,202,-730,-704,57,930,200,1225,-836,0.26934697521115153,0.05257426341581463,0.4081267569639663,53.85354048143854,5.5
26/01/2026,13,28687,32948,26460,1262,6606,0,22126,0,20,4270,-1026,-218,474,200,202,-985,-1094,-318,699,200,1262,-1866,0.3581336263132596,0.05481275334260996,0.342320470227447,61.354766166483756,6.0
26/01/2026,14,31332,35836,28878,1298,6606,0,22126,0,23,4256,-1166,-232,547,200,203,-985,-1156,-342,681,200,1298,-2050,0.4489459589370322,0.056990743541654065,0.33056478405315615,68.85455382270679,6.5
26/01/2026,15,33861,38168,31154,1342,6606,0,22126,0,17,4123,-1193,-424,682,200,202,-355,-1330,-388,619,200,1342,-1787,0.5357755956877017,0.05965273156270797,0.34736774853053926,86.29566581457128,7.0
26/01/2026,16,35751,40003,32945,1385,6606,0,22126,0,10,4269,-1194,-426,679,200,203,-319,-1321,-382,622,200,1385,-1738,0.6006660715511913,0.06225421985601065,0.3504983388704319,92.54228881170869,7.5
26/01/2026,17,37429,39664,34423,1404,6606,6,22126,0,13,4000,-348,-39,447,200,203,-246,-929,-60,929,200,1410,357,0.658277827370734,0.06376671304979127,0.48434704830053665,95.93777864039262,8.0
26/01/2026,18,38528,40502,35438,1423,6606,89,22126,0,12,4219,-228,2,429,200,202,-245,-865,-24,950,200,1512,621,0.6960104374098743,0.06993768528041623,0.501213902376693,99.23603434798586,8.5
26/01/2026,19,40045,42284,36927,1481,6606,283,22126,0,13,4092,648,506,-336,200,203,-624,-666,512,944,200,1764,1587,0.7480944860262309,0.08518361667372497,0.5629312547917199,102.4766950873448,9.0
26/01/2026,20,40544,42820,37398,1538,6606,507,22126,0,12,3858,793,544,-379,200,202,-640,-645,549,936,201,2045,1761,0.7652269449975967,0.10218404017181923,0.5740480449782775,102.44014931357205,9.5
26/01/2026,21,39904,43098,36778,1696,6606,843,22126,0,15,3817,1199,674,-887,200,203,-993,-699,641,676,200,2539,1214,0.7432534505253039,0.13207090568092444,0.5391004344492717,97.39864834894611,10.0
26/01/2026,22,39596,42855,36556,1853,6606,1067,22126,0,14,4020,1253,688,-911,200,203,-1007,-727,655,656,200,2920,1210,0.7326787063105129,0.1551213019541412,0.5388448760541784,83.89096499232488,10.5
26/01/2026,23,39510,42734,36625,2010,6606,1239,22126,0,18,4184,1329,845,-597,200,161,-1021,-988,934,576,200,3249,1639,0.7297260179907986,0.17502571238429426,0.5662535139279326,81.07474481194141,11.0
26/01/2026,24,39407,42677,36502,2167,6606,1409,22126,0,15,4276,1339,857,-585,200,24,-1021,-1049,953,580,200,3576,1498,0.726189658724164,0.19480912335894487,0.5572450805008945,79.00032744008195,11.5
26/01/2026,25,40157,44189,37141,2290,6606,1385,22126,0,9,4190,1491,905,-996,199,0,-1021,-1406,997,967,200,3675,1336,0.7519398475588821,0.20079859640631617,0.5468949654996167,81.34113742349442,12.0
26/01/2026,26,39899,44001,36893,2412,6606,1423,22126,0,13,4328,1512,910,-1016,115,0,-1022,-1451,999,990,167,3835,1204,0.7430817825997391,0.21047855284651218,0.5384615384615384,79.65965596997756,12.5
26/01/2026,27,39967,44129,37077,2475,6606,1446,22126,0,13,4231,1512,940,-1077,5,0,-1021,-1451,980,831,34,3921,753,0.7454164663874202,0.21568152943311755,0.5096473294147713,79.99041239000658,13.0
26/01/2026,28,39660,43963,36752,2538,6606,1221,22126,0,19,3939,1511,941,-1080,-55,0,-1021,-1452,979,801,-67,3759,557,0.7348760557577422,0.2058805735374191,0.4971249680552006,80.06629887565383,13.5
26/01/2026,29,39303,43741,36528,2653,6606,894,22126,0,19,4128,1429,905,-1066,-28,0,-1022,-1452,972,121,-218,3547,-359,0.7226189658724164,0.19305463125415936,0.4386020955788398,81.16738085567572,14.0
26/01/2026,30,39112,43784,36321,2767,6606,601,22126,0,12,4030,1417,904,-1065,-148,0,-1022,-1453,972,56,-367,3368,-706,0.7160612511158415,0.18222517998669005,0.41643240480449784,81.94590359925951,14.5
26/01/2026,31,39024,44632,36264,2771,6606,361,22126,0,54,4161,1471,933,-1064,-268,-66,-1021,-1452,972,-587,-496,3132,-1578,0.7130398956259013,0.16794724423740093,0.360720674674163,84.09632492029547,15.0
26/01/2026,32,39588,45432,36795,2774,6606,143,22126,0,6,4372,1478,932,-1062,-346,-216,-1021,-1453,967,-626,-514,2917,-1861,0.7324040376296093,0.15493980277088754,0.34263991822131357,87.8030656100896,15.5
26/01/2026,33,40400,46211,37493,2795,6606,12,22126,0,5,4464,1373,829,-1061,-448,-367,-911,-1453,799,-452,-514,2807,-2205,0.7602829087413308,0.14828483271825277,0.3206618962432916,102.02203214659677,16.0
26/01/2026,34,41475,47390,38408,2815,6606,0,22126,0,2,4624,1358,808,-1061,-451,-505,-899,-1453,773,-430,-514,2815,-2374,0.7971915127377601,0.14876883054026258,0.30986455405060054,106.45442299958232,16.5
26/01/2026,35,41981,46866,38788,2865,6606,0,22126,0,3,4794,802,317,-970,-451,-531,-284,-1453,231,-79,-514,2865,-2932,0.8145643068049165,0.15179381692782382,0.2742141579350882,108.90035794077548,17.0
26/01/2026,36,41820,46657,38773,2915,6606,0,22126,0,0,5173,727,280,-967,-451,-531,-253,-1453,201,-68,-514,2915,-3029,0.8090365996017305,0.15481880331538508,0.26801686685407616,108.03661804619188,17.5
26/01/2026,37,41386,46705,38406,3039,6606,0,22126,0,3,5357,716,198,-1058,-451,-531,-181,-1453,364,-528,-514,3039,-3438,0.7941358236627069,0.162320769556537,0.2418860209557884,106.00950519640733,18.0
26/01/2026,38,40834,46208,37810,3162,6606,0,22126,0,2,5242,716,199,-1060,-451,-531,-195,-1453,382,-568,-514,3162,-3475,0.7751836846803544,0.16976223606993768,0.23952210580117556,103.11614601534465,18.5
26/01/2026,39,39811,46253,36968,3344,6606,0,22126,0,3,5061,1040,429,-1041,-451,-531,-975,-1451,662,-876,-514,3344,-3708,0.7400604271097988,0.18077318652066066,0.22463582928699208,98.45463795218106,19.0
26/01/2026,40,39087,45603,36344,3526,6606,0,22126,0,5,4771,1085,455,-1040,-451,-531,-1022,-1451,685,-902,-514,3526,-3686,0.7152029114880176,0.19178413697138363,0.22604140046000512,94.77179715216879,19.5
26/01/2026,41,37907,44449,35300,3665,6606,0,22126,0,14,4700,1369,830,-1059,-451,-531,-841,-1453,864,-1079,-514,3665,-2865,0.6746892810547277,0.2001935991288039,0.2784947610529006,88.92063717724783,20.0
26/01/2026,42,35665,42159,33226,3804,6606,0,22126,0,12,5048,1407,850,-1061,-451,-531,-834,-1421,874,-1080,-504,3804,-2751,0.597713383231477,0.20860306128622422,0.28577817531305905,71.01929054307148,20.5
26/01/2026,43,34399,39839,32151,3871,6606,0,22126,0,12,5256,1256,636,-1008,-433,-511,-861,-1027,824,-604,-384,3871,-2112,0.5542470644784728,0.21265654304555628,0.3266036289292103,66.25915876915673,21.0
26/01/2026,44,31984,36938,29818,3938,6606,0,22126,0,12,5292,1235,621,-1006,-307,-377,-862,-980,816,-577,-233,3938,-1670,0.4713314564306805,0.21671002480488838,0.3548428315870176,59.145025287930295,21.5
26/01/2026,45,29792,34355,27817,4049,6606,0,22126,0,12,5446,1129,601,-888,-210,-225,-719,-996,647,-783,-130,4049,-1574,0.39607223786307766,0.22342549458527436,0.3609762330692563,53.70901389344566,22.0
26/01/2026,46,27762,32069,25901,4160,6606,0,22126,0,96,5366,1116,610,-883,-63,-73,-715,-993,646,-804,-80,4160,-1239,0.3263750600837739,0.23014096436566037,0.3823792486583184,49.05884856993576,22.5
26/01/2026,47,26158,31434,24304,4286,6606,0,22126,0,372,5334,1461,967,-1067,-66,-50,-1010,-924,977,-1073,-114,4286,-899,0.2713039895625901,0.23776393006231472,0.40410171224124714,45.70470357128614,23.0
26/01/2026,48,25205,30689,23428,4411,6606,0,22126,0,657,5401,1509,992,-1074,-33,-9,-1022,-918,998,-1089,-82,4411,-728,0.23858408294994163,0.24532639603121786,0.4150268336314848,43.883034764431436,23.5
27/01/2026,1,25563,30878,23801,4533,6606,0,22126,0,985,5563,1509,992,-941,115,0,-848,-944,998,-997,0,4533,-116,0.2508755064203804,0.25270736281686734,0.45412726808075643,43.37125401069406,0.0
27/01/2026,2,26091,31417,24398,4654,6606,0,22126,0,981,5608,1509,992,-937,195,57,-842,-978,998,-988,67,4654,73,0.269003639360022,0.2600278298747656,0.46620240224891385,43.64009654253457,0.5
27/01/2026,3,25349,31290,23755,4783,6606,0,22126,0,1201,5818,1509,992,-1020,195,11,-845,-1373,998,-902,189,4783,-246,0.2435281192062075,0.2678322947546736,0.44582162024022487,42.78972352080359,1.0
27/01/2026,4,24950,30943,23437,4912,6606,0,22126,0,1199,5940,1509,992,-1024,195,0,-845,-1425,998,-900,200,4912,-300,0.22982901874613748,0.2756367596345816,0.44237158190646564,42.07662632267874,1.5
27/01/2026,5,24313,30444,22929,5035,6606,0,22126,0,1108,6138,1509,992,-1037,195,0,-856,-1449,997,-1081,200,5035,-530,0.20795852502918355,0.28307822614798234,0.4276769741886021,41.27245473295583,2.0
27/01/2026,6,23714,29941,22363,5158,6606,0,22126,0,1188,6081,1509,992,-1038,195,0,-856,-1452,997,-1093,200,5158,-546,0.187392707546522,0.290519692661383,0.426654740608229,40.24702270985481,2.5
27/01/2026,7,23123,29543,21839,5263,6606,0,22126,0,1183,6164,1509,992,-1076,195,0,-1016,-1452,998,-1093,200,5263,-743,0.16710155874476412,0.2968721640752617,0.414068489649885,39.49652763453501,3.0
27/01/2026,8,22896,29049,21692,5367,6606,0,22126,0,909,6076,1509,992,-1077,195,0,-1021,-1453,998,-1093,200,5367,-750,0.1593078349241228,0.30316413576138906,0.41362126245847175,39.004964074953804,3.5
27/01/2026,9,22738,29064,21560,5449,6606,0,22126,0,1083,5985,1509,992,-1077,195,0,-1022,-1453,998,-1091,200,5449,-749,0.1538831284762755,0.3081251134369895,0.4136851520572451,38.63786869479644,4.0
27/01/2026,10,22984,29398,21733,5531,6606,0,22126,0,1172,5736,1509,990,-1077,195,0,-1022,-1453,994,-1090,200,5531,-754,0.16232919041406305,0.31308609111259,0.41336570406337847,38.83327080191725,4.5
27/01/2026,11,23274,29677,22039,5578,6606,0,22126,0,1161,5732,1509,901,-1077,195,0,-1022,-1453,858,-1090,200,5578,-979,0.17228593009682072,0.31592957831689755,0.3989905443393815,39.433738967578265,5.0
27/01/2026,12,23831,30056,22535,5624,6606,0,22126,0,983,5682,1509,889,-1077,195,0,-1022,-1453,853,-1090,200,5624,-996,0.19140973700473804,0.3187125657934539,0.3979044211602351,40.136924083181206,5.5
27/01/2026,13,26235,31679,24790,5631,6606,0,22126,0,279,5619,1506,661,-1003,195,0,-1022,-1453,942,-1087,200,5631,-1061,0.27394767561628786,0.3191360638877125,0.39375159723996933,43.50879316322076,6.0
27/01/2026,14,29016,34409,27338,5638,6606,0,22126,0,235,5622,1504,650,-999,197,54,-1022,-1453,949,-1084,200,5638,-1004,0.3694293758154226,0.3195595619819711,0.39739330437004855,47.39174198566379,6.5
27/01/2026,15,32332,37345,30304,5617,6606,0,22126,0,28,5571,1150,790,-915,151,4,-1022,-1453,981,-995,169,5617,-1140,0.4832795440499897,0.31828906769919535,0.38870431893687707,63.64173478947391,7.0
27/01/2026,16,33949,38923,31712,5596,6606,0,22126,0,6,5815,1099,803,-908,21,0,-1022,-1453,983,-985,35,5596,-1427,0.5387969511776419,0.31701857341641965,0.37036800408893433,67.58509969337837,7.5
27/01/2026,17,35451,39739,33050,5571,6606,0,22126,0,10,5608,1370,953,-437,0,0,-883,-1453,997,-837,-68,5571,-358,0.5903659960173041,0.315506080222639,0.43866598517761307,69.90901612909975,8.0
27/01/2026,18,35951,40322,33614,5545,6606,47,22126,0,13,5548,1408,964,-413,0,0,-878,-1453,998,-820,-194,5592,-388,0.6075327885737829,0.31677657450541474,0.43674929721441347,71.13537892466283,8.5
27/01/2026,19,37380,41102,35090,5630,6606,185,22126,0,9,5993,1407,990,-152,0,0,-637,-1453,998,-553,-318,5815,282,0.6565954817001991,0.33026801379393794,0.47955532839253767,73.15404926494578,9.0
27/01/2026,20,37912,41623,35577,5714,6606,341,22126,0,10,5947,1408,992,-133,0,0,-626,-1445,998,-522,-375,6055,297,0.6748609489802925,0.34478794845423194,0.4805136723741375,73.57741719867857,9.5
27/01/2026,21,38049,40825,35603,5712,6606,687,22126,0,25,5647,1495,992,139,0,0,-266,-1352,999,-36,-497,6399,1474,0.6795646501407677,0.3655998548006534,0.5557117301303348,71.01478932178199,10.0
27/01/2026,22,38072,40795,35519,5709,6606,1067,22126,0,40,5624,1507,991,155,0,0,-252,-1334,998,0,-497,6776,1568,0.6803543225983657,0.3884082521628653,0.5617173524150268,59.441528773311944,10.5
27/01/2026,23,38417,40999,35769,5676,6606,1305,22126,0,39,4933,1418,944,637,-18,0,-213,-1252,999,96,-460,6981,2151,0.692199409462336,0.4008106963518664,0.5989649884998722,58.77879864563055,11.0
27/01/2026,24,37967,40546,35262,5643,6606,1333,22126,0,55,4816,1406,937,661,0,0,-212,-1210,999,107,-502,6976,2186,0.6767492961615051,0.4005081977131103,0.6012011244569384,57.60925209424667,11.5
27/01/2026,25,38243,40272,35464,5599,6606,1419,22126,0,30,4830,1186,784,923,0,0,-42,-820,999,187,-537,7018,2680,0.6862253656526814,0.40304918627866176,0.6327625862509584,57.513612226620246,12.0
27/01/2026,26,38272,40214,35520,5554,6606,1422,22126,0,5,4984,1156,774,933,0,0,-35,-789,996,184,-513,6976,2706,0.6872210396209573,0.4005081977131103,0.6344237158190646,57.71737655995614,12.5
27/01/2026,27,38235,40487,35436,5471,6606,1413,22126,0,5,4960,1166,772,1022,0,0,337,-1007,896,-138,-502,6884,2546,0.6859506969717778,0.3949422227599976,0.6242013800153335,58.18688951954861,13.0
27/01/2026,28,37556,39806,34750,5388,6606,1387,22126,0,14,4968,1167,772,1026,0,0,339,-1061,888,-156,-419,6775,2556,0.6626381926800796,0.38834775243511405,0.6248402760030667,56.872404350675055,13.5
27/01/2026,29,37398,40123,34588,5293,6606,1618,22126,0,8,4974,1186,770,1017,0,0,-371,-1399,829,-8,-339,6911,1685,0.6572134862322324,0.39657571540928066,0.5691924354715052,57.08334213235421,14.0
27/01/2026,30,36906,39690,34139,5197,6606,1551,22126,0,17,5127,1188,767,1017,0,0,-411,-1442,827,5,-314,6748,1637,0.6403213623566573,0.38671425978583096,0.5661257347303859,56.547905754545816,14.5
27/01/2026,31,36702,39905,33903,5113,6606,1327,22126,0,6,5135,1060,651,976,0,0,-725,-1451,878,190,-421,6440,1158,0.633317310993614,0.3680803436384536,0.5355226169179658,57.80086872333738,15.0
27/01/2026,32,37485,40560,34695,5028,6606,796,22126,0,5,5283,1043,651,970,0,0,-737,-1446,884,203,-287,5824,1281,0.6602005081370597,0.33081251134369893,0.5433810375670841,62.12581137972231,15.5
27/01/2026,33,38453,41451,35598,5013,6606,262,22126,0,5,5302,1426,944,392,0,0,-862,-1364,991,237,-167,5275,1597,0.6934354185264026,0.29759816080827634,0.563570150779453,76.93929697708714,16.0
27/01/2026,34,39600,42627,36734,4998,6606,3,22126,0,5,5602,1477,948,365,0,0,-864,-1323,986,249,-235,5001,1603,0.7328160406509647,0.2810212354044407,0.563953488372093,81.85004755932819,16.5
27/01/2026,35,40787,42909,37846,4961,6606,0,22126,0,8,5579,1305,390,831,0,0,-435,-930,539,588,-149,4961,2139,0.7735700061800453,0.2786012462943917,0.5981983133145924,85.32044098784273,17.0
27/01/2026,36,40708,42752,37761,4924,6606,0,22126,0,11,5453,1281,351,852,0,0,-417,-851,507,614,-165,4924,2172,0.7708576529561216,0.27636275636759633,0.600306670074112,85.20880219086052,17.5
27/01/2026,37,40458,42108,37583,4809,6606,0,22126,0,11,5417,1066,344,1016,0,0,-349,-466,386,714,-224,4809,2487,0.7622742566778823,0.2694052876762055,0.6204318936877077,84.57536299936153,18.0
27/01/2026,38,40129,41564,37321,4693,6606,0,22126,0,11,5393,1037,350,1023,0,0,-347,-391,393,734,-86,4693,2713,0.7509785071757192,0.2623873192570633,0.6348709430104779,83.79338278381312,18.5
27/01/2026,39,39574,40378,36879,4656,6606,0,22126,0,10,4951,985,582,787,0,0,-107,-47,878,1203,-40,4656,4241,0.7319233674380279,0.260148829330268,0.7324942499361105,80.17685770729828,19.0
27/01/2026,40,38223,38933,35673,4619,6606,0,22126,0,8,5008,978,603,776,0,0,-98,-4,907,1228,8,4619,4398,0.6855386939504223,0.2579103394034727,0.7425249169435216,75.80569981379418,19.5
27/01/2026,41,37282,37939,34779,4527,6606,0,22126,0,8,5225,1050,793,365,0,0,-3,-5,861,943,-41,4527,3963,0.6532307903591293,0.25234436445035996,0.7147329414771275,73.90683743998626,20.0
27/01/2026,42,36105,36796,33723,4435,6606,0,22126,0,8,5129,1060,793,347,0,0,0,-4,851,926,-79,4435,3894,0.6128201606811783,0.24677838949724726,0.7103245591617685,60.9421582541825,20.5
27/01/2026,43,34519,35131,32290,4260,6606,0,22126,0,7,5030,700,336,245,0,0,75,-5,601,1045,5,4260,3002,0.5583670946920277,0.23619093714078288,0.6533350370559673,58.410103522007354,21.0
27/01/2026,44,32706,33316,30607,4084,6606,0,22126,0,5,5050,652,300,241,0,0,77,-5,582,1054,68,4084,2969,0.4961203048822358,0.22554298505656725,0.6512266802964477,54.446714197906,21.5
27/01/2026,45,30795,31484,28945,3865,6606,0,22126,0,7,4987,537,121,240,0,0,-77,-5,446,1054,173,3865,2489,0.43050882373137406,0.21229354467904896,0.6205596728852543,51.297427631891445,22.0
27/01/2026,46,29452,30143,27747,3645,6606,0,22126,0,4,4732,522,111,236,0,0,-82,-5,435,1059,200,3645,2476,0.3843988189246721,0.19898360457377942,0.6197291081012011,49.07459056051673,22.5
27/01/2026,47,27786,29130,26116,3439,6606,0,22126,0,4,4319,788,202,-362,0,-52,-322,-4,365,1243,200,3439,2058,0.3271990661264849,0.18652066065702705,0.5930232558139535,46.819302534995266,23.0
27/01/2026,48,26811,28157,25227,3233,6606,0,22126,0,7,4739,825,211,-393,0,-15,-331,23,358,1259,173,3233,2110,0.2937238206413514,0.17405771674027468,0.5963455149501661,45.45950960981429,23.5
28/01/2026,1,27642,28564,25873,2957,6606,0,22126,0,4,4592,772,304,96,0,-82,-236,355,277,1315,35,2957,2836,0.32225502987021903,0.15735979188093654,0.6427293636595962,46.94624653588127,0.0
28/01/2026,2,27920,28828,26099,2680,6606,0,22126,0,4,4761,765,316,105,0,-7,-232,426,279,1322,-65,2680,2909,0.33179976653162124,0.14060136729384717,0.6473933043700486,48.299493227313704,0.5
28/01/2026,3,28050,28858,26125,2502,6606,0,22126,0,6,4488,1006,501,348,0,0,55,798,547,1415,-202,2502,4468,0.3362631325963057,0.1298324157541291,0.746997188857654,47.172427505433774,1.0
28/01/2026,4,27369,28216,25557,2323,6606,0,22126,0,8,4456,1039,522,360,0,0,66,833,572,1421,-239,2323,4574,0.31288196113438166,0.11900296448665981,0.7537694863276259,46.12514370469059,1.5
28/01/2026,5,27173,28125,25323,2189,6606,0,22126,0,73,4071,1425,825,437,0,0,313,695,833,1421,-279,2189,5670,0.306152578452242,0.11089600096799565,0.8237924865831843,44.73088124043781,2.0
28/01/2026,6,26728,27604,24846,2055,6606,0,22126,0,70,3584,1477,849,439,0,0,322,682,854,1421,-206,2055,5838,0.2908741330769759,0.10278903744933147,0.8345259391771019,43.98333560789266,2.5
28/01/2026,7,26504,27322,24643,1947,6606,0,22126,0,69,3500,1504,954,627,0,0,326,740,989,1421,-149,1947,6412,0.2831834100116734,0.09625506685219916,0.8711985688729875,43.11224534602198,3.0
28/01/2026,8,25850,26732,24095,1839,6606,0,22126,0,213,3295,1507,957,634,0,0,324,743,998,1419,-69,1839,6513,0.26072924534779923,0.08972109625506686,0.8776514183490928,41.93913578264544,3.5
28/01/2026,9,25370,26436,23660,1744,6606,0,22126,0,286,3219,1476,805,540,0,0,-102,693,999,1316,-78,1744,5649,0.2442491244935796,0.08397362211870046,0.8224508050089445,42.343034415694476,4.0
28/01/2026,10,25766,26772,23912,1649,6606,0,22126,0,284,2875,1469,780,506,0,0,-120,657,980,1297,-2,1649,5567,0.2578452241983108,0.07822614798233408,0.8172118579095323,43.558568122712614,4.5
28/01/2026,11,25938,27499,24009,1577,6606,0,22126,0,177,2939,780,243,-400,0,56,-384,285,350,913,68,1577,1911,0.2637506008377395,0.07387016758424587,0.5836314847942755,48.824564046048756,5.0
28/01/2026,12,27440,29082,25307,1504,6606,0,22126,0,187,2590,682,183,-454,0,11,-401,209,296,884,177,1504,1587,0.3153196456774016,0.06945368745840644,0.5629312547917199,52.897554272166154,5.5
28/01/2026,13,30045,33205,27633,1438,6606,0,22126,0,19,2772,-27,-641,-517,0,0,-978,-168,-210,801,195,1438,-1545,0.4047586348966559,0.06546070542682558,0.3628290314336826,63.87732870093867,6.0
28/01/2026,14,32559,35981,29904,1372,6606,0,22126,0,15,2629,-139,-699,-493,0,18,-1005,-230,-241,789,195,1372,-1805,0.49107326787063105,0.06146772339524472,0.3462177357526195,71.9481997285551,6.5
28/01/2026,15,36117,38773,33193,1244,6606,0,22126,0,8,2497,194,-748,-3,0,122,-693,-434,-170,568,195,1244,-969,0.6132321637025339,0.05372375824308791,0.3996294403271147,93.70796434105272,7.0
28/01/2026,16,37373,39991,34230,1116,6606,0,22126,0,6,2378,263,-743,0,0,32,-681,-429,-159,549,195,1116,-973,0.6563551466044084,0.045979793090931094,0.39937388193202145,99.2408187634101,7.5
28/01/2026,17,38777,40473,35433,1044,6606,112,22126,0,9,2175,288,-450,267,0,1,-585,-52,79,420,195,1156,163,0.7045595001030007,0.048399782200980096,0.47195246613851266,103.12407173915594,8.0
28/01/2026,18,38908,40514,35550,971,6606,979,22126,0,7,1997,291,-412,286,0,64,-582,-5,107,421,152,1950,322,0.7090571997527982,0.09643656603545284,0.4821109123434705,98.34521521355346,8.5
28/01/2026,19,38950,40402,35605,911,6606,2303,22126,0,10,1792,513,218,-97,0,5,-739,-6,528,819,23,3214,1264,0.7104992103275424,0.1729082219130014,0.5422949143879376,89.72706771742429,9.0
28/01/2026,20,38063,39531,34693,851,6606,3513,22126,0,13,1714,544,273,-104,0,0,-745,-6,559,842,0,4364,1363,0.6800453203323491,0.2424829088269103,0.5486199846664963,80.44257769290404,9.5
28/01/2026,21,37136,39100,33732,798,6606,4559,22126,0,13,1580,1000,710,-596,0,0,-749,-6,701,613,55,5357,1728,0.6482180869326375,0.30255913848387683,0.571939688218758,72.58196207697621,10.0
28/01/2026,22,36492,38551,33157,745,6606,5417,22126,0,12,1453,1062,737,-672,0,0,-749,-26,710,591,104,6162,1757,0.6261072581198929,0.35126141932361304,0.5737924865831843,57.56301211964146,10.5
28/01/2026,23,35900,38532,32495,694,6606,5984,22126,0,9,1276,1260,668,-869,0,0,-877,-277,683,371,138,6678,1097,0.605781775733022,0.38247927884324523,0.5316253513927932,55.116225943200185,11.0
28/01/2026,24,35425,38128,31951,642,6606,6538,22126,0,9,1380,1287,667,-876,0,0,-882,-336,686,358,181,7180,1085,0.5894733228043673,0.4128501421743602,0.5308586762075134,52.44799999894522,11.5
28/01/2026,25,35432,38608,31873,636,6606,6684,22126,0,9,1195,1361,823,-952,0,0,-923,-692,883,464,195,7320,1159,0.589713657900158,0.42132010405953174,0.5355865065167391,51.93859640239013,12.0
28/01/2026,26,35156,38367,31619,629,6606,6695,22126,0,9,1247,1372,824,-956,0,0,-925,-721,890,463,200,7324,1147,0.5802375884089817,0.42156210297053665,0.5348198313314593,51.37691840136155,12.5
28/01/2026,27,35287,38188,31815,643,6606,5990,22126,0,9,1231,1230,481,-803,0,0,-954,-535,732,124,200,6633,475,0.5847352880587791,0.37975679109444005,0.4918860209557884,54.679958423467774,13.0
28/01/2026,28,35217,38071,31741,657,6606,5373,22126,0,9,1301,1211,460,-798,0,0,-956,-491,719,107,200,6030,452,0.582331937100872,0.34327545526045133,0.49041656018400204,56.61556271313648,13.5
28/01/2026,29,35276,37705,31762,671,6606,4311,22126,0,9,1150,1260,556,-645,0,0,-949,-226,633,349,200,4982,1178,0.5843576186225365,0.2798717405771674,0.5368004088934322,59.80484334546137,14.0
28/01/2026,30,35519,37926,32055,684,6606,3130,22126,0,9,1273,1266,573,-639,0,51,-948,-211,637,366,169,3814,1264,0.5927006798049852,0.20920805856373648,0.5422949143879376,65.40988258031759,14.5
28/01/2026,31,36621,38825,33161,686,6606,2331,22126,0,9,1455,1303,966,-472,0,20,-692,-431,931,390,37,3017,2052,0.6305362905994644,0.16098977554601004,0.5926399182213136,71.76739578110262,15.0
28/01/2026,32,38001,40203,34484,687,6606,1376,22126,0,5,1536,1308,986,-455,0,14,-682,-429,951,400,-31,2063,2062,0.6779166380553457,0.10327303527134128,0.5932788142090467,81.96581439312749,15.5
28/01/2026,33,39364,40724,35736,752,6606,325,22126,0,5,1366,982,761,-107,0,112,-589,-51,996,717,-8,1077,2813,0.7247133145643068,0.04362030370863331,0.6412599028878099,102.68798677974387,16.0
28/01/2026,34,40627,42018,36895,817,6606,6,22126,0,3,1628,936,728,-104,0,22,-584,21,978,745,-100,823,2642,0.7680766325619721,0.028253372859822132,0.6303347814975722,110.10907582251167,16.5
28/01/2026,35,41854,42758,37920,913,6606,0,22126,0,8,1402,531,91,555,0,0,-221,327,255,958,-75,913,2421,0.810203941495571,0.03369834835743239,0.6162151801686685,115.25055977621525,17.0
28/01/2026,36,42173,43170,38269,1009,6606,0,22126,0,8,1508,476,42,654,0,0,-207,383,209,977,-182,1009,2352,0.8211563551466045,0.039506322221550004,0.6118067978533095,116.08353502045581,17.5
28/01/2026,37,41957,42975,38195,1078,6606,0,22126,0,13,1573,271,-144,868,0,0,-39,609,200,1134,-222,1078,2677,0.8137403007622056,0.04368080343638454,0.6325709174546383,114.16726734360569,18.0
28/01/2026,38,41586,42519,37917,1146,6606,0,22126,0,12,1759,243,-151,876,0,0,-32,637,199,1142,-138,1146,2776,0.8010025406852984,0.047794784923467844,0.638895987733197,111.86765372543036,18.5
28/01/2026,39,40979,41888,37414,1147,6606,0,22126,0,9,1692,687,45,1013,0,-53,376,639,203,1035,-247,1147,3698,0.7801620545217332,0.04785528465121907,0.6978021978021978,107.99117199717996,19.0
28/01/2026,40,40460,41363,36942,1147,6606,0,22126,0,10,1709,748,58,1018,0,-10,393,644,204,1029,-283,1147,3801,0.7623429238481082,0.04785528465121907,0.7043828264758497,105.5999570787794,19.5
28/01/2026,41,39131,39936,35703,1155,6606,0,22126,0,9,1630,938,54,1056,0,-32,138,711,197,1088,-164,1155,3986,0.7167135892329877,0.04833928247322887,0.7162024022489138,99.69776988633967,20.0
28/01/2026,42,37394,38030,34063,1163,6606,0,22126,0,9,2064,964,55,1057,0,0,128,731,194,1095,-27,1163,4197,0.6570761518917806,0.04882328029523867,0.7296831075900844,82.42297886333873,20.5
28/01/2026,43,35720,36334,32600,1158,6606,0,22126,0,9,2101,817,91,1058,0,0,168,882,120,1165,-5,1158,4296,0.5996017304126897,0.04852078165648255,0.736008177868643,76.02969493436275,21.0
28/01/2026,44,33880,34490,30872,1152,6606,0,22126,0,10,2064,797,93,1058,0,0,170,909,123,1167,67,1152,4384,0.5364279338048479,0.04815778328997519,0.7416304625606951,69.48423899530975,21.5
28/01/2026,45,32223,32838,29502,1201,6606,0,22126,0,15,2032,733,84,935,0,0,271,1019,377,1031,56,1201,4506,0.47953718327267736,0.05112226994978523,0.7494249936110401,63.671679637640395,22.0
28/01/2026,46,30218,30831,27658,1250,6606,0,22126,0,13,2298,724,94,930,0,0,274,1026,395,1018,62,1250,4523,0.41069834512119757,0.054086756609595256,0.7505111167901866,57.4254182744024,22.5
28/01/2026,47,28681,29292,26203,1284,6606,0,22126,0,11,2184,955,476,871,0,17,82,942,455,958,139,1284,4895,0.3579276248025819,0.05614374735313691,0.7742780475338615,52.611642142137235,23.0
28/01/2026,48,28145,28863,25695,1318,6606,0,22126,0,118,2326,986,505,868,0,0,75,937,457,955,200,1318,4983,0.3395248231820367,0.05820073809667856,0.7799003322259136,50.985558590809674,23.5
29/01/2026,1,28173,28938,25804,1344,6606,0,22126,0,165,2484,986,615,653,0,0,124,1006,395,1054,200,1344,5033,0.34048616356519945,0.059773731018210416,0.7830948121645797,50.89230655595694,0.0
29/01/2026,2,28754,29578,26433,1370,6606,0,22126,0,224,2665,986,619,645,0,62,126,1008,391,1067,200,1370,5104,0.36043397651582776,0.06134672393974227,0.7876309736774854,52.19152894810181,0.5
29/01/2026,3,28482,29502,26238,1379,6606,0,22126,0,420,2764,625,496,716,0,5,118,915,395,1244,200,1379,4714,0.35109524136510334,0.061891221489503295,0.7627140301558906,51.95113031353361,1.0
29/01/2026,4,27608,28907,25472,1387,6606,0,22126,0,699,2922,576,486,718,0,35,118,883,392,1257,194,1387,4659,0.3210876879763785,0.062375219311513096,0.759200102223358,49.80417738180273,1.5
29/01/2026,5,26744,28326,24709,1453,6606,0,22126,0,982,2939,526,447,758,0,0,56,623,256,1280,84,1453,4030,0.2914234704387832,0.06636820134309396,0.7190135445949399,48.32461433422369,2.0
29/01/2026,6,26115,27693,24160,1518,6606,0,22126,0,978,2744,520,444,759,0,0,54,561,248,1278,79,1518,3943,0.26982764540273296,0.07030068364692359,0.7134551495016611,46.80364282471864,2.5
29/01/2026,7,25942,27305,23980,1597,6606,0,22126,0,763,2867,553,457,572,0,0,71,188,300,1125,56,1597,3322,0.2638879351781913,0.07508016213927038,0.6737797086634296,46.966420879275944,3.0
29/01/2026,8,25513,26988,23613,1676,6606,0,22126,0,875,2806,558,449,554,0,0,72,112,298,1110,67,1676,3220,0.24915882716473253,0.07985964063161716,0.667262969588551,45.94503734951624,3.5
29/01/2026,9,24975,26709,23101,1742,6606,0,22126,0,728,3156,338,116,111,0,0,-140,-266,111,980,145,1742,1395,0.2306873583739614,0.08385262266319801,0.5506644518272426,46.99225299519265,4.0
29/01/2026,10,25083,26864,23111,1807,6606,0,22126,0,685,2897,309,91,104,0,47,-153,-343,97,954,173,1807,1279,0.23439538556616082,0.08778510496702766,0.5432532583695374,47.16687156888625,4.5
29/01/2026,11,25183,27547,23158,1957,6606,0,22126,0,85,3124,35,1,-266,0,180,-680,-727,-6,330,200,1957,-933,0.23782874407745658,0.09686006412971142,0.40192946588295425,49.761088645120424,5.0
29/01/2026,12,26403,28915,24274,2107,6606,0,22126,0,51,2908,-12,-26,-287,0,203,-704,-805,-27,282,200,2107,-1176,0.2797157179152647,0.10593502329239518,0.38640429338103754,52.09447593963441,5.5
29/01/2026,13,28947,33725,26672,2186,6606,0,22126,0,99,3283,-1156,-807,215,0,203,-439,-1195,-482,64,200,2186,-3397,0.3670603584426286,0.11071450178474197,0.2445054945054945,60.41366128759294,6.0
29/01/2026,14,31282,36294,28836,2264,6606,0,22126,0,22,3284,-1330,-858,203,0,203,-429,-1258,-515,32,200,2264,-3752,0.4472292796813843,0.11543348054933752,0.22182468694096602,66.59498017125632,6.5
29/01/2026,15,34331,39536,31615,2228,6606,0,22126,0,13,3563,-921,-766,765,0,202,-262,-1429,-644,-570,200,2228,-3425,0.5519123806907917,0.11325549035029342,0.24271658573984156,85.3696908489178,7.0
29/01/2026,16,35994,40821,33172,2191,6606,0,22126,0,10,3916,-510,-746,793,0,202,-266,-1451,-635,-609,200,2191,-3022,0.6090091327336401,0.11101700042349809,0.2684640940454894,90.540343246299,7.5
29/01/2026,17,37387,41632,34404,2192,6606,39,22126,0,10,3704,-371,-280,600,0,203,-934,-1452,-68,-530,200,2231,-2632,0.6568358167959898,0.1134369895335471,0.29338103756708406,94.71963936270339,8.0
29/01/2026,18,37498,41781,34528,2193,6606,275,22126,0,10,3734,-458,-242,557,0,140,-970,-1452,-32,-519,200,2468,-2776,0.6606468447435281,0.12777542501058745,0.284180935343726,93.94610933064097,8.5
29/01/2026,19,38081,41999,35128,2244,6606,558,22126,0,3,3737,-52,-20,-473,0,30,-1020,-1452,-6,-292,200,2802,-3085,0.6806633248643823,0.14798233407949665,0.26443904932277024,94.52322426234903,9.0
29/01/2026,20,37826,41739,34807,2295,6606,876,22126,0,6,3660,2,-5,-546,0,145,-1022,-1452,-3,-279,200,3171,-2960,0.6719082606605782,0.17030673361969872,0.2724252491694352,91.414868950228,9.5
29/01/2026,21,37892,42152,34853,2323,6606,1237,22126,0,3,3385,2,-5,-814,0,203,-1022,-1453,-4,-359,191,3560,-3261,0.6741742772780334,0.1938411277149253,0.253194479938666,89.93104373505318,10.0
29/01/2026,22,37540,41819,34486,2350,6606,1564,22126,0,5,3308,2,-5,-824,0,200,-1022,-1453,-4,-366,190,3914,-3282,0.6620888553182723,0.21525803133885898,0.25185279836442626,76.96822442076389,10.5
29/01/2026,23,37374,41826,34423,2448,6606,1783,22126,0,5,3208,2,-5,-923,0,194,-1022,-1453,-4,-440,190,4231,-3461,0.6563894801895214,0.23443644503599734,0.24041656018400204,75.09681648533714,11.0
29/01/2026,24,37342,41797,34444,2546,6606,1763,22126,0,10,3430,2,15,-926,0,194,-1022,-1453,13,-444,190,4309,-3431,0.6552908054659068,0.2391554238005929,0.24233324814720164,74.58042389409863,11.5
29/01/2026,25,37895,42273,35037,2573,6606,2159,22126,0,10,3438,383,706,-882,0,193,-1022,-1453,566,-411,190,4732,-1730,0.6742772780333722,0.2647468086393611,0.3510094556606185,72.07141007066643,12.0
29/01/2026,26,37618,41993,34787,2599,6606,2214,22126,0,10,3506,437,748,-880,0,194,-1022,-1453,604,-410,190,4813,-1592,0.664766874957083,0.2696472865872104,0.3598262202913366,70.67190134165492,12.5
29/01/2026,27,37607,42263,34709,2594,6606,1716,22126,0,6,3528,627,559,-1068,12,193,-1022,-1453,685,-507,190,4310,-1784,0.6643892055208405,0.23921592352834412,0.3475594173268592,73.29424135166236,13.0
29/01/2026,28,37495,42156,34497,2589,6606,1375,22126,0,5,3454,652,552,-1075,150,193,-1022,-1453,689,-506,190,3964,-1630,0.6605438439881892,0.21828301772642023,0.35739841553795043,74.46097322372052,13.5
29/01/2026,29,37712,42096,34699,2653,6606,1024,22126,0,11,3635,627,760,-1076,201,194,-1022,-1453,630,-222,190,3677,-1171,0.667994231957701,0.20091959586181862,0.3867237413749042,76.04722951600145,14.0
29/01/2026,30,37798,42161,34884,2717,6606,676,22126,0,14,3642,624,775,-1070,197,129,-1022,-1453,625,-204,190,3393,-1209,0.6709469202774153,0.18373767318047068,0.384295936621518,77.88219891065843,14.5
29/01/2026,31,37853,41445,34935,2745,6606,425,22126,0,15,3507,956,805,-322,131,55,-922,-1453,592,-271,190,3170,-239,0.672835267458628,0.17024623389194748,0.44626884743163814,78.03639093264333,15.0
29/01/2026,32,38703,42278,35787,2773,6606,171,22126,0,16,3853,1001,802,-254,58,16,-919,-1453,577,-270,190,2944,-252,0.7020188148046419,0.15657329542017062,0.44543828264758495,82.32543695362459,15.5
29/01/2026,33,39305,42638,36362,2791,6606,22,22126,0,16,4192,829,635,-303,1,114,-872,-1453,128,-83,190,2813,-814,0.7226876330426423,0.14864783108476012,0.4095323281369793,96.02872548033397,16.0
29/01/2026,34,40927,44203,37820,2809,6606,0,22126,0,14,4252,804,611,-305,71,23,-870,-1439,106,-48,147,2809,-900,0.7783767080958593,0.14840583217375522,0.4040378226424738,102.41393517637603,16.5
29/01/2026,35,42129,45349,38816,2891,6606,0,22126,0,14,4444,270,149,-320,49,0,-1017,-1269,346,752,19,2891,-1021,0.8196456774016343,0.1533668098493557,0.39630718119090214,106.89433093757148,17.0
29/01/2026,36,42235,45431,38888,2973,6606,0,22126,0,14,4431,197,115,-321,19,0,-1022,-1217,353,812,-22,2973,-1086,0.8232850374236078,0.15832778752495613,0.39215435727063636,106.86856937734959,17.5
29/01/2026,37,42090,45281,38761,3011,6606,0,22126,0,14,4623,23,26,-521,0,-54,-1022,-824,81,1006,-156,3011,-1441,0.8183066675822289,0.1606267771795027,0.36947354970610785,106.47656268819043,18.0
29/01/2026,38,41543,44756,38308,3048,6606,0,22126,0,14,4738,2,20,-529,0,-10,-1021,-755,62,1009,-284,3048,-1506,0.7995261965254412,0.16286526710629803,0.36532072578584207,104.10890367504271,18.5
29/01/2026,39,40828,43304,37697,3105,6606,0,22126,0,14,4769,2,12,-303,0,0,-765,-491,14,595,-303,3105,-1239,0.7749776831696765,0.16631375158811784,0.3823792486583184,100.59041670247636,19.0
29/01/2026,40,39383,41665,36373,3162,6606,0,22126,0,10,4972,4,28,-293,0,0,-754,-428,21,565,-197,3162,-1054,0.725365652681453,0.16976223606993768,0.39419882443138254,94.55949192955569,19.5
29/01/2026,41,38773,40050,35892,3167,6606,0,22126,0,6,4941,850,616,-106,-15,0,-415,-51,345,571,-84,3167,1711,0.7044221657625489,0.17006473470869382,0.5708535650396116,88.79014513579745,20.0
29/01/2026,42,37425,38541,34629,3171,6606,0,22126,0,6,4943,973,649,-104,0,54,-401,-5,361,577,24,3171,2128,0.6581404930302822,0.17030673361969872,0.5974955277280859,73.54541376729841,20.5
29/01/2026,43,35347,36787,32708,3237,6606,0,22126,0,6,5033,703,395,-271,0,10,-504,-5,138,777,-54,3237,1189,0.5867953031655565,0.17429971565127958,0.5375031944799387,67.70191335061001,21.0
29/01/2026,44,33935,35418,31482,3303,6606,0,22126,0,9,5075,666,371,-278,-9,0,-509,-5,124,791,-73,3303,1078,0.5383162809860605,0.17829269768286043,0.5304114490161002,63.35266016070319,21.5
29/01/2026,45,31873,33079,29588,3274,6606,0,22126,0,86,5101,563,182,141,-90,0,-377,-5,89,781,-48,3274,1236,0.46752042848314224,0.1765382055780749,0.5405060056222847,57.67479010234421,22.0
29/01/2026,46,30217,31208,28086,3244,6606,0,22126,0,11,5304,548,171,152,-9,4,-371,26,91,785,68,3244,1465,0.4106640115360846,0.17472321374553815,0.5551367237413749,53.42221317797211,22.5
29/01/2026,47,28193,29157,26243,3289,6606,0,22126,0,293,5109,906,253,104,0,1,-71,400,202,990,82,3289,2867,0.3411728352674586,0.17744570149434327,0.6447099412215691,47.03773800145024,23.0
29/01/2026,48,26709,27676,24927,3334,6606,0,22126,0,307,4896,954,260,102,0,0,-60,450,215,1009,39,3334,2969,0.2902217949598297,0.1801681892431484,0.6512266802964477,43.90600028304434,23.5
30/01/2026,1,27224,28199,25350,3340,6606,0,22126,0,340,4814,955,318,2,0,0,40,505,416,1176,-35,3340,3377,0.3079035912930028,0.18053118760965575,0.6772936365959622,44.327759044715606,0.0
30/01/2026,2,27990,29022,26125,3345,6606,0,22126,0,432,4663,955,325,0,0,0,44,482,434,1187,84,3345,3511,0.33420311748952825,0.1808336862484119,0.685854842831587,45.63734820185044,0.5
30/01/2026,3,27933,29345,26116,3337,6606,0,22126,0,812,4739,984,458,0,0,0,65,109,615,1123,82,3337,3436,0.33224610313808967,0.1803496884264021,0.6810631229235881,45.64244226239566,1.0
30/01/2026,4,27150,28892,25396,3328,6606,0,22126,0,1112,5132,988,476,0,-1,0,62,47,636,1116,-29,3328,3295,0.30536290599464394,0.17980519087664107,0.67205468949655,44.32515111309475,1.5
30/01/2026,5,26545,29244,24901,3295,6606,0,22126,0,1017,5276,994,833,-283,-64,0,-417,-150,952,1018,-168,3295,2715,0.2845910870013047,0.17780869986085063,0.6349987222080246,44.03355673227101,2.0
30/01/2026,6,26405,29311,24858,3261,6606,0,22126,0,1103,5435,995,859,-310,-5,0,-439,-203,971,1006,-246,3261,2628,0.27978438508549064,0.17575170911730897,0.6294403271147457,43.97938544775148,2.5
30/01/2026,7,25514,29118,23953,3237,6606,0,22126,0,1114,5294,995,918,-447,0,0,-645,-580,944,807,-218,3237,1774,0.2491931607498455,0.17429971565127958,0.5748786097623307,43.577704452332725,3.0
30/01/2026,8,25154,28787,23654,3213,6606,0,22126,0,1107,5376,995,913,-452,-13,0,-653,-630,940,791,-178,3213,1713,0.2368330701091808,0.17284772218525016,0.5709813442371582,43.11391173900335,3.5
30/01/2026,9,24836,28854,23375,3225,6606,0,22126,0,991,5519,900,611,-567,-120,0,-840,-673,830,831,-227,3225,745,0.22591499004326032,0.17357371891826487,0.5091362126245847,43.811040301469596,4.0
30/01/2026,10,24769,28822,23319,3237,6606,0,22126,0,1221,5405,886,575,-571,-81,0,-847,-649,802,841,-84,3237,872,0.22361463984069216,0.17429971565127958,0.5172501916687963,43.516507995581826,4.5
30/01/2026,11,25064,28622,23638,3310,6606,0,22126,0,1113,5184,307,32,-562,56,0,-1016,-267,63,1105,16,3310,-266,0.2337430474490146,0.178716195777119,0.4445438282647585,45.27903672364709,5.0
30/01/2026,12,25952,29267,24449,3382,6606,0,22126,0,912,5060,228,-5,-562,36,13,-1021,-215,16,1121,143,3382,-246,0.26423127102932087,0.1830721761752072,0.44582162024022487,46.555861071764454,5.5
30/01/2026,13,28423,31028,26716,3453,6606,0,22126,0,309,5140,27,-5,-524,145,112,-1021,-146,44,1002,200,3453,-166,0.34906955984343885,0.18736765684554418,0.4509327881420905,50.89194725151785,6.0
30/01/2026,14,30723,33282,28839,3524,6606,0,22126,0,266,4993,4,-4,-522,108,22,-1021,-146,46,989,200,3524,-324,0.4280368056032411,0.19166313751588118,0.44083823153590596,55.90716412583949,6.5
30/01/2026,15,33494,36006,31381,3543,6606,0,22126,0,246,5257,509,22,-557,196,43,-853,-256,21,804,197,3543,126,0.5231751699512464,0.19281263234315446,0.46958855098389984,72.2992211833687,7.0
30/01/2026,16,34823,37107,32580,3561,6606,0,22126,0,28,5650,583,30,-556,90,2,-847,-253,32,792,200,3561,73,0.5688045045663668,0.1939016274426765,0.46620240224891385,76.04421335093335,7.5
30/01/2026,17,36222,37669,33812,3564,6606,51,22126,0,18,5613,712,287,-162,1,0,-635,-32,448,832,176,3615,1627,0.6168371901393943,0.19716861274124267,0.5654868387426527,78.01599533980875,8.0
30/01/2026,18,36908,38286,34372,3566,6606,362,22126,0,14,5607,730,320,-144,0,0,-620,10,488,840,43,3928,1667,0.6403900295268832,0.21610502752737612,0.5680424226935855,78.57266767668564,8.5
30/01/2026,19,38077,38849,35433,3485,6606,932,22126,0,17,5197,963,858,113,-59,0,-29,178,925,995,-67,4417,3877,0.6805259905239305,0.24568939439772522,0.709238435982622,77.01056098921049,9.0
30/01/2026,20,37837,38688,35163,3403,6606,1637,22126,0,17,4894,994,896,122,-16,0,0,221,954,1004,-218,5040,3957,0.6722859300968207,0.2833807247867385,0.7143496038844876,73.17785890561755,9.5
30/01/2026,21,37596,38575,34828,3376,6606,2074,22126,0,17,4847,994,941,151,0,0,242,504,995,961,-362,5450,4426,0.664011536084598,0.30818561316474075,0.7443138257091746,70.02534177956429,10.0
30/01/2026,22,37390,38385,34599,3349,6606,2584,22126,0,17,5010,994,945,152,0,0,251,569,998,958,-378,5933,4489,0.6569388175513287,0.3374069816685825,0.7483388704318937,57.31460149191369,10.5
30/01/2026,23,37232,38225,34432,3298,6606,2768,22126,0,17,4788,995,975,212,-1,0,80,936,998,987,-375,6066,4807,0.6515141111034815,0.3454534454594954,0.7686557628418094,55.9442336867846,11.0
30/01/2026,24,36605,37569,33813,3246,6606,3127,22126,0,9,4812,994,977,212,-89,0,74,1005,999,989,-266,6373,4895,0.6299869532376571,0.36402686187912153,0.7742780475338615,53.03719753418183,11.5
30/01/2026,25,36556,37759,33729,3284,6606,3027,22126,0,9,4611,994,991,2,-241,0,218,1295,999,926,-353,6311,4831,0.6283046075671221,0.3602758787585456,0.770189113212369,53.23048964368562,12.0
30/01/2026,26,36423,37674,33647,3322,6606,3281,22126,0,9,4493,994,992,0,-280,0,223,1325,999,923,-362,6603,4814,0.6237382407470988,0.3779417992619033,0.7691029900332226,51.854169290169516,12.5
30/01/2026,27,36494,37855,33712,3255,6606,2777,22126,0,9,4364,995,992,214,-379,-1,172,1237,999,1012,-372,6032,4869,0.6261759252901188,0.34339645471595376,0.7726169179657552,54.090658749503326,13.0
30/01/2026,28,36084,37624,33235,3187,6606,2405,22126,0,9,4140,994,992,231,-431,-61,170,1196,999,1024,-439,5592,4675,0.6120991553938062,0.31677657450541474,0.7602223358037311,55.009147871470006,13.5
30/01/2026,29,36079,37422,33188,3187,6606,2082,22126,0,9,4170,995,992,392,-319,-4,73,824,999,1235,-411,5269,4776,0.6119274874682414,0.297235162441769,0.7666751852798365,56.168416485713884,14.0
30/01/2026,30,35983,37529,33157,3187,6606,1236,22126,0,8,4128,994,992,398,-400,-35,69,769,999,1254,-503,4423,4537,0.6086314632973975,0.24605239276423257,0.751405571173013,59.82339026883028,14.5
30/01/2026,31,36115,37864,33258,3173,6606,723,22126,0,8,4031,994,992,552,-450,-177,67,671,999,1347,-514,3896,4481,0.613163496532308,0.21416903623933692,0.7478277536417072,62.696708461946834,15.0
30/01/2026,32,36558,38459,33740,3158,6606,420,22126,0,8,4140,994,992,559,-451,-328,67,689,998,1350,-514,3578,4356,0.628373274737348,0.19493012281444733,0.7398415537950421,65.7625741860912,15.5
30/01/2026,33,37375,39394,34510,3242,6606,85,22126,0,8,4019,993,992,887,-450,-447,161,1061,998,1170,-514,3327,4851,0.6564238137746343,0.17974469114888983,0.7714669051878354,79.06865286959695,16.0
30/01/2026,34,38340,40442,35398,3326,6606,3,22126,0,8,4086,993,993,901,-450,-531,164,1127,998,1162,-513,3329,4844,0.6895557234086384,0.17986569060439228,0.7710196779964222,82.35290043068493,16.5
30/01/2026,35,39931,42035,36826,3479,6606,0,22126,0,8,4199,992,992,1055,-451,-531,340,1367,987,1351,-514,3479,5588,0.7441804573233537,0.18894064976707606,0.8185535394837721,86.22540264395435,17.0
30/01/2026,36,40040,42145,36923,3632,6606,0,22126,0,8,4162,993,984,1061,-452,-531,352,1397,982,1367,-514,3632,5639,0.7479228181006661,0.1981971081130135,0.8218119090212114,85.66666267349774,17.5
30/01/2026,37,39511,41614,36449,3665,6606,0,22126,0,8,3939,992,679,1061,-451,-531,900,1397,829,1419,-513,3665,5782,0.7297603515759116,0.2001935991288039,0.830948121645796,83.39210037409899,18.0
30/01/2026,38,38483,40587,35501,3698,6606,0,22126,0,8,3941,992,667,1061,-451,-531,926,1397,824,1422,-514,3698,5793,0.6944654260797912,0.20219009014459435,0.8316509072323026,79.61999657641441,18.5
30/01/2026,39,37647,39751,34736,3808,6606,0,22126,0,8,3962,992,969,1061,-451,-531,834,1397,987,1359,-514,3808,6103,0.6657625489253588,0.20884506019722912,0.8514566828520317,75.86243198439408,19.0
30/01/2026,40,36368,38471,33516,3917,6606,0,22126,0,8,3942,992,990,1054,-451,-531,831,1397,998,1356,-513,3917,6123,0.6218498935658862,0.21543953052211265,0.8527344748274981,71.26628332178441,19.5
30/01/2026,41,35422,37526,32687,3934,6606,0,22126,0,8,4179,992,992,1062,-451,-531,934,1397,997,1418,-514,3934,6296,0.5893703220490284,0.21646802589388348,0.8637873754152824,68.14839194550575,20.0
30/01/2026,42,34211,36315,31586,3950,6606,0,22126,0,8,3912,992,990,1061,-451,-531,938,1397,992,1422,-514,3950,6296,0.5477923504772368,0.2174360215379031,0.8637873754152824,54.66098410886314,20.5
30/01/2026,43,32454,34558,30002,3899,6606,0,22126,0,8,3867,992,901,1061,-451,-531,804,1397,807,1359,-514,3899,5825,0.4874682414337705,0.2143505354225906,0.8336953743930489,50.86990298702068,21.0
30/01/2026,44,30865,32969,28571,3847,6606,0,22126,0,8,3894,991,883,1062,-451,-531,800,1370,783,1354,-514,3847,5747,0.43291217468928106,0.2112045495795269,0.8287119856887298,47.35536704831927,21.5
30/01/2026,45,29123,31221,26944,3832,6606,0,22126,0,7,4045,664,469,1061,-446,-531,791,1026,380,1418,-514,3832,4318,0.3731030694225091,0.21029705366325852,0.737413749041656,45.457284112213564,22.0
30/01/2026,46,27730,29738,25707,3817,6606,0,22126,0,10,4180,618,434,1060,-354,-531,790,981,353,1423,-513,3817,4261,0.3252763853601593,0.20938955774699014,0.7337720419115767,42.8597132526198,22.5
30/01/2026,47,26853,29144,24740,3766,6606,0,22126,0,315,4378,203,216,1063,-332,-531,530,943,301,1423,-513,3766,3303,0.2951658312160956,0.20630407163167766,0.6725658062867366,42.639979712945085,23.0
30/01/2026,48,25983,28371,23923,3715,6606,0,22126,0,412,4267,147,206,1064,-332,-531,520,945,303,1423,-513,3715,3232,0.26529561216782255,0.20321858551636518,0.6680296447738309,41.38588746001848,23.5
31/01/2026,1,26015,28464,23970,3710,6606,0,22126,0,472,4309,139,400,932,-332,-531,297,1025,528,1423,-514,3710,3367,0.2663942868914372,0.20291608687760906,0.6766547406082289,41.27696296978437,0.0
31/01/2026,2,26760,29206,24710,3704,6606,0,22126,0,470,4302,138,410,929,-332,-531,288,1035,536,1422,-513,3704,3382,0.29197280780059054,0.2025530885111017,0.6776130845898288,42.52981113676265,0.5
31/01/2026,3,26072,28704,24225,3670,6606,0,22126,0,655,4218,374,267,980,-332,-531,474,1029,334,1382,-514,3670,3463,0.26835130124287576,0.20049609776756006,0.6827881420904677,41.33966599319946,1.0
31/01/2026,4,25570,28230,23805,3636,6606,0,22126,0,735,4312,406,262,983,-332,-479,481,1028,325,1380,-514,3636,3540,0.2511158415161711,0.1984391070240184,0.6877076411960132,40.50379792741143,1.5
31/01/2026,5,25029,27793,23321,3552,6606,0,22126,0,796,4298,343,418,942,-332,-522,467,1019,445,1416,-514,3552,3682,0.2325413719700611,0.19335712989291548,0.6967799642218246,39.65746598720811,2.0
31/01/2026,6,24682,27450,23039,3467,6606,0,22126,0,792,4343,335,423,940,-332,-531,465,1022,449,1421,-513,3467,3679,0.22062761793586486,0.18821465303406135,0.6965882954255047,39.3099352355262,2.5
31/01/2026,7,24120,26787,22548,3397,6606,0,22126,0,730,4360,515,222,912,-332,-491,137,1079,344,1379,-514,3397,3251,0.20133214310238276,0.1839796720914756,0.6692435471505239,39.16709111335163,3.0
31/01/2026,8,22948,25752,21529,3327,6606,0,22126,0,928,4255,540,209,912,-332,-431,124,1087,338,1376,-513,3327,3310,0.16109318134999656,0.17974469114888983,0.6730130334781498,37.59112584997017,3.5
31/01/2026,9,22917,25849,21619,3256,6606,0,22126,0,1027,4255,459,277,884,-332,-459,181,1088,378,1421,-514,3256,3383,0.16002884021149488,0.17544921047855286,0.6776769741886021,37.584137810331164,4.0
31/01/2026,10,22839,25797,21499,3184,6606,0,22126,0,1068,4203,448,277,883,-332,-445,183,1104,379,1426,-513,3184,3410,0.1573508205726842,0.17109323008046465,0.6794019933554817,37.573196053383796,4.5
31/01/2026,11,22705,25443,21335,3153,6606,0,22126,0,1018,4042,232,96,842,-329,-294,326,1303,299,1426,-497,3153,3404,0.1527501201675479,0.16921773852017666,0.6790186557628418,37.45309953583978,5.0
31/01/2026,12,22851,25512,21520,3122,6606,0,22126,0,1009,4217,203,85,840,-397,-142,333,1332,292,1426,-513,3122,3459,0.1577628235940397,0.16734224695988867,0.6825325836953744,37.639593861057435,5.5
31/01/2026,13,24001,26021,22582,3073,6606,0,22126,0,546,4169,187,118,675,-346,-14,678,1390,257,1426,-514,3073,3857,0.1972464464739408,0.16437776030007864,0.7079606440071556,38.864133201659904,6.0
31/01/2026,14,24945,26863,23500,3023,6606,0,22126,0,395,4156,184,125,669,-409,0,692,1397,257,1424,-514,3023,3825,0.22965735082057268,0.1613527739125174,0.7059161768464094,40.507318192114504,6.5
31/01/2026,15,26220,27898,24663,2963,6606,0,22126,0,289,4641,373,299,474,-301,-1,620,1397,367,1357,-487,2963,4098,0.27343267183959347,0.1577227902474439,0.7233580373115257,52.54178902181407,7.0
31/01/2026,16,27315,29168,25583,2903,6606,0,22126,0,275,4537,399,319,466,-369,-96,617,1397,376,1353,-513,2903,3949,0.31102794753828195,0.15409280658237037,0.7138384870943011,55.01928227018526,7.5
31/01/2026,17,28885,30816,26941,2831,6606,251,22126,0,119,4813,785,617,392,-450,-248,433,1397,451,1368,-514,3082,4231,0.3649316761656252,0.1649222578498397,0.7318553539483772,57.412718277063405,8.0
31/01/2026,18,30003,31975,27880,2758,6606,1035,22126,0,13,4678,837,644,389,-451,-394,426,1397,462,1372,-514,3793,4168,0.4033166243219117,0.20793756428096075,0.7278303092256581,57.62831048608361,8.5
31/01/2026,19,30674,32771,28331,2644,6606,1980,22126,0,13,4232,804,882,557,-451,-519,487,1397,660,1416,-514,4624,4719,0.42635445993270615,0.25821283804222883,0.7630334781497572,55.74341999376386,9.0
31/01/2026,20,30661,32770,28175,2530,6606,2793,22126,0,13,3845,800,897,564,-451,-531,489,1397,679,1419,-514,5323,4749,0.42590812332623773,0.3005021477403352,0.7649501661129569,53.66585670133944,9.5
31/01/2026,21,30936,33045,28378,2417,6606,3820,22126,0,13,3599,927,870,849,-451,-531,613,1397,912,1419,-514,6237,5491,0.435349859232301,0.3557988989049549,0.81235624840276,50.87260375142837,10.0
31/01/2026,22,30921,33030,28267,2303,6606,4347,22126,0,13,3526,944,870,862,-451,-531,618,1398,927,1419,-514,6650,5542,0.4348348554556067,0.3807852864662109,0.8156146179401993,39.832824619910326,10.5
31/01/2026,23,30454,32562,27760,2231,6606,4633,22126,0,12,3331,853,930,705,-451,-531,667,1397,931,1419,-514,6864,5406,0.41880107120785554,0.39373222820497306,0.8069256325070279,38.839270165394666,11.0
31/01/2026,24,30274,32382,27532,2159,6606,5060,22126,0,12,3202,841,935,700,-451,-531,669,1397,933,1419,-514,7219,5398,0.4126210258875232,0.415209631556658,0.8064145157168413,37.920261774464365,11.5
31/01/2026,25,30606,32714,27852,2079,6606,4563,22126,0,12,3158,975,989,991,-451,-531,851,1397,994,1419,-514,6642,6120,0.42401977614502506,0.3803012886442011,0.8525428060311782,38.615574634812994,12.0
31/01/2026,26,30714,32822,27949,1998,6606,4350,22126,0,12,2964,993,992,1003,-451,-531,857,1397,998,1419,-514,6348,6163,0.4277278033372245,0.3625143686853409,0.8552900587784309,39.38304742090586,12.5
31/01/2026,27,30997,33105,28179,1962,6606,4220,22126,0,12,2866,993,992,1041,-451,-531,1011,1397,998,1419,-514,6182,6355,0.4374442079241914,0.35247141387863756,0.8675568617429082,40.00571120942487,13.0
31/01/2026,28,31197,33306,28261,1926,6606,3528,22126,0,13,2703,993,992,1043,-451,-531,1017,1397,999,1419,-514,5454,6364,0.4443109249467829,0.30842761207574565,0.8681318681318682,42.26482775597008,13.5
31/01/2026,29,31427,33537,28493,1845,6606,2813,22126,0,14,2270,993,992,1043,-451,-531,998,1397,998,1405,-514,4658,6330,0.45220764952276316,0.2602698287857705,0.8659596217735752,45.17142630362185,14.0
31/01/2026,30,31904,34014,28979,1763,6606,2197,22126,0,14,1964,992,989,1042,-451,-531,989,1397,996,1403,-514,3960,6312,0.4685847696216439,0.21804101881541532,0.8648096089956555,48.672298304573395,14.5
31/01/2026,31,32721,34834,29780,1756,6606,1200,22126,0,17,2146,912,863,683,-451,-531,388,1397,924,1389,-514,2956,5060,0.4966353086589302,0.1572992921531853,0.7848198313314593,56.35897288101168,15.0
31/01/2026,32,33534,35646,30539,1749,6606,530,22126,0,16,1923,900,858,665,-451,-531,358,1397,921,1389,-514,2279,4992,0.5245485133557646,0.1163409764656059,0.7804753386148735,61.88020805840073,15.5
31/01/2026,33,34395,36509,31399,1794,6606,189,22126,0,18,1969,982,984,223,-451,-531,395,1397,994,1419,-514,1983,4898,0.554109730138021,0.09843305705124326,0.7744697163301815,76.18047699110598,16.0
31/01/2026,34,35657,37765,32624,1839,6606,12,22126,0,12,2123,994,991,205,-451,-531,398,1397,998,1425,-514,1851,4912,0.5974387145505734,0.09044709298808155,0.7753641707130079,81.09928263819423,16.5
31/01/2026,35,37262,39367,34102,1862,6606,0,22126,0,10,2174,993,944,647,-450,-531,707,1397,984,1425,-514,1862,5602,0.6525441186568701,0.09111258999334503,0.8194479938665985,85.89174885179023,17.0
31/01/2026,36,37329,39434,34209,1884,6606,0,22126,0,10,2265,993,942,667,-450,-531,719,1397,984,1425,-514,1884,5632,0.6548444688594383,0.09244358400387198,0.8213646818297982,85.97086291484484,17.5
31/01/2026,37,37350,39453,34270,1871,6606,0,22126,0,8,2238,967,962,853,-450,-531,894,1397,983,1425,-514,1871,5986,0.6555654741468104,0.09165708754310606,0.8439815997955533,85.67283445258772,18.0
31/01/2026,38,36381,38488,33292,1858,6606,0,22126,0,11,1864,963,964,861,-451,-531,900,1397,983,1425,-514,1858,5997,0.6222962301723546,0.09087059108234014,0.8446843853820598,82.21683635971661,18.5
31/01/2026,39,35731,37836,32700,1871,6606,0,22126,0,9,1677,985,990,1005,-451,-531,993,1397,997,1425,-514,1871,6296,0.5999793998489322,0.09165708754310606,0.8637873754152824,79.47721025063497,19.0
31/01/2026,40,35076,37180,32091,1883,6606,0,22126,0,8,1867,989,992,1011,-451,-531,997,1397,998,1425,-514,1883,6313,0.5774909015999451,0.09238308427612076,0.8648734985944289,77.15044922954671,19.5
31/01/2026,41,34250,36354,31371,1848,6606,0,22126,0,8,2095,992,992,1010,-451,-531,987,1397,998,1425,-514,1848,6305,0.5491313602966422,0.09026559380482788,0.8643623818042423,74.60350646112323,20.0
31/01/2026,42,33042,35144,30199,1812,6606,0,22126,0,6,2267,992,992,1010,-451,-531,987,1397,997,1425,-514,1812,6304,0.5076563894801895,0.08808760360578377,0.864298492205469,60.939935591732066,20.5
31/01/2026,43,31962,34064,29208,1775,6606,0,22126,0,6,2323,992,991,950,-451,-531,997,1397,984,1425,-514,1775,6240,0.47057611755819545,0.08584911367898844,0.8602095578839765,57.924272185110915,21.0
31/01/2026,44,30762,32851,28069,1738,6606,0,22126,0,6,2364,992,986,947,-451,-518,997,1397,979,1423,-514,1738,6238,0.4293758154226464,0.08361062375219311,0.8600817786864299,54.63829239686578,21.5
31/01/2026,45,29547,31511,27010,1698,6606,0,22126,0,6,2366,992,805,893,-451,-393,997,1397,812,1424,-514,1698,5962,0.3876605095104031,0.08119063464214411,0.8424482494249936,51.85716340475792,22.0
31/01/2026,46,28354,30145,26007,1657,6606,0,22126,0,6,2357,992,793,890,-430,-241,997,1397,804,1425,-514,1657,6113,0.3467005424706448,0.07871014580434388,0.8520955788397648,48.77393691022185,22.5
31/01/2026,47,27099,28892,24875,1600,6606,0,22126,0,6,2218,829,833,612,-446,-227,799,1397,885,1425,-514,1600,5593,0.30361189315388315,0.07526166132252404,0.8188729874776386,46.637795839572966,23.0
31/01/2026,48,26002,27810,23863,1542,6606,0,22126,0,6,2107,806,837,600,-451,-238,792,1397,891,1425,-513,1542,5546,0.26594795028496876,0.071752677112953,0.8158701763352926,44.43064241864554,23.5
01/02/2026,1,26646,28354,24441,1491,6606,0,22126,0,6,2328,915,891,734,-451,-137,871,1397,926,1425,-514,1491,6057,0.2880587790977134,0.06866719099764051,0.848517761308459,45.379940343554466,0.0
01/02/2026,2,27044,28631,24834,1440,6606,0,22126,0,6,2354,930,897,739,-451,-16,873,1397,930,1425,-514,1440,6210,0.3017235459726705,0.06558170488232803,0.8582928699207769,46.28141144083364,0.5
01/02/2026,3,26561,28167,24417,1365,6606,0,22126,0,6,2441,986,959,827,-451,-35,850,1397,994,1425,-514,1365,6438,0.285140424363112,0.061044225300986146,0.8728596984410938,45.130242632718534,1.0
01/02/2026,4,26043,27621,23924,1289,6606,0,22126,0,6,2279,993,963,831,-451,-7,850,1397,998,1425,-514,1289,6485,0.2673556272746,0.05644624599189304,0.8758625095834398,44.152553546341665,1.5
01/02/2026,5,25708,27364,23610,1248,6606,0,22126,0,6,2242,993,945,865,-451,-86,859,1397,998,1425,-513,1248,6432,0.25585387626175926,0.053965757154092804,0.8724763608484539,43.611183877088386,2.0
01/02/2026,6,25235,26813,23190,1206,6606,0,22126,0,6,2163,994,944,866,-451,-7,860,1397,998,1425,-514,1206,6512,0.23961409050333035,0.05142476858854135,0.8775875287503194,42.61498324043547,2.5
01/02/2026,7,24708,26372,22667,1165,6606,0,22126,0,117,2070,994,962,824,-433,0,827,1397,998,1425,-514,1165,6480,0.22152029114880176,0.04894427975074112,0.8755430615895732,41.668570804242194,3.0
01/02/2026,8,24171,26066,22081,1123,6606,0,22126,0,540,2251,993,964,820,-304,0,826,1397,997,1425,-451,1123,6667,0.20308315594314358,0.04640329118518967,0.887490416560184,40.454333972200615,3.5
01/02/2026,9,23829,25613,21817,1075,6606,0,22126,0,546,2489,995,990,450,-189,0,680,1397,952,1425,-449,1075,6251,0.19134106983451213,0.04349930425313086,0.860912343470483,40.44184805539011,4.0
01/02/2026,10,23589,25213,21607,1027,6606,0,22126,0,543,2402,994,992,426,-167,0,675,1397,949,1424,-314,1027,6376,0.18310100940740232,0.04059531732107206,0.868898543317148,39.946682326941215,4.5
01/02/2026,11,23261,24598,21308,1000,6606,0,22126,0,545,2450,995,992,105,-28,0,519,1397,949,1377,-164,1000,6142,0.17183959349035227,0.03896182467178898,0.8539483772041911,39.68515154214857,5.0
01/02/2026,12,23044,24144,21091,972,6606,0,22126,0,474,2498,995,992,102,0,0,514,1397,950,1374,-26,972,6298,0.1643892055208405,0.03726783229475467,0.8639151546128291,39.14882077158754,5.5
01/02/2026,13,23612,24522,21602,954,6606,0,22126,0,142,2313,986,992,-168,0,0,527,1397,950,1403,56,954,6143,0.18389068186500035,0.03617883719523262,0.8540122668029645,40.49914416602848,6.0
01/02/2026,14,24097,24888,22101,936,6606,0,22126,0,10,2225,985,989,-181,0,0,527,1397,948,1406,118,936,6189,0.20054247064478473,0.03508984209571057,0.8569511883465372,41.472454133617205,6.5
01/02/2026,15,25128,25737,23072,966,6606,0,22126,0,9,2247,912,901,359,56,0,264,1397,889,1420,200,966,6398,0.2359403968962439,0.036904833928247324,0.870304114490161,53.30129788775836,7.0
01/02/2026,16,26070,26679,23922,996,6606,0,22126,0,9,2062,901,896,403,25,0,253,1397,888,1420,177,996,6360,0.26828263407264985,0.038719825760784074,0.8678763097367749,55.3741293729488,7.5
01/02/2026,17,27738,28347,25436,957,6606,31,22126,0,9,1983,983,940,534,109,0,395,1397,992,1420,152,988,6922,0.325551054041063,0.038235827938774274,0.9037822642473805,58.752324387544235,8.0
01/02/2026,18,28936,29546,26487,918,6606,275,22126,0,10,1669,994,945,540,21,0,400,1397,999,1420,26,1193,6742,0.36668268900638606,0.05063827212777543,0.892282136468183,61.29556107346697,8.5
01/02/2026,19,30407,31180,27779,879,6606,687,22126,0,12,1523,993,989,750,-68,0,644,1397,998,1420,-93,1566,7030,0.4171873927075465,0.07320467057898239,0.9106823409148991,63.37715556001304,9.0
01/02/2026,20,31389,32352,28592,839,6606,1102,22126,0,12,1390,993,992,758,-154,0,654,1397,998,1420,-197,1941,6861,0.4509029732884708,0.09589206848569182,0.8998849987222081,64.72362145425718,9.5
01/02/2026,21,32306,33086,29271,791,6606,1638,22126,0,12,1223,992,992,1017,-31,0,1003,1397,998,1420,-137,2429,7651,0.4823868708370528,0.12541593562828968,0.9503577817531306,64.17153604459995,10.0
01/02/2026,22,32769,33621,29668,743,6606,1966,22126,0,10,1215,992,992,1027,0,0,1017,1397,998,1420,-242,2709,7601,0.4982833207443521,0.1423558593986327,0.9471633018144646,54.31845247592632,10.5
01/02/2026,23,33088,34145,29945,757,6606,2275,22126,0,10,1104,992,992,1052,-68,0,1017,1397,998,1420,-379,3032,7421,0.5092357343953856,0.16189727146227842,0.9356631740352671,54.03788822120574,11.0
01/02/2026,24,33629,34907,30441,770,6606,2313,22126,0,10,950,992,992,1053,-166,0,1017,1397,998,1420,-502,3083,7201,0.5278102039414956,0.1649827575775909,0.9216074623051367,55.629401534326476,11.5
01/02/2026,25,33802,35121,30618,765,6606,2209,22126,0,11,938,992,992,1055,-194,0,1017,1397,999,1419,-514,2974,7163,0.5337499141660372,0.15838828725270737,0.9191796575517506,56.66853585556656,12.0
01/02/2026,26,34466,35876,31222,760,6606,1870,22126,0,10,848,992,992,1056,-286,0,1017,1397,998,1417,-514,2630,7069,0.556547414681041,0.13757638090628593,0.9131740352670585,60.40332808324911,12.5
01/02/2026,27,34682,36231,31405,739,6606,1749,22126,0,10,542,992,992,1056,-425,0,1017,1397,998,1420,-514,2488,6933,0.5639634690654398,0.12898541956561196,0.904485049833887,61.951629391771974,13.0
01/02/2026,28,34724,36329,31316,717,6606,1677,22126,0,10,499,992,992,1056,-451,-30,1017,1397,998,1420,-514,2394,6877,0.5654054796401841,0.1232984451569968,0.9009072323025812,62.62663898121693,13.5
01/02/2026,29,34560,36309,31200,705,6606,1310,22126,0,12,467,992,992,1059,-451,-172,997,1397,999,1420,-514,2015,6719,0.559774771681659,0.10036904833928248,0.8908126756963967,64.22688302154388,14.0
01/02/2026,30,34415,36273,31055,692,6606,1119,22126,0,11,383,992,992,1060,-451,-282,997,1397,999,1420,-514,1811,6610,0.5547964018402801,0.08802710387803254,0.8838487094301047,64.9464834198783,14.5
01/02/2026,31,35015,36993,31658,636,6606,846,22126,0,12,682,992,992,1060,-451,-401,997,1397,999,1420,-514,1482,6491,0.5753965529080547,0.06812269344787948,0.8762458471760798,68.8868704788615,15.0
01/02/2026,32,36144,38237,32763,579,6606,454,22126,0,7,774,992,992,1061,-451,-521,997,1397,999,1421,-514,1033,6373,0.6141591705005837,0.040958315687579405,0.868706874520828,75.67703305648095,15.5
01/02/2026,33,36688,38790,33164,553,6606,151,22126,0,6,538,992,992,1059,-451,-531,997,1397,999,1420,-514,704,6360,0.6328366408020325,0.021053905257426342,0.8678763097367749,89.78100921024951,16.0
01/02/2026,34,38039,40141,34438,526,6606,7,22126,0,6,707,992,992,1060,-451,-531,997,1397,999,1420,-514,533,6361,0.6792213142896382,0.010708451811966847,0.8679401993355482,96.30336186840094,16.5
01/02/2026,35,39287,41389,35601,526,6606,0,22126,0,6,837,992,992,1058,-451,-531,997,1397,999,1420,-514,526,6359,0.7220696285106091,0.01028495371770827,0.8678124201380015,101.61623352233521,17.0
01/02/2026,36,40064,42166,36319,525,6606,0,22126,0,6,938,992,992,1058,-451,-531,997,1397,999,1420,-514,525,6359,0.748746824143377,0.010224453989957045,0.8678124201380015,105.01180841629784,17.5
01/02/2026,37,39636,41738,35909,524,6606,0,22126,0,6,785,992,992,1061,-451,-531,997,1397,999,1424,-514,524,6366,0.7340520497150312,0.01016395426220582,0.8682596473294147,103.13280889844592,18.0
01/02/2026,38,38454,40556,34824,522,6606,0,22126,0,6,764,992,992,1059,-451,-531,997,1397,999,1424,-514,522,6364,0.6934697521115155,0.01004295480670337,0.8681318681318682,98.09919531408092,18.5
01/02/2026,39,37752,39860,34161,529,6606,0,22126,0,12,798,992,992,1060,-451,-531,997,1397,999,1424,-514,529,6365,0.6693675753622194,0.010466452900961945,0.8681957577306415,95.14583562368938,19.0
01/02/2026,40,36451,38558,32951,535,6606,0,22126,0,11,637,992,992,1059,-451,-531,997,1397,999,1424,-514,535,6364,0.6246995811302616,0.010829451267469297,0.8681318681318682,89.91065452481472,19.5
01/02/2026,41,35152,37256,31780,532,6606,0,22126,0,8,478,992,992,1057,-451,-531,996,1397,999,1424,-514,532,6361,0.5801002540685298,0.010647952084215621,0.8679401993355482,84.98232306761781,20.0
01/02/2026,42,34440,36542,31200,529,6606,0,22126,0,6,482,992,992,1058,-451,-531,996,1397,999,1424,-514,529,6362,0.5556547414681041,0.010466452900961945,0.8680040889343215,72.38593049245505,20.5
01/02/2026,43,32909,35011,29888,527,6606,0,22126,0,6,471,992,992,1058,-451,-531,913,1397,999,1424,-514,527,6279,0.5030900226601662,0.010345453445459495,0.8627012522361359,67.12704488775536,21.0
01/02/2026,44,31743,33845,28771,524,6606,0,22126,0,6,416,992,992,1056,-451,-531,910,1397,999,1424,-514,524,6274,0.46305706241845773,0.01016395426220582,0.8623818042422694,63.27645782895258,21.5
01/02/2026,45,30181,32283,27394,530,6606,0,22126,0,6,549,992,992,1055,-451,-531,981,1397,1000,1424,-514,530,6345,0.4094280024720181,0.010526952628713171,0.8669179657551751,58.27027505888128,22.0
01/02/2026,46,28794,30898,26213,535,6606,0,22126,0,8,679,992,992,1056,-451,-531,984,1397,999,1424,-514,535,6348,0.3618073199203461,0.010829451267469297,0.867109634551495,54.196344424806824,22.5
01/02/2026,47,26999,29083,24500,552,6606,0,22126,0,8,750,992,992,1056,-451,-511,898,1397,999,1424,-514,552,6282,0.30017853464258737,0.011857946639240124,0.862892921032456,49.38127025387292,23.0
01/02/2026,48,25702,27594,23354,569,6606,0,22126,0,8,978,992,992,1056,-394,-376,895,1397,999,1423,-514,569,6470,0.2556478747510815,0.01288644201101095,0.87490416560184,45.87722521123685,23.5
02/02/2026,1,26130,27762,23779,621,6606,0,22126,0,8,1087,992,991,1052,-286,-224,936,1397,999,1359,-514,621,6702,0.2703426491794273,0.016032427854074657,0.8897265525172502,46.41862340144284,0.0
02/02/2026,2,26908,28264,24610,673,6606,0,22126,0,8,1454,992,991,1051,-214,-71,937,1397,998,1356,-463,673,6974,0.29705417839730824,0.019178413697138363,0.9071045233835932,47.79762069376857,0.5
02/02/2026,3,26665,28122,24436,733,6606,0,22126,0,8,1401,989,991,1050,-339,0,899,1397,984,1418,-510,733,6879,0.2887111172148596,0.02280839736221187,0.9010350115001278,47.085747923227615,1.0
02/02/2026,4,26086,27523,23931,792,6606,0,22126,0,8,1410,988,990,1050,-315,0,896,1381,982,1420,-514,792,6878,0.2688319714344572,0.026377881299534153,0.9009711219013544,45.46955912975438,1.5
02/02/2026,5,25591,27146,23493,868,6606,0,22126,0,8,1369,965,965,1049,-421,0,628,1178,947,1322,-526,868,6107,0.25183684680354324,0.03097586060862726,0.851712241247125,45.03672774231987,2.0
02/02/2026,6,25349,26869,23072,943,6606,0,22126,0,11,1218,961,963,1048,-395,0,618,1126,943,1313,-514,943,6063,0.2435281192062075,0.03551334018996914,0.8489010989010989,44.293911481877714,2.5
02/02/2026,7,24559,26179,22407,1011,6606,0,22126,0,271,1536,800,943,1044,-247,0,543,793,880,1313,-502,1011,5567,0.2164045869669711,0.039627321677052456,0.8172118579095323,42.998138761579554,3.0
02/02/2026,8,24128,25495,22005,1079,6606,0,22126,0,285,1695,777,941,1043,-100,0,533,722,876,1312,-382,1079,5722,0.2016068117832864,0.04374130316413576,0.8271147457193969,41.70502959071443,3.5
02/02/2026,9,23728,25007,21614,1152,6606,0,22126,0,281,2076,470,905,716,-107,66,-61,350,924,1292,-230,1152,4325,0.18787337773810342,0.04815778328997519,0.7378609762330692,42.484208926083134,4.0
02/02/2026,10,23880,24951,21728,1225,6606,0,22126,0,283,2229,427,883,648,-19,144,-90,302,911,1286,-79,1225,4413,0.19309208267527295,0.05257426341581463,0.7434832609251214,42.46150563780007,4.5
02/02/2026,11,23926,25097,21809,1307,6606,0,22126,0,24,2554,-99,166,-159,56,144,-289,279,319,1216,67,1307,1700,0.194671427590469,0.05753524109141509,0.570150779453105,45.786164300664396,5.0
02/02/2026,12,24961,26226,22780,1388,6606,0,22126,0,7,2502,-189,122,-173,11,144,-296,258,280,1207,171,1388,1535,0.23020668818238,0.06243571903926432,0.5596089956555073,47.83184192824034,5.5
02/02/2026,13,27164,28719,24818,1494,6606,0,22126,0,7,2465,-411,328,-116,0,144,-421,24,220,1077,153,1494,998,0.3058435761862254,0.06884869018089419,0.5253002811142347,53.032271279298286,6.0
02/02/2026,14,30022,31616,27394,1599,6606,0,22126,0,7,2617,-441,339,-114,0,144,-426,-6,218,1065,197,1599,976,0.4039689624390579,0.07520116159477282,0.5238947099412216,59.91012546321396,6.5
02/02/2026,15,33119,34173,30310,1640,6606,0,22126,0,8,2968,197,256,-160,0,81,-281,-5,252,982,197,1640,1519,0.5103000755338872,0.07768165043257305,0.5585867620751341,78.1393403711041,7.0
02/02/2026,16,34649,35696,31866,1680,6606,0,22126,0,10,3171,309,255,-161,0,0,-276,26,256,977,197,1680,1583,0.5628304607567122,0.08010163954262206,0.5626756963966266,82.838282205902,7.5
02/02/2026,17,36324,37234,33341,1815,6606,15,22126,0,10,3163,398,414,199,0,0,-300,400,306,1030,197,1830,2644,0.620339215820916,0.08917659870530582,0.6304625606951189,86.45704300704136,8.0
02/02/2026,18,36753,37663,33724,1950,6606,133,22126,0,10,3291,411,426,221,0,0,-300,475,319,1035,197,2083,2784,0.6350683238343748,0.10448302982636579,0.6394071045233836,86.37134522117027,8.5
02/02/2026,19,37776,38386,34662,2023,6606,398,22126,0,10,3035,560,458,715,0,0,19,849,659,1071,197,2421,4528,0.6701915814049303,0.12493193780627987,0.7508305647840532,85.8815785625674,9.0
02/02/2026,20,37860,38472,34727,2095,6606,644,22126,0,12,2795,580,469,739,0,0,32,890,678,1080,198,2739,4666,0.6730756025544188,0.14417085123116946,0.7596473294147713,84.18936613528473,9.5
02/02/2026,21,38014,38626,34834,2177,6606,860,22126,0,12,2827,513,774,944,1,0,38,825,593,1295,200,3037,5183,0.6783629746618142,0.16219977010103453,0.7926782519805775,82.40042806837718,10.0
02/02/2026,22,37644,38301,34500,2258,6606,1150,22126,0,57,2883,504,793,952,90,0,38,830,591,1303,200,3408,5301,0.6656595481700199,0.18464516909673906,0.8002172246358293,68.9651723336973,10.5
02/02/2026,23,37579,38348,34438,2442,6606,1370,22126,0,169,3127,809,723,1056,196,8,201,996,742,1072,200,3812,6003,0.6634278651376777,0.20908705910823402,0.8450677229746997,65.74868245417517,11.0
02/02/2026,24,37625,38392,34457,2625,6606,1412,22126,0,167,3533,852,724,1062,200,0,207,1009,755,1055,200,4037,6064,0.6650072100528738,0.22269949785225968,0.8489649884998722,64.67817043287819,11.5
02/02/2026,25,37816,38583,34636,2758,6606,1293,22126,0,167,3361,954,950,1062,149,0,221,908,874,1036,200,4051,6354,0.6715649248094486,0.2235464940407768,0.8674929721441349,64.84957358677734,12.0
02/02/2026,26,37784,38548,34665,2891,6606,1330,22126,0,164,3437,969,963,1062,191,0,221,866,880,1034,200,4221,6386,0.6704662500858339,0.23383144775848508,0.8695374393048811,63.85195482078777,12.5
02/02/2026,27,37532,38296,34484,3070,6606,1443,22126,0,164,3666,872,863,1060,200,0,201,492,793,994,200,4513,5675,0.6618141866373687,0.2514973682618428,0.8241119345770509,62.547001212607306,13.0
02/02/2026,28,37459,38223,34411,3248,6606,1286,22126,0,164,3722,859,852,1060,200,0,200,417,787,990,200,4534,5565,0.6593078349241228,0.2527678625446185,0.8170840787119857,62.36408089492633,13.5
02/02/2026,29,37725,38487,34662,3389,6606,785,22126,0,162,4079,828,712,1056,200,0,167,42,784,997,200,4174,4986,0.6684405685641694,0.2309879605541775,0.7800920010222335,65.68803096078139,14.0
02/02/2026,30,37986,38756,34979,3529,6606,635,22126,0,165,4223,824,708,913,200,0,165,-5,788,994,200,4164,4787,0.6774016342786514,0.23038296327666524,0.767377970866343,66.82655858898214,14.5
02/02/2026,31,37496,38739,34544,3579,6606,364,22126,0,167,4345,910,901,-379,200,1,-92,-5,951,811,200,3943,3498,0.6605781775733022,0.2170125234436445,0.6850242780475339,68.01729521008033,15.0
02/02/2026,32,38308,39612,35292,3629,6606,174,22126,0,169,4549,922,916,-428,200,89,-102,-5,962,787,200,3803,3541,0.6884570486850237,0.20854256155847298,0.6877715307947866,71.34564938198744,15.5
02/02/2026,33,39149,40409,36171,3711,6606,47,22126,0,169,4739,985,987,-411,200,198,-75,-5,987,457,200,3758,3523,0.717331593765021,0.20582007380966785,0.6866215180168669,84.4848732787956,16.0
02/02/2026,34,39888,41124,36853,3793,6606,3,22126,0,166,4857,994,985,-396,200,143,-74,16,983,447,200,3796,3498,0.7427041131634965,0.2081190634642144,0.6850242780475339,86.9109775833818,16.5
02/02/2026,35,41485,42253,38171,3793,6606,0,22126,0,166,4883,889,742,352,200,23,-2,261,787,1040,200,3793,4492,0.7975348485888897,0.20793756428096075,0.7485305392282137,91.55015369035958,17.0
02/02/2026,36,41660,42427,38226,3792,6606,0,22126,0,167,4759,874,722,395,200,0,1,289,773,1085,200,3792,4539,0.8035432259836572,0.2078770645532095,0.7515333503705597,92.16384064773587,17.5
02/02/2026,37,41258,42166,37977,3806,6606,0,22126,0,308,4638,843,620,740,200,0,265,266,723,1225,200,3806,5082,0.7897411247682483,0.20872406074172667,0.7862254025044723,89.85826483978863,18.0
02/02/2026,38,40362,41299,37280,3820,6606,0,22126,0,337,4614,838,622,754,200,0,275,266,726,1224,200,3820,5105,0.7589782325070383,0.2095710569302438,0.7876948632762586,86.42899500136531,18.5
02/02/2026,39,38883,39999,35978,3823,6606,0,22126,0,516,4007,974,951,532,200,63,10,296,967,801,200,3823,4994,0.7081988601249742,0.2097525561134975,0.7806031178124201,81.33023844430772,19.0
02/02/2026,40,37366,38537,34574,3826,6606,0,22126,0,571,3036,993,973,523,200,165,5,324,983,761,200,3826,5127,0.6561148115086177,0.20993405529675116,0.7891004344492717,76.10919814528431,19.5
02/02/2026,41,36619,37792,33957,3822,6606,0,22126,0,573,2568,981,953,805,200,203,502,638,969,614,200,3822,6065,0.6304676234292385,0.20969205638574626,0.8490288780986456,72.57049035287059,20.0
02/02/2026,42,34999,36174,32442,3817,6606,0,22126,0,575,2378,978,943,816,200,202,521,662,965,605,200,3817,6092,0.5748472155462473,0.20938955774699014,0.8507538972655252,57.71068192277681,20.5
02/02/2026,43,32750,33918,30457,3805,6606,0,22126,0,568,2425,853,686,775,200,203,82,470,870,686,200,3805,5025,0.49763098262720595,0.20866356101397543,0.7825836953743931,53.00378881240902,21.0
02/02/2026,44,31218,32387,29083,3793,6606,0,22126,0,569,2512,836,664,723,200,203,63,417,857,697,200,3793,4860,0.44503193023415505,0.20793756428096075,0.7720419115767952,49.495136351406316,21.5
02/02/2026,45,29269,30435,27212,3784,6606,0,22126,0,566,2507,719,537,105,200,202,271,42,605,797,200,3784,3678,0.3781157728490009,0.2073930667311997,0.6965244058267314,46.721125338540524,22.0
02/02/2026,46,28082,29736,26097,3775,6606,0,22126,0,1018,2635,703,524,102,200,148,277,-36,585,791,200,3775,3494,0.3373618073199203,0.20684856918143868,0.6847687196524406,44.615663144068364,22.5
02/02/2026,47,25832,28878,23985,3793,6606,0,22126,0,1348,3157,659,349,-608,200,41,-110,-380,452,290,200,3793,1093,0.260111240815766,0.20793756428096075,0.5313697929976999,43.70225239563733,23.0
02/02/2026,48,25059,28449,23262,3811,6606,0,22126,0,1490,3221,653,342,-725,200,0,-126,-449,447,257,200,3811,799,0.23357137952344983,0.20902655938048278,0.512586250958344,42.85648027210767,23.5
03/02/2026,1,25068,28511,23254,3852,6606,0,22126,0,1435,2893,952,535,-723,200,34,116,-685,580,388,200,3852,1597,0.23388038178946646,0.211507048218283,0.563570150779453,41.76863477274636,0.0
03/02/2026,2,25942,29347,24138,3893,6606,0,22126,0,1336,3283,994,558,-723,200,147,126,-746,593,390,200,3893,1739,0.2638879351781913,0.21398753705608325,0.5726424738052645,42.832444803304554,0.5
03/02/2026,3,25922,29165,24085,3875,6606,0,22126,0,1347,3448,993,914,-564,200,96,196,-732,758,118,200,3875,2179,0.26320126347593215,0.2128985419565612,0.6007538972655252,42.277838162565274,1.0
03/02/2026,4,25257,27874,23420,3857,6606,0,22126,0,1352,2953,994,940,-560,200,147,199,-105,775,104,179,3857,2873,0.24036942937581543,0.21180954685703915,0.6450932788142091,40.40756520640644,1.5
03/02/2026,5,24466,28281,22790,3900,6606,0,22126,0,1318,3445,994,988,-954,200,25,123,-943,985,325,200,3900,1943,0.21321156355146603,0.21441103515034182,0.5856759519550218,40.38261244844795,2.0
03/02/2026,6,24123,28471,22417,3942,6606,0,22126,0,1327,3697,994,992,-971,200,0,120,-1450,997,347,200,3942,1429,0.20143514385772163,0.21695202371589328,0.5528366981855354,40.492111079121365,2.5
03/02/2026,7,23956,28211,22196,3966,6606,0,22126,0,1336,3744,994,992,-868,199,0,122,-1451,993,574,200,3966,1755,0.1957014351438577,0.21840401718192268,0.5736647073856376,39.80264274258388,3.0
03/02/2026,8,23459,27692,21807,3990,6606,0,22126,0,1317,3988,994,984,-865,197,0,116,-1451,982,585,200,3990,1742,0.17863764334271784,0.21985601064795207,0.5728341426015845,39.09314256223846,3.5
03/02/2026,9,23009,27449,21505,4006,6606,0,22126,0,1302,4131,995,700,-643,200,70,-443,-1452,615,377,200,4006,619,0.16318753004188696,0.2208240062919717,0.5010861231791465,39.8810585493334,4.0
03/02/2026,10,22829,27275,21231,4022,6606,0,22126,0,1319,4056,990,669,-634,200,137,-470,-1423,580,362,200,4022,611,0.15700748472155462,0.2217920019359913,0.5005750063889599,39.61503920300324,4.5
03/02/2026,11,22663,26704,21204,4097,6606,0,22126,0,1195,3835,61,242,-718,200,127,-477,-1051,181,382,200,4097,-853,0.1513081095928037,0.22632948151733318,0.4070406337848198,41.12162726249576,5.0
03/02/2026,12,23534,27437,21930,4172,6606,0,22126,0,1059,3426,-75,207,-717,200,81,-478,-974,155,382,200,4172,-1019,0.18121266222618965,0.23086696109867505,0.3964349603884488,42.393798448318364,5.5
03/02/2026,13,26222,28548,24473,4210,6606,0,22126,0,511,3393,146,10,-240,200,81,-387,-588,130,313,200,4210,-135,0.27350133900981943,0.2331659507532216,0.4529133657040634,44.9844243364635,6.0
03/02/2026,14,28855,30996,26911,4248,6606,0,22126,0,414,3276,194,-6,-217,200,104,-385,-519,129,317,200,4248,17,0.3639016686122365,0.23546494040776816,0.462624584717608,49.229386427016365,6.5
03/02/2026,15,32092,34522,29824,4240,6606,0,22126,0,405,3150,197,-82,-400,200,146,-686,-257,179,675,200,4240,172,0.4750394836228799,0.23498094258575836,0.4725274725274725,65.95928780428528,7.0
03/02/2026,16,34435,36815,31857,4232,6606,0,22126,0,407,3056,199,-71,-393,158,19,-698,-211,193,707,200,4232,103,0.5554830735425393,0.23449694476374855,0.46811909021211345,72.00395848665052,7.5
03/02/2026,17,36638,38031,33847,4170,6606,4,22126,0,259,3076,704,523,206,25,0,-507,-27,571,903,191,4174,2589,0.6311199615463847,0.2309879605541775,0.6269486327625863,75.38252408306,8.0
03/02/2026,18,36935,38297,34160,4108,6606,69,22126,0,261,3149,777,574,228,0,0,-496,-5,605,920,82,4177,2685,0.6413170363249331,0.2311694597374312,0.6330820342448249,76.14921905081394,8.5
03/02/2026,19,38443,39350,35526,4060,6606,213,22126,0,261,3251,966,939,587,0,0,4,-5,973,1064,-41,4273,4487,0.693092082675273,0.2369774336015488,0.748211091234347,78.1325728602563,9.0
03/02/2026,20,38743,39689,35680,4011,6606,383,22126,0,261,3308,992,964,605,0,0,27,-5,998,1072,-80,4394,4573,0.7033921582091602,0.24429790065944704,0.7537055967288525,78.37868961291329,9.5
03/02/2026,21,39092,39955,35952,3934,6606,491,22126,0,258,3351,993,990,1035,0,0,26,-5,998,1115,12,4425,5164,0.7153745794135824,0.246173392219735,0.7914643496038845,78.6094796617205,10.0
03/02/2026,22,39450,40271,36313,3857,6606,575,22126,0,221,3304,993,992,1055,0,0,37,3,998,1125,22,4432,5225,0.7276660028840212,0.2465968903139936,0.795361615129057,69.68715056749473,10.5
03/02/2026,23,39914,40794,36723,3745,6606,677,22126,0,89,3250,992,992,1058,-69,-54,701,84,998,1336,-68,4422,5970,0.7435967863764334,0.24599189303648133,0.8429593662151802,70.3615651322112,11.0
03/02/2026,24,40030,41084,36760,3632,6606,738,22126,0,12,3258,992,992,1059,-212,-10,734,103,998,1353,-220,4370,5789,0.7475794822495365,0.24284590719341764,0.8313953488372093,71.2752540047706,11.5
03/02/2026,25,40389,41521,37080,3504,6606,814,22126,0,11,3400,992,992,1059,-150,0,351,216,998,1369,-371,4318,5456,0.7599052393050882,0.23969992135035392,0.8101201124456938,73.23962405248221,12.0
03/02/2026,26,40516,41630,37191,3376,6606,806,22126,0,13,3439,993,992,1058,-19,0,336,240,998,1372,-482,4182,5488,0.7642656046144338,0.2314719583761873,0.8121645796064401,74.4153180094737,12.5
03/02/2026,27,40675,41703,37371,3256,6606,714,22126,0,17,3334,992,992,1050,0,0,666,367,998,1420,-411,3970,6074,0.7697246446473941,0.21864601609292758,0.8496038844876054,75.45878690432413,13.0
03/02/2026,28,40568,41564,37329,3135,6606,618,22126,0,136,3154,992,992,1050,56,0,673,373,998,1425,-260,3753,6299,0.7660509510403076,0.20551757517091174,0.8639790442116023,76.04878983006539,13.5
03/02/2026,29,40957,41960,37723,3042,6606,504,22126,0,241,3125,993,992,1036,11,0,140,248,998,1425,-162,3546,5681,0.7794067156492481,0.19299413152640812,0.8244952721696908,79.52932236584147,14.0
03/02/2026,30,40810,41864,37634,2948,6606,363,22126,0,254,3221,993,992,1033,0,0,113,256,998,1424,-200,3311,5609,0.7743596786376433,0.17877669550487021,0.8198952210580117,80.49632724703937,14.5
03/02/2026,31,41115,42419,37954,2862,6606,225,22126,0,254,3013,993,992,624,-69,0,-289,560,998,1415,-92,3087,5132,0.7848314220970953,0.1652247564885958,0.7894198824431382,83.68286174435215,15.0
03/02/2026,32,41932,43380,38722,2775,6606,111,22126,0,253,2976,995,992,566,-211,0,-307,616,999,1410,-77,2886,4983,0.8128819611343816,0.15306431121059955,0.7799003322259136,88.44690233359555,15.5
03/02/2026,33,42165,44046,38899,2665,6606,42,22126,0,246,2747,995,992,-96,-215,0,-724,832,998,1263,7,2707,4052,0.8208816864657007,0.14223485994313026,0.7204191157679529,101.7935302539244,16.0
03/02/2026,34,42851,44950,39449,2555,6606,4,22126,0,245,2398,996,981,-104,-350,0,-740,889,992,1254,-60,2559,3858,0.8444345258531896,0.13328090023594893,0.708024533605929,105.96283210864333,16.5
03/02/2026,35,43503,45541,39982,2426,6606,0,22126,0,247,2406,995,595,-348,-449,0,-332,1261,782,1411,-62,2426,3853,0.8668200233468378,0.12523443644503598,0.7077050856120624,109.75861709031058,17.0
03/02/2026,36,43643,45763,40162,2296,6606,0,22126,0,246,2463,995,567,-359,-451,-79,-315,1313,766,1423,-70,2296,3790,0.871626725262652,0.11736947183737673,0.7036800408893432,111.40462429827629,17.5
03/02/2026,37,43677,45551,40185,2216,6606,0,22126,0,249,2288,947,526,787,-451,-170,-339,1388,658,1423,-65,2216,4704,0.8727940671564924,0.11252949361727872,0.7620751341681574,110.97450850110393,18.0
03/02/2026,38,43066,44872,39604,2136,6606,0,22126,0,245,2313,940,526,991,-451,-155,-340,1395,651,1421,-15,2136,4963,0.8518162466524755,0.10768951539718072,0.7786225402504472,108.49298912929603,18.5
03/02/2026,39,42349,44147,38995,2117,6606,0,22126,0,244,2281,988,639,1052,-451,-242,-261,1376,681,1362,67,2117,5211,0.827199066126485,0.10654002056990744,0.7944671607462305,105.16338640958863,19.0
03/02/2026,40,41301,43000,38012,2098,6606,0,22126,0,246,2219,994,655,1024,-451,-146,-256,1346,691,1344,67,2098,5268,0.7912174689281055,0.10539052574263416,0.7981088678763097,100.74632138726668,19.5
03/02/2026,41,39880,41309,36728,2045,6606,0,22126,0,251,2100,993,971,587,-451,-127,131,973,980,926,119,2045,5102,0.7424294444825928,0.10218404017181923,0.7875031944799387,95.47644334901432,20.0
03/02/2026,42,38816,40160,35749,1991,6606,0,22126,0,167,2492,993,988,586,-451,-126,146,903,997,897,115,1991,5048,0.7058985099224061,0.09891705487325307,0.7840531561461794,81.69295483419027,20.5
03/02/2026,43,36906,38277,34096,1958,6606,0,22126,0,14,2683,995,829,226,-451,-126,-180,601,952,913,189,1958,3948,0.6403213623566573,0.09692056385746264,0.7137745974955277,76.1468112972056,21.0
03/02/2026,44,35003,36385,32415,1924,6606,0,22126,0,8,2843,995,818,211,-451,-126,-197,538,944,917,190,1924,3839,0.5749845498866991,0.09486357311392099,0.7068106312292359,69.8482313177004,21.5
03/02/2026,45,33161,34915,30782,1935,6606,0,22126,0,7,2955,996,826,373,-383,-65,-699,222,738,996,190,1935,3194,0.5117420861086315,0.09552907011918446,0.6656018400204446,64.68577102110274,22.0
03/02/2026,46,31388,32944,29088,1946,6606,0,22126,0,7,2929,995,827,367,-233,0,-716,153,728,1000,192,1946,3313,0.45086863970335783,0.09619456712444795,0.6732047022744697,59.23243639449407,22.5
03/02/2026,47,29516,31314,27355,1944,6606,0,22126,0,7,3177,822,821,-686,-124,0,-155,-226,843,921,153,1944,2369,0.3865961683719014,0.0960735676689455,0.612892921032456,55.38798417531112,23.0
03/02/2026,48,28916,30904,26856,1942,6606,0,22126,0,7,3260,797,821,-836,-119,0,-129,-297,848,922,3,1942,2010,0.3659960173041269,0.09595256821344304,0.5899565550728342,54.33754040811267,23.5
04/02/2026,1,28970,31175,26789,1902,6606,0,22126,0,7,3153,780,817,-706,-119,0,-54,-592,759,1198,-127,1902,1956,0.3678500309002266,0.09353257910339403,0.5865065167390748,54.6928973897442,0.0
04/02/2026,2,29174,31361,27106,1861,6606,0,22126,0,5,3446,777,822,-701,-119,0,-51,-635,759,1219,-76,1861,1995,0.37485408226326994,0.0910520902655938,0.5889982110912343,55.31525060044924,0.5
04/02/2026,3,29098,31752,27073,1893,6606,0,22126,0,60,3453,955,981,-870,-119,0,-111,-702,983,1138,-192,1893,2063,0.37224472979468515,0.09298808155363301,0.5933427038078201,54.91234920423161,1.0
04/02/2026,4,28469,31283,26455,1924,6606,0,22126,0,65,3583,980,992,-876,-95,0,-114,-722,998,1133,-342,1924,1954,0.3506489047586349,0.09486357311392099,0.5863787375415282,53.37804239917298,1.5
04/02/2026,5,28045,31228,26132,1882,6606,0,22126,0,171,3695,993,992,-867,-145,0,-55,-863,998,1160,-482,1882,1731,0.3360914646707409,0.09232258454836953,0.5721313570150779,52.7967499250439,2.0
04/02/2026,6,27763,31039,25847,1839,6606,0,22126,0,222,3750,995,992,-860,-124,0,-53,-903,998,1162,-514,1839,1693,0.3264093936688869,0.08972109625506686,0.5697035522616918,52.331952821828814,2.5
04/02/2026,7,27266,30236,25381,1834,6606,0,22126,0,222,3757,995,992,-248,-171,0,-31,-1184,998,1162,-514,1834,1999,0.309345601867747,0.08941859761631073,0.5892537694863276,50.80826398843468,3.0
04/02/2026,8,26682,29715,24701,1828,6606,0,22126,0,221,3764,995,992,-225,-207,0,-32,-1234,998,1160,-514,1828,1933,0.28929478816177984,0.08905559924980337,0.5850370559672885,49.60512639619889,3.5
04/02/2026,9,26121,30189,24230,1814,6606,0,22126,0,221,4232,993,992,-873,-60,0,-386,-1427,998,1066,-501,1814,802,0.2700336469134107,0.08820860306128622,0.5127779197546639,49.88315018391418,4.0
04/02/2026,10,25710,29825,23833,1800,6606,0,22126,0,221,4244,992,983,-909,-35,0,-407,-1430,992,1056,-513,1800,729,0.25592254343198517,0.08736160687276907,0.5081139790442116,49.158541310235314,4.5
04/02/2026,11,25811,30249,23940,1813,6606,0,22126,0,164,4198,562,642,-1075,-16,0,-993,-1158,772,929,-432,1813,-769,0.25939023552839385,0.088148103333535,0.4124073600817787,51.24245118981262,5.0
04/02/2026,12,26688,31084,24756,1825,6606,0,22126,0,159,3890,502,609,-1082,-117,0,-1022,-1135,741,919,-281,1825,-866,0.2895007896724576,0.0888741000665497,0.40621006900076667,53.204671319819994,5.5
04/02/2026,13,28871,33208,26653,1822,6606,0,22126,0,160,3974,565,265,-1085,-42,39,-1022,-1268,198,852,-160,1822,-1658,0.3644510059740438,0.08869260088329603,0.35560950677229747,59.36763395570849,6.0
04/02/2026,14,31408,35944,28976,1818,6606,0,22126,0,161,3825,574,254,-1085,-144,0,-1022,-1257,169,858,-267,1818,-1920,0.451555311405617,0.08845060197229113,0.3388704318936877,66.54198755994179,6.5
04/02/2026,15,34861,39382,32135,1837,6606,0,22126,0,160,3574,506,689,-1058,-296,-53,-1022,-913,316,1299,-419,1837,-951,0.5701091808006592,0.0896000967995644,0.4007794531050345,85.95411405439302,7.0
04/02/2026,16,36095,40707,33225,1855,6606,3,22126,0,161,3419,497,725,-1058,-416,-12,-1013,-840,343,1330,-512,1858,-956,0.6124768248300487,0.09087059108234014,0.4004600051111679,90.08813894357654,7.5
04/02/2026,17,37275,40748,34269,1853,6606,126,22126,0,160,3189,934,944,-812,-451,-91,-390,-455,941,1331,-514,1979,1437,0.6529904552633385,0.09819105814023837,0.5533478149757219,90.57507242970128,8.0
04/02/2026,18,37632,40947,34664,1851,6606,497,22126,0,160,3138,995,960,-729,-450,-149,-336,-377,980,1327,-514,2348,1707,0.6652475451486645,0.12051545768044043,0.5705980066445183,89.38646076969233,8.5
04/02/2026,19,38525,40534,35362,1834,6606,1123,22126,0,153,2707,993,990,539,-450,-293,523,0,997,1190,-513,2957,3976,0.6959074366545355,0.15735979188093654,0.7155635062611807,86.20624752600114,9.0
04/02/2026,20,38251,40239,34993,1817,6606,1794,22126,0,5,2673,992,992,634,-450,-419,579,44,998,1180,-514,3611,4036,0.6865000343335851,0.19692661383023777,0.7193968821875799,81.5451933584855,9.5
04/02/2026,21,37882,39944,34556,1783,6606,2489,22126,0,3,2526,992,992,922,-450,-495,925,1,998,1196,-514,4272,4567,0.6738309414269038,0.23691693387379756,0.7533222591362126,76.23291545790492,10.0
04/02/2026,22,37229,39306,33932,1749,6606,3355,22126,0,3,2357,992,992,936,-450,-505,934,-5,998,1193,-514,5104,4571,0.6514111103481426,0.2872527073628169,0.7535778175313059,60.32398739030445,10.5
04/02/2026,23,36837,38925,33566,1756,6606,4041,22126,0,3,2451,992,992,1045,-450,-516,424,-5,998,1007,-514,5797,3973,0.6379523449838632,0.32917901869441585,0.7153718374648608,57.055744510895806,11.0
04/02/2026,24,36507,38610,33189,1763,6606,4667,22126,0,4,2293,993,992,1047,-450,-531,400,-4,999,991,-514,6430,3923,0.6266222618965872,0.36747534636094137,0.7121773575261947,53.8265103644097,11.5
04/02/2026,25,36422,38467,32980,1740,6606,5019,22126,0,5,2082,993,992,1025,-449,-473,448,-4,999,910,-514,6759,3927,0.6237039071619859,0.38737975679109443,0.712432915921288,52.42905150723226,12.0
04/02/2026,26,36305,38310,32842,1717,6606,5071,22126,0,5,1936,993,992,1022,-450,-432,450,-4,998,904,-514,6788,3959,0.6196868777037698,0.38913424889587994,0.7144773830820342,52.01317085864744,12.5
04/02/2026,27,35298,37236,31898,1710,6606,4924,22126,0,5,1706,993,992,607,-450,-365,216,-4,998,957,-514,6634,3430,0.5851129574950217,0.3798172908221913,0.6806797853309481,50.92518251379469,13.0
04/02/2026,28,35058,36872,31550,1702,6606,4843,22126,0,7,1284,993,992,550,-450,-213,201,-30,998,955,-514,6545,3482,0.5768728970679118,0.3744328150523323,0.6840020444671607,50.62080975019176,13.5
04/02/2026,29,34614,36964,31142,1715,6606,4419,22126,0,9,1210,995,992,3,-450,-68,-356,-353,998,617,-514,6134,1864,0.5616287852777587,0.3495674269465787,0.5806286736519295,53.06375631151031,14.0
04/02/2026,30,34877,37327,31466,1728,6606,3450,22126,0,9,1146,995,992,0,-450,-81,-387,-409,999,595,-514,5178,1740,0.5706585181624665,0.2917296872164075,0.5727063634040378,57.28840040590179,14.5
04/02/2026,31,34658,38504,31225,1734,6606,2994,22126,0,6,1288,563,992,-554,-450,-223,-896,-603,998,666,-514,4728,-21,0.5631394630227289,0.2645048097283562,0.4601967799642218,60.73745799866905,15.0
04/02/2026,32,35822,39864,32312,1739,6606,1717,22126,0,6,1663,501,992,-648,-450,-273,-915,-637,998,683,-513,3456,-262,0.6031037560942114,0.18754915602879788,0.4447993866598518,69.96282536783903,15.5
04/02/2026,33,37449,41124,33874,1866,6606,574,22126,0,6,1694,501,991,-570,-450,-350,-429,-756,998,1053,-514,2440,474,0.6589644990729931,0.12608143263355315,0.4918221313570151,89.77755610664687,16.0
04/02/2026,34,39192,42867,35514,1992,6606,50,22126,0,4,1499,502,991,-536,-450,-422,-408,-741,999,1081,-514,2042,502,0.7188079379248781,0.10200254098856555,0.49361104012266804,98.64695434627052,16.5
04/02/2026,35,41411,44303,37618,2149,6606,0,22126,0,4,1330,1251,992,426,-450,-526,-440,-358,998,1167,-514,2149,2546,0.7949941632905307,0.10847601185794664,0.6242013800153335,104.33988891036091,17.0
04/02/2026,36,41979,44808,38138,2305,6606,0,22126,0,4,1316,1356,985,486,-450,-531,-440,-290,995,1168,-514,2305,2765,0.8144956396346906,0.11791396938713776,0.6381932021466905,105.3921038603319,17.5
04/02/2026,37,41461,43669,37657,2419,6606,0,22126,0,5,1446,1050,712,214,-450,-505,-98,-36,896,975,-514,2419,2244,0.7967108425461786,0.12481093835077742,0.6049067211857909,103.11294000307538,18.0
04/02/2026,38,41089,43108,37334,2532,6606,0,22126,0,6,1658,1006,702,203,-442,-367,-85,-5,893,953,-514,2532,2344,0.7839387488841585,0.13164740758666585,0.6112956810631229,100.71125374240482,18.5
04/02/2026,39,39940,42009,36330,2677,6606,0,22126,0,6,1720,1017,974,434,-405,-216,-324,-4,992,637,-514,2677,2591,0.7444894595893703,0.1404198681105935,0.6270764119601329,94.91945838201454,19.0
04/02/2026,40,38764,40879,35295,2821,6606,0,22126,0,6,1950,1019,992,444,-450,-226,-315,-4,998,617,-514,2821,2561,0.7041131634965323,0.14913182890676993,0.6251597239969333,89.66763409730154,19.5
04/02/2026,41,37639,39472,34308,2892,6606,0,22126,0,6,2301,1445,992,770,-450,-258,477,-5,997,715,-514,2892,4169,0.6654878802444552,0.1534273095771069,0.7278941988244314,83.19117362790658,20.0
04/02/2026,42,35987,37659,32715,2962,6606,0,22126,0,6,2447,1505,992,783,-433,-107,524,-19,996,721,-507,2962,4455,0.6087687976378493,0.15766229051969266,0.7461666240736008,66.90737555431178,20.5
04/02/2026,43,33854,35470,30813,3161,6606,0,22126,0,6,2577,1505,992,486,-382,-41,292,-192,997,593,-395,3161,3855,0.535535260591911,0.16970173634218647,0.7078328648096089,60.20375108511709,21.0
04/02/2026,44,31983,33309,29205,3359,6606,0,22126,0,5,2610,1505,992,452,-234,0,282,-244,997,576,-243,3359,4083,0.4712971228455675,0.18168068243692903,0.7223996933299259,53.986131527414535,21.5
04/02/2026,45,29513,31083,27101,3527,6606,0,22126,0,113,2892,1506,992,3,-83,0,-59,-624,997,262,-91,3527,2903,0.3864931676165625,0.19184463669913485,0.6470099667774086,49.03747130343905,22.0
04/02/2026,46,27880,29414,25664,3695,6606,0,22126,0,189,2931,1506,992,0,23,0,-71,-674,997,247,55,3695,3075,0.3304264231271029,0.20200859096134066,0.6579989777664196,44.986288018004736,22.5
04/02/2026,47,26239,28544,24149,3769,6606,0,22126,0,522,2736,1223,992,-471,-15,0,221,-697,996,487,69,3769,2805,0.2740850099567397,0.20648557081493132,0.6407487860976233,42.228038602206404,23.0
04/02/2026,48,25188,27940,23262,3843,6606,0,22126,0,814,2699,1183,991,-543,-13,0,232,-717,996,505,-65,3843,2569,0.23800041200302136,0.210962550668522,0.6256708407871199,40.72158590105542,23.5
05/02/2026,1,25232,29005,23260,3970,6606,0,22126,0,1185,2728,1096,960,-980,-60,0,325,-935,983,491,-13,3970,1867,0.23951108974799148,0.21864601609292758,0.5808203424482494,41.43077733608471,0.0
05/02/2026,2,25710,29502,23814,4096,6606,0,22126,0,1207,3067,1083,959,-1000,0,0,328,-985,982,484,68,4096,1919,0.25592254343198517,0.22626898178958194,0.5841426015844621,41.8187402749875,0.5
05/02/2026,3,25316,29494,23512,4193,6606,0,22126,0,1210,3150,1454,990,-1089,0,0,483,-1279,995,269,188,4193,2011,0.24239511089747992,0.23213745538145078,0.5900204446716074,40.93758505082466,1.0
05/02/2026,4,24694,28917,23011,4289,6606,0,22126,0,1207,3404,1505,992,-1092,0,0,487,-1324,996,254,192,4289,2010,0.22103962095722035,0.23794542924556839,0.5899565550728342,39.90409085946507,1.5
05/02/2026,5,24268,28591,22707,4353,6606,0,22126,0,1196,3524,1506,992,-1090,8,0,175,-1437,996,271,199,4353,1620,0.20641351369910046,0.24181741182164682,0.5650396115512395,39.701225962289826,2.0
05/02/2026,6,24004,28344,22450,4417,6606,0,22126,0,1199,3400,1506,992,-1090,87,0,162,-1451,996,287,156,4417,1645,0.1973494472292797,0.24568939439772522,0.5666368515205724,39.190559026827984,2.5
05/02/2026,7,23529,28024,22002,4492,6606,0,22126,0,1205,3762,1507,992,-1090,9,0,-147,-1453,996,826,25,4492,1665,0.18104099430062487,0.2502268739790671,0.5679146434960388,38.376540682732205,3.0
05/02/2026,8,22964,27477,21483,4566,6606,0,22126,0,1197,3702,1506,992,-1092,0,0,-171,-1453,995,848,0,4566,1625,0.16164251871180388,0.25470385383265776,0.565359059545106,37.517403942590306,3.5
05/02/2026,9,22662,27854,21154,4652,6606,0,22126,0,1179,3946,1356,992,-1092,0,0,-868,-1453,995,251,4,4652,185,0.15127377600769074,0.2599068304192631,0.4733580373115257,38.78658538149923,4.0
05/02/2026,10,22632,27868,21060,4738,6606,0,22126,0,1185,3777,1333,984,-1091,0,0,-907,-1453,991,221,87,4738,165,0.15024376845430198,0.26510980700586845,0.4720802453360593,38.61485162127484,4.5
05/02/2026,11,22841,28342,21299,4808,6606,0,22126,0,1339,3791,752,702,-1091,0,0,-1018,-1453,844,645,152,4808,-467,0.15741948774291012,0.26934478794845423,0.43170201891132126,39.58239549303635,5.0
05/02/2026,12,23635,29079,22051,4877,6606,0,22126,0,1280,3765,668,675,-1090,23,0,-1021,-1453,830,669,188,4877,-511,0.18468035432259836,0.2735192691632888,0.4288908765652952,40.60381856669937,5.5
05/02/2026,13,25728,30354,24022,4934,6606,0,22126,0,595,3557,493,388,-1073,143,0,-905,-1453,630,379,175,4934,-1223,0.25654054796401843,0.2769677536451086,0.3834014822386915,44.284559664433644,6.0
05/02/2026,14,28126,32569,26218,4991,6606,0,22126,0,417,3522,467,373,-1072,92,0,-901,-1453,621,368,200,4991,-1305,0.3388724850648905,0.28041623812692845,0.37816253513927933,47.784189524366504,6.5
05/02/2026,15,31617,35948,29479,5002,6606,0,22126,0,358,3632,560,546,-1059,141,28,-861,-1453,751,755,193,5002,-399,0.4587310306942251,0.2810817351321919,0.436046511627907,63.0894152740663,7.0
05/02/2026,16,33129,37359,30811,5013,6606,0,22126,0,259,3840,574,567,-1058,31,0,-860,-1453,766,779,81,5013,-573,0.5106434113850168,0.2817472321374554,0.42492972144134933,66.61833271489792,7.5
05/02/2026,17,34532,38784,32184,5018,6606,24,22126,0,254,3832,952,913,-1029,0,0,-916,-1453,984,665,121,5042,237,0.5588134312984961,0.2835017242422409,0.4766802964477383,68.86167175825162,8.0
05/02/2026,18,35346,39546,32934,5023,6606,151,22126,0,255,3976,1006,938,-1011,0,0,-906,-1428,998,656,113,5174,366,0.5867609695804435,0.2914876883054026,0.48492205468949656,70.2585456783615,8.5
05/02/2026,19,36984,39388,34509,5034,6606,294,22126,0,255,4281,1444,989,-224,0,0,-213,-1112,997,614,6,5328,2501,0.6429993819954679,0.30080464637909127,0.6213263480705341,71.29514315204901,9.0
05/02/2026,20,37215,39482,34736,5045,6606,498,22126,0,256,4310,1507,992,-173,0,0,-174,-1064,997,608,24,5543,2717,0.6509304401565611,0.3138120878456047,0.6351265014055711,70.73925195067413,9.5
05/02/2026,21,37515,39344,34971,5051,6606,726,22126,0,258,4188,1506,992,520,0,0,185,-960,997,548,-11,5777,3777,0.6612305156904484,0.3279690241393914,0.70284947610529,69.2169536863805,10.0
05/02/2026,22,37612,39398,35033,5056,6606,799,22126,0,256,4236,1506,992,605,0,0,200,-921,997,536,-9,5855,3906,0.6645608734464052,0.3326880029039869,0.7110912343470484,58.98834629591952,10.5
05/02/2026,23,37739,39222,35079,5000,6606,894,22126,0,259,4089,1290,992,323,0,0,74,-602,997,371,-22,5894,3423,0.6689212387557508,0.3350474922862847,0.6802325581395349,59.789074333744225,11.0
05/02/2026,24,37553,38998,34932,4944,6606,1075,22126,0,254,4060,1261,987,309,0,0,69,-540,997,357,-51,6019,3389,0.6625351919247408,0.34260995825518786,0.678060311781242,58.80303200202023,11.5
05/02/2026,25,37530,38713,34833,4890,6606,1131,22126,0,254,3759,1024,807,105,0,0,140,-256,997,298,-73,6021,3042,0.6617455194671428,0.3427309577106903,0.6558906210069001,59.176297063986695,12.0
05/02/2026,26,37576,38780,34824,4836,6606,1166,22126,0,251,3731,990,796,102,0,0,139,-251,998,299,-102,6002,2971,0.6633248643823388,0.341581462883417,0.6513544594939944,59.46959048339694,12.5
05/02/2026,27,37588,39478,34859,4784,6606,1075,22126,0,248,3954,896,853,102,0,0,-307,-633,998,500,-102,5859,2307,0.6637368674036943,0.3329300018149918,0.6089317659085101,60.948930262765124,13.0
05/02/2026,28,37740,39714,34933,4731,6606,833,22126,0,246,4012,883,854,102,0,0,-326,-700,998,512,-102,5564,2221,0.6689555723408638,0.3150825821283804,0.6034372604140046,62.750565813618515,13.5
05/02/2026,29,37466,40059,34647,4682,6606,706,22126,0,252,3956,751,749,-427,0,0,-269,-943,998,401,-102,5388,1158,0.6595481700199135,0.3044346300441648,0.5355226169179658,64.10477313755875,14.0
05/02/2026,30,37752,40518,34998,4632,6606,572,22126,0,254,4256,733,748,-492,0,0,-271,-980,998,391,-169,5204,958,0.6693675753622194,0.29330268013793936,0.5227446971633019,66.00621699228748,14.5
05/02/2026,31,38027,42080,35298,4614,6606,422,22126,0,268,4337,1086,938,-1053,0,0,-759,-1064,998,341,-309,5036,178,0.6788093112682826,0.2831387258757336,0.47291081012011243,68.59330720074999,15.0
05/02/2026,32,38866,43140,36093,4596,6606,217,22126,0,397,4126,1137,953,-1081,0,0,-782,-1087,998,332,-327,4813,143,0.707615189178054,0.2696472865872104,0.47067467416304626,72.31064850823428,15.5
05/02/2026,33,39186,43731,36340,4600,6606,73,22126,0,409,3981,1225,990,-1089,0,0,-837,-1240,998,149,-370,4673,-174,0.7186019364142003,0.26117732470203886,0.4504216713519039,84.45456081247008,16.0
05/02/2026,34,39905,44391,37067,4604,6606,5,22126,0,229,4235,1237,986,-1088,-16,0,-839,-1229,998,129,-485,4609,-307,0.7432877841104168,0.25730534212596046,0.44192435471505237,87.34460004136734,16.5
05/02/2026,35,40782,45163,37728,4629,6606,0,22126,0,161,3846,924,772,-1051,-146,0,-963,-838,987,-138,-484,4629,-937,0.7733983382544806,0.2585153366809849,0.40167390748786097,91.0532655985524,17.0
05/02/2026,36,40833,45211,37705,4653,6606,0,22126,0,26,3770,879,753,-1050,-298,0,-968,-767,972,-157,-512,4653,-1148,0.7751493510952414,0.25996733014701434,0.3881932021466905,91.36784097896339,17.5
05/02/2026,37,40379,44433,37252,4618,6606,0,22126,0,3,3550,698,618,-1046,-365,0,-899,-480,507,-147,-514,4618,-1628,0.7595619034539587,0.25784983967572145,0.35752619473549707,90.59935674961383,18.0
05/02/2026,38,39645,43647,36560,4583,6606,0,22126,0,5,3344,672,614,-1042,-354,0,-889,-444,484,-154,-514,4583,-1627,0.7343610519810478,0.25573234920442856,0.35759008433427036,88.29579602372142,18.5
05/02/2026,39,39410,42692,36562,4464,6606,0,22126,0,15,3305,691,821,-617,-377,0,-279,-437,728,-444,-513,4464,-427,0.7262926594795028,0.2485328816020328,0.434257602862254,86.60583219532583,19.0
05/02/2026,40,38465,41561,35751,4345,6606,0,22126,0,13,3381,695,838,-598,-232,0,-248,-456,749,-467,-482,4345,-201,0.693847421547758,0.241333413999637,0.4486966521850243,83.82609701985638,19.5
05/02/2026,41,36762,40300,34214,4296,6606,0,22126,0,11,3481,1186,958,-560,-117,0,-445,-714,918,-578,-513,4296,135,0.6353773261003914,0.23836892733982698,0.4701635573728597,78.3176941975493,20.0
05/02/2026,42,35177,38885,32750,4247,6606,0,22126,0,11,3410,1257,965,-558,-223,0,-452,-761,930,-589,-514,4247,55,0.5809585936963537,0.23540444068001695,0.46505238947099414,64.03962309804402,20.5
05/02/2026,43,33350,37300,31078,4154,6606,0,22126,0,9,3430,1175,942,-540,-245,0,-403,-954,915,-709,-490,4154,-309,0.5182311336949804,0.229777965999153,0.44179657551750573,59.99228865469995,21.0
05/02/2026,44,31722,35865,29573,4060,6606,0,22126,0,9,3338,1163,941,-539,-350,0,-402,-1009,916,-721,-513,4060,-514,0.4623360571310856,0.22409099159053783,0.4286992077689752,56.60237105741297,21.5
05/02/2026,45,29789,34642,27806,4041,6606,0,22126,0,8,3678,1193,970,-684,-245,0,-569,-1401,981,-833,-513,4041,-1101,0.3959692371077388,0.22294149676326455,0.3911960132890365,53.122920251353776,22.0
05/02/2026,46,28176,32860,26316,4021,6606,0,22126,0,9,3811,1198,973,-690,-95,0,-574,-1446,986,-842,-428,4021,-918,0.3405891643205384,0.22173150220824006,0.402887809864554,49.76149393985133,22.5
05/02/2026,47,26442,30383,24703,3945,6606,0,22126,0,9,3780,1469,990,-544,15,0,-254,-1390,997,-841,-303,3945,139,0.28105472773467005,0.21713352289914695,0.470419115767953,45.56495633271083,23.0
05/02/2026,48,25802,29587,24081,3869,6606,0,22126,0,9,3743,1507,992,-542,1,0,-242,-1368,998,-835,-189,3869,322,0.25908123326237725,0.21253554359005383,0.4821109123434705,44.4749548495484,23.5
06/02/2026,1,25995,29379,24314,3750,6606,0,22126,0,9,3518,1507,992,-542,-55,0,-139,-1183,998,-590,-266,3750,722,0.26570761518917807,0.20533607598765805,0.5076667518527984,44.53357065561506,0.0
06/02/2026,2,26679,29866,25135,3630,6606,0,22126,0,9,3682,1507,992,-542,-10,0,-135,-1150,998,-578,-163,3630,919,0.28919178740644097,0.19807610865751105,0.5202530028111424,45.718452195142156,0.5
06/02/2026,3,26220,29394,24678,3603,6606,0,22126,0,366,3480,1507,992,-314,0,0,37,-1017,998,-773,-104,3603,1326,0.27343267183959347,0.19644261600822796,0.5462560695118834,44.47455512491423,1.0
06/02/2026,4,25692,28948,24153,3575,6606,0,22126,0,480,3306,1507,992,-305,0,0,43,-1030,998,-789,-52,3575,1364,0.2553045388999519,0.19474862363119366,0.5486838742652697,43.616066494199096,1.5
06/02/2026,5,25306,29070,23785,3583,6606,0,22126,0,491,3518,1507,992,-319,0,0,167,-1405,998,-897,-52,3583,991,0.24205177504635034,0.19523262145320347,0.5248530539228213,43.4595532683922,2.0
06/02/2026,6,25172,28911,23631,3590,6606,0,22126,0,467,3858,1507,992,-320,0,0,170,-1451,997,-892,-9,3590,994,0.23745107464121404,0.19565611954746204,0.5250447227191414,43.2322740411192,2.5
06/02/2026,7,24705,28350,23242,3614,6606,0,22126,0,625,3783,1507,992,-357,0,0,-134,-1451,998,-434,-44,3614,1077,0.2214172903934629,0.19710811301349143,0.5303475594173268,42.37195320328069,3.0
06/02/2026,8,24153,27836,22694,3637,6606,0,22126,0,624,3779,1507,992,-359,0,0,-147,-1452,997,-410,-91,3637,1037,0.20246515141111035,0.19849960675176961,0.5277919754663941,41.58872187723015,3.5
06/02/2026,9,23756,28231,22330,3654,6606,0,22126,0,622,3767,1508,992,-578,0,0,-507,-1453,998,-684,-31,3654,245,0.18883471812126623,0.19952810212354044,0.47719141323792486,42.02371739638594,4.0
06/02/2026,10,23635,28460,22110,3671,6606,0,22126,0,881,3646,1507,992,-590,0,0,-525,-1453,998,-705,-71,3671,153,0.18468035432259836,0.20055659749531127,0.47131357015077946,41.944244845029004,4.5
06/02/2026,11,24216,29944,22674,3635,6606,0,22126,0,803,3489,1508,992,-1068,0,0,-1000,-1453,998,-804,23,3635,-804,0.20462816727322666,0.19837860729626716,0.4101712241247125,44.03268740954114,5.0
06/02/2026,12,25118,31056,23500,3599,6606,0,22126,0,888,3704,1508,992,-1091,0,0,-1022,-1453,996,-816,-68,3599,-954,0.23559706104511433,0.19620061709722306,0.40058778430871456,45.61923303045795,5.5
06/02/2026,13,27383,33128,25588,3558,6606,0,22126,0,367,3710,1365,974,-1092,-15,-19,-1022,-1453,941,-982,-195,3558,-1498,0.31336263132596304,0.19372012825942284,0.36583184257602863,50.26512426613689,6.0
06/02/2026,14,29680,35702,27715,3516,6606,0,22126,0,246,3971,1344,971,-1091,-144,-129,-1022,-1453,936,-995,-342,3516,-1925,0.3922268763304264,0.19117913969387137,0.33855098389982113,55.60789272880539,6.5
06/02/2026,15,32920,38989,30750,3391,6606,0,22126,0,18,4051,1100,921,-1069,-285,-64,-1022,-1453,912,-1076,-482,3391,-2518,0.5034676920964087,0.18361667372496823,0.30066445182724255,74.7551988727573,7.0
06/02/2026,16,34230,40396,31900,3265,6606,0,22126,0,17,3944,1065,919,-1067,-282,-129,-1022,-1453,912,-1082,-514,3265,-2653,0.548444688594383,0.17599370802831388,0.29203935599284436,79.14037315854662,7.5
06/02/2026,17,35703,42176,33194,3228,6606,31,22126,0,20,3878,1453,987,-1092,-410,-280,-1022,-1453,993,-1082,-514,3259,-2420,0.5990180594657695,0.17563070966180652,0.30692563250702787,83.30869931707743,8.0
06/02/2026,18,36417,43055,33839,3190,6606,171,22126,0,19,4238,1509,992,-1092,-451,-407,-1020,-1453,998,-1082,-514,3361,-2520,0.6235322392364211,0.18180168189243148,0.3005366726296959,85.18405877757587,8.5
06/02/2026,19,37299,43542,34640,3114,6606,369,22126,0,14,4427,1508,992,-1092,-451,-354,-675,-1453,998,-1090,-514,3483,-2131,0.6538144613060496,0.18918264867808096,0.32538972655251724,86.92226773920632,9.0
06/02/2026,20,37717,44114,34839,3038,6606,612,22126,0,67,4339,1508,992,-1092,-451,-467,-661,-1453,998,-1092,-514,3650,-2232,0.6681658998832658,0.19928610321253554,0.31893687707641194,87.56021118098545,9.5
06/02/2026,21,37771,44092,34947,3004,6606,866,22126,0,169,4338,1507,992,-1093,-451,-526,-423,-1453,997,-1092,-514,3870,-2056,0.6700199134793655,0.21259604331780507,0.3301814464605162,86.37348213004496,10.0
06/02/2026,22,37821,44097,34936,2970,6606,1023,22126,0,167,4302,1507,992,-1093,-451,-497,-411,-1451,998,-1092,-514,3993,-2012,0.6717365927350134,0.22003750983120576,0.3329925888065423,75.85041032810197,10.5
06/02/2026,23,37830,43519,34974,2914,6606,1175,22126,0,166,4023,1507,992,-922,-451,-531,12,-1422,998,-1092,-505,4089,-1414,0.67204559500103,0.22584548369532337,0.37119856887298747,74.62816027147525,11.0
06/02/2026,24,37688,43371,34860,2857,6606,1276,22126,0,166,4027,1507,992,-916,-451,-531,25,-1414,998,-1092,-513,4133,-1395,0.6671702259149901,0.22850747171637728,0.3724124712496806,73.92883617538143,11.5
06/02/2026,25,37535,43471,34619,2790,6606,1346,22126,0,165,3900,1508,992,-688,-451,-531,-553,-1355,999,-1079,-514,4136,-1672,0.6619171873927076,0.22868897089963094,0.354715052389471,73.78291857487628,12.0
06/02/2026,26,37286,43237,34337,2722,6606,1601,22126,0,166,3894,1508,992,-678,-451,-531,-581,-1354,998,-1076,-514,4323,-1687,0.6533681246995812,0.24000241998911004,0.3537567084078712,72.11179056999958,12.5
06/02/2026,27,37369,43458,34432,2640,6606,1599,22126,0,165,3812,1508,992,-669,-392,-531,-749,-1442,999,-1027,-514,4239,-1825,0.6562178122639566,0.23492044285800714,0.3449399437771531,72.95178873737737,13.0
06/02/2026,28,37267,43325,34263,2558,6606,1490,22126,0,165,3748,1509,992,-670,-361,-531,-755,-1453,998,-1009,-514,4048,-1794,0.6527157865824349,0.22336499485752315,0.346920521339126,73.5297973320777,13.5
06/02/2026,29,37125,42982,34027,2535,6606,1274,22126,0,164,3746,1508,992,-1053,-361,-531,-706,-1453,998,-475,-514,3809,-1595,0.647840417496395,0.20890555992498033,0.3596345514950166,74.01358742368033,14.0
06/02/2026,30,36795,42641,33763,2512,6606,1129,22126,0,168,3832,1508,992,-1064,-361,-531,-705,-1453,998,-450,-514,3641,-1580,0.636510334409119,0.19874160566277452,0.3605928954766164,73.78479488904063,14.5
06/02/2026,31,36446,42062,33453,2494,6606,813,22126,0,169,3889,1508,992,-462,-361,-531,-635,-1453,998,-891,-514,3307,-1349,0.6245279132046968,0.17853469659386534,0.37535139279325325,74.05264473027941,15.0
06/02/2026,32,36963,42582,33964,2475,6606,471,22126,0,166,3903,1507,992,-429,-385,-531,-631,-1448,998,-916,-513,2946,-1356,0.6422783767080958,0.15669429487567305,0.37490416560184003,77.63973694175908,15.5
06/02/2026,33,37833,42794,34800,2495,6606,215,22126,0,168,3911,1507,992,-216,-451,-531,-325,-1397,998,-759,-514,2710,-696,0.6721485957563689,0.14241635912638392,0.41707130079223104,91.10900159211899,16.0
06/02/2026,34,38953,43840,35852,2514,6606,46,22126,0,168,4136,1507,992,-208,-452,-531,-313,-1362,998,-739,-514,2560,-622,0.7106022110828812,0.13334139996370017,0.42179913110145667,95.98166646561359,16.5
06/02/2026,35,39859,44243,36680,2485,6606,0,22126,0,21,4026,1507,992,-304,-451,-531,-534,-1006,998,-423,-514,2485,-266,0.7417084391952208,0.12880392038235827,0.4445438282647585,99.4524603419165,17.0
06/02/2026,36,40281,44557,37101,2456,6606,0,22126,0,11,4055,1507,992,-306,-452,-531,-542,-942,997,-378,-514,2456,-169,0.7561972121128888,0.12704942827757276,0.4507411193457705,101.17119928356634,17.5
06/02/2026,37,40629,44083,37491,2430,6606,0,22126,0,11,3914,1357,974,-106,-452,-531,-556,-684,972,456,-514,2430,916,0.768145299732198,0.1254764353560409,0.5200613340148224,101.34168840262261,18.0
06/02/2026,38,39998,43414,36910,2404,6606,0,22126,0,12,3912,1336,973,-104,-451,-531,-555,-649,970,511,-514,2404,986,0.7464808075259218,0.12390344243450904,0.5245336059289548,98.90761144087247,18.5
06/02/2026,39,39692,42553,36701,2393,6606,0,22126,0,11,3939,1485,991,247,-451,-531,-136,-618,995,397,-514,2393,1865,0.7359747304813569,0.12323794542924557,0.5806925632507027,96.65478165672269,19.0
06/02/2026,40,37718,40553,34792,2382,6606,0,22126,0,10,3774,1507,992,271,-451,-531,-118,-611,997,390,-514,2382,1932,0.6682002334683788,0.12257244842398209,0.5849731663685152,89.21395334739265,19.5
06/02/2026,41,36380,39068,33654,2357,6606,0,22126,0,12,3604,1506,992,223,-451,-531,8,-580,997,443,-514,2357,2093,0.6222618965872416,0.12105995523020147,0.5952593917710197,84.42569253236718,20.0
06/02/2026,42,35407,38080,32794,2331,6606,0,22126,0,11,3510,1506,992,221,-452,-531,13,-565,997,430,-514,2331,2097,0.588855318272334,0.1194869623086696,0.595514950166113,71.27770407311299,20.5
06/02/2026,43,33833,36552,31353,2322,6606,0,22126,0,11,3470,1506,992,104,-452,-531,52,-414,997,-197,-514,2322,1543,0.5348142553045389,0.11894246475890859,0.5601201124456938,66.99885479079813,21.0
06/02/2026,44,31955,34854,29623,2313,6606,0,22126,0,139,3313,1507,992,102,-452,-531,53,-426,998,-237,-514,2313,1492,0.4703357824624047,0.11839796720914755,0.5568617429082545,61.55587097237081,21.5
06/02/2026,45,30303,33730,28049,2245,6606,0,22126,0,244,3185,1506,992,-162,-451,-531,98,-809,998,-117,-513,2245,1011,0.41361669985579896,0.11428398572206425,0.5261308458982877,57.969535929644366,22.0
06/02/2026,46,28921,32463,26756,2177,6606,0,22126,0,410,2937,1506,992,-176,-452,-531,100,-830,997,-108,-435,2177,1063,0.3661676852296917,0.11017000423498094,0.5294531050345004,54.68463394192842,22.5
06/02/2026,47,27854,31041,25707,2116,6606,0,22126,0,407,3107,1506,992,-189,-452,-531,78,-471,997,-88,-449,2116,1393,0.32953374991416606,0.10647952084215621,0.5505366726296959,51.96142226512255,23.0
06/02/2026,48,27004,30190,24874,2055,6606,0,22126,0,410,2895,1506,992,-189,-452,-531,80,-408,997,-82,-514,2055,1399,0.30035020256815215,0.10278903744933147,0.5509200102223358,50.253761612585784,23.5
07/02/2026,1,27374,30042,25269,2001,6606,0,22126,0,409,2733,1504,992,344,-451,-531,507,-163,997,46,-514,2001,2731,0.31305362905994644,0.09952205215076532,0.6360209557883977,49.55180854234624,0.0
07/02/2026,2,27935,30582,25905,1947,6606,0,22126,0,409,2732,1504,992,385,-451,-531,525,-143,997,54,-513,1947,2819,0.3323147703083156,0.09625506685219916,0.6416432404804497,50.91552501290502,0.5
07/02/2026,3,27305,30092,25325,1917,6606,0,22126,0,411,2725,1504,992,520,-451,-531,718,-280,997,2,-514,1917,2957,0.3106846116871524,0.09444007501966241,0.6504600051111679,49.39068409298511,1.0
07/02/2026,4,26715,29532,24833,1887,6606,0,22126,0,409,2897,1504,992,524,-452,-531,725,-311,996,0,-514,1887,2933,0.2904277964705074,0.09262508318712566,0.6489266547406082,48.207381071330424,1.5
07/02/2026,5,25718,28909,23888,1877,6606,0,22126,0,612,3128,1504,992,145,-452,-531,870,-482,996,0,-514,1877,2528,0.2561972121128888,0.0920200859096134,0.6230513672374137,46.64350628858085,2.0
07/02/2026,6,25248,28310,23424,1867,6606,0,22126,0,440,3169,1504,992,129,-452,-531,876,-525,997,0,-514,1867,2476,0.2400604271097988,0.09141508863210115,0.6197291081012011,45.79110846247386,2.5
07/02/2026,7,24833,28167,23058,1852,6606,0,22126,0,441,3577,1504,992,103,-452,-531,993,-796,997,0,-514,1852,2296,0.22581198928792146,0.09050759271583278,0.6082289803220036,45.25110896750602,3.0
07/02/2026,8,24381,27764,22636,1836,6606,0,22126,0,439,3709,1504,992,103,-451,-531,997,-848,996,0,-514,1836,2248,0.21029320881686467,0.08953959707181318,0.6051622795808842,44.497180933870986,3.5
07/02/2026,9,24108,27823,22332,1818,6606,0,22126,0,436,3751,1505,992,-97,-452,-531,779,-1085,996,0,-514,1818,1593,0.20092014008102727,0.08845060197229113,0.5633145923843599,44.87595951652871,4.0
07/02/2026,10,23850,27606,22012,1799,6606,0,22126,0,436,3634,1504,992,-104,-451,-531,770,-1113,997,-7,-514,1799,1543,0.19206207512188422,0.08730110714501785,0.5601201124456938,44.51953916629795,4.5
07/02/2026,11,23600,27942,21712,1806,6606,0,22126,0,211,3554,1506,992,-608,-452,-531,435,-1097,996,-329,-514,1806,398,0.18347867884364485,0.08772460523927643,0.4869665218502428,45.51820911627249,5.0
07/02/2026,12,23649,28024,21740,1812,6606,0,22126,0,171,3485,1505,992,-688,-452,-531,415,-1065,997,-354,-514,1812,305,0.18516102451417976,0.08808760360578377,0.48102478916432406,45.708712031918715,5.5
07/02/2026,13,24413,28836,22438,1833,6606,0,22126,0,169,3356,1507,992,-932,-452,-475,-154,-677,997,-450,-514,1833,-158,0.2113918835404793,0.0893580978885595,0.45144390493227704,47.63958899674917,6.0
07/02/2026,14,25446,29672,23368,1854,6606,0,22126,0,15,3243,1506,992,-942,-426,-468,-182,-637,997,-454,-502,1854,-116,0.2468584769621644,0.09062859217133523,0.45412726808075643,49.53740256583674,6.5
07/02/2026,15,27086,31224,24875,1816,6606,0,22126,0,15,3217,1507,992,-1003,-303,-328,-370,-751,996,-351,-417,1816,-28,0.30316555654741467,0.08832960251678867,0.4597495527728086,63.05101235959171,7.0
07/02/2026,16,27750,31865,25448,1777,6606,15,22126,0,15,3064,1506,992,-986,-300,-239,-365,-768,996,-341,-501,1792,-6,0.32596305706241846,0.08687760905075927,0.46115512394582164,64.63880261911368,7.5
07/02/2026,17,29474,32689,27031,1781,6606,172,22126,0,15,2661,1504,992,-203,-432,-372,311,-817,997,-262,-514,1953,1204,0.38515415779715717,0.09661806521870651,0.5384615384615384,66.73357818932072,8.0
07/02/2026,18,30770,34059,28148,1785,6606,382,22126,0,15,2437,1504,992,-161,-450,-508,350,-795,997,-247,-513,2167,1169,0.4296504841035501,0.1095650069574687,0.5362254025044723,69.32184386611857,8.5
07/02/2026,19,32275,34825,29473,1798,6606,763,22126,0,15,2142,1503,992,445,-450,-531,711,-440,996,83,-514,2561,2795,0.4813225296985511,0.1334018996914514,0.6401098901098901,69.71157228207292,9.0
07/02/2026,20,32754,35270,29895,1811,6606,1225,22126,0,15,2137,1503,992,512,-450,-531,726,-406,997,110,-514,3036,2939,0.4977683169676578,0.16213927037328332,0.6493099923332482,68.81916613591378,9.5
07/02/2026,21,33241,35869,30279,1828,6606,1320,22126,0,15,1744,1502,992,950,-450,-510,1006,-539,997,256,-514,3148,3690,0.514488772917668,0.16891523988142054,0.6972910810120112,68.73153610413314,10.0
07/02/2026,22,33355,36020,30305,1845,6606,1533,22126,0,15,1531,1503,992,970,-450,-531,1017,-555,997,265,-514,3378,3694,0.5184028016205452,0.1828301772642023,0.6975466394071045,58.05681313179785,10.5
07/02/2026,23,33937,36591,30854,1854,6606,1848,22126,0,14,1479,1502,992,1006,-450,-531,1016,-545,997,212,-514,3702,3685,0.5383849481562865,0.20243208905559926,0.6969716330181447,58.29486200649615,11.0
07/02/2026,24,34112,36773,30931,1863,6606,1902,22126,0,13,1353,1502,992,1008,-450,-531,1017,-553,997,208,-514,3765,3676,0.544393325551054,0.20624357190392642,0.6963966266291848,58.521208685837465,11.5
07/02/2026,25,34291,37061,31012,1889,6606,1946,22126,0,10,1134,1503,992,1076,-450,-531,1017,-665,996,195,-514,3835,3619,0.5505390372862734,0.21047855284651218,0.6927549194991055,58.790574500717774,12.0
07/02/2026,26,34220,37031,30937,1914,6606,1981,22126,0,8,1035,1503,992,1079,-450,-531,1017,-708,997,187,-514,3895,3572,0.5481013527432534,0.2141085365115857,0.6897521083567595,58.39882792490901,12.5
07/02/2026,27,33940,37161,30639,1910,6606,1884,22126,0,8,943,1503,992,936,-450,-531,892,-1068,997,-50,-514,3794,2707,0.5384879489116253,0.20799806400871196,0.634487605417838,59.163237769235344,13.0
07/02/2026,28,33789,37076,30426,1906,6606,1528,22126,0,8,805,1503,992,900,-450,-531,886,-1114,997,-70,-514,3434,2599,0.5333035775595688,0.1862181620182709,0.6275875287503194,60.42194480771677,13.5
07/02/2026,29,33330,36783,29969,1898,6606,1551,22126,0,10,1095,1504,992,130,-450,-531,596,-1118,997,-230,-514,3449,1376,0.5175444619927213,0.1871256579345393,0.5494505494505495,60.64959291717603,14.0
07/02/2026,30,33198,36693,29882,1890,6606,1426,22126,0,14,947,1504,992,102,-450,-531,570,-1117,997,-257,-526,3316,1284,0.513012428757811,0.17907919414362636,0.543572706363404,60.96735150952909,14.5
07/02/2026,31,33231,38105,29975,1933,6606,1073,22126,0,12,1297,1507,992,-634,-450,-531,-189,-1099,998,-845,-514,3006,-765,0.5141454370665385,0.16032427854074657,0.412662918476872,65.01419549013372,15.0
07/02/2026,32,33375,38430,30144,1976,6606,635,22126,0,13,1243,1506,992,-762,-450,-531,-234,-1066,997,-885,-514,2611,-947,0.5190894733228044,0.13642688607901265,0.40103501150012777,67.43591146110597,15.5
07/02/2026,33,33792,38552,30562,1994,6606,306,22126,0,18,1234,1505,992,-1047,-450,-531,-30,-678,997,-892,-514,2300,-648,0.5334065783149077,0.11761147074838163,0.42013800153335035,79.7782932680534,16.0
07/02/2026,34,34933,39613,31654,2012,6606,48,22126,0,19,1471,1506,992,-1058,-450,-531,-22,-599,997,-887,-514,2060,-566,0.5725811989287921,0.1030915360880876,0.4253769486327626,84.5281955127105,16.5
07/02/2026,35,36348,39938,33011,2070,6606,0,22126,0,16,1611,1505,992,-637,-450,-531,64,-220,997,-622,-514,2070,584,0.621163221863627,0.10369653336559985,0.49884998722208024,87.82493955144234,17.0
07/02/2026,36,36779,40254,33423,2128,6606,0,22126,0,14,1758,1506,992,-618,-450,-531,67,-162,996,-586,-514,2128,700,0.6359609970473117,0.10720551757517091,0.5062611806797853,88.87199216535043,17.5
07/02/2026,37,36912,39594,33641,2154,6606,0,22126,0,14,1805,1506,992,-509,-450,-531,-42,-22,996,35,-514,2154,1461,0.640527363867335,0.10877851049670277,0.5548811653462816,88.22552651652562,18.0
07/02/2026,38,36550,39232,33371,2180,6606,0,22126,0,14,1749,1506,992,-505,-450,-531,-47,-21,998,67,-514,2180,1495,0.6280986060564444,0.11035150341823462,0.5570534117045745,86.7560546430349,18.5
07/02/2026,39,35651,39063,32597,2204,6606,0,22126,0,16,1991,1506,992,-766,-450,-531,18,-224,997,-311,-514,2204,717,0.5972327130398957,0.11180349688426403,0.5073473038589318,84.52674897173752,19.0
07/02/2026,40,34577,38086,31644,2228,6606,0,22126,0,17,1886,1506,992,-777,-450,-531,20,-280,997,-340,-514,2228,623,0.5603584426285793,0.11325549035029342,0.5013416815742398,80.98390235930712,19.5
07/02/2026,41,33593,37508,30808,2273,6606,0,22126,0,18,2040,1506,992,-637,-450,-531,-57,-662,997,-446,-514,2273,198,0.5265741948774291,0.11597797809909856,0.47418860209557884,78.21521160417329,20.0
07/02/2026,42,32453,36423,29726,2317,6606,0,22126,0,16,1941,1506,992,-631,-450,-531,-60,-723,996,-445,-514,2317,140,0.48743390784865753,0.11863996612015246,0.47048300536672627,64.68903551034609,20.5
07/02/2026,43,31324,35028,28687,2364,6606,0,22126,0,16,1793,1507,992,-301,-450,-531,-254,-889,978,-150,-513,2364,389,0.44867129025612856,0.12148345332446003,0.4863915154612829,60.99763053944714,21.0
07/02/2026,44,30082,33826,27590,2410,6606,0,22126,0,16,1993,1507,992,-287,-450,-531,-261,-937,977,-129,-533,2410,348,0.40602897754583533,0.1242664408010164,0.4837720419115768,57.601132666343915,21.5
07/02/2026,45,28410,32555,26019,2430,6606,0,22126,0,16,2010,1507,992,-261,-450,-531,-360,-1277,996,-136,-514,2430,-34,0.3486232232369704,0.1254764353560409,0.4593662151801687,53.98098090168881,22.0
07/02/2026,46,27325,31481,24986,2450,6606,0,22126,0,13,2311,1507,992,-260,-450,-531,-360,-1289,997,-140,-513,2450,-47,0.3113712833894115,0.1266864299110654,0.4585356503961155,51.53005513658128,22.5
07/02/2026,47,26049,29733,23833,2432,6606,0,22126,0,262,2302,1507,992,-150,-450,-531,105,-897,980,-280,-514,2432,762,0.2675616287852778,0.12559743481154334,0.5102223358037311,47.93932533322692,23.0
07/02/2026,48,25660,29283,23485,2413,6606,0,22126,0,280,2305,1507,992,-146,-450,-531,126,-817,979,-285,-514,2413,861,0.2542058641763373,0.12444793998427008,0.5165474060822898,47.11407537931765,23.5
08/02/2026,1,26297,29343,24156,2355,6606,0,22126,0,286,2177,1506,992,-106,-450,-531,375,-434,996,-125,-514,2355,1709,0.2760763578932912,0.12093895577469901,0.5707257858420649,47.444426737815725,0.0
08/02/2026,2,26688,29658,24666,2296,6606,0,22126,0,284,2210,1506,992,-104,-450,-531,385,-362,997,-125,-514,2296,1794,0.2895007896724576,0.11736947183737673,0.5761564017377971,48.31357083179956,0.5
08/02/2026,3,26385,29717,24509,2219,6606,0,22126,0,537,2097,1506,992,-106,-450,-531,687,-62,997,-532,-514,2219,1987,0.27909771338323147,0.1127109928005324,0.5884870943010478,47.67390931246824,1.0
08/02/2026,4,25381,28732,23600,2142,6606,0,22126,0,555,1895,1506,992,-106,-450,-531,699,-30,996,-566,-513,2142,1997,0.24462679392982214,0.10805251376368806,0.589125990288781,45.880128578680484,1.5
08/02/2026,5,24784,28303,23056,2065,6606,0,22126,0,550,1879,1506,992,-2,-450,-531,835,-93,997,-779,-514,2065,1961,0.22412964361738652,0.10339403472684373,0.5868259647329415,45.001470643481525,2.0
08/02/2026,6,24227,27770,22500,1987,6606,0,22126,0,550,1830,1506,992,0,-450,-531,840,-103,997,-795,-514,1987,1942,0.2050058367094692,0.09867505596224817,0.5856120623562484,44.20611463844517,2.5
08/02/2026,7,23245,26839,21609,1916,6606,0,22126,0,544,1857,1506,992,0,-450,-531,572,-118,997,-837,-514,1916,1617,0.17129025612854495,0.09437957529191118,0.5648479427549195,43.07817930089134,3.0
08/02/2026,8,22850,26446,21198,1844,6606,0,22126,0,544,1927,1507,992,0,-450,-531,561,-124,998,-833,-514,1844,1606,0.15772849000892672,0.09002359489382297,0.564145157168413,42.60056577952696,3.5
08/02/2026,9,22435,25574,20762,1782,6606,0,22126,0,294,1821,1507,992,0,-450,-531,431,-185,998,-565,-514,1782,1683,0.14348005218704937,0.08627261177324702,0.5690646562739586,41.966092083127315,4.0
08/02/2026,10,22223,25330,20511,1719,6606,0,22126,0,279,1812,1507,992,0,-450,-531,410,-189,998,-544,-514,1719,1679,0.13620133214310237,0.08246112892491984,0.5688090978788654,41.77131802691508,4.5
08/02/2026,11,22054,25802,20334,1675,6606,0,22126,0,277,1953,1509,992,-398,-450,-531,-369,-159,998,-461,-503,1675,628,0.13039895625901257,0.07979914090386593,0.5016611295681063,42.9423819107209,5.0
08/02/2026,12,21898,25605,20222,1631,6606,0,22126,0,279,2099,1509,992,-448,-450,-531,-415,-146,998,-456,-382,1631,671,0.1250429169813912,0.07713715288281203,0.504408382315359,42.73713218049624,5.5
08/02/2026,13,22453,26075,20743,1602,6606,0,22126,0,277,2073,1509,992,-497,-450,-531,-488,-22,998,-527,-230,1602,754,0.1440980567190826,0.0753826607780265,0.5097112190135445,43.591526403511786,6.0
08/02/2026,14,23344,26841,21622,1573,6606,0,22126,0,277,2229,1508,992,-499,-450,-531,-491,-34,998,-536,-79,1573,878,0.17468928105472772,0.07362816867324097,0.5176335292614362,45.03885650291016,6.5
08/02/2026,15,24319,27895,22560,1557,6606,0,22126,0,21,2265,1500,992,-592,-450,-531,-331,-387,997,-663,-1,1557,534,0.20816452653986128,0.07266017302922137,0.4956555072834143,57.33535151426972,7.0
08/02/2026,16,25120,28721,23315,1541,6606,20,22126,0,11,2385,1499,992,-595,-450,-531,-324,-418,997,-672,0,1561,498,0.23566572821534024,0.07290217194022627,0.49335548172757476,58.961972850934664,7.5
08/02/2026,17,26442,29663,24518,1544,6606,326,22126,0,11,2277,1506,992,-671,-450,-531,43,-253,998,-705,0,1870,929,0.28105472773467005,0.09159658781535483,0.5208918987988755,60.23011670584985,8.0
08/02/2026,18,27400,30532,25369,1547,6606,806,22126,0,13,2133,1283,992,-625,-450,-531,59,-217,998,-696,0,2353,813,0.31394630227288334,0.12081795631919656,0.5134807053411704,60.90161277516444,8.5
08/02/2026,19,28777,30655,26505,1497,6606,1284,22126,0,13,2084,1002,992,94,-451,-531,337,-30,998,-253,0,2781,2158,0.3612236489734258,0.14671183979672092,0.5994122156912854,60.82026542778547,9.0
08/02/2026,20,29484,31299,27040,1447,6606,1755,22126,0,13,1974,1340,992,105,-451,-531,349,-7,998,-213,0,3202,2582,0.3854974936482867,0.1721822251799867,0.6265014055711731,60.45460910481059,9.5
08/02/2026,21,30320,31919,27734,1415,6606,2339,22126,0,12,1832,1502,992,826,-451,-531,631,-5,998,110,0,3754,4072,0.4142003708027192,0.20557807489866295,0.7216969077434193,58.57813017117727,10.0
08/02/2026,22,30464,32062,27877,1382,6606,2582,22126,0,11,1832,1502,992,906,-451,-531,642,-5,998,133,0,3964,4186,0.4191444070589851,0.21828301772642023,0.7289803220035778,48.058397173971734,10.5
08/02/2026,23,30803,32400,28150,1370,6606,2813,22126,0,9,1880,1502,992,903,-451,-531,704,-5,998,173,-1,4183,4284,0.4307834924122777,0.23153245810393852,0.7352415026833632,47.96259438008226,11.0
08/02/2026,24,31394,32989,28700,1357,6606,3071,22126,0,6,1741,1502,992,903,-451,-531,706,-6,998,184,-1,4428,4296,0.45107464121403557,0.2463548914029887,0.736008177868643,48.44678590686077,11.5
08/02/2026,25,31962,33556,29225,1350,6606,2968,22126,0,6,1747,1502,992,749,-451,-531,694,-5,998,469,-1,4318,4416,0.47057611755819545,0.23969992135035392,0.7436749297214413,49.95677754591249,12.0
08/02/2026,26,32287,33876,29580,1342,6606,2731,22126,0,6,1739,1503,992,743,-451,-531,693,16,998,481,-1,4073,4443,0.4817345327199066,0.22487748805130378,0.745399948888321,51.57359017324406,12.5
08/02/2026,27,32363,33952,29668,1294,6606,2966,22126,0,6,1759,1502,992,906,-451,-531,825,270,998,197,-1,4260,4707,0.48434388518849136,0.23619093714078288,0.7622668029644774,50.737484371512735,13.0
08/02/2026,28,32605,34194,29845,1246,6606,2391,22126,0,7,1590,1502,992,911,-451,-531,825,282,997,165,0,3637,4692,0.4926526127858271,0.19849960675176961,0.7613084589828776,53.716506586754775,13.5
08/02/2026,29,32534,34291,29744,1260,6606,2099,22126,0,11,1658,1503,992,687,-451,-531,303,28,997,-164,0,3359,3364,0.4902149282428071,0.18168068243692903,0.676463071811909,56.34051807046635,14.0
08/02/2026,30,32929,34734,30176,1274,6606,1706,22126,0,11,1566,1503,992,680,-451,-531,279,-16,999,-196,0,2980,3259,0.5037766943624253,0.15875128561921473,0.6697546639407105,59.135987887811545,14.5
08/02/2026,31,33571,35840,30844,1271,6606,1223,22126,0,12,1509,1503,992,172,-451,-531,556,-163,998,-511,-1,2494,2564,0.525818856004944,0.1293484179321193,0.6253513927932532,64.07660234230858,15.0
08/02/2026,32,34316,36597,31501,1268,6606,682,22126,0,15,1288,1503,992,147,-451,-531,566,-152,998,-532,0,1950,2540,0.5513973769140974,0.09643656603545284,0.6238180424226936,69.10579761316768,15.5
08/02/2026,33,35139,37449,32198,1269,6606,297,22126,0,12,1192,1503,992,-197,-451,-531,183,224,998,-519,0,1566,2202,0.5796539174620614,0.07320467057898239,0.6022233580373115,84.33499980047303,16.0
08/02/2026,34,36194,38517,33058,1270,6606,61,22126,0,12,1109,1503,992,-214,-451,-531,167,295,998,-515,0,1331,2244,0.6158758497562316,0.05898723455744449,0.6049067211857909,89.37477831409149,16.5
08/02/2026,35,37506,39924,34148,1290,6606,0,22126,0,9,1255,1504,992,-321,-451,-531,-64,609,998,-421,-21,1290,2294,0.6609215134244317,0.056506745719644265,0.608101201124457,94.49866682807672,17.0
08/02/2026,36,38167,40561,34769,1309,6606,0,22126,0,9,1304,1503,990,-325,-451,-531,-73,664,998,-405,0,1309,2370,0.6836160131840967,0.057656240546917537,0.6129568106312292,96.8653553159311,17.5
08/02/2026,37,37635,39791,34306,1337,6606,0,22126,0,10,1213,1504,923,-123,-451,-531,-397,870,995,-44,0,1337,2746,0.6653505459040033,0.05935023292395184,0.6369792997699975,94.12811161295686,18.0
08/02/2026,38,37278,39417,34012,1364,6606,0,22126,0,11,1164,1504,921,-115,-451,-531,-409,866,996,-22,0,1364,2759,0.6530934560186775,0.06098372557323492,0.6378098645540506,92.57366515575953,18.5
08/02/2026,39,36560,38464,33358,1404,6606,0,22126,0,15,1247,1502,988,-1,-451,-531,-130,493,998,-176,0,1404,2692,0.628441941907574,0.06340371468328393,0.6335292614362382,89.72107290056579,19.0
08/02/2026,40,35904,37836,32834,1443,6606,0,22126,0,14,1422,1501,992,0,-451,-531,-119,416,998,-198,-19,1443,2589,0.6059191100734739,0.0657632040655817,0.6269486327625863,87.23099979343219,19.5
08/02/2026,41,34438,37161,31530,1464,6606,0,22126,0,17,1332,1504,992,-103,-451,-531,-352,41,999,-669,0,1464,1430,0.5555860742978782,0.06703369834835743,0.5529005877843087,83.47542570853354,20.0
08/02/2026,42,33086,35888,30205,1485,6606,0,22126,0,20,1258,1504,991,-108,-451,-531,-361,-36,996,-695,0,1485,1309,0.5091670672251597,0.06830419263113316,0.5451699463327371,69.07576243513614,20.5
08/02/2026,43,31603,34712,28852,1436,6606,0,22126,0,17,1386,1472,959,-173,-451,-531,-470,-404,906,-463,0,1436,845,0.45825036050264367,0.06533970597132313,0.5155251725019167,65.32204673758157,21.0
08/02/2026,44,30198,33374,27578,1386,6606,0,22126,0,19,1365,1468,955,-176,-451,-531,-474,-477,899,-448,0,1386,765,0.4100116734189384,0.06231471958376187,0.5104140046000512,61.57633555961932,21.5
08/02/2026,45,28786,32251,26335,1364,6606,0,22126,0,19,1412,1335,892,-288,-451,-531,-301,-808,851,-467,0,1364,232,0.36153265123944245,0.06098372557323492,0.4763608484538717,58.52435671644991,22.0
08/02/2026,46,27261,30827,24891,1341,6606,0,22126,0,56,1296,1316,886,-294,-452,-531,-295,-872,849,-466,0,1341,141,0.30917393394218223,0.059592231834956745,0.4705468949654996,54.90571406493299,22.5
08/02/2026,47,25568,29709,23238,1336,6606,0,22126,0,125,1401,1304,826,-699,-451,-463,-258,-1148,883,-330,-67,1336,-403,0.2510471743459452,0.059289733196200615,0.4357909532328137,51.75363088747338,23.0
08/02/2026,48,25006,29402,22724,1331,6606,0,22126,0,279,1440,1303,824,-717,-452,-360,-257,-1193,887,-321,-217,1331,-503,0.2317516995124631,0.05898723455744449,0.42940199335548174,50.70326469773719,23.5
09/02/2026,1,25496,29707,23178,1291,6606,0,22126,0,90,1211,1347,880,-600,-451,-277,-185,-1322,922,-320,-366,1291,-372,0.24857515621781226,0.056567245447395484,0.4377715307947866,51.702580537300115,0.0
09/02/2026,2,26303,30902,23987,1250,6606,0,22126,0,278,1757,1353,887,-595,-452,-332,-183,-1342,926,-321,-496,1250,-555,0.27628235940396895,0.054086756609595256,0.4260797342192691,53.869350147554826,0.5
09/02/2026,3,26010,30494,23708,1219,6606,0,22126,0,278,1656,1484,985,-485,-451,-354,-107,-1377,993,-318,-514,1219,-144,0.2662226189658724,0.05221126504930728,0.4523383593151035,52.78385119716569,1.0
09/02/2026,4,25446,29910,23207,1187,6606,0,22126,0,280,1504,1503,992,-481,-452,-340,-105,-1384,998,-308,-514,1187,-91,0.2468584769621644,0.05027527376126807,0.45572450805008946,51.57028805149024,1.5
09/02/2026,5,25156,29087,22988,1170,6606,0,22126,0,99,1522,1503,992,-377,-451,-445,55,-1445,997,12,-514,1170,327,0.23690173727940672,0.049246778389497245,0.4824303603373371,50.462921948503016,2.0
09/02/2026,6,24920,28936,22770,1152,6606,0,22126,0,279,1561,1503,992,-373,-452,-345,61,-1453,998,30,-514,1152,447,0.22879901119274876,0.04815778328997519,0.49009711219013546,49.8631598983013,2.5
09/02/2026,7,24193,27925,22124,1164,6606,0,22126,0,134,1241,1504,992,-248,-452,-225,-44,-1453,998,-62,-514,1164,496,0.20383849481562866,0.048883780022989896,0.4932277025300281,48.263130159522966,3.0
09/02/2026,8,24078,27950,22019,1175,6606,0,22126,0,277,1373,1503,992,-243,-451,-199,-47,-1452,998,-89,-514,1175,498,0.19989013252763854,0.049549277028253375,0.49335548172757476,47.99815972564367,3.5
09/02/2026,9,23889,28528,21882,1166,6606,0,22126,0,140,1622,1504,992,-394,-452,-78,-282,-1453,997,-726,-514,1166,-406,0.19340108494128957,0.04900477947849235,0.43559928443649376,48.80493190644527,4.0
09/02/2026,10,23741,28560,21659,1156,6606,0,22126,0,283,1626,1504,983,-418,-452,-19,-302,-1453,990,-778,-514,1156,-459,0.18831971434457187,0.048399782200980096,0.43221313570150777,48.61118763838736,4.5
09/02/2026,11,23730,29897,21636,1176,6606,0,22126,0,35,2197,1099,677,-1070,-409,-47,-985,-1453,721,-1072,-496,1176,-3035,0.18794204490832933,0.0496097767560046,0.26763352926143624,51.82486689315431,5.0
09/02/2026,12,24761,30738,22589,1196,6606,0,22126,0,22,2064,1040,651,-1093,-264,-66,-1021,-1453,699,-1093,-365,1196,-2965,0.22333997115978851,0.0508197713110291,0.2721058011755686,53.75268284490064,5.5
09/02/2026,13,27468,33235,25051,1245,6606,0,22126,0,136,2344,577,467,-1093,-121,0,-1021,-1453,487,-1093,-250,1245,-3500,0.31628098606056443,0.05378425797083913,0.23792486583184258,60.41348632212922,6.0
09/02/2026,14,30033,35902,27419,1293,6606,0,22126,0,81,2263,508,451,-1091,-184,0,-1018,-1453,466,-1093,-349,1293,-3763,0.4043466318753004,0.056688244902897936,0.2211219013544595,67.30276114277105,6.5
09/02/2026,15,33118,38163,30257,1391,6606,0,22126,0,17,2077,58,337,-688,-281,0,-538,-1453,181,-1093,-375,1391,-3852,0.5102657419487743,0.06261721822251799,0.21543572706363404,86.24675063766054,7.0
09/02/2026,16,34108,39336,31079,1488,6606,8,22126,0,12,1663,2,342,-671,-400,0,-517,-1453,180,-1093,-482,1496,-4092,0.5442559912106022,0.06896968963639663,0.20010222335803732,89.25292860001665,7.5
09/02/2026,17,35698,40994,32456,1525,6606,183,22126,0,11,1474,893,777,-705,-333,0,-587,-1453,753,-1093,-514,1708,-2262,0.5988463915402046,0.08179563191965636,0.3170201891132124,91.20007220320541,8.0
09/02/2026,18,36321,41717,33012,1561,6606,597,22126,0,11,1286,1026,811,-708,-427,0,-590,-1453,795,-1093,-514,2158,-2153,0.6202362150655771,0.10902050940770766,0.3239841553795042,90.73964007547818,8.5
09/02/2026,19,36864,42792,33491,1561,6606,1196,22126,0,10,1209,1448,980,-1078,-450,0,-730,-1453,986,-1093,-514,2757,-1904,0.638879351781913,0.1452598463306915,0.33989266547406083,89.01913834158908,9.0
09/02/2026,20,36758,42755,33411,1561,6606,1819,22126,0,9,1116,1508,992,-1094,-450,-49,-735,-1453,998,-1093,-514,3380,-1890,0.6352399917599396,0.18295117671970476,0.3407871198568873,85.37923230429868,9.5
09/02/2026,21,36300,42698,32983,1579,6606,2138,22126,0,9,1064,1508,992,-1094,-450,-192,-993,-1453,998,-1093,-514,3717,-2291,0.6195152097782051,0.20333958497186763,0.3151673907487861,82.76920206797317,10.0
09/02/2026,22,35999,42413,32664,1596,6606,2690,22126,0,9,1061,1508,992,-1094,-421,-227,-1003,-1453,999,-1093,-514,4286,-2306,0.6091808006592049,0.23776393006231472,0.3142090467671863,69.22716269499425,10.5
09/02/2026,23,35794,42272,32466,1578,6606,2926,22126,0,9,1223,1508,992,-1016,-450,-371,-972,-1453,999,-1093,-514,4504,-2370,0.6021424157110485,0.2509528707120818,0.3101201124456938,67.75475404916048,11.0
09/02/2026,24,35161,41772,31797,1560,6606,2841,22126,0,9,1163,1508,992,-1014,-450,-507,-971,-1453,999,-1093,-514,4401,-2503,0.5804092563345464,0.2447213987537056,0.3016227958088423,66.60345263822674,11.5
09/02/2026,25,35061,41698,31679,1572,6606,3113,22126,0,9,1062,1508,992,-1000,-450,-531,-987,-1453,999,-1093,-514,4685,-2529,0.5769758978232506,0.2619033214350535,0.299961666240736,65.17894664857748,12.0
09/02/2026,26,34927,41563,31530,1584,6606,2905,22126,0,9,1153,1508,992,-999,-450,-531,-987,-1453,998,-1093,-514,4489,-2529,0.5723751974181144,0.2500453747958134,0.299961666240736,65.6282042011389,12.5
09/02/2026,27,35191,41851,31780,1588,6606,2726,22126,0,9,1194,1508,992,-1024,-450,-531,-986,-1453,998,-1093,-514,4314,-2553,0.5814392638879352,0.23945792243934902,0.2984283158701763,67.12234083887186,13.0
09/02/2026,28,35379,42038,31934,1591,6606,2301,22126,0,11,1107,1508,992,-1025,-450,-531,-982,-1453,999,-1093,-514,3892,-2549,0.5878939778891712,0.21392703732833201,0.2986838742652696,69.51534686835755,13.5
09/02/2026,29,35585,41840,32257,1592,6606,2258,22126,0,13,1161,1507,992,-1091,-450,-531,-510,-1453,998,-1093,-514,3850,-2145,0.5949666964224404,0.21138604876278055,0.32449527216969076,69.79522774616063,14.0
09/02/2026,30,35410,41646,32133,1592,6606,1592,22126,0,13,1173,1507,992,-1093,-450,-531,-489,-1453,998,-1093,-514,3184,-2126,0.5889583190276728,0.17109323008046465,0.3257091745463839,72.38802632141679,14.5
09/02/2026,31,35368,41816,32142,1596,6606,949,22126,0,15,1274,1507,992,-1079,-450,-531,-713,-1453,998,-1093,-514,2545,-2336,0.5875163084529287,0.1324339040474318,0.3122923588039867,75.70778772858375,15.0
09/02/2026,32,36059,42513,32853,1599,6606,598,22126,0,12,1498,1507,992,-1078,-450,-531,-723,-1453,999,-1093,-514,2197,-2344,0.6112408157659823,0.11137999879000544,0.31178124201380014,79.86425800753658,15.5
09/02/2026,33,37205,43962,33943,1635,6606,272,22126,0,17,1335,1508,992,-1089,-450,-531,-1010,-1453,998,-1093,-514,1907,-2642,0.6505871043054315,0.09383507774215016,0.29274214157935086,95.95195815330499,16.0
09/02/2026,34,38528,45292,35247,1671,6606,49,22126,0,11,1566,1508,992,-1091,-450,-531,-1021,-1453,998,-1093,-514,1720,-2655,0.6960104374098743,0.08252162865267107,0.2919115767952977,102.10864820912882,16.5
09/02/2026,35,39693,46448,36150,1734,6606,0,22126,0,11,1500,1507,992,-1090,-450,-531,-1013,-1453,998,-1093,-514,1734,-2647,0.7360090640664698,0.08336862484118822,0.2924226935854843,106.64722252044356,17.0
09/02/2026,36,40747,47501,37030,1796,6606,0,22126,0,11,1591,1508,992,-1089,-450,-531,-1013,-1453,998,-1093,-514,1796,-2645,0.772196662775527,0.08711960796176417,0.2925504727830309,110.5831030784455,17.5
09/02/2026,37,40494,47266,36829,1850,6606,0,22126,0,18,1621,1507,992,-1092,-450,-531,-1021,-1453,982,-1093,-514,1850,-2673,0.7635102657419488,0.09038659326033033,0.29076156401737796,109.19931025882894,18.0
09/02/2026,38,39749,46519,36246,1904,6606,0,22126,0,16,1770,1508,992,-1091,-450,-531,-1022,-1453,981,-1093,-514,1904,-2673,0.7379317448327954,0.09365357855889649,0.29076156401737796,105.79809248843283,18.5
09/02/2026,39,38831,45554,35505,1966,6606,0,22126,0,15,1817,1507,992,-1089,-450,-531,-978,-1453,997,-1093,-514,1966,-2612,0.7064135136991004,0.09740456167947244,0.29465882954255046,101.69474132513156,19.0
09/02/2026,40,37331,44053,34180,2028,6606,0,22126,0,14,1915,1508,992,-1090,-450,-531,-977,-1453,998,-1093,-514,2028,-2610,0.6549131360296642,0.1011555448000484,0.2947866087400971,95.66497511304874,19.5
09/02/2026,41,36086,42852,33093,2035,6606,0,22126,0,13,2132,1508,992,-1092,-450,-531,-1020,-1453,998,-1093,-514,2035,-2655,0.6121678225640321,0.10157904289430697,0.2919115767952977,91.24316419530328,20.0
09/02/2026,42,34910,41676,32043,2042,6606,0,22126,0,11,2183,1508,992,-1092,-450,-531,-1022,-1453,998,-1093,-514,2042,-2657,0.5717915264711941,0.10200254098856555,0.2917837975977511,77.21801033008362,20.5
09/02/2026,43,33559,40217,30721,1947,6606,0,22126,0,12,2216,1507,992,-1026,-450,-531,-992,-1453,998,-1080,-514,1947,-2549,0.5254068529835886,0.09625506685219916,0.2986838742652696,73.20521996085787,21.0
09/02/2026,44,31538,38190,28903,1851,6606,0,22126,0,12,2538,1507,992,-1024,-450,-531,-991,-1453,998,-1077,-514,1851,-2543,0.45601867747030145,0.09044709298808155,0.2990672118579095,67.56454507486187,21.5
09/02/2026,45,29965,36386,27502,1840,6606,0,22126,0,12,2696,1507,992,-983,-450,-531,-863,-1453,998,-1015,-514,1840,-2312,0.4020119480876193,0.08978159598281808,0.3138257091745464,62.959783427058596,22.0
09/02/2026,46,28269,34613,25961,1829,6606,0,22126,0,12,2888,1507,992,-981,-450,-480,-842,-1453,998,-1012,-514,1829,-2235,0.3437821877360434,0.0891160989775546,0.318745208280092,58.59418938032606,22.5
09/02/2026,47,27023,32418,24826,1752,6606,0,22126,0,12,2974,1506,992,-942,-382,-379,-71,-1453,997,-1085,-471,1752,-1288,0.30100254068529836,0.08445761994071027,0.37924865831842575,54.73490202483891,23.0
09/02/2026,48,26013,31205,23930,1675,6606,0,22126,0,12,3022,1506,992,-940,-330,-246,-24,-1439,997,-1090,-511,1675,-1085,0.26632561972121127,0.07979914090386593,0.39221824686940965,52.50221326234414,23.5
10/02/2026,1,26280,31334,24179,1661,6606,0,22126,0,12,2997,1505,991,-932,-351,-292,318,-1263,997,-1090,-514,1661,-631,0.2754926869463709,0.07895214471534878,0.4212241247124968,52.54435172657229,0.0
10/02/2026,2,27046,31980,25024,1646,6606,0,22126,0,12,3330,1505,991,-932,-351,-195,331,-1240,997,-1090,-514,1646,-498,0.3017922131428964,0.07804464879908041,0.4297214413493483,54.13969858774389,0.5
10/02/2026,3,27271,32553,25285,1622,6606,0,22126,0,271,3397,1504,991,-966,-351,-251,500,-1239,997,-1090,-514,1622,-419,0.30951726979331184,0.076592655333051,0.43476871965244057,54.642769299979804,1.0
10/02/2026,4,26737,32128,24806,1598,6606,0,22126,0,443,3309,1505,991,-968,-351,-186,506,-1239,997,-1090,-514,1598,-349,0.2911831353429925,0.0751406618670216,0.439240991566573,53.40874674711452,1.5
10/02/2026,5,26282,31827,24448,1582,6606,0,22126,0,613,3441,1505,991,-834,-351,-304,523,-1239,997,-1090,-514,1582,-316,0.2755613541165969,0.07417266622300199,0.4413493483260925,52.403731428142194,2.0
10/02/2026,6,25918,31404,24061,1566,6606,0,22126,0,611,3441,1504,991,-829,-351,-252,523,-1239,996,-1090,-514,1566,-261,0.2630639291354803,0.07320467057898239,0.4448632762586251,51.59194380645463,2.5
10/02/2026,7,25287,30864,23496,1572,6606,0,22126,0,611,3397,1505,991,-901,-413,-209,253,-1239,997,-1090,-514,1572,-620,0.24139943692920415,0.07356766894548974,0.4219269102990033,50.700459343495766,3.0
10/02/2026,8,24597,30287,22864,1578,6606,0,22126,0,694,3516,1506,991,-904,-450,-184,230,-1254,996,-1090,-514,1578,-673,0.21770926320126346,0.0739306673119971,0.41854076156401737,49.35997235556361,3.5
10/02/2026,9,24077,30582,22388,1627,6606,0,22126,0,662,3567,1508,991,-1063,-450,-221,-474,-1431,997,-1090,-514,1627,-1747,0.1998557989425256,0.07689515397180713,0.349923332481472,49.59606990161427,4.0
10/02/2026,10,23817,30264,22157,1676,6606,0,22126,0,647,3541,1507,991,-1068,-432,-139,-516,-1453,997,-1090,-502,1676,-1705,0.19092906681315663,0.07985964063161716,0.35260669562995145,48.929424586916504,4.5
10/02/2026,11,24325,30895,22631,1709,6606,0,22126,0,627,3605,1508,991,-1075,-303,-16,-1000,-1453,998,-1090,-406,1709,-1846,0.20837052805053904,0.08185613164740758,0.34359826220291334,49.96752547837599,5.0
10/02/2026,12,25272,31889,23504,1742,6606,0,22126,0,687,3844,1508,991,-1075,-201,0,-1021,-1453,995,-1093,-487,1742,-1836,0.2408844331525098,0.08385262266319801,0.34423715819064654,51.71459485272459,5.5
10/02/2026,13,27688,34091,25840,1775,6606,0,22126,0,491,4049,1298,964,-1093,-220,0,-1021,-1453,900,-1094,-431,1775,-2150,0.3238343747854151,0.08584911367898844,0.3241758241758242,57.29260416776411,6.0
10/02/2026,14,30346,36467,28346,1807,6606,0,22126,0,17,4169,1267,948,-1093,-349,0,-1022,-1453,895,-1094,-493,1807,-2394,0.4150930440156561,0.08778510496702766,0.3085867620751342,64.22626258796838,6.5
10/02/2026,15,32764,38742,30563,1808,6606,0,22126,0,11,4164,814,462,-1090,-305,0,-1021,-1453,931,-1093,-405,1808,-3160,0.49811165281878733,0.08784560469477887,0.25964732941477126,82.19524519821016,7.0
10/02/2026,16,34188,40367,31848,1808,6606,2,22126,0,12,4015,749,439,-1089,-419,0,-1022,-1453,929,-1094,-490,1810,-3450,0.5470026780196389,0.08796660415028132,0.24111934577050856,87.06156910767059,7.5
10/02/2026,17,35306,41564,32686,1809,6606,87,22126,0,14,4022,791,796,-1088,-450,-25,-1021,-1453,792,-1093,-514,1896,-3265,0.5853876261759253,0.09316958073688668,0.2529389215435727,90.0983554494086,8.0
10/02/2026,18,35990,42274,33315,1809,6606,344,22126,0,9,4058,798,825,-1088,-450,-55,-1021,-1453,789,-1094,-514,2153,-3263,0.6088717983931882,0.10871801076895155,0.25306670074111937,91.04122627432879,8.5
10/02/2026,19,36744,42865,33980,1781,6606,698,22126,0,15,3968,1418,981,-1087,-450,-144,-765,-1453,985,-1093,-514,2479,-2122,0.6347593215683581,0.12844092201585092,0.32596473294147715,90.39934984695401,9.0
10/02/2026,20,36876,42993,34126,1753,6606,1049,22126,0,13,3974,1508,991,-1087,-450,-152,-755,-1453,998,-1093,-514,2802,-2007,0.6392913548032686,0.14798233407949665,0.3333120368004089,88.94901666441078,9.5
10/02/2026,21,36895,42668,34140,1767,6606,1299,22126,0,10,3988,1508,991,-968,-451,-124,-559,-1453,999,-1094,-514,3066,-1665,0.6399436929204148,0.16395426220582007,0.35516227958088425,87.16983054814455,10.0
10/02/2026,22,36714,42448,33986,1780,6606,1334,22126,0,9,4033,1508,991,-956,-451,-106,-552,-1453,998,-1093,-514,3114,-1628,0.6337293140149695,0.1668582491378789,0.35752619473549707,76.27101666492058,10.5
10/02/2026,23,36627,41859,33875,1835,6606,1575,22126,0,11,3801,1507,991,-351,-451,-255,-504,-1453,999,-1093,-514,3410,-1124,0.6307422921101421,0.1847661685522415,0.3897265525172502,73.82585774451735,11.0
10/02/2026,24,36712,41974,33956,1889,6606,1685,22126,0,12,3898,1507,991,-318,-451,-325,-501,-1453,999,-1088,-514,3574,-1153,0.6336606468447435,0.19468812390344242,0.38787375415282394,73.31011962747705,11.5
10/02/2026,25,37205,42040,34448,1934,6606,1651,22126,0,11,3969,1507,992,-319,-451,-390,-213,-1453,999,-884,-514,3585,-726,0.6505871043054315,0.19535362090870592,0.41515461282903143,74.29403475270648,12.0
10/02/2026,26,37056,41992,34304,1979,6606,1607,22126,0,9,3899,1505,992,-319,-451,-513,-202,-1453,998,-875,-514,3586,-832,0.6454714001236009,0.19541412063645713,0.40838231535905956,73.94187936783128,12.5
10/02/2026,27,37170,42399,34418,2023,6606,1380,22126,0,12,3881,1506,991,-390,-451,-531,-202,-1453,998,-1076,-514,3403,-1122,0.6493854288264781,0.18434267045798294,0.38985433171479683,75.62393643168241,13.0
10/02/2026,28,37204,42452,34339,2067,6606,1076,22126,0,13,3828,1506,990,-393,-451,-531,-204,-1453,998,-1089,-514,3143,-1141,0.6505527707203186,0.1686127412426644,0.3886404293381038,77.12689152554607,13.5
10/02/2026,29,36697,42583,33887,2054,6606,896,22126,0,9,3871,1360,927,-652,-451,-531,-587,-1453,981,-1089,-514,2950,-2009,0.6331456430680492,0.15693629378667795,0.33318425760286224,77.56057241764361,14.0
10/02/2026,30,36792,42710,34026,2040,6606,622,22126,0,12,3947,1339,925,-665,-451,-531,-603,-1453,980,-1089,-514,2662,-2062,0.6364073336537801,0.13951237219432513,0.3297981088678763,79.48923616639152,14.5
10/02/2026,31,36870,43297,34123,2065,6606,535,22126,0,11,4113,1486,987,-1066,-451,-531,-701,-1453,997,-1089,-514,2600,-2335,0.6390853532925909,0.13576138907374916,0.31235624840276005,80.44354826885414,15.0
10/02/2026,32,37507,44005,34796,2089,6606,321,22126,0,8,4373,1507,991,-1083,-451,-531,-705,-1453,998,-1089,-514,2410,-2330,0.6609558470095447,0.1242664408010164,0.3126756963966266,83.73885785260651,15.5
10/02/2026,33,38191,44577,35342,2119,6606,149,22126,0,15,4367,1507,991,-1069,-451,-531,-655,-1453,998,-1089,-514,2268,-2266,0.6844400192268076,0.11567547946034243,0.3167646307181191,96.98162987264519,16.0
10/02/2026,34,39240,45606,36309,2149,6606,22,22126,0,12,4662,1507,990,-1064,-451,-531,-654,-1453,998,-1087,-514,2171,-2259,0.7204559500103,0.1098070058684736,0.3172118579095323,101.5533186450588,16.5
10/02/2026,35,40489,46168,37475,2163,6606,0,22126,0,11,4683,1502,927,-563,-451,-531,-556,-1453,983,-1000,-514,2163,-1656,0.763338597816384,0.10932300804646379,0.3557372859698441,105.80329145159037,17.0
10/02/2026,36,41313,46947,38289,2176,6606,0,22126,0,2,4703,1502,925,-538,-451,-531,-551,-1453,982,-994,-514,2176,-1623,0.791629471949461,0.11010950450722971,0.35784564272936364,109.07314884952186,17.5
10/02/2026,37,41036,46110,38043,2185,6606,0,22126,0,9,4576,1505,988,-356,-451,-531,-182,-1453,997,-978,-514,2185,-975,0.7821190688731717,0.11065400205699075,0.3992461027344748,107.03214079579516,18.0
10/02/2026,38,40367,45414,37456,2193,6606,0,22126,0,12,4518,1505,992,-350,-451,-531,-166,-1446,998,-977,-514,2193,-940,0.7591499004326032,0.11113799987900054,0.40148223869154104,104.19737664264883,18.5
10/02/2026,39,39730,44753,36904,2226,6606,0,22126,0,14,4358,1505,992,-542,-451,-531,207,-1364,998,-1007,-514,2226,-707,0.7372794067156493,0.11313449089479097,0.4163685152057245,101.14318379436932,19.0
10/02/2026,40,38643,43670,35900,2258,6606,0,22126,0,12,4422,1505,992,-549,-451,-531,221,-1360,998,-1010,-514,2258,-699,0.6999587996978645,0.11507048218283018,0.41687963199591105,96.73430552044549,19.5
10/02/2026,41,37236,42406,34669,2242,6606,0,22126,0,12,4404,1505,992,-587,-451,-531,349,-1443,998,-1032,-514,2242,-714,0.6516514454439333,0.11410248653881057,0.4159212880143113,91.66209045450567,20.0
10/02/2026,42,36029,41195,33515,2226,6606,0,22126,0,12,4508,1504,992,-588,-451,-531,353,-1434,997,-1036,-514,2226,-708,0.6102108082125935,0.11313449089479097,0.4163046256069512,77.51339700381472,20.5
10/02/2026,43,34361,39427,32021,2198,6606,0,22126,0,10,4231,1505,992,-678,-451,-531,321,-1196,997,-1086,-514,2198,-641,0.5529423882441804,0.11144049851775667,0.4205852287247636,72.05821111765944,21.0
10/02/2026,44,32474,37535,30312,2169,6606,0,22126,0,10,4068,1505,991,-682,-451,-531,319,-1185,997,-1088,-514,2169,-639,0.48815491313602966,0.10968600641297115,0.42071300792231026,66.41567897597467,21.5
10/02/2026,45,30595,35795,28563,2158,6606,0,22126,0,10,4057,1506,992,-680,-451,-525,355,-1423,997,-998,-513,2158,-740,0.42364210670878255,0.10902050940770766,0.41426015844620495,61.32907078649275,22.0
10/02/2026,46,28856,33968,26988,2146,6606,0,22126,0,10,4000,1506,992,-676,-452,-413,363,-1453,998,-994,-514,2146,-643,0.36393600219734945,0.10829451267469296,0.420457449527217,56.8206099870306,22.5
10/02/2026,47,27582,32086,25674,2123,6606,0,22126,0,9,3998,1504,992,-200,-383,-274,920,-1453,997,-1086,-499,2123,518,0.3201950147634416,0.10690301893641478,0.49463327370304117,52.43765307741699,23.0
10/02/2026,48,26794,31098,24927,2099,6606,0,22126,0,9,4073,1504,992,-177,-300,-297,947,-1439,997,-1082,-400,2099,745,0.2931401496944311,0.10545102547038539,0.5091362126245847,50.49298341229334,23.5
11/02/2026,1,26958,30976,25113,2122,6606,0,22126,0,9,3936,1504,991,-106,-423,-409,812,-1263,997,-721,-487,2122,895,0.29877085765295613,0.10684251920866356,0.5187196524405827,50.581354906925895,0.0
11/02/2026,2,27445,31358,25654,2144,6606,0,22126,0,8,3913,1504,991,-104,-447,-305,807,-1241,997,-694,-514,2144,994,0.3154913136029664,0.10817351321919051,0.5250447227191414,51.45239291451815,0.5
11/02/2026,3,26892,30854,25177,2144,6606,0,22126,0,9,3870,1505,991,-143,-450,-378,608,-1241,997,-627,-514,2144,748,0.29650484103550095,0.10817351321919051,0.5093278814209047,50.55655195864951,1.0
11/02/2026,4,26452,30533,24788,2143,6606,0,22126,0,9,3891,1505,992,-145,-450,-491,601,-1241,997,-631,-514,2143,623,0.2813980635857996,0.10811301349143929,0.5013416815742398,49.7873610223763,1.5
11/02/2026,5,25660,30248,24031,2157,6606,0,22126,0,9,3938,1505,992,-297,-450,-531,512,-1241,997,-946,-514,2157,27,0.2542058641763373,0.10896000967995643,0.4632634807053412,48.899946157451005,2.0
11/02/2026,6,25279,29897,23667,2170,6606,0,22126,0,9,4019,1505,992,-303,-450,-531,510,-1241,997,-970,-514,2170,-5,0.24112476824830048,0.10974650614072237,0.46121901354459494,48.1638301400829,2.5
11/02/2026,7,24746,29605,23179,2178,6606,0,22126,0,9,4103,1505,992,-476,-450,-531,780,-1240,997,-1039,-514,2178,24,0.22282496738309415,0.11023050396273217,0.4630718119090212,47.10529812983653,3.0
11/02/2026,8,24288,29128,22700,2185,6606,0,22126,0,9,4163,1505,992,-484,-450,-484,786,-1255,997,-1044,-514,2185,49,0.2071001854013596,0.11065400205699075,0.4646690518783542,46.22911829367931,3.5
11/02/2026,9,23729,28932,22177,2215,6606,0,22126,0,9,4231,1506,992,-825,-430,-336,310,-1431,997,-1058,-514,2215,-789,0.18790771132321638,0.1124689938895275,0.4111295681063123,46.261107279398985,4.0
11/02/2026,10,23640,28758,22025,2245,6606,0,22126,0,9,4206,1506,992,-839,-433,-224,267,-1453,997,-1061,-499,2245,-747,0.18485202224816316,0.11428398572206425,0.41381293125479174,45.988093559917694,4.5
11/02/2026,11,24174,29752,22622,2252,6606,0,22126,0,9,4586,1508,992,-1081,-303,-74,-577,-1453,998,-1089,-392,2252,-1471,0.20318615669848245,0.11470748381632283,0.36755686174290825,47.80479305189074,5.0
11/02/2026,12,24776,30265,23146,2258,6606,0,22126,0,9,4566,1508,992,-1091,-160,-24,-631,-1453,997,-1092,-429,2258,-1383,0.22385497493648288,0.11507048218283018,0.37317914643496036,48.748545555095376,5.5
11/02/2026,13,27200,32662,25337,2302,6606,0,22126,0,9,4682,1508,992,-1090,-39,0,-857,-1453,997,-1092,-322,2302,-1356,0.30707958525029183,0.11773247020388408,0.37490416560184003,53.40426579044221,6.0
11/02/2026,14,29902,35547,27811,2345,6606,0,22126,0,9,4707,1508,992,-1090,-145,0,-866,-1453,998,-1092,-390,2345,-1538,0.399848932225503,0.12033395849718677,0.3632762586250958,59.80613059390308,6.5
11/02/2026,15,32408,38322,30177,2443,6606,0,22126,0,9,4522,1508,992,-1071,-296,0,-1016,-1453,998,-1092,-377,2443,-1807,0.4858888965185745,0.1262629318168068,0.34608995655507285,76.48571884439795,7.0
11/02/2026,16,33274,39438,30883,2541,6606,3,22126,0,9,4306,1508,992,-1070,-430,0,-1022,-1453,998,-1092,-488,2544,-2057,0.5156217812263957,0.13237340431968056,0.33011755686174293,78.86407708632844,7.5
11/02/2026,17,34717,40832,32204,2583,6606,123,22126,0,10,4549,1508,992,-1040,-451,-40,-915,-1453,998,-1092,-514,2706,-2007,0.5651651445443934,0.14217436021537902,0.3333120368004089,82.41040645694267,8.0
11/02/2026,18,34987,41170,32402,2625,6606,390,22126,0,6,4341,1507,992,-1038,-451,-139,-890,-1453,998,-1092,-514,3015,-2080,0.5744352125248918,0.1608687760905076,0.32864809608995654,81.84061513718345,8.5
11/02/2026,19,35400,40874,32703,2675,6606,732,22126,0,8,4094,1506,992,-1070,-450,-253,-34,-1453,998,-1092,-514,3407,-1370,0.5886149831765433,0.18458466936898785,0.37400971121901355,80.32129469013773,9.0
11/02/2026,20,35324,40719,32547,2724,6606,1288,22126,0,8,3866,1505,992,-1071,-450,-207,20,-1453,998,-1092,-514,4012,-1272,0.5860056307079585,0.22118700465847904,0.38027089189879887,77.18475504534578,9.5
11/02/2026,21,35088,40716,32252,2732,6606,1913,22126,0,6,3845,1506,992,-1069,-451,-260,-188,-1453,998,-1087,-514,4645,-1526,0.5779029046213006,0.25948333232500453,0.36404293381037567,74.13421898017575,10.0
11/02/2026,22,35224,40906,32376,2739,6606,2185,22126,0,5,3876,1506,992,-1068,-450,-312,-195,-1453,997,-1085,-514,4924,-1582,0.5825722721966627,0.27636275636759633,0.36046511627906974,63.4285619263135,10.5
11/02/2026,23,34479,40370,31611,2772,6606,2999,22126,0,5,3658,1507,992,-883,-450,-436,-459,-1453,998,-1091,-514,5771,-1789,0.5569937512875094,0.327606025772884,0.3472399693329926,58.66389360866039,11.0
11/02/2026,24,34370,40358,31389,2805,6606,2936,22126,0,5,3715,1506,992,-876,-450,-530,-469,-1453,998,-1091,-514,5741,-1887,0.5532513905101971,0.32579103394034725,0.34097878865320724,58.64104165778632,11.5
11/02/2026,25,34094,40340,31177,2800,6606,3312,22126,0,5,3777,1070,992,-869,-450,-531,-733,-1453,998,-1091,-514,6112,-2581,0.5437753210190208,0.3482364329360518,0.29663940710452336,57.66525911575226,12.0
11/02/2026,26,33914,40170,31067,2794,6606,3452,22126,0,5,3661,1003,992,-869,-450,-531,-743,-1453,998,-1091,-514,6246,-2658,0.5375952756986885,0.35634339645471597,0.2917199079989778,56.950245598094796,12.5
11/02/2026,27,34153,40195,31285,2693,6606,3319,22126,0,5,3648,1003,992,-865,-450,-531,-533,-1453,998,-1091,-514,6012,-2444,0.5458010025406853,0.3421864601609293,0.3053922821364682,57.94613356618122,13.0
11/02/2026,28,34163,40197,31239,2591,6606,3482,22126,0,5,3639,1003,992,-864,-450,-531,-526,-1453,998,-1091,-514,6073,-2436,0.5461443383918149,0.34587694355375403,0.30590339892665475,57.7578190166403,13.5
11/02/2026,29,33982,40026,31058,2531,6606,3004,22126,0,7,3651,1002,992,-849,-450,-531,-549,-1453,998,-1091,-514,5535,-2445,0.5399299594863696,0.3133280900235949,0.30532839253769484,59.171692262634494,14.0
11/02/2026,30,34168,40183,31307,2470,6606,2380,22126,0,9,3667,1003,992,-849,-450,-531,-518,-1453,998,-1091,-514,4850,-2413,0.5463160063173796,0.2718857765140057,0.3073728596984411,62.06732682510215,14.5
11/02/2026,31,34752,40202,31922,2379,6606,1522,22126,0,10,3739,1001,992,-801,-450,-531,463,-1453,998,-1091,-514,3901,-1386,0.5663668200233468,0.21447153487809306,0.37298747763864043,66.19059470426583,15.0
11/02/2026,32,35994,41440,33179,2288,6606,824,22126,0,8,3797,1009,992,-799,-450,-531,531,-1453,998,-1091,-514,3112,-1308,0.6090091327336401,0.16673724968237644,0.37797086634295934,73.53509560427777,15.5
11/02/2026,33,36830,42430,33984,2223,6606,448,22126,0,10,3894,1488,992,-950,-450,-531,687,-1453,998,-1092,-514,2671,-825,0.6377120098880725,0.14005686974408615,0.40882954255047277,87.9898217628947,16.0
11/02/2026,34,37875,43364,35004,2157,6606,76,22126,0,10,4008,1502,992,-840,-450,-531,694,-1453,998,-1091,-514,2233,-693,0.6735906063311131,0.11355798898904955,0.41726296958855097,94.00981714102215,16.5
11/02/2026,35,39409,44059,36445,2138,6606,0,22126,0,10,4071,1501,992,206,-450,-531,976,-1453,998,-1092,-514,2138,633,0.7262583258943899,0.10781051485268316,0.5019805775619729,98.72506773789236,17.0
11/02/2026,36,40187,44812,37247,2119,6606,0,22126,0,13,4227,1501,992,226,-450,-531,987,-1422,998,-1095,-514,2119,692,0.7529698551122708,0.10666102002540989,0.5057500638895988,101.86686894461666,17.5
11/02/2026,37,40156,44362,37202,2106,6606,0,22126,0,9,4069,1501,992,487,-450,-531,996,-1027,998,-1076,-513,2106,1377,0.7519055139737691,0.10587452356464395,0.5495144390493227,100.95105850516471,18.0
11/02/2026,38,39699,43869,36748,2093,6606,0,22126,0,8,4125,1501,992,503,-450,-531,997,-996,998,-1071,-514,2093,1429,0.7362150655771476,0.10508802710387803,0.5528366981855354,99.13850816778125,18.5
11/02/2026,39,39003,43419,36225,2121,6606,0,22126,0,9,4162,1501,992,1007,-450,-531,997,-1221,997,-1091,-514,2121,1687,0.7123188903385291,0.10678201948091233,0.5693202146690519,95.9033848538148,19.0
11/02/2026,40,38304,42737,35639,2149,6606,0,22126,0,8,4390,1501,992,1032,-450,-531,997,-1238,997,-1092,-514,2149,1694,0.6883197143445718,0.10847601185794664,0.5697674418604651,93.05628253963906,19.5
11/02/2026,41,37152,41383,34608,2130,6606,0,22126,0,10,4321,1501,992,940,-450,-524,888,-1095,998,-1038,-514,2130,1698,0.6487674242944448,0.10732651703067336,0.5700230002555584,88.91993681926336,20.0
11/02/2026,42,35644,39756,33205,2110,6606,0,22126,0,9,4365,1502,992,931,-450,-445,884,-1061,998,-1033,-514,2110,1804,0.5969923779441049,0.10611652247564886,0.5767952977255303,73.61783981789743,20.5
11/02/2026,43,33813,37741,31520,2084,6606,0,22126,0,9,4299,1502,992,359,-447,-496,742,-849,998,-1013,-514,2084,1274,0.5341275836022797,0.10454352955411701,0.5429338103756708,68.44266881950156,21.0
11/02/2026,44,31964,35769,29878,2058,6606,0,22126,0,158,4146,1502,992,326,-345,-365,737,-816,998,-1007,-514,2058,1508,0.47064478472842136,0.10297053663258515,0.5578839764886276,62.69005692315706,21.5
11/02/2026,45,30549,34025,28545,2112,6606,0,22126,0,371,4149,1502,992,105,-199,-212,987,-726,998,-854,-514,2112,2079,0.4220627617935865,0.10623752193115131,0.5943649373881932,57.79282099409494,22.0
11/02/2026,46,28898,32457,27039,2166,6606,0,22126,0,564,4210,1502,992,102,-233,-65,997,-746,998,-837,-514,2166,2196,0.36537801277209364,0.10950450722971747,0.6018400204446716,53.221459935411445,22.5
11/02/2026,47,27298,31245,25492,2127,6606,0,22126,0,566,4465,1502,992,-186,-328,0,997,-1135,997,-618,-514,2127,1707,0.31044427659136165,0.10714501784741969,0.5705980066445183,50.27129571169169,23.0
11/02/2026,48,26319,30373,24543,2087,6606,0,22126,0,566,4467,1502,992,-202,-414,0,997,-1156,998,-602,-514,2087,1601,0.2768316967657763,0.10472502873737068,0.5638257091745463,48.432245135809396,23.5
12/02/2026,1,26651,30446,24848,2067,6606,0,22126,0,562,4249,1502,992,-329,-416,0,997,-812,998,-562,-514,2067,1856,0.28823044702327816,0.10351503418234619,0.5801175568617429,48.86860274268564,0.0
12/02/2026,2,27275,30926,25518,2046,6606,0,22126,0,562,4455,1502,992,-326,-298,0,997,-800,998,-551,-514,2046,2000,0.30965460413376367,0.10224453989957046,0.5893176590851009,50.11363087139934,0.5
12/02/2026,3,27269,30638,25485,2059,6606,0,22126,0,561,4671,1502,992,108,-244,0,997,-1191,997,-259,-514,2059,2388,0.3094486026230859,0.10303103636033638,0.614106823409149,49.56136924564055,1.0
12/02/2026,4,26616,29939,24870,2071,6606,0,22126,0,564,4638,1502,992,117,-158,0,997,-1239,997,-248,-514,2071,2446,0.28702877154432466,0.10375703309335108,0.6178124201380015,48.02750327310295,1.5
12/02/2026,5,25803,29671,24114,2090,6606,0,22126,0,564,4809,1502,992,-165,-206,0,997,-1239,997,-580,-514,2090,1784,0.2591155668474902,0.10490652792062435,0.5755175057500639,47.133902382484465,2.0
12/02/2026,6,25609,29568,23897,2108,6606,0,22126,0,562,4832,1502,992,-180,-260,0,997,-1239,997,-604,-514,2108,1691,0.25245485133557644,0.1059955230201464,0.5695757730641452,46.81383299257218,2.5
12/02/2026,7,24997,29454,23268,2173,6606,0,22126,0,563,4934,1502,992,-527,-340,0,974,-1239,997,-674,-514,2173,1171,0.23144269724644648,0.10992800532397604,0.536353181702019,46.11875331727897,3.0
12/02/2026,8,24586,28925,22891,2238,6606,0,22126,0,559,5184,1501,992,-541,-215,0,973,-1253,997,-684,-487,2238,1283,0.21733159376502095,0.11386048762780568,0.5435088167646307,45.049648974789584,3.5
12/02/2026,9,24079,28916,22417,2293,6606,0,22126,0,560,5312,1502,992,-689,-175,0,933,-1431,997,-871,-511,2293,747,0.1999244661127515,0.11718797265412306,0.5092639918221313,44.706779269433525,4.0
12/02/2026,10,24079,28895,22352,2347,6606,0,22126,0,587,5192,1502,992,-696,-160,-17,921,-1453,997,-883,-420,2347,783,0.1999244661127515,0.1204549579526892,0.5115640173779709,44.530973722002095,4.5
12/02/2026,11,24449,29529,22682,2380,6606,0,22126,0,840,5215,1503,992,-1070,-24,0,263,-1453,997,-824,-269,2380,115,0.21262789260454576,0.12245144896847965,0.4688857653973933,45.941764386390496,5.0
12/02/2026,12,24941,29978,23152,2412,6606,0,22126,0,841,4771,1504,992,-1087,0,0,222,-1453,997,-820,-236,2412,119,0.22952001648012085,0.12438744025651885,0.4691413237924866,46.72952249066423,5.5
12/02/2026,13,27132,32488,25111,2449,6606,0,22126,0,834,4584,1505,992,-1087,-15,0,-338,-1453,998,-832,-197,2449,-427,0.30474490146261074,0.12662593018331417,0.434257602862254,51.60944817153561,6.0
12/02/2026,14,29617,35002,27346,2485,6606,0,22126,0,637,4401,1505,992,-1087,-144,-1,-366,-1453,998,-821,-276,2485,-653,0.3900638604683101,0.12880392038235827,0.4198185535394838,57.4374711140949,6.5
12/02/2026,15,32599,37642,30037,2539,6606,0,22126,0,152,4206,1505,991,-1064,-296,-93,-640,-1453,998,-319,-426,2539,-797,0.4924466112751493,0.13207090568092444,0.41061845131612573,75.31560720520785,7.0
12/02/2026,16,33852,39003,31051,2593,6606,31,22126,0,9,3965,1505,992,-1063,-430,-173,-632,-1453,998,-278,-513,2624,-1047,0.5354665934216851,0.13721338253977858,0.3946460516227958,78.92567842688302,7.5
12/02/2026,17,35217,39282,32224,2586,6606,266,22126,0,8,3620,1503,992,-978,-450,-41,178,-1453,998,-21,-514,2852,214,0.582331937100872,0.1510073204670579,0.47521083567595196,80.42129665136251,8.0
12/02/2026,18,35597,39671,32537,2579,6606,652,22126,0,7,3042,1503,992,-971,-450,-70,232,-1453,998,-9,-514,3231,258,0.595378699443796,0.17393671728477222,0.47802197802197804,79.69340755833672,8.5
12/02/2026,19,36316,40182,33142,2537,6606,1270,22126,0,7,2769,1502,992,-521,-450,-59,738,-1453,998,-262,-514,3807,971,0.6200645471400124,0.20878456046947788,0.5235752619473549,78.21661347871195,9.0
12/02/2026,20,35950,39872,32760,2495,6606,1459,22126,0,7,2734,1502,992,-499,-450,-106,761,-1453,998,-293,-514,3954,938,0.60749845498867,0.21767802044890797,0.5214669051878354,76.45785775340899,9.5
12/02/2026,21,35448,39624,32271,2462,6606,1724,22126,0,7,2549,1502,992,-335,-404,-11,1007,-1453,998,-852,-514,4186,930,0.5902629952619652,0.2317139572871922,0.5209557883976489,73.95343008186798,10.0
12/02/2026,22,35420,39586,32247,2429,6606,1968,22126,0,7,2347,1502,991,-321,-384,0,997,-1453,997,-887,-514,4397,928,0.5893016548788025,0.2444793998427007,0.5208280092001022,62.95526726995998,10.5
12/02/2026,23,35387,38998,32186,2453,6606,2279,22126,0,7,2274,1503,992,-3,-315,0,175,-1453,998,-787,-446,4732,664,0.5881686465700748,0.2647468086393611,0.5039611551239458,61.781219616172095,11.0
12/02/2026,24,34886,38309,31763,2477,6606,2398,22126,0,7,2381,1503,991,0,-270,0,124,-1453,998,-783,-310,4875,800,0.5709675204284831,0.2733982697077863,0.5126501405571173,59.69659745323201,11.5
12/02/2026,25,35223,38730,32027,2412,6606,2411,22126,0,7,2149,1503,991,239,-249,0,177,-1453,998,-936,-262,4823,1008,0.5825379386115498,0.2702522838647226,0.5259391771019678,60.52650529612022,12.0
12/02/2026,26,35275,38734,32136,2347,6606,2308,22126,0,7,2079,1503,992,259,-220,0,182,-1453,998,-945,-234,4655,1082,0.5843232850374236,0.26008832960251677,0.5306670074111934,61.26463974475013,12.5
12/02/2026,27,35787,39053,32578,2317,6606,2178,22126,0,7,2282,1503,992,217,-114,0,606,-1453,998,-865,-227,4495,1657,0.6019020806152579,0.2504083731623208,0.5674035267058523,62.62863107836431,13.0
12/02/2026,28,35710,38841,32466,2286,6606,2058,22126,0,7,2165,1503,991,215,-6,0,625,-1453,998,-858,-207,4344,1808,0.5992583945615602,0.24127291427188577,0.5770508561206236,62.88034747778708,13.5
12/02/2026,29,35676,38723,32456,2166,6606,1903,22126,0,9,2507,1502,991,148,0,0,934,-1453,998,-831,-154,4069,2135,0.5980910526677196,0.22463548914029888,0.5979427549194991,63.59386580988484,14.0
12/02/2026,30,35755,38725,32526,2045,6606,1660,22126,0,10,2732,1503,991,147,0,0,946,-1453,998,-829,-78,3705,2225,0.6008034058916432,0.20261358823885292,0.6036928188090979,65.39318006525991,14.5
12/02/2026,31,36258,39248,32988,1946,6606,1182,22126,0,15,2557,1503,991,494,0,0,995,-1453,998,-815,-107,3128,2606,0.6180731992034608,0.16770524532639602,0.6280347559417326,69.30095312227675,15.0
12/02/2026,32,37325,40313,33998,1846,6606,810,22126,0,17,2626,1502,991,508,0,0,997,-1453,998,-814,-104,2656,2625,0.6547071345189864,0.13914937382781778,0.6292486583184258,75.37681927608995,15.5
12/02/2026,33,37856,40828,34470,1777,6606,468,22126,0,16,2284,1502,991,403,-6,0,997,-1453,998,-780,-117,2245,2535,0.6729382682139669,0.11428398572206425,0.6234985944288269,89.74471570911277,16.0
12/02/2026,34,38823,41781,35365,1707,6606,143,22126,0,13,2622,1502,991,398,0,0,997,-1427,998,-776,-142,1850,2541,0.7061388450181968,0.09038659326033033,0.6238819320214669,95.8053674951816,16.5
12/02/2026,35,40093,42748,36448,1636,6606,1,22126,0,14,2356,1502,991,468,-41,0,997,-1104,998,-704,-192,1637,2915,0.7497424981116528,0.07750015124931937,0.6477766419626885,101.82374892263141,17.0
12/02/2026,36,40964,43597,37226,1564,6606,0,22126,0,10,2225,1502,991,472,-110,0,997,-1032,997,-676,-205,1564,2936,0.7796470507450388,0.07308367112347994,0.6491183235369282,105.96491399069292,17.5
12/02/2026,37,41425,43036,37693,1554,6606,0,22126,0,14,2083,1502,991,789,-202,0,997,-644,999,128,-151,1554,4409,0.7954748334821122,0.07247867384596769,0.7432277025300281,106.1434858842217,18.0
12/02/2026,38,40824,42321,37110,1544,6606,0,22126,0,12,2061,1502,991,797,-85,0,997,-603,998,184,-197,1544,4584,0.7748403488292247,0.07187367656845545,0.754408382315359,103.39896454837093,18.5
12/02/2026,39,40492,42190,36870,1536,6606,0,22126,0,8,2034,1502,991,991,-94,0,997,-687,998,220,-309,1536,4609,0.7634415985717229,0.07138967874644564,0.756005622284692,102.01201271881283,19.0
12/02/2026,40,39387,40998,35834,1527,6606,0,22126,0,9,2267,1501,991,999,-76,0,997,-728,997,218,-198,1527,4701,0.7255029870219049,0.07084518119668462,0.7618834653718375,97.37170530121242,19.5
12/02/2026,41,37906,39772,34503,1490,6606,0,22126,0,13,2407,1502,991,750,-80,0,997,-1116,998,16,-57,1490,4001,0.6746549474696147,0.06860669126988929,0.7171607462305136,92.62245156664132,20.0
12/02/2026,42,36962,38758,33673,1453,6606,0,22126,0,12,2026,1502,991,740,25,0,997,-1184,998,10,64,1453,4143,0.6422440431229829,0.06636820134309396,0.726233069256325,79.07203340824175,20.5
12/02/2026,43,35637,37705,32479,1461,6606,0,22126,0,12,2225,1502,991,815,-33,0,997,-1423,998,363,48,1461,4258,0.5967520428483142,0.06685219916510375,0.7335803731152568,74.04053893680377,21.0
12/02/2026,44,33691,35755,30741,1468,6606,0,22126,0,12,2432,1502,991,814,0,0,997,-1452,998,379,65,1468,4294,0.5299388862184989,0.06727569725936233,0.7358803986710963,67.30511014260743,21.5
12/02/2026,45,31920,34058,29146,1454,6606,0,22126,0,12,2256,1502,991,708,-36,0,997,-1453,998,88,-37,1454,3758,0.4691341069834512,0.06642870107084518,0.701635573728597,62.47009040971495,22.0
12/02/2026,46,30116,32167,27482,1439,6606,0,22126,0,12,2316,1502,991,703,0,0,997,-1439,998,62,41,1439,3855,0.4071963194396759,0.06552120515457681,0.7078328648096089,57.17007235006167,22.5
12/02/2026,47,28610,30554,26059,1446,6606,0,22126,0,12,2075,1502,992,377,0,0,997,-1262,998,-70,34,1446,3568,0.3554899402595619,0.06594470324883538,0.6894965499616662,53.481512170219965,23.0
12/02/2026,48,27865,29803,25350,1452,6606,0,22126,0,12,2162,1502,992,364,0,0,997,-1209,998,-79,-38,1452,3527,0.3299114193504086,0.06630770161534273,0.6868770764119602,51.63889939754175,23.5
13/02/2026,1,28097,29532,25592,1478,6606,0,22126,0,12,2166,1501,992,420,0,0,950,-819,998,-4,34,1478,4072,0.3378768110966147,0.06788069453687458,0.7216969077434193,51.418587630330414,0.0
13/02/2026,2,28731,30125,26220,1504,6606,0,22126,0,12,2190,1501,992,406,68,0,948,-772,998,-10,168,1504,4299,0.3596443040582298,0.06945368745840644,0.736199846664963,52.63080024303287,0.5
13/02/2026,3,28168,30046,25744,1421,6606,0,22126,0,12,2264,1503,992,-118,189,0,802,-786,998,-362,198,1421,3416,0.3403144956396347,0.06443221005505476,0.6797853309481217,52.65056903493361,1.0
13/02/2026,4,27368,29314,24977,1338,6606,0,22126,0,12,2357,1502,992,-130,200,0,797,-813,997,-391,128,1338,3282,0.3128476275492687,0.05941073265170307,0.6712241247124968,51.1609162098889,1.5
13/02/2026,5,26396,29211,24067,1334,6606,0,22126,0,12,2329,1502,992,-482,200,0,754,-1136,997,-585,30,1334,2272,0.279475382819474,0.059168733740698164,0.6066956299514439,50.182141879228276,2.0
13/02/2026,6,25821,28708,23529,1330,6606,0,22126,0,9,2483,1502,992,-497,200,0,752,-1180,996,-601,148,1330,2312,0.25973357137952346,0.05892673482969327,0.6092512139023767,48.85591966855162,2.5
13/02/2026,7,25475,28694,23193,1351,6606,0,22126,0,9,2655,1502,992,-676,200,0,846,-1233,997,-701,183,1351,2110,0.24785415093044016,0.060197229112469,0.5963455149501661,48.29424608321198,3.0
13/02/2026,8,25277,28538,22943,1371,6606,0,22126,0,9,2616,1503,992,-683,200,0,850,-1253,998,-716,195,1371,2086,0.24105610107807457,0.061407223667493495,0.5948121645796064,47.84020719079897,3.5
13/02/2026,9,25072,29063,22728,1437,6606,0,22126,0,9,2435,1502,992,-961,200,0,808,-1431,997,-990,200,1437,1317,0.23401771612991829,0.06540020569907436,0.5456810631229236,48.19099310119977,4.0
13/02/2026,10,25063,29108,22688,1502,6606,0,22126,0,9,2316,1502,992,-972,200,0,739,-1453,997,-1011,200,1502,1194,0.23370871386390166,0.06933268800290399,0.5378226424738053,48.133083737664165,4.5
13/02/2026,11,25196,29945,22847,1515,6606,0,22126,0,9,2535,1505,991,-1047,200,0,-556,-1453,998,-1084,200,1515,-246,0.23827508068392503,0.07011918446366991,0.44582162024022487,50.207579614660645,5.0
13/02/2026,12,26160,31039,23773,1527,6606,0,22126,0,9,2638,1505,992,-1050,200,0,-678,-1453,998,-1089,200,1527,-375,0.271372656732816,0.07084518119668462,0.43757986199846666,52.390629700136394,5.5
13/02/2026,13,28531,33779,25969,1562,6606,0,22126,0,9,2537,1505,991,-1088,200,0,-1009,-1453,998,-1089,200,1562,-745,0.3527775870356383,0.0729626716679775,0.4139407104523384,58.341192334072105,6.0
13/02/2026,14,31242,36505,28537,1596,6606,0,22126,0,9,2324,1505,983,-1090,200,0,-1022,-1453,995,-1089,200,1596,-771,0.44585593627686604,0.07501966241151915,0.41227958088423206,65.58922848190451,6.5
13/02/2026,15,34011,39275,31002,1670,6606,0,22126,0,9,2377,1267,672,-1089,151,39,-1022,-1453,880,-1091,185,1670,-1461,0.5409256334546453,0.0794966422651098,0.36819575773064145,84.66321375023124,7.0
13/02/2026,16,35647,40901,32513,1744,6606,16,22126,0,10,1779,1226,635,-1091,21,0,-1021,-1439,865,-1093,90,1760,-1807,0.5970953786994438,0.08494161776272006,0.34608995655507285,90.15185597449255,7.5
13/02/2026,17,36864,41633,33600,1771,6606,221,22126,0,7,2267,926,85,-1090,0,0,-717,-1262,582,-1093,169,1992,-2400,0.638879351781913,0.0989775546010043,0.30820342448249427,93.911415979547,8.0
13/02/2026,18,37424,42145,33992,1798,6606,569,22126,0,7,2515,882,69,-1085,0,0,-697,-1239,576,-1093,91,2367,-2496,0.6581061594451693,0.12166495250771371,0.30207002300025554,93.89904745260111,8.5
13/02/2026,19,38186,41686,34645,1799,6606,996,22126,0,7,1804,1163,824,-467,0,0,-94,-1239,954,-1093,92,2795,140,0.6842683513012429,0.14755883598523806,0.47048300536672627,90.81773509500249,9.0
13/02/2026,20,38054,41475,34596,1800,6606,1615,22126,0,10,1351,1204,878,-420,0,0,-61,-1239,979,-1091,11,3415,261,0.6797363180663325,0.18506866719099763,0.478213646818298,86.75488485990876,9.5
13/02/2026,21,37791,40955,34351,1814,6606,2351,22126,0,15,1159,1465,939,-267,0,0,360,-1240,997,-1011,-31,4165,1212,0.6707065851816246,0.23044346300441648,0.538972655251725,80.76540341705139,10.0
13/02/2026,22,37380,40477,34022,1828,6606,2527,22126,0,15,876,1503,942,-260,0,0,378,-1221,998,-1001,17,4355,1356,0.6565954817001991,0.24193841127714924,0.5481727574750831,68.3586409433014,10.5
13/02/2026,23,37420,40323,34181,1884,6606,2580,22126,0,15,1173,1407,906,-322,-55,-39,368,-991,998,-814,-67,4464,1391,0.6579688251047174,0.2485328816020328,0.5504088934321493,67.91285619740074,11.0
13/02/2026,24,36903,39810,33733,1940,6606,2876,22126,0,13,1361,1393,905,-324,-11,-1,367,-980,998,-808,-170,4816,1369,0.6402183616013184,0.26982878577046404,0.5490033222591362,64.7651107188057,11.5
13/02/2026,25,37124,40564,33977,2060,6606,3028,22126,0,13,1478,1484,986,-359,0,0,552,-1211,998,-1048,-209,5088,1193,0.647806083911282,0.28628471171879727,0.5377587528750319,64.41038910050295,12.0
13/02/2026,26,36753,40254,33673,2179,6606,2859,22126,0,13,1577,1497,986,-360,0,0,542,-1253,996,-1065,-210,5038,1133,0.6350683238343748,0.283259725331236,0.5339253769486327,63.65259105330982,12.5
13/02/2026,27,36304,40507,33311,2171,6606,2426,22126,0,13,1606,1386,789,-566,0,0,-240,-1430,926,-1090,-264,4597,-489,0.6196525441186569,0.25657934539294575,0.4302964477383082,66.39212130616693,13.0
13/02/2026,28,36200,40445,33082,2162,6606,2168,22126,0,13,1502,1370,774,-574,0,0,-288,-1452,918,-1095,-223,4330,-570,0.6160818512669093,0.24042591808336863,0.4251213902376693,67.39511151158172,13.5
13/02/2026,29,36100,40624,32933,2256,6606,2013,22126,0,13,1714,1318,713,-566,0,0,-591,-1453,828,-1095,-206,4269,-1052,0.6126484927556135,0.2367354346905439,0.3943266036289292,67.99598223035959,14.0
13/02/2026,30,35847,40348,32698,2350,6606,1784,22126,0,15,1754,1310,706,-569,0,0,-605,-1453,822,-1095,-164,4134,-1048,0.6039620957220353,0.2285679714441285,0.39458216202402246,67.8650463576197,14.5
13/02/2026,31,35840,41175,32704,2353,6606,1373,22126,0,15,1564,1051,642,-1064,54,0,-1005,-1453,808,-1095,-103,3726,-2165,0.6037217606262446,0.20388408252162865,0.32321748019422436,71.16020847544186,15.0
13/02/2026,32,36302,41804,33110,2355,6606,820,22126,0,15,1316,1014,641,-1089,11,0,-1021,-1453,802,-1095,-229,3175,-2419,0.619583876948431,0.1705487325307036,0.30698952210580116,75.62505631523507,15.5
13/02/2026,33,37330,42993,33914,2365,6606,348,22126,0,14,1553,920,751,-1088,-68,-76,-1013,-1453,586,-1095,-256,2713,-2792,0.6548788024445512,0.14259785830963762,0.28315870176335295,91.99994825665138,16.0
13/02/2026,34,38422,44511,34903,2375,6606,85,22126,0,11,1384,905,751,-1087,-220,-228,-1011,-1453,571,-1084,-395,2460,-3251,0.6923710773879008,0.12729142718857764,0.2538333759263992,97.95833342549409,16.5
13/02/2026,35,39721,45145,36068,2377,6606,1,22126,0,7,1264,246,477,-690,-371,-380,-723,-1453,541,-693,-507,2378,-3553,0.7369704044496326,0.1223304495129772,0.23453871709685664,103.78506480293088,17.0
13/02/2026,36,39976,45558,36263,2378,6606,0,22126,0,5,1179,147,460,-672,-450,-512,-712,-1453,530,-664,-514,2378,-3840,0.7457254686534368,0.1223304495129772,0.21620240224891388,105.15233820911791,17.5
13/02/2026,37,40125,45761,36343,2354,6606,0,22126,0,5,1531,164,523,-811,-451,-531,-680,-1453,206,-591,-514,2354,-4138,0.7508411728352674,0.12087845604694779,0.1971633018144646,106.27520866831222,18.0
13/02/2026,38,39409,45068,35684,2330,6606,0,22126,0,5,1384,168,532,-816,-451,-531,-675,-1453,204,-599,-529,2330,-4150,0.7262583258943899,0.11942646258091838,0.19639662662918478,103.63430124571434,18.5
13/02/2026,39,39030,44436,35329,2287,6606,0,22126,0,14,1215,679,717,-586,-451,-531,-195,-1453,815,-1062,-514,2287,-2581,0.713245897136579,0.11682497428761571,0.29663940710452336,100.43537354746476,19.0
13/02/2026,40,38326,43725,34664,2244,6606,0,22126,0,8,1146,756,736,-577,-451,-531,-173,-1453,857,-1093,-513,2244,-2442,0.689075053217057,0.11422348599431302,0.3055200613340148,97.85315578247929,19.5
13/02/2026,41,37345,42403,33832,2172,6606,0,22126,0,10,738,1407,975,-406,-451,-531,200,-1453,989,-1093,-514,2172,-877,0.6553938062212457,0.10986750559622482,0.4055072834142602,92.66551809309512,20.0
13/02/2026,42,35635,40672,32241,2100,6606,0,22126,0,11,691,1503,992,-400,-451,-531,215,-1439,998,-1092,-513,2100,-718,0.5966833756780883,0.10551152519813661,0.415665729619218,76.86366188102907,20.5
13/02/2026,43,34241,39034,30985,2034,6606,0,22126,0,11,919,1504,991,-330,-451,-531,-5,-1262,998,-1090,-513,2034,-689,0.5488223580306255,0.10151854316655574,0.41751852798364425,72.56180963407246,21.0
13/02/2026,44,32958,37731,29853,1967,6606,0,22126,0,11,809,1504,991,-327,-451,-531,-9,-1240,998,-1090,-514,1967,-669,0.504772368330701,0.09746506140722366,0.41879631995911065,68.84497102822448,21.5
13/02/2026,45,31506,36140,28484,1923,6606,0,22126,0,11,907,1502,992,-198,-451,-531,474,-1240,998,-1090,-513,1923,-57,0.4549200027466868,0.09480307338616976,0.4578967544083823,63.97582498883758,22.0
13/02/2026,46,30134,34763,27228,1878,6606,0,22126,0,10,956,1502,992,-193,-451,-531,496,-1240,997,-1090,-514,1878,-32,0.40781432397170914,0.09208058563736463,0.4594939943777153,60.34154311354794,22.5
13/02/2026,47,28906,33661,26046,1826,6606,0,22126,0,8,1043,1502,992,-321,-451,-531,579,-1240,998,-1090,-514,1826,-76,0.36565268145299734,0.08893459979430092,0.45668285203168923,57.41878602666923,23.0
13/02/2026,48,28119,32872,25304,1773,6606,0,22126,0,8,974,1502,992,-318,-451,-531,583,-1241,998,-1090,-514,1773,-70,0.3386321499690998,0.08572811422348599,0.45706618962432916,55.66974585735795,23.5
14/02/2026,1,28502,32937,25713,1705,6606,0,22126,0,8,1055,1502,992,374,-451,-531,899,-1241,997,-1090,-514,1705,937,0.3517819130673625,0.08161413273640268,0.5214030155890621,55.57423000055865,0.0
14/02/2026,2,29056,33490,26361,1637,6606,0,22126,0,8,907,1502,992,421,-451,-531,911,-1240,997,-1090,-514,1637,997,0.37080271921994096,0.07750015124931937,0.5252363915154613,57.1639601836985,0.5
14/02/2026,3,28684,33120,26074,1595,6606,0,22126,0,8,662,1502,992,610,-451,-531,994,-1240,998,-1093,-513,1595,1268,0.35803062555792076,0.07495916268376793,0.5425504727830309,56.029207871765955,1.0
14/02/2026,4,27863,32301,25375,1553,6606,0,22126,0,8,404,1502,992,618,-451,-531,997,-1240,998,-1094,-514,1553,1277,0.32984275218018266,0.07241817411821647,0.5431254791719908,54.13470008364388,1.5
14/02/2026,5,27371,31807,24908,1497,6606,0,22126,0,8,446,1501,992,727,-451,-531,997,-1239,997,-1094,-513,1497,1386,0.31295062830460757,0.06903018936414786,0.5500894454382826,53.01516137446861,2.0
14/02/2026,6,27060,31497,24606,1441,6606,0,22126,0,8,301,1501,992,730,-451,-531,997,-1240,997,-1094,-513,1441,1388,0.30227288333447777,0.06564220461007926,0.5502172246358293,52.476949389174315,2.5
14/02/2026,7,26682,31119,24327,1438,6606,0,22126,0,8,496,1502,992,371,-451,-531,997,-1240,998,-1094,-513,1438,1031,0.28929478816177984,0.06546070542682558,0.5274086378737541,52.06589940181924,3.0
14/02/2026,8,26345,30784,24018,1435,6606,0,22126,0,8,556,1502,992,356,-451,-531,997,-1241,997,-1094,-514,1435,1013,0.2777243699787132,0.0652792062435719,0.5262586250958344,51.33340296559173,3.5
14/02/2026,9,26098,30536,23766,1390,6606,0,22126,0,8,627,1502,992,149,-451,-531,875,-1241,997,-1093,-514,1390,685,0.26924397445581266,0.06255671849476678,0.5053028366981855,51.3501779960282,4.0
14/02/2026,10,25880,30318,23517,1345,6606,0,22126,0,8,562,1502,992,140,-451,-531,871,-1241,997,-1093,-514,1345,672,0.26175925290118796,0.05983423074596164,0.5044722719141324,51.03232062972934,4.5
14/02/2026,11,25573,30463,23283,1292,6606,0,22126,0,8,618,1502,992,-451,-451,-531,920,-1241,997,-1094,-514,1292,129,0.25121884227151,0.05662774517514671,0.4697802197802198,51.22625864415158,5.0
14/02/2026,12,25879,30814,23548,1239,6606,0,22126,0,8,754,1502,992,-490,-451,-531,922,-1254,997,-1088,-513,1239,86,0.261724919316075,0.05342125960433178,0.46703296703296704,52.12912452281204,5.5
14/02/2026,13,27183,31607,24732,1182,6606,0,22126,0,8,659,1502,992,159,-451,-509,928,-1431,997,-911,-514,1182,762,0.30649591430337153,0.04997277512251195,0.5102223358037311,54.504453858497044,6.0
14/02/2026,14,28486,32932,25906,1125,6606,0,22126,0,11,499,1502,992,173,-451,-531,928,-1440,997,-899,-514,1125,757,0.35123257570555516,0.04652429064069212,0.5099028878098646,58.026344892034345,6.5
14/02/2026,15,29653,33944,26915,1080,6606,0,22126,0,12,189,1502,992,127,-451,-531,975,-1284,997,-899,-514,1080,914,0.39129986953237655,0.04380180289188699,0.5199335548172758,71.18456397732561,7.0
14/02/2026,16,30163,34403,27294,1035,6606,180,22126,0,12,79,1502,992,130,-452,-531,977,-1234,997,-897,-514,1215,970,0.4088099979399849,0.05196926613830238,0.5235113723485817,71.96321295884431,7.5
14/02/2026,17,31686,35436,28615,949,6606,1426,22126,0,12,98,1501,992,845,-452,-511,975,-842,997,-819,-514,2375,2172,0.46110004806701915,0.12214895032972352,0.600306670074112,69.6666708107459,8.0
14/02/2026,18,31862,35562,28671,863,6606,3517,22126,0,10,315,1502,992,918,-451,-521,975,-787,998,-817,-514,4380,2295,0.46714275904689967,0.24345090447092987,0.6081650907232302,62.2211641615017,8.5
14/02/2026,19,31086,34820,27760,770,6606,5410,22126,0,10,-130,1502,992,979,-451,-531,1015,-701,997,-927,-514,6180,2361,0.44049989699924463,0.3523504144231351,0.6123818042422694,55.2680672391365,9.0
14/02/2026,20,30150,33910,26802,676,6606,7161,22126,0,6,-411,1502,992,981,-451,-531,1017,-719,997,-939,-514,7837,2335,0.4083636613335164,0.4525984633069151,0.610720674674163,50.54217906064994,9.5
14/02/2026,21,29087,33355,25747,577,6606,8544,22126,0,5,-654,1503,992,1050,-452,-507,962,-1108,997,-1082,-514,9121,1841,0.37186706035844264,0.5302801137394881,0.5791592128801432,47.383094744550206,10.0
14/02/2026,22,28168,32403,24847,477,6606,9506,22126,0,7,-687,1503,992,1052,-451,-410,959,-1162,998,-1091,-514,9983,1876,0.3403144956396347,0.5824308790610442,0.5813953488372093,34.51174647700988,10.5
14/02/2026,23,27644,31861,24337,433,6606,10152,22126,0,7,-669,1503,992,956,-450,-324,669,-1231,998,-1091,-514,10585,1508,0.32232369704044495,0.6188517151672818,0.5578839764886276,33.1697168968268,11.0
14/02/2026,24,27263,31336,24001,388,6606,10361,22126,0,7,-706,1503,992,953,-428,-194,658,-1239,998,-1091,-514,10749,1638,0.30924260111240814,0.6287736705184827,0.5661896243291592,32.18270144235866,11.5
14/02/2026,25,27243,31323,23997,363,6606,9999,22126,0,7,-755,1503,992,933,-451,-178,729,-1239,998,-1091,-514,10362,1682,0.30855592941014903,0.6053602758787585,0.5690007666751853,32.801413566539495,12.0
14/02/2026,26,27431,31280,24212,337,6606,9555,22126,0,7,-544,1503,992,931,-425,-44,732,-1239,998,-1091,-443,9892,1914,0.315010643411385,0.5769254038356827,0.5838231535905954,33.61620054957301,12.5
14/02/2026,27,27698,31215,24474,340,6606,8643,22126,0,7,-53,1503,992,532,-289,0,823,-1239,998,-1091,-291,8983,1938,0.32417771063654466,0.5219311513098192,0.5853565039611551,35.60204380694411,13.0
14/02/2026,28,28302,31555,25015,343,6606,7343,22126,0,7,301,1503,992,488,-162,0,826,-1253,998,-1091,-140,7686,2161,0.344915196044771,0.4434630044164801,0.5996038844876054,38.50064001954433,13.5
14/02/2026,29,28926,32339,25732,379,6606,6023,22126,0,7,878,1504,991,-260,-25,0,635,-1430,998,-1091,9,6402,1331,0.36633935315525645,0.3657813539839071,0.5465755175057501,42.74864183836256,14.0
14/02/2026,30,30050,33490,26874,415,6606,4466,22126,0,7,1217,1504,992,-289,68,0,628,-1453,998,-1091,155,4881,1512,0.4049303028222207,0.2737612680742937,0.5581395348837209,47.85390231358777,14.5
14/02/2026,31,31296,35162,28098,493,6606,2747,22126,0,14,1607,1504,992,-708,191,70,506,-1453,998,-1091,203,3240,1212,0.44770994987296575,0.17448121483453324,0.538972655251725,56.37374494389025,15.0
14/02/2026,32,32795,36687,29639,571,6606,1546,22126,0,20,1989,1504,992,-728,203,194,492,-1453,999,-1091,203,2117,1315,0.499175993957289,0.10654002056990744,0.5455532839253769,65.10955391855819,15.5
14/02/2026,33,34372,38689,31174,675,6606,674,22126,0,10,2757,1506,991,-1023,203,207,-140,-1453,999,-1091,203,1349,402,0.553320057680423,0.060076229656966545,0.4872220802453361,85.18344224559519,16.0
14/02/2026,34,36017,40366,32728,778,6606,153,22126,0,5,3006,1506,987,-1036,203,207,-179,-1438,997,-1091,203,931,359,0.6097988051912381,0.034787343456954445,0.4844748274980833,93.49712622152707,16.5
14/02/2026,35,37835,42542,34490,914,6606,1,22126,0,4,3268,1054,833,-1066,203,207,-693,-1253,944,-1091,203,915,-659,0.6722172629265948,0.033819347812934844,0.41943521594684385,101.93851964502693,17.0
14/02/2026,36,38865,43557,35514,1050,6606,0,22126,0,4,3543,988,819,-1067,203,207,-717,-1214,931,-1090,203,1050,-737,0.707580855592941,0.04198681105935023,0.41445182724252494,105.33551927420164,17.5
14/02/2026,37,38713,43251,35402,1220,6606,0,22126,0,4,3722,741,663,-1029,203,206,-850,-1004,584,-1051,203,1220,-1334,0.7023621506557715,0.052271764777058506,0.3763097367748531,104.35718893613807,18.0
14/02/2026,38,38693,43234,35527,1390,6606,0,22126,0,0,4025,705,650,-1028,203,204,-855,-1009,568,-1049,203,1390,-1408,0.7016754789535123,0.06255671849476678,0.3715819064656274,103.26704687220435,18.5
14/02/2026,39,37785,42910,34726,1614,6606,0,22126,0,0,4279,277,567,-1064,203,201,-970,-1402,795,-1089,203,1614,-2279,0.6705005836709469,0.0761086575110412,0.3159340659340659,99.41618801587029,19.0
14/02/2026,40,36365,41560,33578,1837,6606,0,22126,0,10,4008,215,568,-1066,202,156,-975,-1452,806,-1092,203,1837,-2435,0.6217468928105473,0.0896000967995644,0.30596728852542804,93.05333978821167,19.5
14/02/2026,41,35157,40496,32607,2102,6606,0,22126,0,104,4313,807,825,-1069,111,22,-1021,-1453,681,-1092,203,2102,-1986,0.5802719219940946,0.10563252465363906,0.33465371837464863,86.8657802231243,20.0
14/02/2026,42,33948,39353,31525,2367,6606,0,22126,0,170,4523,894,828,-1068,4,0,-1022,-1453,664,-1092,203,2367,-2042,0.538762617592529,0.12166495250771371,0.3310759008433427,71.71726584475519,20.5
14/02/2026,43,32349,37745,30079,2619,6606,0,22126,0,170,4848,399,298,-1059,0,0,-1022,-1453,328,-1092,203,2619,-3398,0.48386321499691,0.13691088390102243,0.24444160490672118,67.58092518788354,21.0
14/02/2026,44,31077,36493,28959,2871,6606,0,22126,0,189,4920,325,257,-1060,0,0,-1022,-1453,306,-1092,203,2871,-3536,0.44019089473322803,0.15215681529433117,0.23562484027600306,63.30825238007189,21.5
14/02/2026,45,29447,35026,27479,3082,6606,0,22126,0,353,5084,239,82,-1059,0,0,-1022,-1453,298,-1092,203,3082,-3804,0.3842271509991073,0.1649222578498397,0.21850242780475337,58.93704791792673,22.0
14/02/2026,46,27837,33598,26096,3292,6606,0,22126,0,567,4922,227,81,-1059,0,0,-1022,-1421,303,-1092,203,3292,-3780,0.32895007896724576,0.17762720067759696,0.22003577817531306,54.80238838448749,22.5
14/02/2026,47,26265,31796,24620,3495,6606,0,22126,0,791,4225,695,506,-1070,-68,-53,-830,-1027,476,-1092,178,3495,-2285,0.2749776831696766,0.18990864541109564,0.315550728341426,49.42503786873592,23.0
14/02/2026,48,24894,30227,23315,3698,6606,0,22126,0,647,3915,765,546,-1071,-106,-10,-823,-984,495,-1092,42,3698,-2238,0.22790633797981186,0.20219009014459435,0.318553539483772,46.71915954934254,23.5
15/02/2026,1,25239,30778,23643,3899,6606,0,22126,0,650,3572,1346,942,-1051,-182,0,-799,-1056,749,-1092,-109,3899,-1252,0.2397514248437822,0.2143505354225906,0.38154868387426527,45.56727956459152,0.0
15/02/2026,2,25785,31357,24272,4100,6606,0,22126,0,626,3904,1432,970,-1051,-69,0,-798,-1077,771,-1092,-259,4100,-1173,0.25849756231545695,0.22651098070058684,0.38659596217735753,45.87404231225781,0.5
15/02/2026,3,25296,31123,23827,4184,6606,0,22126,0,570,3902,1497,990,-1058,-69,0,-809,-1221,984,-1092,-408,4184,-1186,0.24170843919522075,0.23159295783168976,0.38576539739330434,45.01138026278501,1.0
15/02/2026,4,24379,30628,23036,4267,6606,0,22126,0,802,3778,1507,991,-1059,-221,0,-810,-1239,997,-1092,-426,4267,-1352,0.21022454164663873,0.23661443523504144,0.3751597239969333,43.807354128875645,1.5
15/02/2026,5,24084,30909,22836,4344,6606,0,22126,0,1157,4015,1507,991,-1071,-373,0,-789,-1239,997,-1092,-504,4344,-1573,0.20009613403831628,0.24127291427188577,0.36104012266802965,43.54485548001549,2.0
15/02/2026,6,23694,30687,22426,4420,6606,0,22126,0,1225,4017,1507,991,-1071,-451,0,-788,-1253,998,-1092,-513,4420,-1672,0.18670603584426285,0.24587089358097888,0.354715052389471,42.99781357855173,2.5
15/02/2026,7,22860,30159,21769,4426,6606,0,22126,0,1251,4045,1507,991,-1071,-425,0,-916,-1431,998,-1092,-513,4426,-1952,0.1580718258600563,0.24623389194748624,0.33682596473294146,42.19933698131884,3.0
15/02/2026,8,22628,30160,21542,4431,6606,0,22126,0,1528,4268,1507,991,-1071,-353,0,-921,-1453,998,-1092,-514,4431,-1908,0.15010643411385016,0.24653639058624235,0.33963710707896755,41.815423505387386,3.5
15/02/2026,9,22505,30039,21372,4444,6606,0,22126,0,1532,3892,1507,991,-1069,-329,0,-945,-1453,997,-1092,-514,4444,-1907,0.1458834031449564,0.24732288704700828,0.33970099667774084,41.62162958083319,4.0
15/02/2026,10,22128,29636,20869,4457,6606,0,22126,0,1526,3981,1507,991,-1069,-308,0,-946,-1453,997,-1092,-514,4457,-1887,0.13293964155737142,0.24810938350777423,0.34097878865320724,41.054728383997485,4.5
15/02/2026,11,21987,29042,20662,4340,6606,0,22126,0,1242,3695,1507,991,-1071,-157,0,-974,-1453,996,-1092,-466,4340,-1719,0.1280986060564444,0.24103091536088087,0.35171224124712497,40.85877195648885,5.0
15/02/2026,12,21666,28663,20298,4223,6606,0,22126,0,1231,3595,1507,991,-1071,-67,0,-976,-1453,997,-1091,-508,4223,-1671,0.11707752523518505,0.23395244721398753,0.35477894198824433,40.568948753222884,5.5
15/02/2026,13,22713,28752,21192,4076,6606,0,22126,0,493,3533,1507,991,-1058,0,0,-972,-1453,996,-1048,-415,4076,-1452,0.15302478884845155,0.22505898723455744,0.3687707641196013,41.993806654509314,6.0
15/02/2026,14,23303,28968,21638,3928,6606,0,22126,0,325,3265,1507,991,-1058,0,0,-909,-1453,996,-1045,-275,3928,-1246,0.1732816040650965,0.21610502752737612,0.3819320214669052,42.80947290744447,6.5
15/02/2026,15,24719,29340,22842,3830,6606,0,22126,0,326,2893,1504,991,-1011,0,0,353,-1453,997,-1089,-142,3830,150,0.2218979605850443,0.21017605420775606,0.47112190135445947,53.156442955426975,7.0
15/02/2026,16,25848,30450,23892,3731,6606,4,22126,0,325,2878,1504,991,-997,0,0,462,-1433,997,-1078,-169,3735,277,0.2606605781775733,0.20442858007138967,0.4792358803986711,54.89857037364865,7.5
15/02/2026,17,27773,30757,25567,3581,6606,35,22126,0,308,2758,1503,991,-293,0,0,649,-1178,996,-547,-58,3616,2063,0.3267527295200165,0.19722911246899388,0.5933427038078201,56.29296377301324,8.0
15/02/2026,18,29241,31872,26688,3430,6606,159,22126,0,100,2568,1503,991,-248,-17,0,655,-1116,996,-495,-55,3589,2214,0.3771544324658381,0.1955956198197108,0.6029900332225914,59.13632418655866,8.5
15/02/2026,19,31532,33159,28831,3261,6606,343,22126,0,18,2177,1504,991,717,-126,0,673,-727,996,45,-156,3604,3917,0.4558126759596237,0.1965031157359792,0.7117940199335548,62.13602004903728,9.0
15/02/2026,20,32449,34060,29567,3091,6606,559,22126,0,18,1934,1504,991,884,-40,0,674,-648,996,101,-305,3650,4157,0.4872965735082057,0.19928610321253554,0.7271275236391516,63.94773123116513,9.5
15/02/2026,21,33688,34915,30686,2939,6606,720,22126,0,15,1945,1504,991,1041,0,0,674,-267,996,755,-345,3659,5349,0.5298358854631601,0.19983060076229656,0.8032839253769486,65.66704816394841,10.0
15/02/2026,22,34593,35596,31457,2786,6606,900,22126,0,13,2021,1504,991,1047,0,0,674,-191,995,805,-199,3686,5626,0.5609077799903865,0.20146409341157964,0.8209813442371582,57.72474734180671,10.5
15/02/2026,23,35541,36325,32231,2684,6606,1046,22126,0,13,1515,1424,991,1048,-43,0,800,186,957,977,-128,3730,6212,0.5934560186774703,0.20412608143263355,0.8584206491183235,59.54071332385745,11.0
15/02/2026,24,35907,36577,32586,2582,6606,1097,22126,0,13,1448,1411,991,1048,-13,0,804,261,955,989,-44,3679,6402,0.6060221108288127,0.20104059531732107,0.8705596728852543,60.63907479028686,11.5
15/02/2026,25,36352,37062,33057,2525,6606,1458,22126,0,13,1099,1304,991,1048,-97,0,914,634,961,989,68,3983,6812,0.6213005562040789,0.2194325125536935,0.8967544083823153,60.023834174349325,12.0
15/02/2026,26,36414,37039,33085,2467,6606,1915,22126,0,13,647,1288,991,1047,-12,0,918,676,962,989,188,4382,7047,0.6234292384810822,0.24357190392643233,0.9117684640940454,58.052138816467206,12.5
15/02/2026,27,36347,36960,32959,2399,6606,1691,22126,0,13,416,1363,991,1047,0,0,833,620,968,989,176,4090,6987,0.6211288882785141,0.2259059834230746,0.9079350881676463,59.28134293643771,13.0
15/02/2026,28,35832,36443,32319,2330,6606,1637,22126,0,11,126,1374,991,1047,0,0,830,583,969,989,200,3967,6983,0.603447091945341,0.21846451690967392,0.9076795297725531,58.32305255993794,13.5
15/02/2026,29,35472,36083,31930,2328,6606,1748,22126,0,11,90,1374,991,1046,68,0,865,211,962,989,200,4076,6706,0.5910870013046763,0.22505898723455744,0.8899821109123435,57.13065864195035,14.0
15/02/2026,30,35010,35621,31470,2326,6606,1695,22126,0,11,35,1374,991,906,87,0,866,166,962,978,200,4021,6530,0.5752248849824899,0.22173150220824006,0.8787375415282392,56.279753802398545,14.5
15/02/2026,31,35057,35668,31537,2320,6606,1309,22126,0,11,-137,1400,991,3,1,0,806,192,995,568,188,3629,5144,0.5768385634827988,0.1980156089297598,0.790186557628418,59.93975297262842,15.0
15/02/2026,32,35370,35981,31878,2314,6606,1179,22126,0,11,-209,1404,991,0,6,0,803,225,997,535,200,3493,5161,0.5875849756231546,0.1897876459555932,0.7912726808075645,61.478878959545646,15.5
15/02/2026,33,35913,36526,32422,2243,6606,760,22126,0,13,-235,1447,991,224,61,0,850,597,997,415,195,3003,5777,0.6062281123394905,0.16014277935749288,0.8306286736519295,74.77179509791581,16.0
15/02/2026,34,36653,37266,33149,2171,6606,296,22126,0,13,109,1453,991,243,0,0,852,673,997,415,84,2467,5708,0.6316349653230791,0.12771492528283623,0.8262202913365704,80.14566943295627,16.5
15/02/2026,35,38090,38725,34436,2129,6606,11,22126,0,13,409,1497,991,388,0,0,739,1047,996,758,-22,2140,6394,0.6809723271303989,0.10793151430818561,0.8700485560950677,86.3025229236656,17.0
15/02/2026,36,38499,39283,34816,2087,6606,0,22126,0,11,402,1503,991,397,-15,0,735,1113,997,783,-158,2087,6346,0.6950147634415986,0.10472502873737068,0.8669818553539483,88.22572082229512,17.5
15/02/2026,37,38912,39942,35285,2150,6606,0,22126,0,10,124,1504,991,877,-112,0,716,1365,997,782,-308,2150,6812,0.7091945340932501,0.10853651158569787,0.8967544083823153,88.82400144867374,18.0
15/02/2026,38,37894,38987,34318,2212,6606,0,22126,0,19,-114,1505,991,901,-21,0,715,1368,997,786,-453,2212,6789,0.6742429444482593,0.11228749470627382,0.895284947610529,84.6430296342146,18.5
15/02/2026,39,36980,38019,33504,2286,6606,0,22126,0,17,95,1504,991,828,0,0,756,994,996,972,-422,2286,6619,0.6428620476550161,0.11676447455986448,0.8844237158190646,81.12979273801992,19.0
15/02/2026,40,35682,36731,32273,2359,6606,0,22126,0,15,312,1504,991,742,0,0,758,918,997,985,-434,2359,6461,0.5982970541783973,0.12118095468570392,0.8743291592128801,76.46825668601447,19.5
15/02/2026,41,34600,35536,31288,2380,6606,0,22126,0,12,573,1504,991,3,0,0,828,546,997,985,-324,2380,5530,0.5611481150861773,0.12245144896847965,0.8148479427549195,74.02270817106128,20.0
15/02/2026,42,33453,34251,30223,2401,6606,0,22126,0,11,367,1504,991,0,-15,0,821,494,997,985,-172,2401,5605,0.5217674929616151,0.12372194325125536,0.8196396626629184,60.27266374632192,20.5
15/02/2026,43,32139,33021,29115,2477,6606,0,22126,0,84,305,1505,991,-99,-68,0,198,431,997,977,-31,2477,4901,0.4766531621231889,0.12831992256034847,0.7746613851265014,57.003463852647684,21.0
15/02/2026,44,30444,31280,27573,2552,6606,0,22126,0,132,589,1506,991,-104,7,0,166,396,997,973,64,2552,4996,0.4184577353567259,0.13285740214169037,0.7807308970099668,52.03202242977135,21.5
15/02/2026,45,29057,29741,26393,2654,6606,0,22126,0,12,740,1506,991,332,32,6,-72,39,997,985,188,2654,5004,0.3708370528050539,0.13902837437231533,0.7812420138001533,48.26190640883361,22.0
15/02/2026,46,27187,27882,24634,2756,6606,0,22126,0,14,1007,1506,991,358,0,119,-81,13,996,987,200,2756,5089,0.3066332486438234,0.1451993466029403,0.7866726296958855,43.73955123743575,22.5
15/02/2026,47,25522,26714,23014,2843,6606,0,22126,0,103,992,1506,991,-207,67,202,-282,259,996,987,200,2843,4719,0.24946782943074916,0.15046282291729687,0.7630334781497572,40.792278405599646,23.0
15/02/2026,48,24773,26182,22301,2930,6606,0,22126,0,296,1117,1506,992,-223,148,202,-290,285,997,990,200,2930,4807,0.223751974181144,0.15572629923165346,0.7686557628418094,39.18282428059999,23.5
16/02/2026,1,25223,26173,22769,2907,6606,0,22126,0,271,1076,1507,992,395,192,203,-79,240,997,991,200,2907,5638,0.23920208748197486,0.15433480549337528,0.821748019422438,38.93522627915693,0.0
16/02/2026,2,26210,27032,23806,2884,6606,0,22126,0,155,1228,1506,991,451,200,202,-67,234,996,991,200,2884,5704,0.2730893359884639,0.1529433117550971,0.8259647329414771,40.682083456401195,0.5
16/02/2026,3,26022,27488,23702,2905,6606,0,22126,0,866,1386,1505,992,919,200,202,387,224,996,991,200,2905,6616,0.2666346219872279,0.15421380603787282,0.8842320470227447,39.11263614942117,1.0
16/02/2026,4,25640,27268,23312,2926,6606,0,22126,0,1028,1110,1505,992,941,200,203,407,208,996,991,200,2926,6643,0.25351919247407817,0.15548430032064856,0.8859570661896243,38.333747770323264,1.5
16/02/2026,5,25078,26612,22817,2870,6606,0,22126,0,934,1062,1505,992,932,136,203,439,18,997,991,200,2870,6413,0.23422371764059602,0.15209631556657996,0.8712624584717608,37.78550467947685,2.0
16/02/2026,6,24678,26194,22419,2814,6606,0,22126,0,910,1104,1505,992,931,83,202,440,-6,996,991,200,2814,6334,0.22049028359541303,0.14870833081251134,0.8662151801686685,37.34321674078742,2.5
16/02/2026,7,24311,25824,22089,2814,6606,0,22126,0,906,1203,1506,991,696,35,203,462,-7,996,988,200,2814,6070,0.20788985785895764,0.14870833081251134,0.8493483260925121,37.077525056745685,3.0
16/02/2026,8,23718,25382,21523,2813,6606,0,22126,0,1040,594,1505,992,686,86,203,463,-24,996,978,200,2813,6085,0.18753004188697384,0.14864783108476012,0.850306670074112,36.12634292046597,3.5
16/02/2026,9,23422,25445,21311,2846,6606,0,22126,0,1181,734,1505,991,407,194,202,419,-242,996,607,200,2846,5279,0.17736730069353843,0.15064432210055054,0.7988116534628162,36.64197635056158,4.0
16/02/2026,10,23391,25492,21257,2879,6606,0,22126,0,1210,401,1505,991,381,200,202,417,-291,996,569,200,2879,5170,0.17630295955503675,0.15264081311634098,0.7918476871965244,36.66953407522593,4.5
16/02/2026,11,23402,25922,21298,2890,6606,0,22126,0,920,1064,1504,991,-436,200,203,613,-564,995,104,200,2890,3810,0.17668062899127926,0.15330631012160445,0.7049578328648096,38.40166072566412,5.0
16/02/2026,12,24392,26921,22234,2901,6606,0,22126,0,810,1134,1504,991,-497,200,202,618,-622,996,63,200,2901,3655,0.21067087825310718,0.15397180712686792,0.695054945054945,40.09946909521404,5.5
16/02/2026,13,26851,29495,24509,2867,6606,0,22126,0,301,943,1505,991,-558,194,178,237,-927,997,-258,200,2867,2559,0.29509716404586966,0.15191481638332627,0.6250319447993866,45.975874255276715,6.0
16/02/2026,14,29105,31866,26558,2832,6606,0,22126,0,394,986,1506,991,-560,82,59,221,-935,997,-272,152,2832,2241,0.37248506489047584,0.1497973259120334,0.604715052389471,51.28657151594847,6.5
16/02/2026,15,31696,33701,28886,2798,6606,0,22126,0,141,769,1506,991,-672,-30,0,46,-549,997,-13,22,2798,2298,0.4614433839181487,0.14774033516849175,0.6083567595195503,67.76296627896997,7.0
16/02/2026,16,33459,35462,30535,2764,6606,197,22126,0,15,741,1506,991,-624,-170,-54,44,-471,997,14,-69,2961,2164,0.5219734944722928,0.15760179079194145,0.5997955532839254,72.12097929603027,7.5
16/02/2026,17,35124,36305,32040,2775,6606,1183,22126,0,13,369,1505,991,-3,-249,-10,527,-93,997,430,-213,3958,3882,0.5791389136853671,0.21792001935991287,0.7095578839764887,70.26554366414973,8.0
16/02/2026,18,35196,36461,32017,2786,6606,2718,22126,0,12,558,1504,991,0,-219,0,549,-76,996,458,-358,5504,3845,0.5816109318135,0.3114525984633069,0.7071939688218758,64.15611144691651,8.5
16/02/2026,19,34475,36217,31221,2805,6606,4173,22126,0,11,848,1505,991,423,-187,0,483,-454,997,538,-490,6978,3806,0.5568564169470576,0.4006291971686127,0.7047022744697163,57.62575192541175,9.0
16/02/2026,20,33742,35439,30517,2824,6606,5025,22126,0,10,1140,1505,991,478,-42,0,480,-531,997,531,-514,7849,3895,0.5316898990592598,0.4533244600399298,0.7103884487605417,53.82856170792321,9.5
16/02/2026,21,33508,35485,30300,2921,6606,5609,22126,0,10,1583,1505,991,199,0,0,421,-916,997,68,-451,8530,2814,0.5236558401428277,0.49452477463851413,0.6413237924865832,53.33493165547102,10.0
16/02/2026,22,33465,35445,30231,3017,6606,5399,22126,0,10,2204,1506,991,187,0,0,418,-996,997,32,-374,8416,2761,0.5221794959829705,0.48762780567487446,0.6379376437515972,43.57122195222943,10.5
16/02/2026,23,33605,35920,30401,3094,6606,5242,22126,0,10,2370,1505,991,354,0,0,412,-1391,997,0,-314,8336,2554,0.5269861978987845,0.48278782745477644,0.6247124968055201,44.21877291319203,11.0
16/02/2026,24,33658,36098,30546,3170,6606,4927,22126,0,142,2423,1505,991,360,0,0,411,-1442,997,-13,-243,8097,2566,0.5288058779097713,0.4683283925222336,0.6254791719907999,44.81225147523584,11.5
16/02/2026,25,33856,36611,30817,3181,6606,4618,22126,0,166,2714,1505,991,238,0,0,241,-1451,997,-370,-168,7799,1983,0.5356039277621369,0.45029947365236855,0.5882315359059546,46.58715317625327,12.0
16/02/2026,26,34165,37007,31174,3191,6606,4255,22126,0,163,2770,1506,991,234,0,0,235,-1453,997,-406,-220,7446,1884,0.5462130055620408,0.4289430697561861,0.5819064656273959,48.16723308788268,12.5
16/02/2026,27,33729,36973,30839,3254,6606,5198,22126,0,102,2806,1505,991,425,0,0,387,-1453,996,-877,-212,8452,1762,0.5312435624527914,0.4898057958739186,0.5741119345770509,45.17635524029579,13.0
16/02/2026,28,33237,36370,30350,3317,6606,4199,22126,0,15,2852,1505,991,416,0,0,382,-1453,997,-913,-152,7516,1773,0.5143514385772162,0.43317805069877185,0.5748147201635574,46.477768752834216,13.5
16/02/2026,29,33215,36800,30462,3430,6606,4570,22126,0,45,3460,1507,991,3,0,0,-274,-1453,997,-1048,-165,8000,558,0.5135960997047312,0.4624599189303648,0.4971888576539739,46.88316380625015,14.0
16/02/2026,30,33355,37160,30648,3542,6606,4291,22126,0,155,3557,1507,991,0,-41,0,-309,-1433,998,-1060,-207,7833,446,0.5184028016205452,0.4523564643959102,0.4900332225913621,47.626480800764675,14.5
16/02/2026,31,33917,38240,31221,3569,6606,3292,22126,0,18,3834,1508,991,-800,-1,0,-544,-1179,998,-1089,-92,6861,-208,0.5376982764540273,0.3935507290217194,0.44824942499361103,51.98313161348226,15.0
16/02/2026,32,34671,39355,32005,3595,6606,2361,22126,0,26,3995,1507,991,-1009,-72,0,-551,-1116,997,-1091,-219,5956,-563,0.5635857996291973,0.33879847540686064,0.42556861742908253,56.899865842242704,15.5
16/02/2026,33,35954,39954,33215,3511,6606,1387,22126,0,24,3979,1507,991,-1013,-109,-24,-134,-727,998,-1091,-278,4898,120,0.6076357893291218,0.2747897634460645,0.4692052133912599,73.32482301872642,16.0
16/02/2026,34,37038,41347,34189,3427,6606,369,22126,0,19,3879,1507,991,-1015,-249,-146,-117,-648,997,-1091,-424,3796,-195,0.6448533955915676,0.2081190634642144,0.4490799897776642,82.01317673570651,16.5
16/02/2026,35,38660,42751,35634,3353,6606,17,22126,0,14,3635,1506,991,-1010,-400,-125,-71,-267,997,-1091,-513,3370,17,0.7005424706447847,0.1823461794421925,0.462624584717608,89.41046552114075,17.0
16/02/2026,36,39891,44096,36680,3279,6606,0,22126,0,10,3314,1507,991,-1010,-452,-256,-69,-206,997,-1088,-514,3279,-100,0.7428071139188354,0.176840704216831,0.45514950166112955,94.5231520116845,17.5
16/02/2026,37,40345,44256,37042,3320,6606,0,22126,0,9,3259,1507,991,-851,-452,-407,-101,-28,997,-949,-514,3320,193,0.7583945615601181,0.17932119305463126,0.47386915410171226,95.59832155546903,18.0
16/02/2026,38,39869,43883,36648,3361,6606,0,22126,0,9,3315,1507,991,-845,-452,-523,-98,-35,997,-938,-514,3361,90,0.7420517750463503,0.18180168189243148,0.4672885254280603,93.71506004925834,18.5
16/02/2026,39,38962,42905,35858,3286,6606,0,22126,0,21,3295,1505,991,-553,-451,-531,348,-412,997,-861,-514,3286,519,0.7109112133488978,0.1772642023110896,0.49469716330181446,90.31132714196212,19.0
16/02/2026,40,38092,42098,35033,3211,6606,0,22126,0,20,3386,1506,991,-541,-451,-531,367,-489,997,-860,-514,3211,475,0.6810409943006249,0.1727267227297477,0.4918860209557884,87.72512159197468,19.5
16/02/2026,41,36494,40997,33663,3259,6606,0,22126,0,20,3603,1505,991,-491,-452,-531,413,-874,997,-1021,-514,3259,23,0.6261759252901188,0.17563070966180652,0.4630079223102479,82.69741675507935,20.0
16/02/2026,42,35196,39782,32516,3307,6606,0,22126,0,14,3951,1506,992,-489,-452,-531,414,-954,996,-1033,-513,3307,-64,0.5816109318135,0.17853469659386534,0.4574495272169691,68.50763291431471,20.5
16/02/2026,43,33788,38814,31310,3392,6606,0,22126,0,20,3964,1504,991,-533,-451,-531,544,-1346,996,-1032,-513,3392,-371,0.5332692439744559,0.18367717345271947,0.43783542039355994,64.39662309382594,21.0
16/02/2026,44,31824,36990,29623,3477,6606,0,22126,0,103,4425,1505,991,-532,-452,-531,549,-1400,996,-1034,-514,3477,-422,0.4658380828126073,0.1888196503115736,0.43457705085612064,58.88174550275446,21.5
16/02/2026,45,30253,35106,28175,3542,6606,0,22126,0,165,4497,1504,991,-134,-383,-531,521,-1446,996,-1080,-514,3542,-76,0.4119000206001511,0.19275213261540322,0.45668285203168923,54.441327613400695,22.0
16/02/2026,46,28078,32982,26085,3607,6606,0,22126,0,301,4501,1505,992,-119,-302,-531,520,-1453,996,-1084,-514,3607,10,0.3372244729794685,0.19668461491923286,0.4621773575261947,49.52998042329333,22.5
16/02/2026,47,26463,31852,24562,3634,6606,0,22126,0,322,4436,1504,991,-578,-301,-531,672,-1452,995,-1091,-514,3634,-305,0.2817757330220422,0.19831810756851595,0.442052133912599,46.898353930354695,23.0
16/02/2026,48,25843,31259,23941,3661,6606,0,22126,0,321,4327,1504,991,-605,-302,-531,677,-1453,996,-1091,-513,3661,-327,0.2604889102520085,0.199951600217799,0.440646562739586,45.82796310312533,23.5
17/02/2026,1,25708,31202,23731,3647,6606,0,21504,0,320,3967,1504,991,-685,-301,-531,654,-1453,996,-1091,-513,3647,-429,0.25585387626175926,0.19910460402928187,0.43412982366470737,45.77164925023272,0.0
17/02/2026,2,26698,32180,24713,3633,6606,0,21504,0,318,4078,1504,991,-688,-302,-531,653,-1439,995,-1091,-513,3633,-421,0.2898441255235872,0.1982576078407647,0.43464094045489393,47.45650338989862,0.5
17/02/2026,3,26531,31615,24510,3557,6606,0,21504,0,318,3533,1503,991,-465,-305,-531,653,-1261,995,-1091,-513,3557,-24,0.28411041680972327,0.1936596285316716,0.4600051111679019,46.845406299088,1.0
17/02/2026,4,26198,31287,24298,3481,6606,0,21504,0,316,3385,1504,991,-456,-342,-531,653,-1239,996,-1091,-514,3481,-29,0.27267733296710844,0.1890616492225785,0.45968566317403525,46.46102553261019,1.5
17/02/2026,5,25713,30843,23829,3428,6606,0,21504,0,320,3124,1504,991,-493,-342,-531,702,-1239,995,-1091,-514,3428,-18,0.25602554418732404,0.18585516365176358,0.4603884487605418,45.75303082099954,2.0
17/02/2026,6,25288,30431,23513,3375,6606,0,21504,0,317,3359,1504,991,-494,-344,-531,704,-1253,996,-1091,-513,3375,-31,0.2414337705143171,0.18264867808094865,0.4595578839764886,45.19407402415843,2.5
17/02/2026,7,24894,30327,23095,3309,6606,0,21504,0,317,3164,1504,992,-576,-373,-531,669,-1431,996,-1091,-514,3309,-355,0.22790633797981186,0.1786556960493678,0.43885765397393306,45.12496710206643,3.0
17/02/2026,8,24443,29931,22675,3243,6606,0,21504,0,318,3154,1504,992,-579,-402,-531,668,-1453,996,-1091,-514,3243,-410,0.21242189109386803,0.1746627140177869,0.4353437260414005,44.63566502960087,3.5
17/02/2026,9,24254,30023,22424,3124,6606,0,21504,0,317,3444,1504,991,-811,-452,-531,653,-1453,995,-1091,-514,3124,-709,0.20593284350751906,0.16746324641539112,0.41624073600817785,44.97739622170131,4.0
17/02/2026,10,24239,30018,22224,3004,6606,0,21504,0,319,3464,1504,991,-820,-452,-531,641,-1453,995,-1091,-513,3004,-729,0.2054178397308247,0.16020327908524412,0.4149629440327115,45.23401772568381,4.5
17/02/2026,11,24768,30649,22664,2862,6606,0,21504,0,318,3325,1506,991,-919,-452,-508,-26,-1453,996,-1091,-514,2862,-1470,0.2235803062555792,0.15161231774457015,0.3676207513416816,47.353191173271675,5.0
17/02/2026,12,25808,31753,23544,2719,6606,0,21504,0,323,3064,1506,988,-922,-452,-512,-65,-1453,996,-1091,-527,2719,-1532,0.259287234773055,0.14296085667614497,0.36365959621773575,49.62138134075185,5.5
17/02/2026,13,28476,34931,26019,2578,6606,0,21504,0,209,2976,1484,897,-1075,-452,-531,-530,-1453,996,-1091,-514,2578,-2269,0.3508892398544256,0.1344303950632222,0.3165729619217991,56.48246439314491,6.0
17/02/2026,14,31158,37601,28450,2436,6606,0,21504,0,169,2706,1481,889,-1082,-452,-531,-551,-1453,996,-1091,-514,2436,-2308,0.4429719151273776,0.12583943372254824,0.31408126756963967,63.696448887744936,6.5
17/02/2026,15,33167,39703,30155,2334,6606,1,21504,0,169,2357,1426,852,-1056,-452,-531,-670,-1453,996,-1091,-514,2335,-2493,0.5119480876193092,0.11972896121967451,0.3022616917965755,80.07097141907218,7.0
17/02/2026,16,34332,40584,31173,2231,6606,417,21504,0,48,2090,1418,853,-910,-452,-531,-655,-1453,996,-1089,-514,2648,-2337,0.5519467142759047,0.13866537600580797,0.3122284692052134,81.921425780497,7.5
17/02/2026,17,35426,39996,32074,2092,6606,1860,21504,0,15,1748,1493,983,-3,-452,-531,149,-1453,997,-1002,-514,3952,-333,0.5895076563894802,0.21755702099340554,0.4402632251469461,76.54916763313074,8.0
17/02/2026,18,35675,40237,32238,1952,6606,3625,21504,0,15,1714,1506,991,0,-451,-531,200,-1453,997,-998,-514,5577,-253,0.5980567190826066,0.31586907858914637,0.44537439304881166,70.31650041148961,8.5
17/02/2026,19,35740,40385,32198,1854,6606,5186,21504,0,12,1421,1505,992,649,-451,-531,651,-1453,997,-1084,-514,7040,761,0.6002884021149488,0.4043801802891887,0.5101584462049579,63.979763634559006,9.0
17/02/2026,20,34952,39607,31417,1756,6606,6337,21504,0,14,901,1505,992,781,-452,-531,671,-1453,997,-1091,-514,8093,905,0.5732335370459384,0.4680863936112287,0.5193585484283159,59.16293401128312,9.5
17/02/2026,21,34163,38815,30661,1675,6606,7097,21504,0,13,1008,1505,992,647,-451,-531,561,-1453,998,-1090,-514,8772,664,0.5461443383918149,0.5091657087543106,0.5039611551239458,56.57362431355643,10.0
17/02/2026,22,33831,38469,30331,1594,6606,7608,21504,0,11,796,1505,992,644,-452,-531,556,-1439,997,-1091,-514,9202,667,0.5347455881343129,0.5351805916873374,0.5041528239202658,45.25134929634708,10.5
17/02/2026,23,33551,37937,30172,1516,6606,7719,21504,0,10,804,1506,992,1054,-451,-531,226,-1263,997,-1085,-446,9235,999,0.5251321843026849,0.5371770827031278,0.5253641707130079,44.38269147675341,11.0
17/02/2026,24,33603,37858,30284,1438,6606,7517,21504,0,10,460,1506,992,1074,-452,-471,213,-1241,997,-1083,-398,8955,1137,0.5269175307285586,0.5202371589327848,0.534180935343726,44.788645396324064,11.5
17/02/2026,25,33675,37760,30289,1316,6606,7026,21504,0,10,34,1506,992,1074,-451,-389,260,-1239,998,-1047,-349,8342,1355,0.5293895488566916,0.4831508258212838,0.5481088678763097,45.847160992579674,12.0
17/02/2026,26,34025,37917,30585,1193,6606,6411,21504,0,11,202,1506,992,1075,-452,-237,262,-1239,998,-1043,-310,7604,1552,0.5414063036462268,0.4385020267408797,0.5606951188346537,47.92264637925435,12.5
17/02/2026,27,34706,38393,31246,1121,6606,5639,21504,0,9,319,1506,992,1067,-451,-84,321,-1240,997,-1010,-293,6760,1805,0.5647874751081507,0.38744025651884567,0.5768591873243036,51.31822971875636,13.0
17/02/2026,28,35378,38841,31842,1049,6606,4970,21504,0,8,298,1506,992,1075,-371,0,323,-1254,997,-1008,-222,6019,2038,0.5878596443040582,0.34260995825518786,0.5917454638384871,55.010022258161115,13.5
17/02/2026,29,35964,39308,32408,951,6606,4048,21504,0,13,437,1506,992,1075,-225,-10,378,-1431,998,-995,-70,4999,2218,0.6079791251802513,0.2809002359489382,0.6032455916176847,60.24608208323558,14.0
17/02/2026,30,37013,40360,33456,852,6606,3134,21504,0,11,246,1506,992,1075,-187,-102,381,-1451,998,-996,34,3986,2250,0.6439950559637437,0.2196140117369472,0.6052900587784309,67.8715369528143,14.5
17/02/2026,31,37825,41022,34220,787,6606,2189,21504,0,18,-63,1506,992,920,-50,-17,315,-1429,998,-1083,184,2976,2336,0.6718739270754652,0.15850928670820982,0.6107845642729364,75.71658243507768,15.0
17/02/2026,32,38881,41980,35256,722,6606,1437,21504,0,17,83,1506,992,810,8,0,311,-1395,998,-1087,200,2159,2343,0.7081301929547483,0.10908100913545889,0.6112317914643496,84.35973709291258,15.5
17/02/2026,33,39788,42404,36039,710,6606,769,21504,0,11,-31,1489,992,3,45,0,12,-1000,998,-1005,200,1479,1734,0.7392707546522008,0.0679411942646258,0.5723230258113979,103.12713656093179,16.0
17/02/2026,34,40621,43144,36829,697,6606,221,21504,0,10,98,1476,973,0,14,0,0,-921,993,-992,200,918,1743,0.7678706310512944,0.034000846996188515,0.5728980322003577,110.55073078510421,16.5
17/02/2026,35,42044,43916,38097,710,6606,5,21504,0,11,439,873,287,179,137,0,0,-536,841,-725,199,715,1255,0.8167273226670329,0.021719402262689817,0.5417199079989777,119.10536828915934,17.0
17/02/2026,36,42687,44452,38771,723,6606,0,21504,0,11,585,830,215,196,199,0,0,-458,819,-696,200,723,1305,0.8388038178946645,0.02220340008469962,0.5449143879376438,121.99793749653725,17.5
17/02/2026,37,42317,44006,38432,803,6606,0,21504,0,11,1030,373,-673,650,200,0,0,-80,420,-325,200,803,765,0.8261003914028703,0.027043378304797628,0.5104140046000512,120.33396082584267,18.0
17/02/2026,38,41654,43288,37810,882,6606,0,21504,0,11,1208,354,-678,672,199,65,0,-32,396,-313,200,882,863,0.8033372244729795,0.03182285679714441,0.5166751852798365,116.55936474122275,18.5
17/02/2026,39,41088,42694,37450,952,6606,0,21504,0,8,1669,788,539,730,200,129,-188,-8,434,-802,200,952,2022,0.7839044152990455,0.03605783773973017,0.590723230258114,112.01644708863849,19.0
17/02/2026,40,40132,41807,36552,1022,6606,0,21504,0,13,1577,822,653,730,200,202,-195,-34,451,-833,170,1022,2166,0.7510815079310582,0.04029281868231593,0.599923332481472,107.14924275298011,19.5
17/02/2026,41,39203,41314,35728,1092,6606,0,21504,0,20,1289,1397,947,644,200,203,-306,-411,965,-774,200,1092,3065,0.7191856073611207,0.044527799624901686,0.6573600817786864,101.59417812249049,20.0
17/02/2026,42,38412,40596,35019,1161,6606,0,21504,0,18,1466,1431,968,641,200,203,-310,-489,998,-767,200,1161,3075,0.6920277415367713,0.04870228083973622,0.6579989777664196,87.89212058381352,20.5
17/02/2026,43,36398,38810,33220,1248,6606,0,21504,0,19,1647,1503,991,843,200,150,-221,-875,998,-697,200,1248,3092,0.6228799011192748,0.053965757154092804,0.659085100945566,79.53431950345504,21.0
17/02/2026,44,34174,36645,31204,1335,6606,0,21504,0,17,1971,1507,992,849,200,193,-218,-945,997,-691,200,1335,3084,0.5465220078280574,0.05922923346844939,0.6585739841553795,71.15977850254626,21.5
17/02/2026,45,32479,35029,29583,1412,6606,0,21504,0,15,2283,1506,992,412,200,115,33,-1207,998,-728,200,1412,2521,0.48832658106159443,0.06388771250529372,0.6226041400460005,65.97325025486612,22.0
17/02/2026,46,31013,33551,28273,1488,6606,0,21504,0,12,2686,1506,992,391,200,188,54,-1209,998,-717,200,1488,2603,0.43799354528599876,0.06848569181438684,0.6278430871454127,61.100472540731985,22.5
17/02/2026,47,29205,30778,26605,1531,6606,0,21504,0,14,2899,1505,992,344,200,203,732,-819,997,-140,200,1531,4214,0.3759184234017716,0.07108718010768951,0.7307692307692307,53.86406213074852,23.0
17/02/2026,48,27846,29323,25367,1574,6606,0,21504,0,14,2958,1505,991,342,200,203,769,-761,997,-102,200,1574,4344,0.32925908123326236,0.0736886684009922,0.7390748786097623,50.097179780020895,23.5
18/02/2026,1,28102,29538,25688,1690,6606,0,21504,0,12,3099,1504,991,283,200,203,878,-642,997,-182,200,1690,4432,0.3380484790221795,0.0807066368201343,0.7446971633018145,50.1802862151234,0.0
18/02/2026,2,28647,30117,26290,1805,6606,0,21504,0,12,3291,1504,991,279,200,203,881,-658,997,-200,200,1805,4397,0.35676028290874134,0.0876641055115252,0.7424610273447483,51.136032765496566,0.5
18/02/2026,3,28114,30414,25819,1929,6606,0,21504,0,12,4073,1505,992,104,200,203,573,-1046,997,-642,175,1929,3061,0.33846048204353496,0.0951660717526771,0.6571045233835932,51.092876866215796,1.0
18/02/2026,4,27542,29955,25334,2053,6606,0,21504,0,12,4266,1505,992,102,200,203,560,-1118,996,-683,200,2053,2957,0.3188216713589233,0.10266803799382902,0.6504600051111679,49.46696920533459,1.5
18/02/2026,5,26842,30094,24719,2211,6606,0,21504,0,12,4601,1505,991,-163,200,203,509,-1415,997,-1062,200,2211,1965,0.29478816177985306,0.11222699497852259,0.5870815231280347,48.68280093670955,2.0
18/02/2026,6,26403,29864,24393,2368,6606,0,21504,0,134,4976,1505,991,-187,200,202,507,-1452,997,-1088,200,2368,1875,0.2797157179152647,0.12172545223546494,0.581331459238436,47.407891407752345,2.5
18/02/2026,7,25677,29817,23628,2462,6606,0,21504,0,124,5040,1505,991,-875,200,203,341,-1453,997,-1088,200,2462,1021,0.2547895351232576,0.1274124266440801,0.526769741886021,46.807309433758455,3.0
18/02/2026,8,25227,29496,23162,2556,6606,0,21504,0,211,5201,1505,991,-915,200,203,320,-1453,996,-1090,200,2556,957,0.2393394218224267,0.13309940105269527,0.5226808075645285,45.80419521081482,3.5
18/02/2026,9,24842,29577,22858,2655,6606,0,21504,0,106,5208,1507,991,-1043,200,198,-441,-1453,996,-1092,200,2655,63,0.22612099155393806,0.13908887410006654,0.4655635062611807,46.015378682042176,4.0
18/02/2026,10,24880,29741,22872,2753,6606,0,21504,0,176,5327,1507,991,-1049,200,134,-491,-1453,997,-1092,200,2753,-56,0.22742566778823045,0.14501784741968662,0.45796064400715564,45.994741340269165,4.5
18/02/2026,11,25447,30972,23508,2843,6606,0,21504,0,316,5392,1508,991,-1066,200,14,-998,-1453,997,-1092,200,2843,-699,0.24689281054727735,0.15046282291729687,0.41687963199591105,47.58215964531306,5.0
18/02/2026,12,26067,31764,24099,2933,6606,0,21504,0,463,5286,1508,992,-1067,200,0,-1022,-1453,997,-1092,200,2933,-737,0.268179633317311,0.15590779841490712,0.41445182724252494,48.517212730135896,5.5
18/02/2026,13,28048,33584,25960,3043,6606,0,21504,0,301,5429,1500,992,-1068,200,0,-1022,-1453,997,-1092,200,3043,-746,0.3361944654260798,0.1625627684675419,0.41387682085356503,52.10223711726772,6.0
18/02/2026,14,30057,35549,27795,3152,6606,0,21504,0,258,5339,1494,988,-1067,175,0,-1022,-1453,992,-1092,200,3152,-785,0.4051706379180114,0.16915723879242545,0.4113851265014056,56.246545296928375,6.5
18/02/2026,15,32128,37595,29644,3331,6606,0,21504,0,238,5245,1211,848,-1062,88,0,-1022,-1453,779,-1092,199,3331,-1504,0.47627549268694636,0.17998669005989473,0.3654485049833887,71.60967217974354,7.0
18/02/2026,16,33682,39134,31130,3510,6606,99,21504,0,224,5255,1201,842,-1061,14,0,-1022,-1453,771,-1092,117,3609,-1683,0.5296298839524823,0.19680561437473532,0.3540122668029645,74.8471012559956,7.5
18/02/2026,17,35425,40718,32742,3645,6606,497,21504,0,293,5229,1491,982,-1060,106,0,-795,-1453,965,-1092,142,4142,-714,0.5894733228043673,0.2290519692661383,0.4159212880143113,76.18316119908407,8.0
18/02/2026,18,36126,41396,33414,3779,6606,1155,21504,0,290,5218,1507,991,-1060,19,0,-775,-1453,978,-1092,35,4934,-850,0.6135411659685505,0.2769677536451086,0.4072323025811398,74.8848676907487,8.5
18/02/2026,19,36819,41389,34095,3885,6606,1545,21504,0,245,5194,1506,991,-1008,0,0,-105,-1453,995,-1092,-67,5430,-233,0.63733434045183,0.3069756186097163,0.44665218502427806,73.89927446512547,9.0
18/02/2026,20,36890,41516,34161,3991,6606,2032,21504,0,173,5227,1507,991,-1000,-25,0,-70,-1453,997,-1092,-213,6023,-358,0.63977202499485,0.34285195716619277,0.43866598517761307,71.82169418201842,9.5
18/02/2026,21,36818,41017,34120,4139,6606,2316,21504,0,172,5334,1506,991,-493,-31,0,51,-1453,997,-1092,-358,6455,118,0.6373000068667171,0.36898783955472203,0.4690774341937133,69.36030155181236,10.0
18/02/2026,22,36319,40741,33724,4287,6606,2482,21504,0,171,5341,1506,991,-468,-165,0,59,-1453,996,-1092,-473,6769,-99,0.6201675478953512,0.3879847540686067,0.4552133912599029,57.29742245350934,10.5
18/02/2026,23,36183,40637,33615,4451,6606,2752,21504,0,170,5014,1505,991,-262,-310,-54,485,-1453,996,-1092,-513,7203,293,0.615498180319989,0.4142416359126384,0.4802581139790442,55.01776765584679,11.0
18/02/2026,24,35955,40464,33485,4614,6606,2607,21504,0,170,4989,1506,991,-251,-419,-10,503,-1453,996,-1092,-514,7221,257,0.6076701229142347,0.41533063101216044,0.4779580884232047,54.50739302644937,11.5
18/02/2026,25,36701,41051,34227,4702,6606,2391,21504,0,169,4879,1505,991,584,-451,-71,623,-1453,996,-1092,-514,7093,1118,0.633282977408501,0.40758666586000364,0.532967032967033,55.500707963995055,12.0
18/02/2026,26,37142,41561,34680,4790,6606,2231,21504,0,170,4907,1505,991,693,-451,-139,627,-1453,996,-1092,-514,7021,1163,0.6484240884433152,0.40323068546191543,0.5358420649118324,56.730389967574446,12.5
18/02/2026,27,37367,41897,34885,4769,6606,1948,21504,0,170,4776,1505,991,924,-452,-249,594,-1453,997,-1092,-514,6717,1251,0.6561491450937307,0.38483876822554297,0.5414643496038845,58.28807500068673,13.0
18/02/2026,28,37604,42197,35096,4748,6606,1626,21504,0,171,4568,1505,991,822,-451,-312,593,-1453,997,-1092,-514,6374,1086,0.6642862047655016,0.3640873616068728,0.5309225658062867,60.437536752314884,13.5
18/02/2026,29,37806,42484,35231,4740,6606,1261,21504,0,171,4945,1506,991,-107,-452,-289,400,-1453,997,-1092,-514,6001,-13,0.6712215889583191,0.3415209631556658,0.4607078967544084,63.91122688785429,14.0
18/02/2026,30,37861,42676,35439,4732,6606,998,21504,0,168,5184,1505,991,-118,-451,-419,393,-1453,996,-1092,-514,5730,-162,0.6731099361395317,0.3251255369350838,0.45118834653718376,65.4124529321659,14.5
18/02/2026,31,37811,43067,35425,4661,6606,721,21504,0,166,5112,1505,991,-508,-452,-471,308,-1453,997,-1092,-514,5382,-689,0.6713932568838838,0.30407163167765744,0.41751852798364425,67.47872134600135,15.0
18/02/2026,32,38280,43613,35860,4589,6606,471,21504,0,164,5041,1505,992,-527,-452,-531,305,-1453,996,-1092,-514,5060,-771,0.6874957083018609,0.28459071934176294,0.41227958088423206,70.4564609418731,15.5
18/02/2026,33,38586,43946,35919,4579,6606,245,21504,0,172,5021,1506,991,-547,-451,-531,260,-1453,997,-1092,-514,4824,-834,0.6980017853464259,0.27031278359247385,0.4082545361615129,82.62067011613009,16.0
18/02/2026,34,39501,44858,36744,4569,6606,51,21504,0,168,5228,1506,991,-547,-452,-531,257,-1453,996,-1092,-514,4620,-839,0.729417015724782,0.25797083913122393,0.4079350881676463,86.6145435371827,16.5
18/02/2026,35,40266,45415,37402,4473,6606,1,21504,0,166,4758,1507,991,-204,-451,-531,-139,-1453,996,-1092,-513,4474,-889,0.7556822083361945,0.24913787887954505,0.40474060822898034,90.05356926476301,17.0
18/02/2026,36,40945,46096,38043,4377,6606,0,21504,0,164,4816,1506,992,-190,-452,-531,-155,-1453,997,-1092,-514,4377,-892,0.7789947126278925,0.2432694052876762,0.40454893943266035,92.99082385331837,17.5
18/02/2026,37,40838,46057,37958,4335,6606,0,21504,0,165,4964,1506,992,-412,-452,-531,102,-1453,997,-1092,-514,4335,-857,0.7753210190208062,0.24072841672212475,0.4067850753897265,92.80264177732253,18.0
18/02/2026,38,40057,45263,37316,4292,6606,0,21504,0,165,4871,1505,992,-405,-451,-531,112,-1453,997,-1087,-514,4292,-835,0.7485064890475863,0.23812692842882208,0.40819064656273957,90.26187653162815,18.5
18/02/2026,39,39709,44329,36964,4304,6606,0,21504,0,164,4614,1504,991,674,-451,-531,383,-1453,995,-908,-513,4304,691,0.7365584014282771,0.23885292516183676,0.5056861742908254,87.04566928279571,19.0
18/02/2026,40,38718,43324,36031,4315,6606,0,21504,0,165,4377,1505,992,822,-452,-531,396,-1453,996,-891,-514,4315,870,0.7025338185813362,0.23951842216710026,0.5171224124712497,83.43634726781337,19.5
18/02/2026,41,37349,41812,34736,4222,6606,0,21504,0,169,4176,1504,992,619,-452,-531,825,-1453,996,-744,-514,4222,1242,0.6555311405616975,0.23389194748623632,0.5408893432149247,79.05347688182187,20.0
18/02/2026,42,35885,40455,33318,4129,6606,0,21504,0,286,4070,1501,992,611,-452,-531,843,-1453,996,-734,-514,4129,1259,0.6052667719563277,0.22826547280537238,0.541975466394071,65.05099613990102,20.5
18/02/2026,43,34218,38833,31763,4036,6606,0,21504,0,318,4009,1411,992,626,-452,-531,819,-1453,996,-747,-514,4036,1147,0.5480326855730275,0.22263899812450844,0.5348198313314593,60.89860396243734,21.0
18/02/2026,44,32563,37172,30245,3943,6606,0,21504,0,316,4143,1407,992,625,-452,-531,818,-1439,997,-757,-514,3943,1146,0.49121060221108287,0.2170125234436445,0.5347559417326859,56.954004734465514,21.5
18/02/2026,45,30619,35360,28508,3902,6606,0,21504,0,316,4138,1498,992,246,-451,-531,668,-1263,996,-1067,-513,3902,575,0.4244661127514935,0.21453203460584427,0.4982749808331204,53.22152288523382,22.0
18/02/2026,46,28940,33687,26980,3860,6606,0,21504,0,315,4183,1504,992,230,-452,-531,663,-1241,996,-1088,-520,3860,553,0.3668200233468379,0.2119910460402928,0.49686940966010734,49.81400209229003,22.5
18/02/2026,47,27839,32592,25819,3768,6606,0,21504,0,318,3820,1503,992,405,-452,-531,797,-1241,996,-1091,-520,3768,858,0.3290187461374717,0.2064250710871801,0.5163557372859698,47.542635516904255,23.0
18/02/2026,48,26875,31621,24852,3676,6606,0,21504,0,320,3571,1504,992,412,-452,-531,802,-1241,996,-1088,-514,3676,880,0.29592117008858065,0.20085909613406738,0.5177613084589828,45.99805562461355,23.5
19/02/2026,1,27219,31806,24999,3549,6606,0,21504,0,316,3409,1504,992,422,-451,-531,790,-1241,996,-934,-514,3549,1033,0.30773192336743804,0.19317563070966182,0.5275364170713008,46.750668323231295,0.0
19/02/2026,2,27947,32524,25718,3422,6606,0,21504,0,315,3406,1504,992,426,-452,-531,790,-1241,995,-924,-514,3422,1045,0.3327267733296711,0.18549216528525622,0.5283030922565807,48.47892591785709,0.5
19/02/2026,3,28202,32840,26007,3260,6606,0,21504,0,316,3380,1504,992,904,-452,-531,790,-1241,996,-984,-514,3260,1464,0.3414818375334752,0.17569120938955773,0.5550728341426016,48.93627247962153,1.0
19/02/2026,4,27485,32118,25392,3097,6606,0,21504,0,315,3325,1504,991,927,-451,-531,790,-1241,996,-981,-514,3097,1490,0.31686465700748473,0.16582975376610806,0.5567339637107079,47.933706912929914,1.5
19/02/2026,5,26846,31253,24936,2947,6606,0,21504,0,376,3222,1504,991,912,-452,-531,791,-1241,996,-693,-514,2947,1763,0.2949254961203049,0.15675479460342429,0.5741758241758241,46.756328088653,2.0
19/02/2026,6,26598,30995,24727,2797,6606,0,21504,0,381,3030,1504,991,912,-451,-532,791,-1241,996,-678,-514,2797,1778,0.2864107670122914,0.1476798354407405,0.575134168157424,46.67812853660359,2.5
19/02/2026,7,26335,30881,24442,2708,6606,0,21504,0,379,2907,1504,991,1026,-452,-531,790,-1241,996,-830,-513,2708,1740,0.2773810341275836,0.14229535967088147,0.5727063634040378,46.467141673501466,3.0
19/02/2026,8,26199,30755,24228,2619,6606,0,21504,0,377,2805,1504,991,1023,-451,-531,790,-1241,996,-843,-513,2619,1725,0.2727116665522214,0.13691088390102243,0.571748019422438,46.472690910730115,3.5
19/02/2026,9,25548,30138,23631,2546,6606,0,21504,0,322,2920,1504,991,407,-452,-531,884,-1241,996,-930,-514,2546,1114,0.25036050264368603,0.132494403775183,0.5327114745719397,46.218903536801946,4.0
19/02/2026,10,25374,29981,23444,2472,6606,0,21504,0,316,2800,1504,991,361,-452,-531,887,-1255,996,-939,-514,2472,1048,0.24438645883403146,0.12801742392159235,0.5284947610529006,46.17754555184262,4.5
19/02/2026,11,25606,30477,23591,2409,6606,0,21504,0,312,2822,1504,991,2,-451,-531,866,-1431,996,-1032,-514,2409,400,0.25235185058023757,0.12420594107326517,0.48709430104778945,47.61129221745791,5.0
19/02/2026,12,26232,30972,24092,2345,6606,0,21504,0,166,2735,1505,991,0,-452,-516,863,-1453,997,-1039,-514,2345,382,0.273844674860949,0.12033395849718677,0.4859442882698697,49.03881487643589,5.5
19/02/2026,13,28819,33432,26465,2296,6606,0,21504,0,163,2464,1505,991,0,-407,-418,429,-1453,996,-1059,-513,2296,71,0.36266565954817004,0.11736947183737673,0.46607462305136726,55.27426294810508,6.0
19/02/2026,14,30841,35595,28261,2247,6606,0,21504,0,170,2113,1506,991,0,-448,-508,400,-1453,997,-1061,-514,2247,-90,0.43208816864657007,0.1144049851775667,0.45578839764886275,60.79096554109858,6.5
19/02/2026,15,33294,38671,30330,2109,6606,0,21504,0,170,1519,1507,991,-293,-452,-531,-276,-1453,997,-1088,-514,2109,-1112,0.5163084529286548,0.10605602274789763,0.39049322770253003,79.75921626881168,7.0
19/02/2026,16,34617,40051,31441,1971,6606,20,21504,0,167,1248,1508,991,-315,-452,-531,-312,-1453,998,-1090,-514,1991,-1170,0.5617317860330976,0.09891705487325307,0.38678763097367747,84.61785569836631,7.5
19/02/2026,17,36985,41760,33659,1923,6606,171,21504,0,164,1278,1507,991,295,-452,-531,-12,-1453,998,-1049,-514,2094,-220,0.643033715580581,0.10514852683162926,0.4474827498083312,90.97646639863746,8.0
19/02/2026,18,37871,42628,34517,1875,6606,461,21504,0,162,1403,1507,942,332,-451,-531,12,-1453,998,-1046,-514,2336,-204,0.6734532719906613,0.11978946094742574,0.4485049833887043,92.76696432296478,8.5
19/02/2026,19,38821,43578,35450,1846,6606,758,21504,0,158,1625,1506,-3,878,-452,-531,701,-1453,997,-1046,-514,2604,83,0.7060701778479709,0.13600338798475406,0.46684129823664705,94.32444820394046,9.0
19/02/2026,20,39106,43851,35749,1816,6606,1093,21504,0,182,1722,1506,-3,903,-451,-510,739,-1453,998,-1032,-514,2909,183,0.7158552496051638,0.15445580494887773,0.47323025811397906,93.44609086108382,9.5
19/02/2026,21,39260,43353,36030,1680,6606,1516,21504,0,202,1813,1505,-3,945,-382,-376,810,-1453,998,-563,-514,3196,967,0.7211426217125593,0.17181922681347933,0.5233197035522617,91.33010552405977,10.0
19/02/2026,22,39128,42871,36070,1544,6606,1920,21504,0,200,2056,1505,-3,946,-236,-223,813,-1453,998,-514,-514,3464,1319,0.7166105884776488,0.18803315385080768,0.5458088423204702,78.87089834097387,10.5
19/02/2026,23,39431,42176,36396,1558,6606,1907,21504,0,69,2020,1505,-3,1073,-102,-72,1010,-1453,997,78,-446,3465,2587,0.727013664766875,0.1880936535785589,0.6268208535650396,78.32740661957033,11.0
19/02/2026,24,39313,41803,36302,1572,6606,1877,21504,0,12,1982,1505,-3,1077,-3,0,1017,-1448,998,123,-424,3449,2842,0.7229623017235459,0.1871256579345393,0.6431127012522362,77.66972283548495,11.5
19/02/2026,25,39492,41924,36418,1534,6606,1850,21504,0,6,1757,1505,-3,1077,-32,0,1017,-1387,998,307,-404,3384,3078,0.7291080134587654,0.18319317563070966,0.6581906465627396,78.38609294782447,12.0
19/02/2026,26,39586,41924,36478,1496,6606,1781,21504,0,51,1790,1506,-3,1077,0,0,1017,-1365,998,323,-319,3277,3234,0.7323353704593834,0.17671970476132856,0.6681574239713775,79.15120127425348,12.5
19/02/2026,27,40458,42615,37337,1402,6606,1657,21504,0,62,1773,1505,-3,1077,0,0,891,-1187,998,478,-305,3059,3454,0.7622742566778823,0.1635307641115615,0.6822131357015078,83.45041082316922,13.0
19/02/2026,28,40520,42515,37296,1308,6606,1360,21504,0,64,1613,1505,-3,1076,0,0,886,-1169,998,480,-159,2668,3614,0.7644029389548856,0.13987537056083246,0.692435471505239,85.933228032317,13.5
19/02/2026,29,40316,42254,37082,1308,6606,1126,21504,0,67,1630,1506,-3,1077,0,0,993,-1216,998,154,-52,2434,3457,0.7573988875918424,0.1257184342670458,0.6824048044978277,86.817518092463,14.0
19/02/2026,30,40344,42254,37209,1308,6606,881,21504,0,70,1709,1505,-3,1077,0,0,997,-1212,997,110,-25,2189,3446,0.7583602279750051,0.11089600096799565,0.6817020189113212,88.52608422696098,14.5
19/02/2026,31,40332,42698,37174,1299,6606,662,21504,0,14,1767,1505,-3,1078,0,0,927,-1084,998,-655,-10,1961,2756,0.7579482249536497,0.09710206304071632,0.6376181957577306,90.85556217467317,15.0
19/02/2026,32,40717,43206,37461,1289,6606,454,21504,0,14,1772,1505,-3,1077,45,0,924,-1041,998,-706,-125,1743,2674,0.7711666552221383,0.08391312239094924,0.6323792486583184,94.0207326673277,15.5
19/02/2026,33,41054,43482,37691,1259,6606,256,21504,0,14,1472,1505,-3,855,-68,-1,879,-697,997,-775,-270,1515,2422,0.7827370734052049,0.07011918446366991,0.6162790697674418,107.34978134531866,16.0
19/02/2026,34,41935,44563,38454,1229,6606,76,21504,0,14,1285,1506,-3,846,-220,-91,877,-624,998,-775,-301,1305,2213,0.8129849618897205,0.05741424163591264,0.602926143623818,112.99167515232654,16.5
19/02/2026,35,42705,45189,39163,1217,6606,7,21504,0,9,926,1505,-3,786,-371,-242,922,-243,998,-584,-432,1224,2336,0.8394218224266978,0.0525137636880634,0.6107845642729364,116.93922627543566,17.0
19/02/2026,36,42924,45634,39348,1205,6606,0,21504,0,15,1047,1505,-3,787,-451,-394,924,-183,997,-563,-501,1205,2118,0.8469408775664354,0.051364268860790124,0.5968566317403526,118.37610282120119,17.5
19/02/2026,37,43029,45421,39469,1196,6606,0,21504,0,9,1277,1505,-3,971,-451,-518,704,-24,974,-273,-514,1196,2371,0.850545904003296,0.0508197713110291,0.6130207002300025,118.61054225485667,18.0
19/02/2026,38,42421,44786,38924,1187,6606,0,21504,0,9,1524,1505,-3,978,-451,-531,696,-16,973,-241,-514,1187,2396,0.8296710842546179,0.05027527376126807,0.6146179401993356,115.83369611823511,18.5
19/02/2026,39,41853,44121,38494,1249,6606,0,21504,0,9,1731,1505,-3,1076,-451,-531,907,-160,996,190,-514,1249,3015,0.810169607910458,0.05402625688184403,0.6541656018400205,112.0078506114495,19.0
19/02/2026,40,40308,42625,37048,1310,6606,0,21504,0,12,1681,1505,-3,1077,-451,-531,915,-207,998,213,-513,1310,3003,0.7571242189109387,0.05771674027466876,0.6533989266547406,104.83573728544334,19.5
19/02/2026,41,38658,41554,35515,1351,6606,0,21504,0,153,1646,1505,-3,1078,-452,-530,829,-589,997,-55,-514,1351,2266,0.7004738034745588,0.060197229112469,0.606312292358804,98.68403491904334,20.0
19/02/2026,42,37803,40650,34720,1391,6606,0,21504,0,9,1576,1505,-3,1078,-452,-529,825,-667,997,-73,-514,1391,2167,0.6711185882029802,0.06261721822251799,0.5999872220802454,85.18291757592473,20.5
19/02/2026,43,36229,39349,33380,1456,6606,0,21504,0,8,1599,1506,-3,1029,-437,-441,596,-1054,998,-63,-514,1456,1617,0.6170775252351851,0.06654970052634764,0.5648479427549195,79.57450428523725,21.0
19/02/2026,44,34485,37397,31821,1520,6606,0,21504,0,9,1659,1505,-3,1027,-310,-288,588,-1125,997,-63,-514,1520,1814,0.5571997527981872,0.07042168310242604,0.5774341937132634,72.84382909279333,21.5
19/02/2026,45,32799,35789,30252,1530,6606,0,21504,0,10,1857,1504,-3,1076,-159,-158,962,-1416,997,-154,-490,1530,2159,0.49931332829774083,0.07102668037993828,0.5994761052900588,66.85797778179037,22.0
19/02/2026,46,30962,33601,28584,1540,6606,0,21504,0,48,2298,1504,-3,1077,-23,-23,977,-1422,997,-151,-369,1540,2564,0.4362425324452379,0.07163167765745054,0.6253513927932532,60.770187637965805,22.5
19/02/2026,47,29370,31868,27038,1576,6606,0,21504,0,372,2109,1505,-3,1076,-68,-62,944,-1027,997,179,-366,1576,3175,0.3815834649454096,0.07380966785649465,0.6643879376437516,55.444772419718234,23.0
19/02/2026,48,28337,31215,26073,1612,6606,0,21504,0,535,2113,1505,-3,1075,-220,-81,943,-948,997,213,-491,1612,2990,0.3461168715237245,0.07598765805553875,0.6525683618706875,52.891865400005514,23.5
20/02/2026,1,28389,31313,26112,1637,6606,0,21504,0,919,2013,1504,-3,1002,-350,-85,948,-560,997,603,-407,1637,3649,0.3479022179495983,0.07750015124931937,0.6946716074623052,52.08468869180518,0.0
20/02/2026,2,28953,31578,26753,1661,6606,0,21504,0,975,2269,1505,-3,998,-261,-7,948,-523,997,621,-256,1661,4019,0.3672663599533063,0.07895214471534878,0.7183107590084334,52.94338007899987,0.5
20/02/2026,3,28143,30576,26148,1675,6606,0,21504,0,963,2504,1505,-3,773,-110,0,995,-653,997,265,-104,1675,3665,0.33945615601181073,0.07979914090386593,0.6956938410426783,51.31570112218894,1.0
20/02/2026,4,27307,29702,25443,1688,6606,0,21504,0,1112,2541,1504,-3,762,39,0,997,-680,997,227,43,1688,3886,0.3107532788573783,0.08058563736463185,0.709813442371582,48.994921777344544,1.5
20/02/2026,5,26743,29514,24950,1812,6606,0,21504,0,1110,2772,1505,-3,468,131,0,997,-821,997,-237,157,1812,3194,0.29138913685367024,0.08808760360578377,0.6656018400204446,48.1807913708209,2.0
20/02/2026,6,26201,29145,24415,1936,6606,0,21504,0,1203,2980,1505,-4,456,164,0,997,-869,997,-268,197,1936,3175,0.2727803337224473,0.09558956984693569,0.6643879376437516,46.639561508782016,2.5
20/02/2026,7,25600,28833,23957,2010,6606,0,21504,0,1181,3366,1505,-4,288,185,0,950,-1261,998,-187,197,2010,2671,0.25214584906955984,0.10006654970052635,0.6321875798619985,45.8277726723212,3.0
20/02/2026,8,25461,28782,23848,2084,6606,0,21504,0,1208,3622,1505,-4,276,185,66,948,-1320,997,-189,197,2084,2661,0.24737348073885876,0.10454352955411701,0.6315486838742652,45.351683362771674,3.5
20/02/2026,9,25495,29145,23892,2122,6606,0,21504,0,1119,4096,1505,-4,2,185,166,753,-1438,997,-489,197,2122,1874,0.2485408226326993,0.10684251920866356,0.5812675696396626,46.31571048784982,4.0
20/02/2026,10,25327,29002,23743,2159,6606,0,21504,0,1105,3965,1506,-4,0,185,193,663,-1453,997,-513,197,2159,1771,0.24277278033372246,0.10908100913545889,0.5746869409660107,46.01715150113265,4.5
20/02/2026,11,25230,30084,23655,2311,6606,0,21504,0,1090,4161,1508,-4,-307,185,194,-745,-1453,998,-655,196,2311,-83,0.23944242257776557,0.11827696775364512,0.456235624840276,47.7855394202599,5.0
20/02/2026,12,25775,30763,24033,2463,6606,0,21504,0,1044,4643,1505,-4,-341,184,193,-887,-1452,994,-660,197,2463,-271,0.2581542264643274,0.12747292637183133,0.4442243802708919,48.64214979363222,5.5
20/02/2026,13,27311,32446,25436,2655,6606,0,21504,0,770,4903,1411,-4,-786,185,194,-1015,-1453,857,-507,197,2655,-921,0.3108906131978301,0.13908887410006654,0.4026961410682341,51.97998573696749,6.0
20/02/2026,14,29047,33978,27039,2846,6606,0,21504,0,584,4855,1392,-4,-804,185,162,-1020,-1436,845,-483,161,2846,-1002,0.3704937169539243,0.15064432210055054,0.3975210835675952,55.25002272883223,6.5
20/02/2026,15,30721,34319,28534,3150,6606,1,21504,0,468,4700,892,-4,-351,133,59,-931,-1216,703,-28,115,3151,-628,0.4279681384330152,0.1690967390646742,0.42141579350881675,67.63837157985944,7.0
20/02/2026,16,31896,35168,29633,3454,6606,158,21504,0,266,4361,872,-4,-330,20,0,-914,-1158,702,24,47,3612,-741,0.4683101009407402,0.19698711355798898,0.41419626884743166,68.95583506287934,7.5
20/02/2026,17,33768,36420,31412,3619,6606,700,21504,0,267,4267,1472,-3,-692,-68,-23,-164,-768,980,857,-67,4319,1524,0.5325825722721966,0.23976042107810513,0.5589062100690008,68.07705479096083,8.0
20/02/2026,18,34479,37125,32074,3783,6606,1255,21504,0,264,4073,1508,-3,-653,-72,0,-99,-742,998,900,-213,5038,1624,0.5569937512875094,0.283259725331236,0.5652951699463328,66.97187391061043,8.5
20/02/2026,19,34408,36573,32020,3935,6606,1710,21504,0,269,4275,1506,-3,94,0,0,746,-1036,997,365,-257,5645,2412,0.5545560667444894,0.3199830600762297,0.6156401737797087,63.57141711934177,9.0
20/02/2026,20,34021,36092,31593,4087,6606,1944,21504,0,178,4407,1505,-3,102,-51,0,800,-1042,997,342,-197,6031,2453,0.541268969305775,0.3433359549882026,0.6182596473294147,61.33613586540705,9.5
20/02/2026,21,34472,35936,32023,4206,6606,2065,21504,0,151,4182,1505,-3,2,-4,0,979,-655,997,864,-51,6271,3634,0.5567534161917187,0.3578558896484966,0.6937132634807054,60.03380825250045,10.0
20/02/2026,22,34553,35918,32176,4324,6606,1999,21504,0,159,3877,1505,-3,0,0,0,985,-603,998,896,57,6323,3835,0.5595344365858683,0.36100187549156026,0.7065550728341427,49.78513041088498,10.5
20/02/2026,23,34852,36151,32529,4485,6606,2058,21504,0,108,3743,1505,-3,633,-36,0,1015,-552,997,707,0,6543,4266,0.5698001785346426,0.3743118155968298,0.7340914899054434,49.17376487801831,11.0
20/02/2026,24,34890,36064,32583,4646,6606,2126,21504,0,11,4033,1505,-3,756,0,0,1016,-560,998,692,35,6772,4439,0.571104854768935,0.3881662532518604,0.7451443904932277,48.30431069883842,11.5
20/02/2026,25,34683,36034,32345,4609,6606,2252,21504,0,10,4043,1505,-3,451,0,0,829,-738,997,695,100,6861,3836,0.5639978026505528,0.3935507290217194,0.7066189624329159,48.36414328123019,12.0
20/02/2026,26,34600,36018,32250,4571,6606,2234,21504,0,8,3953,1505,-3,438,-27,0,822,-780,997,684,179,6805,3815,0.5611481150861773,0.3901627442676508,0.7052772808586762,48.38965648028098,12.5
20/02/2026,27,34360,36024,31943,4558,6606,2320,21504,0,33,3934,1506,-3,473,0,0,633,-1028,997,255,200,6878,3033,0.5529080546590674,0.39457922439349025,0.6553156146179402,48.676714271795134,13.0
20/02/2026,28,33951,35660,31494,4544,6606,2305,21504,0,33,4030,1506,-3,469,0,0,626,-1073,997,209,200,6849,2931,0.5388656183478678,0.3928247322887047,0.6487988755430616,48.07358167844909,13.5
20/02/2026,29,33622,35923,31144,4482,6606,2213,21504,0,68,4571,1506,-3,111,50,0,607,-1255,997,-375,200,6695,1838,0.5275698688457049,0.38350777421501603,0.5789675440838231,49.26344387226415,14.0
20/02/2026,30,33249,35618,30841,4420,6606,2171,21504,0,67,5059,1506,-3,104,158,0,606,-1289,997,-410,200,6591,1869,0.5147634415985717,0.37721580252888864,0.580948121645796,48.790262335978916,14.5
20/02/2026,31,33190,35981,30857,4383,6606,2004,21504,0,13,5069,1506,-3,-515,150,0,606,-1434,997,-226,200,6387,1281,0.5127377600769072,0.3648738580676387,0.5433810375670841,50.00749792074984,15.0
20/02/2026,32,33518,36450,31214,4345,6606,1443,21504,0,103,5256,1505,-3,-598,82,0,606,-1427,997,-201,167,5788,1128,0.5239991759939573,0.32863452114465486,0.5336059289547662,52.71885372818653,15.5
20/02/2026,33,34194,36698,31942,4401,6606,940,21504,0,244,5021,1505,-3,-503,-46,0,607,-1108,997,253,34,5341,1736,0.5472086795303166,0.3015911428398572,0.5724508050089445,65.0112752556314,16.0
20/02/2026,34,35122,37843,32798,4456,6606,422,21504,0,260,4949,1506,-3,-498,-195,-60,607,-1037,997,268,-68,4878,1517,0.5790702465151412,0.27357976889103996,0.5584589828775876,69.38570305146278,16.5
20/02/2026,35,36619,39445,34122,4520,6606,35,21504,0,257,4622,1505,-3,-212,-346,-145,676,-649,997,-396,-218,4555,1209,0.6304676234292385,0.2540383568273943,0.5387809864554051,75.32387406850374,17.0
20/02/2026,36,36986,39986,34382,4583,6606,0,21504,0,252,4632,1505,-3,-199,-391,-210,677,-576,997,-402,-367,4583,1031,0.6430680491656939,0.25573234920442856,0.5274086378737541,76.50431540088883,17.5
20/02/2026,37,37542,39966,34925,4582,6606,0,21504,0,251,4500,1507,-3,115,-450,-361,312,-262,997,639,-497,4582,1997,0.6621575224884982,0.25567184947667737,0.589125990288781,76.94746175129636,18.0
20/02/2026,38,36927,39335,34358,4581,6606,0,21504,0,255,4251,1506,-3,144,-452,-376,307,-209,997,729,-513,4581,2130,0.6410423676440294,0.25561134974892613,0.5976233069256325,74.93431224812008,18.5
20/02/2026,39,36340,38485,33942,4590,6606,0,21504,0,257,4080,1504,-3,998,-451,-293,937,-27,996,1039,-514,4590,4186,0.6208885531827233,0.2561558472986872,0.7289803220035778,70.55305707276622,19.0
20/02/2026,40,34798,36719,32645,4598,6606,0,21504,0,137,3858,1504,-3,1056,-433,-231,970,-4,996,1059,-513,4598,4401,0.5679461649385429,0.25663984512069693,0.7427165857398416,65.97901701463584,19.5
20/02/2026,41,33685,35531,31666,4524,6606,0,21504,0,135,3807,1504,-3,1069,-452,-137,972,-5,996,999,-514,4524,4429,0.5297328847078212,0.2521628652671063,0.7445054945054945,63.357026481728894,20.0
20/02/2026,42,32698,34483,30672,4449,6606,0,21504,0,134,3469,1504,-3,1070,-452,-49,972,-34,996,995,-513,4449,4486,0.49584563620133215,0.24762538568576442,0.7481472016355737,51.138917410729555,20.5
20/02/2026,43,31190,33355,29260,4397,6606,0,21504,0,119,3497,1504,-3,1070,-452,-66,976,-412,996,995,-513,4397,4095,0.44407058985099224,0.2444793998427007,0.7231663685152058,48.35531281619011,21.0
20/02/2026,44,29991,32044,28170,4345,6606,0,21504,0,9,3755,1504,-3,1070,-434,-4,976,-489,996,995,-514,4345,4097,0.4029046213005562,0.241333413999637,0.7232941477127524,45.976614779498675,21.5
20/02/2026,45,28334,30838,26668,4365,6606,0,21504,0,9,4066,1503,-3,1038,-452,-52,996,-875,997,992,-513,4365,3631,0.34601387076838563,0.2425434085546615,0.6935215946843853,43.33618887345118,22.0
20/02/2026,46,26974,29644,25351,4385,6606,0,21504,0,19,3934,1504,-3,1037,-452,-131,997,-951,996,991,-514,4385,3474,0.2993201950147634,0.24375340310968602,0.6834909276769742,41.1756472555178,22.5
20/02/2026,47,25253,28886,23671,4316,6606,0,21504,0,658,3864,1504,-3,1078,-452,-105,997,-1301,997,991,-514,4316,3192,0.24023209503536358,0.23957892189485147,0.6654740608228981,39.112460526220126,23.0
20/02/2026,48,24831,28684,23201,4247,6606,0,21504,0,935,3892,1504,-3,1078,-452,-36,997,-1314,996,991,-513,4247,3248,0.22574332211769552,0.23540444068001695,0.669051878354204,38.58656209722323,23.5
21/02/2026,1,24934,28385,23263,4132,6606,0,21504,0,982,3774,1504,-3,1078,-431,0,997,-922,996,991,-513,4132,3697,0.22927968138433016,0.22844697198862604,0.6977383082034245,38.36305353594219,0.0
21/02/2026,2,25645,28871,23955,4017,6606,0,21504,0,930,3859,1504,-3,1079,-333,-17,997,-858,997,989,-485,4017,3870,0.25369086039964295,0.22148950329723516,0.7087912087912088,39.3893407851987,0.5
21/02/2026,3,25351,28615,23693,3855,6606,0,21504,0,931,3745,1504,-3,1078,-428,-120,997,-669,997,987,-513,3855,3830,0.24359678637643342,0.2116885474015367,0.706235624840276,39.329590679074464,1.0
21/02/2026,4,24819,27996,23275,3693,6606,0,21504,0,919,3813,1504,-3,1078,-452,-57,997,-633,997,987,-513,3693,3905,0.22533131909634005,0.20188759150583824,0.711027344748275,38.769054625513206,1.5
21/02/2026,5,24588,27710,23074,3603,6606,0,21504,0,919,3710,1504,-3,1078,-452,-151,997,-483,997,987,-514,3603,3960,0.21740026093524686,0.19644261600822796,0.7145412726808076,38.538259876400105,2.0
21/02/2026,6,23689,26764,22232,3513,6606,0,21504,0,925,3621,1503,-3,1077,-451,-119,997,-463,996,987,-514,3513,4010,0.18653436791869807,0.1909976405106177,0.7177357526194735,37.37673044903992,2.5
21/02/2026,7,23050,25958,21622,3390,6606,0,21504,0,915,3630,1504,-3,1053,-434,-7,997,-435,996,987,-514,3390,4144,0.16459520703151823,0.18355617399721702,0.7262969588550984,36.55118388424225,3.0
21/02/2026,8,22437,25388,21064,3266,6606,0,21504,0,1106,3772,1504,-3,1043,-304,0,997,-430,996,977,-508,3266,4272,0.14354871935727528,0.1760542077560651,0.7344748274980833,35.77082599164739,3.5
21/02/2026,9,22175,24813,20824,3130,6606,0,21504,0,964,3928,1504,-3,383,-154,0,997,-409,996,586,-508,3130,3392,0.13455332005768042,0.16782624478189848,0.678251980577562,36.78230584729903,4.0
21/02/2026,10,22365,24977,20934,2993,6606,0,21504,0,999,3791,1503,-3,341,-123,0,997,-380,996,551,-507,2993,3375,0.14107670122914234,0.15953778207998065,0.6771658573984155,37.31361743879796,4.5
21/02/2026,11,22194,24563,20781,2918,6606,0,21504,0,978,3617,1503,-3,221,-233,0,997,-48,996,274,-507,2918,3200,0.1352056581748266,0.15500030249863875,0.6659851776130846,37.43851369977221,5.0
21/02/2026,12,21612,23825,20118,2843,6606,0,21504,0,900,3588,1504,-4,217,-202,0,997,21,997,254,-507,2843,3277,0.11522351163908535,0.15046282291729687,0.6709046767186302,36.67696224367191,5.5
21/02/2026,13,22682,24211,21044,2809,6606,0,21504,0,365,3427,1504,-3,275,-53,0,997,361,996,221,-508,2809,3790,0.15196044770994988,0.14840583217375522,0.7036800408893432,37.55340024289509,6.0
21/02/2026,14,23808,25012,22066,2775,6606,0,21504,0,36,3038,1504,-3,304,-52,0,997,432,996,238,-513,2775,3903,0.19062006454714,0.14634884143021357,0.7108995655507283,39.13394249974075,6.5
21/02/2026,15,25299,26493,23285,2762,6606,4,21504,0,16,2437,1504,-3,1042,-68,0,997,806,996,940,-507,2766,5707,0.24181143995055965,0.14580434388045255,0.8261564017377971,49.32824099660176,7.0
21/02/2026,16,26092,27122,23840,2749,6606,141,21504,0,11,2264,1503,-3,1071,0,0,997,880,996,988,-416,2890,6016,0.26903797294513493,0.15330631012160445,0.8458982877587529,50.04799292577617,7.5
21/02/2026,17,27732,28820,25257,2677,6606,521,21504,0,8,2240,1503,-3,1073,0,0,997,1230,996,988,-477,3198,6307,0.3253450525303852,0.17194022626898178,0.8644901610017889,51.97777453632766,8.0
21/02/2026,18,28607,29757,26009,2604,6606,1180,21504,0,63,2135,1504,-3,1072,0,0,997,1282,996,988,-484,3784,6352,0.355386939504223,0.2073930667311997,0.8673651929465883,51.960512902002634,8.5
21/02/2026,19,29426,30446,26698,2558,6606,1851,21504,0,66,2039,1505,-3,1074,0,0,1016,1384,996,988,-351,4409,6609,0.38350614571173525,0.2452053965757154,0.8837848198313315,51.456013367266365,9.0
21/02/2026,20,29422,30450,26665,2511,6606,2371,21504,0,65,1990,1505,-3,1074,0,0,1017,1397,996,988,-360,4882,6614,0.38336881137128337,0.27382176780204487,0.884104267825198,50.158047349571675,9.5
21/02/2026,21,29357,30439,26669,2513,6606,2973,21504,0,64,1826,1505,-3,1073,0,0,1017,1397,996,988,-415,5486,6558,0.38113712833894114,0.3103636033637849,0.8805264502938922,48.6245815370108,10.0
21/02/2026,22,29109,30041,26124,2515,6606,3610,21504,0,48,1414,1505,-3,1073,-6,0,1016,1397,996,988,-275,6125,6691,0.3726223992309277,0.3490229293968177,0.8890237669307437,36.68714884730476,10.5
21/02/2026,23,28592,29586,25515,2453,6606,4273,21504,0,66,1246,1505,-3,1076,-64,0,1016,1397,996,988,-261,6726,6650,0.3548719357275287,0.385383265775304,0.8864042933810375,34.905293588221284,11.0
21/02/2026,24,28386,29492,25327,2391,6606,4588,21504,0,66,1369,1505,-3,1075,-63,0,1016,1397,996,988,-374,6979,6537,0.34779921719425944,0.40068969689636397,0.8791847687196525,34.307582406486404,11.5
21/02/2026,25,28730,29755,25748,2470,6606,4153,21504,0,65,1301,1506,-3,1076,-98,0,1016,1397,997,988,-259,6623,6620,0.3596099704731168,0.3791517938169278,0.884487605417838,35.320092896060075,12.0
21/02/2026,26,29041,29892,26132,2549,6606,3711,21504,0,66,1263,1506,41,1076,-77,0,1016,1394,997,990,-108,6260,6835,0.37028771544324657,0.3571903926432331,0.8982238691541017,36.14161184722249,12.5
21/02/2026,27,29393,30062,26476,2533,6606,3076,21504,0,69,1165,1505,952,1077,0,0,1016,1357,996,990,32,5609,7925,0.3823731374030076,0.31780506987718554,0.9678635318170202,36.653644884105475,13.0
21/02/2026,28,29687,30357,26776,2516,6606,2906,21504,0,70,1438,1505,992,1076,0,0,1016,1323,997,990,83,5422,7982,0.3924672114262171,0.3064916207877065,0.9715052389470994,37.51734318561395,13.5
21/02/2026,29,29726,30395,26909,2526,6606,2089,21504,0,69,1658,1503,992,1077,0,0,997,949,998,990,152,4615,7658,0.3938062212456225,0.2576683404924678,0.9508050089445438,40.1181098107176,14.0
21/02/2026,30,29896,30542,27204,2535,6606,1354,21504,0,46,2109,1503,992,1073,0,0,996,901,998,990,141,3889,7594,0.39964293071482526,0.21374553814507835,0.9467160746230514,42.71250002563348,14.5
21/02/2026,31,30482,31086,27808,2621,6606,920,21504,0,4,2532,1503,992,686,0,0,997,888,997,990,115,3541,7168,0.41976241159101835,0.192691632887652,0.9194991055456172,45.71343367855602,15.0
21/02/2026,32,31004,31605,28285,2706,6606,529,21504,0,1,2740,1502,992,620,0,0,996,869,997,980,33,3235,6989,0.43768454301998216,0.17417871619577713,0.9080628673651929,48.28688213384059,15.5
21/02/2026,33,31323,32020,28537,2846,6606,265,21504,0,1,2966,1503,992,-96,6,0,737,650,997,600,66,3111,5455,0.4486369566710156,0.1666767499546252,0.8100562228469205,61.51414480155644,16.0
21/02/2026,34,32421,33158,29599,2986,6606,56,21504,0,1,3320,1503,992,-104,60,0,727,652,997,572,-32,3042,5367,0.4863352331250429,0.16250226873979068,0.8044339381548684,64.78172982906302,16.5
21/02/2026,35,33794,34489,30897,3132,6606,3,21504,0,1,3341,1502,992,499,0,0,987,1024,996,538,-94,3135,6444,0.5334752454851336,0.16812874342065462,0.8732430360337337,66.83897079035606,17.0
21/02/2026,36,34602,35309,31746,3278,6606,0,21504,0,1,3429,1502,992,578,0,0,997,1060,997,539,-106,3278,6559,0.5612167822564033,0.1767802044890798,0.8805903398926654,68.4009472972575,17.5
21/02/2026,37,34623,35322,31729,3428,6606,0,21504,0,1,3518,1501,992,743,0,0,997,914,997,671,-98,3428,6717,0.5619377875437753,0.18585516365176358,0.89068489649885,67.57444706183112,18.0
21/02/2026,38,34203,35127,31277,3578,6606,0,21504,0,1,3332,1501,992,750,-78,0,997,866,997,683,-245,3578,6463,0.5475176817963332,0.19493012281444733,0.8744569384104268,66.02274402413966,18.5
21/02/2026,39,33441,34589,30635,3731,6606,0,21504,0,2,3380,1501,992,823,-157,0,997,493,997,760,-389,3731,6017,0.5213554899402596,0.20418658116038477,0.8459621773575262,63.845145617445304,19.0
21/02/2026,40,31910,33027,29276,3884,6606,0,21504,0,7,3556,1501,992,826,-30,0,997,417,997,755,-480,3884,5975,0.46879077113232165,0.21344303950632224,0.8432788142090467,59.39491121871487,19.5
21/02/2026,41,30622,31711,28176,3978,6606,0,21504,0,8,3955,1501,992,775,0,0,979,43,997,379,-481,3978,5185,0.4245691135068324,0.2191300139149374,0.7928060311781242,57.085056917730405,20.0
21/02/2026,42,29195,30511,26865,4071,6606,0,21504,0,183,3762,1501,992,771,0,0,979,-34,997,349,-499,4071,5056,0.37557508755064206,0.22475648859580133,0.784564272936366,43.953798372866395,20.5
21/02/2026,43,27891,29660,25755,4040,6606,0,21504,0,316,3895,1502,992,339,-1,0,996,-412,996,209,-440,4040,4181,0.3308040925633455,0.22288099703551334,0.7286608740097112,42.67135998417277,21.0
21/02/2026,44,26681,28665,24735,4008,6606,0,21504,0,318,3815,1493,988,311,-97,0,994,-489,996,182,-480,4008,3898,0.2892604545766669,0.22094500574747414,0.7105801175568618,41.010485692429256,21.5
21/02/2026,45,24748,27707,22904,3962,6606,0,21504,0,318,3605,1157,856,-97,-249,0,574,-876,997,-471,-348,3962,1543,0.22289363455332006,0.21816201827091777,0.5601201124456938,41.16982587665003,22.0
21/02/2026,46,23842,27173,22237,3916,6606,0,21504,0,377,3564,1143,850,-104,-399,0,556,-945,997,-522,-384,3916,1192,0.19178740644098058,0.21537903079436144,0.5376948632762586,40.45622806828321,22.5
21/02/2026,47,22843,27788,21303,3866,6606,0,21504,0,818,3510,1481,983,-587,-452,-61,625,-1206,989,-743,-478,3866,551,0.15748815491313603,0.21235404440680017,0.4967416304625607,39.99407225507022,23.0
21/02/2026,48,21955,27568,20481,3815,6606,0,21504,0,1188,3332,1503,992,-660,-452,-213,627,-1239,988,-747,-514,3815,285,0.12699993133282977,0.2092685582914877,0.47974699718885766,39.207000560791414,23.5
22/02/2026,1,22417,27158,20903,3768,6606,0,21504,0,1009,3231,1503,992,-362,-452,-252,610,-1240,996,-312,-514,3768,969,0.14286204765501614,0.2064250710871801,0.5234474827498083,39.05278011858908,0.0
22/02/2026,2,23432,27725,21768,3720,6606,0,21504,0,786,3522,1494,988,-349,-429,-101,609,-1239,996,-276,-513,3720,1180,0.17771063654466798,0.2035210841551213,0.5369281880909788,40.26422917531351,0.5
22/02/2026,3,23382,27098,21744,3627,6606,0,21504,0,596,3690,1048,854,-303,-398,-2,758,-1240,997,-64,-513,3627,1137,0.17599395728902012,0.19789460947425735,0.534180935343726,40.419301300458564,1.0
22/02/2026,4,22572,26391,21009,3533,6606,0,21504,0,844,3768,1019,842,-301,-258,0,763,-1240,997,-63,-513,3533,1246,0.14818375334752454,0.1922076350656422,0.5411449016100179,39.338223049731354,1.5
22/02/2026,5,21884,26168,20396,3541,6606,0,21504,0,652,3692,932,750,-526,-177,0,913,-1240,997,-575,-514,3541,560,0.12456224678980979,0.192691632887652,0.49731663685152055,39.25540814793242,2.0
22/02/2026,6,21251,25713,19799,3549,6606,0,21504,0,786,3355,935,749,-540,-159,0,918,-1241,997,-622,-514,3549,523,0.1028290874133077,0.19317563070966182,0.49495272169690774,38.4188401413043,2.5
22/02/2026,7,20623,26732,19261,3533,6606,0,21504,0,1505,3487,1395,978,-1060,-125,0,960,-1241,996,-1065,-513,3533,325,0.08126759596237039,0.1922076350656422,0.48230258113979046,37.838423163729736,3.0
22/02/2026,8,20037,26185,18719,3517,6606,0,21504,0,1538,3836,1421,993,-1085,-74,0,962,-1241,996,-1096,-514,3517,362,0.0611481150861773,0.19123963942162261,0.4846664962944033,37.01540549491035,3.5
22/02/2026,9,19845,25807,18574,3464,6606,0,21504,0,1501,3736,1293,993,-1035,-16,0,971,-1241,996,-1096,-473,3464,392,0.054556066744489456,0.18803315385080768,0.4865831842576029,36.80958436910329,4.0
22/02/2026,10,19948,25870,18682,3411,6606,0,21504,0,1504,3667,1288,993,-1032,-112,0,971,-1241,996,-1096,-337,3411,430,0.05809242601112408,0.18482666827999275,0.489010989010989,36.998677211825395,4.5
22/02/2026,11,19885,25377,18696,3461,6606,0,21504,0,1506,3839,1484,992,-853,-22,0,682,-1241,996,-1083,-187,3461,768,0.055929410149007756,0.187851654667554,0.5106056733963711,36.38951329800627,5.0
22/02/2026,12,19820,25423,18676,3511,6606,0,21504,0,1648,4202,1493,992,-846,0,0,671,-1240,996,-1082,-187,3511,797,0.053697727116665525,0.19087664105511526,0.5124584717607974,36.17244041779722,5.5
22/02/2026,13,20443,26246,19325,3542,6606,0,21504,0,1645,4453,1502,992,-1075,0,0,828,-1241,996,-1089,-153,3542,760,0.07508755064203804,0.19275213261540322,0.5100945566061845,37.01904691509573,6.0
22/02/2026,14,20820,26771,19702,3572,6606,0,21504,0,1628,4427,1502,992,-1084,-32,0,833,-1240,996,-1090,-277,3572,600,0.08803131222962302,0.19456712444793997,0.49987222080245336,37.686794339697656,6.5
22/02/2026,15,21608,27344,20386,3666,6606,0,21504,0,1605,4590,1502,992,-837,0,0,973,-1241,996,-1090,-363,3666,932,0.11508617729863352,0.20025409885655515,0.5210835675951955,48.174152774344776,7.0
22/02/2026,16,22035,27771,20825,3760,6606,121,21504,0,1573,4422,1502,992,-826,0,0,978,-1241,996,-1090,-406,3881,905,0.12974661814186636,0.21326154032306854,0.5193585484283159,48.40484754741628,7.5
22/02/2026,17,22838,28258,21565,3734,6606,827,21504,0,1547,4722,1502,992,-607,0,0,760,-1241,996,-1090,-335,4561,977,0.15731648698757125,0.2544013551939016,0.5239585995399949,48.181446832885904,8.0
22/02/2026,18,23546,28748,22168,3707,6606,1716,21504,0,1297,4662,1490,987,-598,0,0,752,-1241,996,-1090,-376,5423,920,0.18162466524754514,0.30655212051545766,0.5203168924099156,47.66208514623976,8.5
22/02/2026,19,23546,28252,22153,3731,6606,2557,21504,0,702,4414,884,803,-550,-22,0,649,-1241,976,-1090,-501,6288,-92,0.18162466524754514,0.3588843850202674,0.4556606184513161,47.38524269026746,9.0
22/02/2026,20,23612,28220,22125,3755,6606,3876,21504,0,676,4325,860,795,-548,0,0,645,-1241,975,-1089,-454,7631,-57,0.18389068186500035,0.44013551939016277,0.4578967544083823,44.99362660472748,9.5
22/02/2026,21,24121,28744,22513,3810,6606,4983,21504,0,913,4323,1466,979,-548,0,0,664,-1239,995,-970,-353,8793,994,0.20136647668749572,0.5104362030370864,0.5250447227191414,42.2406785220044,10.0
22/02/2026,22,24094,28368,22566,3864,6606,5714,21504,0,935,4560,1502,992,-548,0,0,665,-1239,997,-723,-229,9578,1417,0.20043946988944586,0.5579284893217981,0.5520700230002555,30.23832365591878,10.5
22/02/2026,23,24421,28522,22971,3922,6606,5823,21504,0,927,4603,1502,992,-480,15,0,770,-1239,997,-723,-132,9745,1702,0.21166655222138295,0.5680319438562527,0.5702785586506517,30.020132600154707,11.0
22/02/2026,24,24554,28453,23071,3980,6606,6090,21504,0,816,4548,1502,992,-478,52,0,774,-1240,997,-723,-42,10070,1834,0.2162329190414063,0.5876943553754008,0.5787119856887298,29.444246386619632,11.5
22/02/2026,25,24747,28358,23254,3985,6606,5606,21504,0,238,4642,1503,992,-584,-55,0,598,-1240,996,-723,-171,9591,1316,0.2228593009682071,0.558714985782564,0.5456171735241503,31.24057899476836,12.0
22/02/2026,26,24597,28189,23169,3989,6606,5590,21504,0,171,4806,1502,992,-551,-11,0,592,-1239,996,-723,-297,9579,1261,0.21770926320126346,0.5579889890495493,0.5421032455916177,31.126635944731703,12.5
22/02/2026,27,24744,27792,23253,4110,6606,5878,21504,0,173,4339,1502,992,240,0,0,791,-1240,996,-723,-312,9988,2246,0.22275630021286824,0.5827333776998004,0.6050345003833376,29.32756066985397,13.0
22/02/2026,28,24275,27236,22744,4230,6606,6642,21504,0,167,4524,1502,992,265,0,0,799,-1240,996,-723,-231,10872,2360,0.20665384879489115,0.6362151370318834,0.612317914643496,26.93334154796922,13.5
22/02/2026,29,23843,26858,22204,4226,6606,6995,21504,0,373,4058,1502,992,609,0,0,895,-1239,996,-723,-80,11221,2952,0.19182174002609353,0.657329542017061,0.6501405571173013,24.95017219818589,14.0
22/02/2026,30,24193,27133,22439,4221,6606,6004,21504,0,365,4189,1502,992,623,-43,0,898,-1209,997,-723,37,10225,3074,0.20383849481562866,0.5970718131768407,0.6579350881676463,27.082683633967005,14.5
22/02/2026,31,24718,26975,23052,4081,6606,4519,21504,0,164,4242,1502,992,310,45,0,767,-818,997,-675,126,8600,3246,0.22186362699993134,0.49875975558109986,0.6689240991566573,30.53327042943111,15.0
22/02/2026,32,26157,28268,24403,3940,6606,3197,21504,0,161,3949,1503,992,296,53,0,762,-740,997,-610,178,7137,3431,0.27126965597747715,0.4102486538810575,0.6807436749297214,34.92845312407294,15.5
22/02/2026,33,28808,30268,26710,3831,6606,1773,21504,0,158,4080,1502,992,366,165,0,988,-356,996,-346,47,5604,4354,0.36228799011192747,0.31750257123842945,0.7397137745974955,50.29251099999479,16.0
22/02/2026,34,30670,31706,28505,3721,6606,768,21504,0,2,4207,1502,992,374,74,0,997,-279,996,-88,-67,4489,4501,0.42621712559225433,0.2500453747958134,0.7491055456171736,56.42740201419329,16.5
22/02/2026,35,32510,33388,30054,3681,6606,101,21504,0,2,3571,1501,992,931,-62,0,997,98,997,671,-214,3782,5911,0.4893909222000961,0.20727206727569725,0.8391898798875543,61.349140170213076,17.0
22/02/2026,36,34252,35256,31596,3641,6606,0,21504,0,2,3739,1501,992,960,-60,0,997,175,997,787,-342,3641,6007,0.5492000274668681,0.19874160566277452,0.845323281369793,66.46855362620059,17.5
22/02/2026,37,34377,35499,31830,3718,6606,0,21504,0,0,3749,1501,992,1048,-166,0,997,547,997,544,-356,3718,6104,0.5534917256059878,0.20340008469961884,0.851520572450805,66.36110445618569,18.0
22/02/2026,38,33779,34921,31252,3794,6606,0,21504,0,2,4110,1502,992,1052,-153,0,997,565,998,537,-387,3794,6103,0.5329602417084391,0.20799806400871196,0.8514566828520317,64.38535910715652,18.5
22/02/2026,39,32645,33840,30322,3937,6606,0,21504,0,1,4407,1501,992,1068,-233,0,997,192,997,924,-361,3937,6077,0.4940259561903454,0.21664952507713714,0.8497955532839254,60.88190250184721,19.0
22/02/2026,40,31658,32918,29349,4079,6606,0,21504,0,4,4873,1501,992,1074,-205,0,997,117,997,936,-451,4079,5958,0.46013870768385634,0.2252404864178111,0.8421926910299004,58.11511035545903,19.5
22/02/2026,41,30692,32243,28597,4120,6606,0,21504,0,4,5094,1502,992,1029,-173,0,997,-261,997,391,-513,4120,4961,0.4269724644647394,0.22772097525561136,0.7784947610529006,57.059443456986536,20.0
22/02/2026,42,29634,31261,27468,4160,6606,0,21504,0,9,4589,1502,992,1026,-166,0,997,-338,997,343,-514,4160,4839,0.3906475314152304,0.23014096436566037,0.7707002300025556,44.85340920955058,20.5
22/02/2026,43,28115,29980,26069,4181,6606,0,21504,0,9,4380,1502,992,749,-60,0,997,-721,997,22,-475,4181,4003,0.3384948156286479,0.23141145864843607,0.7172885254280603,42.93968907766073,21.0
22/02/2026,44,27062,28908,25232,4202,6606,0,21504,0,11,4774,1502,992,676,-89,0,997,-800,997,-17,-329,4202,3929,0.3023415505047037,0.2326819529312118,0.7125606951188347,41.15313710192115,21.5
22/02/2026,45,25037,27942,23481,4180,6606,0,21504,0,20,4670,1502,992,-245,-34,0,997,-1190,997,-639,-177,4180,2203,0.23281604065096478,0.23135095892068486,0.6022872476360849,40.326496693564934,22.0
22/02/2026,46,23867,27348,22433,4158,6606,0,21504,0,642,4902,1502,992,-276,68,0,982,-1239,997,-689,-35,4158,2302,0.1926457460688045,0.23001996491015791,0.6086123179146435,38.63298453715457,22.5
22/02/2026,47,22130,27024,20825,4138,6606,0,21504,0,1207,4968,1503,992,-812,81,0,234,-1240,996,-1035,68,4138,787,0.13300830872759734,0.2288099703551334,0.5118195757730641,38.21964172298861,23.0
22/02/2026,48,21694,26821,20384,4118,6606,0,21504,0,1388,5070,1504,992,-839,0,0,190,-1240,996,-1060,189,4118,732,0.11803886561834787,0.2275999758001089,0.5083056478405316,37.727442393920015,23.5
23/02/2026,1,22366,27578,20960,4192,6606,0,21504,0,1370,5617,1504,992,-936,0,0,102,-1240,996,-1066,200,4192,552,0.1411110348142553,0.23207695565369957,0.496805520061334,38.746022321732546,0.0
23/02/2026,2,22746,28054,21473,4266,6606,0,21504,0,1460,5792,1504,992,-941,55,0,99,-1240,996,-1067,200,4266,598,0.15415779715717914,0.23655393550729023,0.4997444416049067,39.07480498897033,0.5
23/02/2026,3,22559,27815,21327,4270,6606,0,21504,0,1462,5791,1505,992,-867,4,0,28,-1239,997,-1088,200,4270,532,0.1477374167410561,0.2367959344182951,0.49552772808586765,38.895064075376034,1.0
23/02/2026,4,21932,27192,20831,4273,6606,0,21504,0,1467,5581,1505,992,-864,30,0,25,-1240,997,-1089,200,4273,556,0.12621025887523174,0.2369774336015488,0.4970610784564273,37.99786577783426,1.5
23/02/2026,5,21282,27058,20310,4289,6606,0,21504,0,1590,5224,1456,992,-1008,0,0,-247,-1239,997,-1092,200,4289,59,0.10389342855180939,0.23794542924556839,0.4653079478660874,37.711215307383576,2.0
23/02/2026,6,20935,26901,19967,4304,6606,0,21504,0,1761,4826,1449,992,-1013,0,0,-260,-1239,997,-1093,200,4304,33,0.09197967451761313,0.23885292516183676,0.4636468182979811,37.2406628598898,2.5
23/02/2026,7,20415,26828,19409,4317,6606,0,21504,0,1748,4860,1167,992,-1049,0,0,-683,-1240,997,-1093,160,4317,-749,0.07412621025887524,0.2396394216226027,0.4136851520572451,37.50216272053203,3.0
23/02/2026,8,19963,26404,18958,4330,6606,0,21504,0,1756,4322,1151,990,-1050,3,0,-702,-1240,994,-1093,111,4330,-836,0.058607429787818445,0.24042591808336863,0.4081267569639663,36.96898450973235,3.5
23/02/2026,9,19763,26260,18731,4355,6606,0,21504,0,1481,4450,1176,901,-1095,75,0,-988,-1240,892,-1093,198,4355,-1174,0.051740712765226946,0.24193841127714924,0.3865320725785842,37.08083472072292,4.0
23/02/2026,10,19796,26208,18723,4380,6606,0,21504,0,1385,4509,1174,895,-1094,7,0,-999,-1240,888,-1094,200,4380,-1263,0.05287372107395454,0.24345090447092987,0.3808458982877588,37.19450374307511,4.5
23/02/2026,11,20440,26788,19264,4411,6606,0,21504,0,1302,5029,954,904,-1093,0,0,-1021,-1240,991,-1092,200,4411,-1397,0.07498454988669917,0.24532639603121786,0.37228469205213394,38.193896273488754,5.0
23/02/2026,12,21216,27149,20036,4441,6606,0,21504,0,906,5097,949,900,-1092,16,0,-1014,-1240,997,-1081,135,4441,-1430,0.10162741193435419,0.2471413878637546,0.37017633529261434,39.247328135609244,5.5
23/02/2026,13,23878,28060,22477,4470,6606,0,21504,0,351,5208,1262,783,-849,115,0,-411,-1240,988,-731,148,4470,65,0.19302341550504704,0.24889587996854015,0.46569128545872734,40.940234511971134,6.0
23/02/2026,14,25717,29393,24207,4499,6606,0,21504,0,52,5353,1283,780,-744,32,0,-373,-1209,987,-698,51,4499,109,0.25616287852777586,0.2506503720733257,0.4685024278047534,43.35877868646082,6.5
23/02/2026,15,28971,30785,27173,4401,6606,15,21504,0,17,5141,1493,978,94,111,0,229,-818,996,-379,123,4416,2827,0.36788436448533957,0.24562889466997398,0.6421543572706363,55.40020458788818,7.0
23/02/2026,16,30339,32054,28300,4302,6606,322,21504,0,17,5217,1504,991,102,152,13,267,-758,997,-340,26,4624,2954,0.4148527089198654,0.25821283804222883,0.6502683363148479,57.31451943814456,7.5
23/02/2026,17,31627,32929,29358,4321,6606,1124,21504,0,17,5116,1502,991,599,22,0,868,-618,997,248,-67,5445,4542,0.45907436654535466,0.30788311452598466,0.7517250191668796,55.46350852392813,8.0
23/02/2026,18,31268,32779,29066,4340,6606,2286,21504,0,15,5498,1502,992,678,-68,-5,898,-610,997,297,-213,6626,4468,0.44674860948980294,0.3793332930001815,0.746997188857654,51.82269130627734,8.5
23/02/2026,19,31436,33304,29097,4401,6606,3288,21504,0,12,5241,1502,991,1062,-166,0,1013,-732,998,581,-358,7689,4891,0.4525166517887798,0.4436445035997338,0.7740224891387683,49.315604081593115,9.0
23/02/2026,20,30871,33059,28541,4462,6606,4251,21504,0,12,5221,1502,991,1078,-308,0,1016,-777,997,604,-491,8713,4612,0.4331181761999588,0.5055962248169883,0.756197291081012,47.03289448186847,9.5
23/02/2026,21,30215,32980,27940,4532,6606,5419,21504,0,11,5279,1502,991,1076,-436,-36,1016,-1169,997,761,-513,9951,4189,0.4105953443658587,0.5804948877730051,0.7291719907998978,44.42552732544623,10.0
23/02/2026,22,29921,32861,27630,4602,6606,5710,21504,0,11,5451,1503,991,1076,-452,-155,1016,-1209,998,772,-513,10312,4027,0.4005012703426492,0.6023352894911973,0.71882187579862,33.57355461299765,10.5
23/02/2026,23,29764,32693,27487,4586,6606,5496,21504,0,11,5122,1502,991,1073,-451,-272,1016,-1081,998,792,-514,10082,4054,0.39511089747991485,0.5884203521084155,0.7205468949654996,33.74088743663413,11.0
23/02/2026,24,30044,33026,27770,4569,6606,4762,21504,0,11,5194,1502,991,1074,-452,-359,1016,-1047,998,779,-513,9331,3989,0.40472430131154297,0.5429850565672455,0.7163940710452338,35.57153893453968,11.5
23/02/2026,25,30319,33109,28119,4483,6606,4264,21504,0,11,5408,1502,991,1074,-451,-418,1016,-822,998,257,-488,8747,3659,0.41416603721760625,0.50765321556053,0.6953105034500383,37.43083495288759,12.0
23/02/2026,26,30783,33534,28554,4396,6606,4072,21504,0,11,5317,1502,991,1074,-452,-455,1016,-763,998,220,-470,8468,3661,0.43009682071001853,0.49077379151793815,0.695438282647585,38.57189342991089,12.5
23/02/2026,27,31337,33745,29130,4217,6606,3372,21504,0,11,5242,1502,991,1073,-451,-453,1016,-379,997,234,-514,7589,4016,0.449117626862597,0.4375945308246113,0.7181190902121135,40.482454250061316,13.0
23/02/2026,28,31951,34271,29686,4038,6606,2800,21504,0,11,4792,1502,991,1074,-452,-406,1013,-338,998,233,-513,6838,4102,0.4701984481219529,0.3921592352834412,0.723613595706619,42.93629607666978,13.5
23/02/2026,29,32549,34866,30275,3775,6606,1866,21504,0,11,4446,1503,991,1074,-451,-324,564,-417,998,125,-514,5641,3549,0.4907299320195015,0.31974106116522477,0.6882826475849732,48.025544131485084,14.0
23/02/2026,30,33046,35474,30741,3512,6606,1169,21504,0,11,4010,1503,992,1075,-452,-394,544,-457,998,108,-514,4681,3403,0.5077937238206414,0.26166132252404867,0.6789547661640685,52.517683491904435,14.5
23/02/2026,31,33960,37059,31562,3301,6606,889,21504,0,11,3997,1503,992,864,-451,-450,692,-842,998,-231,-514,4190,2561,0.5391746206138845,0.23195595619819712,0.6251597239969333,57.76811012459233,15.0
23/02/2026,32,34886,38064,32333,3089,6606,674,21504,0,11,3426,1503,992,855,-452,-476,697,-862,998,-263,-514,3763,2478,0.5709675204284831,0.20612257244842397,0.6198568872987478,62.24459606170597,15.5
23/02/2026,33,35567,38634,32782,2762,6606,359,21504,0,12,2448,1503,992,457,-452,-413,713,-503,998,-573,-514,3121,2208,0.5943486918904072,0.16728174723213746,0.6026066956299514,77.64653185923811,16.0
23/02/2026,34,36426,39298,33404,2435,6606,116,21504,0,12,2125,1503,991,451,-451,-285,714,-428,998,-582,-514,2551,2397,0.6238412415024377,0.13279690241393913,0.6146818297981088,83.14357856876877,16.5
23/02/2026,35,38259,40143,34970,2259,6606,11,21504,0,4,1377,1503,992,1051,-451,-133,569,-51,997,-131,-514,2270,3832,0.6867747030144887,0.11579647891584488,0.7063634040378226,89.43079361603822,17.0
23/02/2026,36,38864,40626,35477,2083,6606,0,21504,0,3,1204,1496,989,1075,-452,-97,566,25,996,-96,-514,2083,3988,0.7075465220078281,0.10448302982636579,0.7163301814464605,92.66190089271896,17.5
23/02/2026,37,39218,40880,35824,1913,6606,0,21504,0,3,1311,1169,901,1075,-441,-104,938,387,933,50,-514,1913,4394,0.719700611137815,0.0941980761086575,0.7422693585484283,94.59190027095846,18.0
23/02/2026,38,38432,39889,35023,1742,6606,0,21504,0,3,1032,1155,898,1075,-335,-5,953,433,930,62,-514,1742,4652,0.6927144132390304,0.08385262266319801,0.7587528750319448,92.2607011504189,18.5
23/02/2026,39,37510,38943,34150,1618,6606,0,21504,0,3,635,1481,986,1075,-331,0,995,444,993,101,-499,1618,5245,0.6610588477648837,0.0763506564220461,0.7966394071045234,88.73206621724825,19.0
23/02/2026,40,36286,37468,32950,1493,6606,0,21504,0,9,303,1503,992,1075,-193,0,997,417,998,92,-380,1493,5501,0.6190345395866237,0.06878819045314297,0.8129951443904933,84.60409566614426,19.5
23/02/2026,41,34706,36084,31483,1479,6606,0,21504,0,9,612,1502,992,1075,-45,0,997,43,997,-354,-370,1479,4837,0.5647874751081507,0.0679411942646258,0.7705724508050089,79.95318776756966,20.0
23/02/2026,42,33643,35002,30474,1464,6606,0,21504,0,9,625,1502,992,1075,0,0,997,-34,998,-385,-331,1464,4814,0.528290874133077,0.06703369834835743,0.7691029900332226,66.50405514698166,20.5
23/02/2026,43,32374,34010,29352,1461,6606,0,21504,0,9,505,1503,992,877,-38,0,997,-411,998,-346,-232,1461,4340,0.48472155462473393,0.06685219916510375,0.738819320214669,63.083797699677675,21.0
23/02/2026,44,31496,33110,28634,1457,6606,0,21504,0,6,618,1502,992,869,-139,0,997,-459,998,-330,-80,1457,4350,0.45457666689555726,0.06661020025409886,0.7394582162024023,60.426675098446744,21.5
23/02/2026,45,29397,30496,26737,1431,6606,0,21504,0,9,545,1503,992,852,-29,0,997,-461,997,129,65,1431,5045,0.3825104717434595,0.065037207332567,0.7838614873498595,53.719429319706684,22.0
23/02/2026,46,27799,28891,25321,1405,6606,0,21504,0,6,1164,1503,992,852,68,0,997,-486,998,156,188,1405,5268,0.3276454027329534,0.06346421441103516,0.7981088678763097,49.42721433525173,22.5
23/02/2026,47,25974,27380,23617,1492,6606,0,21504,0,6,1741,1503,992,855,82,0,988,-800,998,7,200,1492,4825,0.26498660990180595,0.06872769072539174,0.7698057756197291,45.45257196329356,23.0
23/02/2026,48,24975,26414,22721,1579,6606,0,21504,0,6,2085,1503,992,854,0,0,988,-833,998,0,200,1579,4702,0.2306873583739614,0.07399116703974833,0.7619473549706108,43.2420340070727,23.5
24/02/2026,1,25091,26479,22905,1616,6606,0,21504,0,6,2175,1502,992,916,60,0,988,-748,998,-34,200,1616,4874,0.23467005424706447,0.07622965696654366,0.7729363659596218,43.147386711118386,0.0
24/02/2026,2,25567,26973,23479,1653,6606,0,21504,0,6,2504,1503,992,918,179,0,988,-768,998,-32,200,1653,4978,0.25101284076083225,0.07846814689333897,0.7795808842320471,43.881151821901796,0.5
24/02/2026,3,25298,27061,23351,1701,6606,0,21504,0,6,2815,1503,992,971,77,0,988,-1157,998,163,200,1701,4735,0.2417771063654467,0.08137213382539779,0.7640557117301303,43.49259131818776,1.0
24/02/2026,4,24895,26723,23027,1748,6606,0,21504,0,6,3055,1503,992,974,0,0,988,-1222,998,173,200,1748,4606,0.2279406715649248,0.08421562102970537,0.7558139534883721,42.71429257101947,1.5
24/02/2026,5,24225,26257,22483,1849,6606,0,21504,0,6,3188,1503,992,810,0,0,988,-1426,997,11,200,1849,4075,0.2049371695392433,0.0903260935325791,0.7218885765397394,41.83807436940188,2.0
24/02/2026,6,23662,25745,21986,1949,6606,0,21504,0,8,3265,1503,992,726,0,0,988,-1453,997,-22,195,1949,3926,0.1856073611206482,0.09637606630770161,0.7123690263225146,40.76336536758429,2.5
24/02/2026,7,22567,25562,20865,2031,6606,0,21504,0,5,3272,1503,992,-96,0,0,824,-1453,997,-841,200,2031,2126,0.14801208542195976,0.10133704398330208,0.5973677485305392,41.06373069636657,3.0
24/02/2026,8,22227,25289,20494,2112,6606,0,21504,0,8,3742,1504,992,-104,0,0,804,-1453,997,-897,200,2112,2043,0.13633866648355422,0.10623752193115131,0.5920649118323537,40.479487498962435,3.5
24/02/2026,9,22022,25213,20288,2142,6606,0,21504,0,6,4158,1506,992,-235,0,0,83,-1453,998,-897,191,2142,1185,0.12930028153539794,0.10805251376368806,0.5372476360848454,41.212571184925196,4.0
24/02/2026,10,21955,25188,20221,2172,6606,0,21504,0,7,4116,1506,992,-271,21,0,17,-1453,998,-902,176,2172,1084,0.12699993133282977,0.10986750559622482,0.5307947866087401,41.18568755394887,4.5
24/02/2026,11,21949,27042,20344,2264,6606,0,21504,0,7,4765,1508,992,-1044,134,0,-909,-1453,997,-1080,200,2264,-655,0.12679392982215204,0.11543348054933752,0.41969077434193713,43.22268087802803,5.0
24/02/2026,12,22809,28009,21171,2356,6606,0,21504,0,7,4886,1508,992,-1076,95,0,-971,-1453,997,-1093,200,2356,-801,0.15632081301929548,0.12099945550245024,0.41036289292103245,44.49044689508763,5.5
24/02/2026,13,25280,30383,23566,2450,6606,0,21504,0,7,4941,1507,992,-1062,189,0,-888,-1453,998,-1093,200,2450,-610,0.24115910183341344,0.1266864299110654,0.4225658062867365,48.18069460729234,6.0
24/02/2026,14,27475,32575,25607,2543,6606,0,21504,0,7,5145,1507,992,-1062,200,0,-885,-1453,998,-1093,200,2543,-596,0.3165213211563552,0.13231290459192935,0.423460260669563,52.258224939095456,6.5
24/02/2026,15,29523,34672,27435,2648,6606,22,21504,0,9,5101,1508,992,-1059,151,22,-935,-1453,998,-1093,184,2670,-685,0.3868365034676921,0.13999637001633491,0.41777408637873753,66.57389039957991,7.0
24/02/2026,16,30498,35651,28424,2752,6606,395,21504,0,11,5242,1507,992,-1059,21,0,-937,-1453,998,-1093,59,3147,-965,0.42031174895282564,0.1688547401536693,0.399884998722208,67.54296541551193,7.5
24/02/2026,17,31357,36270,29187,2767,6606,1115,21504,0,11,5212,1507,992,-1057,0,0,-699,-1453,997,-1093,0,3882,-806,0.44980429856485615,0.21332204005081978,0.4100434449271659,66.7470733580403,8.0
24/02/2026,18,31108,36011,28933,2782,6606,1895,21504,0,11,4997,1507,992,-1055,0,0,-691,-1453,998,-1093,27,4677,-768,0.4412552358717297,0.26141932361304376,0.412471249680552,63.49866205314167,8.5
24/02/2026,19,30527,34997,28255,2822,6606,2590,21504,0,12,4643,1506,992,-809,0,0,-503,-1453,998,-1093,0,5412,-362,0.4213074229211014,0.3058866235101942,0.4384104267825198,59.706807332087,9.0
24/02/2026,20,30431,34893,28052,2862,6606,3200,21504,0,20,4578,1507,992,-799,0,0,-497,-1453,997,-1093,0,6062,-346,0.4180113987502575,0.3452114465484905,0.4394326603628929,57.8934493287325,9.5
24/02/2026,21,29837,34613,27272,2870,6606,4270,21504,0,24,4284,1507,992,-895,0,0,-711,-1453,998,-1093,44,7140,-611,0.39761724919316077,0.4104301530643112,0.4225019166879632,55.14174704203782,10.0
24/02/2026,22,29390,34343,26920,2878,6606,4768,21504,0,190,3941,1507,991,-898,0,0,-719,-1453,998,-1093,89,7646,-578,0.38227013664766873,0.44104301530643114,0.42461027344748276,43.56730953776415,10.5
24/02/2026,23,29094,34572,26794,2924,6606,5492,21504,0,331,4351,1507,991,-1051,0,0,-950,-1453,998,-1093,82,8416,-969,0.3721073954542333,0.48762780567487446,0.3996294403271147,42.262872841380805,11.0
24/02/2026,24,28576,34070,26273,2970,6606,5845,21504,0,334,4447,1507,992,-1056,0,0,-958,-1453,998,-1093,18,8815,-1045,0.35432259836572133,0.5117671970476133,0.39477383082034245,40.924411406793595,11.5
24/02/2026,25,27549,33272,25203,2983,6606,7113,21504,0,554,4367,1507,992,-1020,0,0,-958,-1453,998,-1093,-45,10096,-1072,0.319062006454714,0.5892673482969326,0.39304881165346284,37.22348357621132,12.0
24/02/2026,26,26650,32650,24327,2996,6606,7549,21504,0,829,4344,1507,992,-1019,0,0,-956,-1453,998,-1093,-50,10545,-1074,0.2881961134381652,0.6164317260572327,0.3929210324559162,35.1764721066913,12.5
24/02/2026,27,26388,32156,24032,3076,6606,7988,21504,0,874,4250,1507,992,-1069,0,0,-521,-1453,998,-1093,-158,11064,-797,0.27920071413857034,0.6478310847601185,0.41061845131612573,33.52072699641675,13.0
24/02/2026,28,25828,31435,23456,3156,6606,7717,21504,0,706,4351,1507,992,-1071,0,0,-503,-1453,998,-1093,-181,10873,-804,0.25997390647531415,0.6362756367596346,0.4101712241247125,33.107262673729274,13.5
24/02/2026,29,25565,31092,23263,3179,6606,7490,21504,0,415,4562,1507,992,-1060,0,0,-824,-1453,998,-1093,-82,10669,-1015,0.25094417359060633,0.6239336922983847,0.39669051878354206,33.385945799001874,14.0
24/02/2026,30,25651,31039,23457,3201,6606,6605,21504,0,170,5160,1507,992,-1061,0,0,-837,-1453,998,-1093,-174,9806,-1121,0.2538968619103207,0.5717224272490774,0.3899182213135701,35.2058372326691,14.5
24/02/2026,31,25834,31281,23644,3159,6606,5568,21504,0,15,4932,1507,992,-1059,-78,0,-903,-1453,998,-1093,-246,8727,-1335,0.2601799079859919,0.5064432210055054,0.37624584717607973,37.68898274575292,15.0
24/02/2026,32,27480,33183,25295,3117,6606,4336,21504,0,7,4938,1507,992,-1058,-197,0,-906,-1453,998,-1093,-389,7453,-1599,0.31669298908191995,0.4293665678504447,0.3593789930999233,42.599142665764994,15.5
24/02/2026,33,29772,35808,27531,3020,6606,2884,21504,0,11,4836,1507,992,-1058,-346,0,-1018,-1453,998,-1093,-457,5904,-1928,0.3953855661608185,0.33565248956379695,0.33835931510350115,59.192744083833546,16.0
24/02/2026,34,32226,38311,29848,2922,6606,1335,21504,0,13,4782,1506,992,-1058,-352,0,-1021,-1453,998,-1092,-496,4257,-1976,0.4796401840280162,0.23600943795752918,0.3352926143623818,68.96082836099886,16.5
24/02/2026,35,34275,40402,31669,2937,6606,211,21504,0,8,4572,1507,992,-1057,-399,0,-1022,-1453,998,-1093,-495,3148,-2022,0.5499896999244661,0.16891523988142054,0.3323536928188091,78.99812158998577,17.0
24/02/2026,36,35713,41913,32879,2951,6606,0,21504,0,6,4760,1503,991,-1058,-452,-50,-1020,-1422,996,-1093,-499,2951,-2104,0.599361395316899,0.1569967935144292,0.32711474571939686,84.46344354852661,17.5
24/02/2026,37,36191,41783,33333,2989,6606,0,21504,0,6,4908,1231,969,-1058,-452,-167,-676,-1027,921,-1093,-513,2989,-1865,0.6157728490008927,0.15929578316897575,0.3423843598262203,85.506631966273,18.0
24/02/2026,38,36295,41772,33506,3026,6606,0,21504,0,6,5041,1219,968,-1056,-451,-96,-663,-998,919,-1093,-514,3026,-1765,0.6193435418526403,0.16153427309577106,0.34877331970355224,85.52760668074339,18.5
24/02/2026,39,35756,41480,33050,3057,6606,0,21504,0,8,5060,1492,991,-714,-452,-181,-912,-1250,993,-1093,-514,3057,-1640,0.6008377394767561,0.16340976465605905,0.35675951955021723,83.47662023772831,19.0
24/02/2026,40,35250,40953,32621,3088,6606,0,21504,0,10,5047,1507,992,-699,-452,-120,-922,-1293,999,-1093,-514,3088,-1595,0.5834649454095997,0.16528525621634702,0.3596345514950166,81.67980424721917,19.5
24/02/2026,41,33823,39654,31376,3057,6606,0,21504,0,10,4766,1507,992,-747,-451,-220,-761,-1435,998,-1093,-514,3057,-1724,0.5344709194534093,0.16340976465605905,0.3513927932532584,77.70987080936202,20.0
24/02/2026,42,32729,38551,30348,3026,6606,0,21504,0,10,4610,1507,992,-749,-451,-197,-755,-1453,998,-1093,-514,3026,-1715,0.49690997733983383,0.16153427309577106,0.35196779964221825,64.73962668770791,20.5
24/02/2026,43,30773,36198,28543,3033,6606,0,21504,0,11,4513,1507,992,-764,-432,-48,-511,-1453,999,-1093,-513,3033,-1316,0.429753484858889,0.16195777119002963,0.3774597495527728,59.085083923164035,21.0
24/02/2026,44,29141,34306,27041,3039,6606,0,21504,0,11,4584,1507,992,-764,-301,0,-502,-1453,998,-1093,-441,3039,-1057,0.37372107395454235,0.162320769556537,0.3940071556350626,54.8804820807585,21.5
24/02/2026,45,27754,32378,25804,3058,6606,0,21504,0,11,4759,1507,992,-585,-151,0,-261,-1453,997,-1093,-470,3058,-517,0.3261003914028703,0.16347026438381027,0.42850753897265526,51.15667043800153,22.0
24/02/2026,46,26414,30829,24620,3077,6606,0,21504,0,10,4808,1506,992,-579,-75,0,-251,-1453,997,-1093,-354,3077,-310,0.28009338735150724,0.16461975921108354,0.44173268591873244,48.23053852710791,22.5
24/02/2026,47,25070,29709,23288,3052,6606,0,21504,0,10,4873,1506,992,-969,-75,0,-86,-1453,997,-1093,-353,3052,-534,0.23394904895969237,0.1631072660173029,0.42742141579350884,46.21742915462582,23.0
24/02/2026,48,24070,28855,22390,3026,6606,0,21504,0,10,4946,1506,992,-986,-75,0,-80,-1453,996,-1093,-488,3026,-681,0.19961546384673487,0.16153427309577106,0.4180296447738308,44.86500809086032,23.5
25/02/2026,1,24752,29399,23049,2921,6606,0,21504,0,11,5040,1506,992,-918,-75,0,100,-1453,997,-1094,-496,2921,-441,0.22303096889377189,0.15518180168189244,0.43336314847942753,45.874732305186285,0.0
25/02/2026,2,24631,29415,22990,2815,6606,0,21504,0,170,4953,1506,992,-916,-44,0,108,-1453,997,-1093,-508,2815,-411,0.21887660509510404,0.14876883054026258,0.43527983644262713,45.88130856192569,0.5
25/02/2026,3,24414,29314,22826,2772,6606,0,21504,0,249,5056,1504,992,-936,-75,0,523,-1453,997,-1093,-494,2772,-35,0.21142621712559226,0.14616734224695987,0.45930232558139533,45.14150515101249,1.0
25/02/2026,4,23675,28595,22143,2728,6606,0,21504,0,250,4834,1504,992,-936,-75,0,540,-1453,997,-1093,-513,2728,-37,0.18605369772711666,0.143505354225906,0.4591745463838487,44.062118046712335,1.5
25/02/2026,5,23284,28427,21742,2651,6606,0,21504,0,513,4768,1504,992,-895,-75,0,620,-1453,997,-1093,-514,2651,83,0.17262926594795028,0.13884687518906164,0.46684129823664705,43.4714134130364,2.0
25/02/2026,6,22937,28038,21357,2573,6606,0,21504,0,472,4644,1505,992,-894,-75,0,621,-1453,997,-1093,-514,2573,86,0.16071551191375402,0.1341278964244661,0.46703296703296704,43.1065383210012,2.5
25/02/2026,7,22702,27886,21112,2531,6606,0,21504,0,348,4547,1506,992,-1077,-75,-24,211,-1453,998,-1093,-514,2531,-529,0.15264711941220901,0.13158690785891464,0.4277408637873754,43.63007221561358,3.0
25/02/2026,8,22189,27353,20585,2489,6606,0,21504,0,346,4257,1506,992,-1083,-75,0,186,-1453,998,-1093,-514,2489,-536,0.13503399024926183,0.12904591929336318,0.4272936365959622,42.9862607188767,3.5
25/02/2026,9,21930,27258,20296,2417,6606,0,21504,0,83,4143,1507,991,-1085,-75,0,-425,-1453,998,-1093,-514,2417,-1149,0.12614159170500583,0.12468993889527497,0.3881293125479172,43.54250568813644,4.0
25/02/2026,10,22208,27555,20519,2345,6606,0,21504,0,68,4179,1507,991,-1087,-75,0,-457,-1453,997,-1093,-514,2345,-1184,0.135686328366408,0.12033395849718677,0.385893176590851,44.11371256355978,4.5
25/02/2026,11,22541,28136,20815,2302,6606,0,21504,0,12,4527,1508,992,-1085,-75,0,-803,-1453,998,-1093,-474,2302,-1485,0.14711941220902286,0.11773247020388408,0.36666240736008177,45.07136977666756,5.0
25/02/2026,12,23434,29051,21641,2258,6606,0,21504,0,8,4437,1507,992,-1085,-73,0,-816,-1445,998,-1093,-497,2258,-1512,0.17777930371489392,0.11507048218283018,0.36493738819320215,46.596253697123224,5.5
25/02/2026,13,25883,31208,23856,2252,6606,0,21504,0,8,4649,1507,992,-1085,-113,-14,-664,-1348,997,-1093,-400,2252,-1221,0.2618622536565268,0.11470748381632283,0.38352926143623817,50.66195198025004,6.0
25/02/2026,14,28092,33704,25973,2245,6606,0,21504,0,7,4217,1507,992,-1086,-260,-139,-635,-1304,998,-1093,-488,2245,-1508,0.33770514317104994,0.11428398572206425,0.36519294658829543,55.77084803916482,6.5
25/02/2026,15,30447,35110,28143,2271,6606,49,21504,0,7,4098,1504,992,-1016,-300,-222,253,-911,998,-1093,-514,2320,-309,0.41856073611206485,0.11882146530340613,0.44179657551750573,69.73247180292469,7.0
25/02/2026,16,31372,36212,29041,2296,6606,498,21504,0,7,4187,1505,992,-1002,-426,-370,310,-832,998,-1089,-514,2794,-428,0.4503193023415505,0.14749833625748685,0.4341937132634807,70.40597999067293,7.5
25/02/2026,17,31753,35582,29263,2272,6606,1311,21504,0,7,3813,1504,991,-337,-451,-507,413,-446,998,-954,-527,3583,684,0.4634003982695873,0.19523262145320347,0.5052389470994122,66.88909573655765,8.0
25/02/2026,18,31331,35078,28749,2248,6606,2343,21504,0,7,3621,1504,992,-293,-451,-529,423,-427,998,-926,-514,4591,777,0.44891162535191925,0.25621634702643836,0.511180679785331,62.27424922491308,8.5
25/02/2026,19,31732,34898,29030,2276,6606,3580,21504,0,60,3169,1503,991,713,-451,-530,989,-798,999,-213,-514,5856,2689,0.4626793929822152,0.33274850263173816,0.6333375926399182,56.87089096357417,9.0
25/02/2026,20,31135,34313,28328,2304,6606,4633,21504,0,68,2883,1503,992,877,-451,-530,1017,-858,998,-157,-514,6937,2877,0.44218224266977957,0.3981487083308125,0.6453488372093024,52.95218884146362,9.5
25/02/2026,21,29905,33096,27106,2269,6606,5717,21504,0,67,2776,1503,992,851,-451,-530,1002,-1029,999,92,-514,7986,2915,0.39995193298084186,0.4616129227418477,0.6477766419626885,49.194156797724474,10.0
25/02/2026,22,28990,32216,26244,2234,6606,6972,21504,0,68,2787,1503,992,850,-451,-530,1001,-1063,998,112,-514,9206,2898,0.3685367026024858,0.5354225905983423,0.646690518783542,35.74498001047832,10.5
25/02/2026,23,28184,31565,25335,2313,6606,7881,21504,0,66,2531,1503,992,1049,-451,-530,1015,-1220,998,251,-514,10194,3093,0.340863833001442,0.5951963216165527,0.6591489905443394,32.59568386067431,11.0
25/02/2026,24,27394,30794,24562,2391,6606,7838,21504,0,66,2590,1503,992,1057,-451,-530,1016,-1239,999,266,-514,10229,3099,0.3137403007622056,0.5973138120878456,0.6595323281369793,31.439551105113267,11.5
25/02/2026,25,27352,30694,24477,2446,6606,7739,21504,0,9,2473,1503,992,1074,-451,-530,1016,-1239,998,433,-513,10185,3283,0.31229829018746136,0.5946518240667917,0.6712880143112702,31.2266165992693,12.0
25/02/2026,26,26973,30328,24167,2500,6606,7861,21504,0,7,2269,1503,992,1073,-451,-529,1011,-1254,999,438,-514,10361,3268,0.29928586142965047,0.6052997761510073,0.6703296703296703,30.405847766062397,12.5
25/02/2026,27,27001,30578,24208,2570,6606,7580,21504,0,55,1867,1503,991,963,-451,-529,507,-1429,998,178,-513,10150,2218,0.3002472018128133,0.5925343335954988,0.6032455916176847,32.16894623229387,13.0
25/02/2026,28,27223,30753,24379,2639,6606,6611,21504,0,66,1758,1504,992,957,-443,-498,485,-1423,999,149,-500,9250,2222,0.30786925770788987,0.5380845786193962,0.6035011500127779,34.10220994947815,13.5
25/02/2026,29,27409,30590,24648,2667,6606,5895,21504,0,41,2085,1503,992,638,-364,-356,835,-1054,999,-259,-507,8562,2427,0.31425530453889994,0.4964607659265533,0.6165985177613085,35.34441884853323,14.0
25/02/2026,30,27966,31014,25342,2695,6606,4580,21504,0,9,1983,1503,992,582,-443,-204,849,-977,998,-308,-507,7275,2485,0.33337911144681726,0.4185976163107266,0.620304114490161,38.371153678747675,14.5
25/02/2026,31,27980,31897,25474,2545,6606,3717,21504,0,7,2080,1504,992,-625,-452,-90,671,-590,998,-1045,-508,6262,855,0.3338597816383987,0.3573113920987356,0.5161640684896499,42.311768132780884,15.0
25/02/2026,32,29557,33546,27006,2395,6606,2384,21504,0,6,2171,1504,992,-749,-451,-69,609,-512,998,-1095,-507,4779,720,0.38800384536153265,0.2675902958436687,0.5075389726552517,48.211630860495674,15.5
25/02/2026,33,30663,35204,28070,2311,6606,1473,21504,0,5,2409,1507,992,-932,-452,-216,-599,-134,998,-1095,-508,3784,-439,0.42597679049646364,0.2073930667311997,0.43349092767697417,65.01419172208843,16.0
25/02/2026,34,32559,37228,29956,2226,6606,636,21504,0,4,2961,1507,992,-939,-452,-323,-705,-56,999,-1082,-508,2862,-567,0.49107326787063105,0.15161231774457015,0.42531305903398925,73.50232420143763,16.5
25/02/2026,35,34330,38276,31638,2275,6606,112,21504,0,4,2999,1507,992,-760,-451,-430,-579,318,998,-614,-508,2387,473,0.5518780471056788,0.12287494706273822,0.49175824175824173,79.59632822796736,17.0
25/02/2026,36,35502,39363,32658,2324,6606,0,21504,0,2,3009,1504,990,-752,-452,-396,-575,394,998,-576,-508,2324,627,0.592117008858065,0.11906346421441104,0.501597239969333,83.50761099449913,17.5
25/02/2026,37,36165,39449,33249,2354,6606,0,21504,0,0,2819,1270,945,-466,-451,-468,-456,768,969,-335,-508,2354,1268,0.6148801757879557,0.12087845604694779,0.5425504727830309,84.76010584087358,18.0
25/02/2026,38,35761,38851,32856,2384,6606,0,21504,0,3,2879,1259,943,-436,-451,-383,-425,797,968,-284,-508,2384,1480,0.601009407402321,0.12269344787948454,0.5560950677229747,82.96484093330392,18.5
25/02/2026,39,35433,37285,32525,2453,6606,0,21504,0,6,2405,1460,989,456,-452,-286,498,573,996,631,-508,2453,4357,0.5897479914852709,0.12686792909431907,0.7399054433938155,77.84125004824804,19.0
25/02/2026,40,34591,36311,31695,2521,6606,0,21504,0,6,2290,1469,992,526,-452,-160,559,516,998,689,-502,2521,4635,0.5608391128201606,0.13098191058140238,0.7576667518527984,74.43740501730035,19.5
25/02/2026,41,33564,35087,30767,2603,6606,0,21504,0,6,2323,1502,992,827,-431,-24,475,143,998,42,-462,2603,4062,0.5255785209091534,0.13594288825700285,0.7210580117556862,71.63264952747681,20.0
25/02/2026,42,32418,33786,29674,2684,6606,0,21504,0,5,2105,1504,992,838,-338,0,477,91,998,-1,-424,2684,4137,0.48623223236970403,0.14084336620485208,0.7258497316636852,57.86460180760741,20.5
25/02/2026,43,30442,31682,27801,2767,6606,0,21504,0,4,1998,1502,992,858,-188,-40,974,5,998,-45,-363,2767,4693,0.4183890681865,0.14586484360820376,0.7613723485816509,51.58833762650097,21.0
25/02/2026,44,28738,29719,26263,2850,6606,0,21504,0,4,2139,1503,992,859,-75,25,997,-35,998,-34,-233,2850,4997,0.35988463915402047,0.15088632101155544,0.7807947866087401,46.873718022822096,21.5
25/02/2026,45,26942,28442,24705,2857,6606,0,21504,0,4,2368,1503,992,889,-173,0,997,-409,998,490,-314,2857,4973,0.2982215202911488,0.15130981910581404,0.7792614362381804,43.09932039041806,22.0
25/02/2026,46,25535,27076,23453,2864,6606,0,21504,0,4,2389,1503,992,885,-113,0,997,-426,998,514,-398,2864,4952,0.2499141660372176,0.1517333172000726,0.7779197546639407,40.46454077691065,22.5
25/02/2026,47,24080,25252,22132,2894,6606,0,21504,0,138,2698,1503,992,386,-10,47,997,-53,997,32,-371,2894,4520,0.19995879969786445,0.15354830903260935,0.7503194479938666,38.51474977568634,23.0
25/02/2026,48,23408,24296,21566,2923,6606,0,21504,0,62,2664,1503,992,361,3,2,997,-7,997,5,-219,2923,4634,0.17688663050195702,0.1553028011373949,0.7576028622540251,37.29227564227824,23.5
26/02/2026,1,23754,24783,21946,2956,6606,0,21504,0,268,2438,1503,992,400,0,0,997,-7,997,258,-154,2956,4986,0.18876605095104032,0.1572992921531853,0.7800920010222335,37.28923266755593,0.0
26/02/2026,2,24232,25631,22553,2989,6606,0,21504,0,748,2389,1503,992,401,0,0,997,-15,997,277,-36,2989,5116,0.20517750463503398,0.15929578316897575,0.7883976488627651,37.78658165495813,0.5
26/02/2026,3,23869,25744,22438,3117,6606,0,21504,0,1089,2748,1503,992,450,0,0,997,-123,997,304,-63,3117,5057,0.1927144132390304,0.16703974832113255,0.7846281625351392,37.044372134343234,1.0
26/02/2026,4,23170,25784,21873,3244,6606,0,21504,0,1828,3065,1503,992,434,0,0,997,-166,998,290,-20,3244,5028,0.16871523724507312,0.17472321374553815,0.782775364170713,35.85140579402252,1.5
26/02/2026,5,22271,25892,21030,3356,6606,0,21504,0,1822,3328,1503,991,-113,-68,0,997,-545,997,-330,-143,3356,3289,0.13784934422852435,0.18149918325367537,0.67167135190391,36.63557123345252,2.0
26/02/2026,6,21618,25539,20410,3468,6606,0,21504,0,1825,3286,1503,991,-125,-156,0,997,-612,998,-374,-229,3468,2993,0.1154295131497631,0.18827515276181256,0.6527600306670074,35.913725329796,2.5
26/02/2026,7,20945,25593,19784,3528,6606,0,21504,0,1803,3677,1468,992,-841,-32,0,778,-856,997,-414,-102,3528,1990,0.0923230103687427,0.19190513642688609,0.5886787630973678,36.16219105999577,3.0
26/02/2026,8,20503,25215,19350,3587,6606,0,21504,0,1809,3770,1460,990,-919,0,0,768,-889,996,-424,-71,3587,1911,0.0771475657488155,0.19547462036420837,0.5836314847942755,35.54903432314086,3.5
26/02/2026,9,20089,25121,18962,3608,6606,0,21504,0,1787,4144,1134,922,-1071,0,0,388,-908,964,-666,20,3608,783,0.06293346151205109,0.19674511464698408,0.5115640173779709,36.3837046735131,4.0
26/02/2026,10,20219,25235,19005,3628,6606,0,21504,0,1777,3885,1115,915,-1078,0,10,365,-880,961,-681,60,3628,787,0.06739682757673557,0.1979551092020086,0.5118195757730641,36.52082831154789,4.5
26/02/2026,11,20711,25516,19465,3662,6606,0,21504,0,1781,4139,1253,839,-1086,68,92,-229,-495,916,-614,185,3662,929,0.08428895145231065,0.20001209994555025,0.5208918987988755,36.95335708374841,5.0
26/02/2026,12,21475,26069,20180,3695,6606,0,21504,0,1643,4328,1262,836,-1084,168,13,-256,-417,913,-594,200,3695,1041,0.11051981047861018,0.20200859096134066,0.5280475338614874,37.79958401307444,5.5
26/02/2026,13,24252,27317,22852,3727,6606,0,21504,0,1303,4369,1345,908,-1084,200,92,191,-38,955,-40,200,3727,2729,0.20586417633729315,0.2039445822493799,0.635893176590851,39.39858714468106,6.0
26/02/2026,14,26299,28537,24797,3759,6606,0,21504,0,552,4515,1352,915,-1086,200,76,216,39,960,0,200,3759,2872,0.2761450250635171,0.2058805735374191,0.6450293892154357,42.265021601005195,6.5
26/02/2026,15,28478,30444,26742,3726,6606,63,21504,0,413,4309,1495,986,-916,200,38,764,412,995,-37,200,3789,4137,0.3509579070246515,0.20769556536995584,0.7258497316636852,54.52190059879689,7.0
26/02/2026,16,29735,31559,27972,3692,6606,335,21504,0,410,4770,1503,991,-806,200,0,790,488,997,-8,200,4027,4355,0.3941152235116391,0.22209450057474742,0.7397776641962689,56.081688386481616,7.5
26/02/2026,17,30989,32005,28971,3789,6606,702,21504,0,416,4451,1503,991,585,196,0,989,861,998,916,200,4491,7239,0.4371695392432878,0.2501663742513159,0.9240352670585229,53.599296024042445,8.0
26/02/2026,18,31462,32478,29383,3885,6606,783,21504,0,416,4414,1503,991,694,200,0,997,882,997,989,200,4668,7453,0.45340932500171666,0.2608748260632827,0.9377076411960132,53.78014739113834,8.5
26/02/2026,19,32041,33052,29845,4040,6606,1078,21504,0,411,4475,1502,991,998,191,0,1016,537,997,989,200,5118,7421,0.47328847078211905,0.288099703551334,0.9356631740352671,53.632977014546874,9.0
26/02/2026,20,31962,32977,29711,4194,6606,1537,21504,0,415,4457,1502,991,1012,200,0,1017,464,997,989,200,5731,7372,0.47057611755819545,0.325186036662835,0.9325325836953744,51.685108465900846,9.5
26/02/2026,21,31806,33053,29530,4355,6606,1750,21504,0,647,4963,1503,991,1074,151,0,1017,92,997,989,200,6105,7014,0.46522007828057405,0.3478129348417932,0.909660107334526,50.80827917910592,10.0
26/02/2026,22,31377,32891,29216,4516,6606,1931,21504,0,914,5213,1502,991,1076,21,0,1016,35,998,989,142,6447,6770,0.45049097026711526,0.3685038417327122,0.894071045233836,39.486416008745536,10.5
26/02/2026,23,31275,32757,29195,4746,6606,2231,21504,0,667,5173,1502,991,1074,-68,-52,1016,-95,997,989,16,6977,6370,0.44698894458559363,0.40056869744086154,0.868515205724508,38.62148310640642,11.0
26/02/2026,24,31157,32824,29163,4976,6606,2591,21504,0,740,4972,1502,991,1075,-183,-10,1016,-134,997,989,0,7567,6243,0.44293758154226465,0.43626353681408436,0.8604012266802964,37.42424519604415,11.5
26/02/2026,25,30876,33093,28968,5114,6606,2824,21504,0,986,4925,1503,991,1073,-199,0,1016,-432,998,989,0,7938,5939,0.43328984412552357,0.45870893580978883,0.8409787886532073,36.75074991766313,12.0
26/02/2026,26,30912,32826,29011,5252,6606,2724,21504,0,689,5139,1503,991,1074,-114,0,1016,-483,998,989,-28,7976,5946,0.4345258531895901,0.4610079254643354,0.8414260158446205,36.72227604676114,12.5
26/02/2026,27,30957,33065,29173,5289,6606,2223,21504,0,444,4915,1503,991,1059,-234,0,1016,-663,998,989,-167,7512,5492,0.43607086451967314,0.43293605178776695,0.8124201380015333,38.206939890175086,13.0
26/02/2026,28,30777,33143,29116,5326,6606,1911,21504,0,417,4948,1503,991,1057,-380,0,1016,-706,998,978,-263,7237,5194,0.4298908191993408,0.41629862665618006,0.7933810375670841,38.85013807883437,13.5
26/02/2026,29,30660,33408,29139,5319,6606,1766,21504,0,413,5040,1503,991,800,-379,-14,997,-960,998,570,-382,7085,4124,0.4258737897411248,0.40710266803799383,0.725019166879632,40.34262951151216,14.0
26/02/2026,30,30816,33330,29329,5312,6606,1236,21504,0,180,5483,1503,991,786,-243,-108,997,-960,998,448,-423,6548,3989,0.4312298290187461,0.37461431423558594,0.7163940710452338,41.87520130362732,14.5
26/02/2026,31,31332,34074,29554,5280,6606,1011,21504,0,169,5473,1503,992,353,-93,-21,997,-574,998,-915,-370,6291,2870,0.4489459589370322,0.3590658842035211,0.644901610017889,44.77253530106397,15.0
26/02/2026,32,32234,35084,30179,5248,6606,775,21504,0,237,5264,1502,992,324,-28,0,996,-496,998,-1066,-423,6023,2799,0.47991485270891987,0.34285195716619277,0.6403654485049833,47.230900663344734,15.5
26/02/2026,33,32863,35893,30738,5159,6606,453,21504,0,347,5066,1503,991,-513,-65,0,997,-118,997,-1020,-367,5612,2405,0.5015106777449702,0.3179865690604392,0.6151929465882954,60.237837014326814,16.0
26/02/2026,34,33713,37007,31506,5070,6606,188,21504,0,494,4491,1502,991,-562,-216,0,997,-41,997,-996,-385,5258,2287,0.530694225090984,0.29656966543650554,0.6076539739330437,63.466458127887535,16.5
26/02/2026,35,35734,38022,33152,4946,6606,17,21504,0,420,4285,1502,991,-3,-367,-41,862,334,997,-353,-504,4963,3418,0.6000824006042711,0.2787222457498941,0.6799131101456682,68.23970739644241,17.0
26/02/2026,36,36154,38470,33534,4822,6606,0,21504,0,305,4559,1503,992,0,-450,-188,857,410,997,-286,-487,4822,3348,0.6145025063517132,0.27019178413697137,0.6754408382315359,70.0785223712509,17.5
26/02/2026,37,36507,38555,33955,4665,6606,0,21504,0,166,4530,1502,992,158,-451,-318,992,783,997,567,-513,4665,4709,0.6266222618965872,0.26069332688002905,0.762394582162024,70.0304381551633,18.0
26/02/2026,38,36205,38329,33592,4507,6606,0,21504,0,162,4512,1502,992,181,-451,-403,997,859,998,645,-508,4507,4812,0.6162535191924741,0.2511343698953355,0.768975210835676,69.73532504513335,18.5
26/02/2026,39,36348,38461,33827,4510,6606,0,21504,0,160,4481,1502,992,879,-451,-390,997,1232,998,1341,-512,4510,6588,0.621163221863627,0.25131586907858916,0.8824431382570918,67.86541389877159,19.0
26/02/2026,40,35275,37352,32754,4513,6606,0,21504,0,9,4309,1502,992,920,-451,-503,997,1252,998,1387,-514,4513,6580,0.5843232850374236,0.2514973682618428,0.8819320214669052,64.8357553769539,19.5
26/02/2026,41,34211,36283,31656,4235,6606,0,21504,0,3,3945,1502,992,882,-451,-505,996,915,998,1299,-513,4235,6115,0.5477923504772368,0.23467844394700224,0.8522233580373115,63.70929264769065,20.0
26/02/2026,42,32821,34837,30359,3957,6606,0,21504,0,7,4154,1502,992,877,-451,-444,997,845,998,1277,-514,3957,6079,0.5000686671702259,0.21785951963216166,0.849923332481472,51.247014625464395,20.5
26/02/2026,43,31161,33244,28854,3757,6606,0,21504,0,6,4173,1502,992,344,-451,-512,997,490,998,704,-514,3757,4550,0.44307491588271647,0.20575957408191664,0.7522361359570662,49.88460098095167,21.0
26/02/2026,44,29733,31671,27536,3557,6606,0,21504,0,8,4220,1501,992,310,-436,-401,996,416,997,658,-493,3557,4540,0.39404655634141317,0.1936596285316716,0.751597239969333,47.32942384854132,21.5
26/02/2026,45,28442,30240,26404,3401,6606,0,21504,0,19,4515,1502,992,-162,-313,-337,997,42,997,488,-367,3401,3839,0.34972189796058506,0.1842216710024805,0.7068106312292359,45.96943267115532,22.0
26/02/2026,46,26897,29360,25035,3245,6606,0,21504,0,731,4377,1502,992,-174,-272,-294,997,-36,997,468,-356,3245,3824,0.29667650896106573,0.17478371347328936,0.705852287247636,43.39797442480072,22.5
26/02/2026,47,25637,28652,23816,3104,6606,0,21504,0,974,4519,1502,992,428,-272,-336,997,-412,997,207,-421,3104,3682,0.25341619171873925,0.16625325186036663,0.6967799642218246,41.669293513587334,23.0
26/02/2026,48,24993,28420,23243,2962,6606,0,21504,0,1081,4307,1502,992,489,-272,-483,997,-479,997,194,-512,2962,3425,0.23130536290599465,0.15766229051969266,0.6803603373370816,41.24053718053702,23.5
27/02/2026,1,25364,29174,23539,2830,6606,0,21504,0,1181,4189,1502,992,893,-272,-527,997,-717,997,407,-513,2830,3759,0.24404312298290187,0.14967632645653095,0.7016994633273703,41.7717513962717,0.0
27/02/2026,2,26013,29766,24348,2697,6606,0,21504,0,1105,4487,1502,992,911,-272,-528,997,-734,997,420,-514,2697,3771,0.26632561972121127,0.141629862665618,0.7024661385126502,43.287748048286964,0.5
27/02/2026,3,25291,29003,23686,2561,6606,0,21504,0,1220,4052,1501,992,1038,-271,-528,997,-579,997,309,-514,2561,3942,0.24153677126965598,0.1334018996914514,0.7133912599028878,42.093177689059026,1.0
27/02/2026,4,24550,28226,22958,2425,6606,0,21504,0,1185,3900,1502,992,1043,-273,-527,997,-577,997,292,-514,2425,3932,0.21609558470095447,0.12517393671728477,0.7127523639151546,41.12956277254052,1.5
27/02/2026,5,24191,27799,22658,2318,6606,0,21504,0,853,3850,1502,992,1071,-326,-527,997,-788,998,15,-514,2318,3420,0.20376982764540275,0.11870046584790368,0.6800408893432149,41.423169122512725,2.0
27/02/2026,6,23462,27350,21952,2211,6606,0,21504,0,1113,3758,1501,992,1071,-332,-527,997,-803,997,4,-513,2211,3387,0.1787406440980567,0.11222699497852259,0.6779325325836953,40.489609194044476,2.5
27/02/2026,7,22764,26403,21267,2121,6606,0,21504,0,987,3531,1502,992,708,-358,-527,963,-654,997,274,-513,2121,3384,0.1547758016892124,0.10678201948091233,0.6777408637873754,39.570958395233085,3.0
27/02/2026,8,21923,25283,20486,2031,6606,0,21504,0,703,3435,1502,992,693,-362,-528,962,-654,997,304,-513,2031,3393,0.12590125660921514,0.10133704398330208,0.6783158701763353,38.4658255738587,3.5
27/02/2026,9,21973,25263,20466,1956,6606,0,21504,0,377,3402,1502,992,682,-395,-528,995,-876,997,645,-514,1956,3500,0.127617935864863,0.09679956440196019,0.6851520572450805,38.55467567881163,4.0
27/02/2026,10,22252,25199,20581,1880,6606,0,21504,0,23,3263,1502,992,679,-408,-527,997,-875,997,681,-514,1880,3524,0.13719700611137814,0.09220158509286708,0.6866854076156401,39.1095998141143,4.5
27/02/2026,11,22923,25519,21132,1816,6606,0,21504,0,16,3135,1502,992,226,-451,-509,997,-506,997,1107,-514,1816,3841,0.16023484172217262,0.08832960251678867,0.7069384104267825,39.9309591903586,5.0
27/02/2026,12,23730,26292,21849,1752,6606,0,21504,0,53,3101,1502,992,203,-451,-513,997,-431,997,1136,-514,1752,3918,0.18794204490832933,0.08445761994071027,0.7118579095323282,41.38933658011802,5.5
27/02/2026,13,26179,28265,24108,1666,6606,0,21504,0,13,2976,1502,992,-97,-392,-417,997,-53,996,1116,-514,1666,4130,0.27202499484996223,0.07925464335410491,0.725402504472272,46.22493490888009,6.0
27/02/2026,14,28792,30975,26466,1580,6606,0,21504,0,9,2642,1502,992,-104,-448,-506,997,-2,998,1106,-514,1580,4021,0.3617386527501202,0.07405166676749955,0.71843853820598,52.845053457086095,6.5
27/02/2026,15,31677,33780,29023,1508,6606,5,21504,0,9,2119,1502,992,717,-452,-528,997,44,998,785,-514,1513,4541,0.46079104580100255,0.06999818500816746,0.7516611295681063,70.46161729323184,7.0
27/02/2026,16,33392,35495,30507,1435,6606,117,21504,0,9,2120,1502,992,883,-452,-528,997,79,998,768,-514,1552,4725,0.5196731442697247,0.07235767439046524,0.7634168157423972,75.35332699982524,7.5
27/02/2026,17,34316,36418,31263,1353,6606,490,21504,0,9,1886,1502,992,1071,-452,-527,997,452,998,974,-514,1843,5493,0.5513973769140974,0.08996309516607175,0.8124840276003067,75.8826174519146,8.0
27/02/2026,18,34365,36468,31236,1271,6606,1013,21504,0,10,1899,1502,992,1078,-452,-527,997,529,998,993,-514,2284,5596,0.5530797225846323,0.11664347510436203,0.8190646562739586,73.67118741165484,8.5
27/02/2026,19,34417,36519,31296,1209,6606,1647,21504,0,9,1526,1502,992,1076,-452,-527,1016,901,998,993,-514,2856,5985,0.554865069010506,0.1512493193780628,0.84391771019678,70.5531093762243,9.0
27/02/2026,20,34205,36307,31123,1147,6606,2144,21504,0,9,1019,1502,992,1076,-451,-528,1016,977,997,992,-514,3291,6059,0.5475863489665591,0.17756670094984572,0.8486455405060056,67.81841451515163,9.5
27/02/2026,21,33675,35777,30699,1121,6606,2817,21504,0,9,804,1502,992,1075,-452,-527,1017,1350,998,983,-514,3938,6424,0.5293895488566916,0.21671002480488838,0.8719652440582674,63.101085414631406,10.0
27/02/2026,22,33323,35425,30442,1094,6606,3051,21504,0,9,1005,1502,992,1075,-451,-528,1016,1397,998,979,-514,4145,6466,0.5173041268969306,0.22923346844939196,0.8746486072067468,51.301271133764445,10.5
27/02/2026,23,33131,35235,30312,1065,6606,3305,21504,0,9,960,1502,992,1076,-452,-529,1017,1397,998,866,-514,4370,6353,0.5107120785552427,0.24284590719341764,0.8674290825453617,50.099661421102496,11.0
27/02/2026,24,32954,35058,30124,1035,6606,3252,21504,0,11,1128,1501,991,1076,-451,-529,1016,1383,998,857,-513,4287,6329,0.5046350339902492,0.23782442979006593,0.865895732174802,50.004027733231965,11.5
27/02/2026,25,32759,34882,29953,1032,6606,3172,21504,0,14,1357,1502,992,1075,-451,-528,1016,1214,998,854,-530,4204,6142,0.49793998489322255,0.23280295238671425,0.8539483772041911,50.07240204042508,12.0
27/02/2026,26,32526,34632,29670,1028,6606,3031,21504,0,13,1401,1502,991,1075,-451,-528,1016,1172,998,851,-514,4059,6112,0.48994025956190346,0.22403049186278662,0.8520316892409916,50.0785421152406,12.5
27/02/2026,27,32635,34737,29694,1056,6606,3307,21504,0,13,1677,1502,992,869,-452,-528,1016,905,998,766,-509,4363,5559,0.49368262033921584,0.24242240909915905,0.8167007411193458,49.92851934335082,13.0
27/02/2026,28,32377,34453,29391,1084,6606,3248,21504,0,10,1014,1502,992,861,-451,-529,1016,842,998,764,-486,4332,5509,0.4848245553800728,0.24054691753887109,0.8135062611806798,49.48674332637983,13.5
27/02/2026,29,32109,34142,29209,1021,6606,2965,21504,0,10,1342,1502,992,1002,-452,-529,997,470,998,973,-442,3986,5511,0.4756231545698002,0.2196140117369472,0.8136340403782264,50.09626589595979,14.0
27/02/2026,30,31900,33804,28996,957,6606,2647,21504,0,10,1403,1502,992,1008,-451,-528,996,404,998,981,-315,3604,5587,0.46844743528119204,0.1965031157359792,0.8184896498849987,50.91023371744285,14.5
27/02/2026,31,32013,33890,29106,904,6606,1920,21504,0,9,1290,1502,991,753,-451,-516,996,161,997,724,-301,2824,4856,0.47232713039895624,0.1493133280900236,0.771786353181702,55.23823329854796,15.0
27/02/2026,32,32890,34778,29910,850,6606,1619,21504,0,8,1312,1502,991,743,-451,-528,996,160,998,682,-301,2469,4792,0.50243768454302,0.12783592473833869,0.7676974188602096,59.3280699692923,15.5
27/02/2026,33,33220,35307,30205,844,6606,1123,21504,0,6,1329,1503,991,657,-452,-528,997,532,998,-191,-310,1967,4197,0.513767767630296,0.09746506140722366,0.7296831075900844,73.43157330371267,16.0
27/02/2026,34,34096,36362,31077,837,6606,537,21504,0,6,1281,1502,991,653,-452,-529,996,608,998,-249,-430,1374,4088,0.5438439881892467,0.06158872285074717,0.7227191413237924,79.405923472374,16.5
27/02/2026,35,35363,37604,32226,919,6606,120,21504,0,6,1308,1502,991,395,-452,-528,997,982,997,-142,-513,1039,4229,0.5873446405273639,0.041321314054086754,0.7317275747508306,85.50808308763193,17.0
27/02/2026,36,36028,38196,32855,1000,6606,0,21504,0,6,1069,1502,991,385,-451,-530,996,1052,997,-67,-514,1000,4361,0.6101764746274806,0.03896182467178898,0.7401610017889088,88.01215478860759,17.5
27/02/2026,37,37110,39213,33811,1112,6606,36,21504,0,6,448,1502,992,769,-452,-531,997,1355,997,1121,-514,1148,6236,0.6473254137197006,0.047915784378970296,0.8599539994888832,88.81397725242476,18.0
27/02/2026,38,36661,38762,33379,1223,6606,0,21504,0,6,198,1503,991,785,-451,-530,997,1393,997,1235,-514,1223,6406,0.6319096340039827,0.05245326396031218,0.8708152312803475,86.43266390279422,18.5
27/02/2026,39,35816,37924,32591,1227,6606,0,21504,0,11,437,1503,992,1034,-452,-531,997,1397,998,972,-514,1227,6396,0.6028977545835336,0.05269526287131708,0.8701763352926144,83.29489250452944,19.0
27/02/2026,40,34730,36833,31509,1231,6606,0,21504,0,6,749,1502,992,1044,-452,-531,997,1374,998,951,-514,1231,6361,0.5656114811508618,0.05293726178232198,0.8679401993355482,79.44762871816236,19.5
27/02/2026,41,33939,36041,30840,1254,6606,0,21504,0,6,997,1502,992,1050,-451,-531,997,1085,997,976,-514,1254,6103,0.5384536153265124,0.05432875552060016,0.8514566828520317,76.9417610833275,20.0
27/02/2026,42,33082,35185,30054,1277,6606,0,21504,0,6,1189,1503,992,1052,-452,-531,997,1019,997,975,-514,1277,6038,0.5090297328847079,0.055720249258878335,0.847303858931766,64.07287393569362,20.5
27/02/2026,43,31604,33707,28701,1292,6606,0,21504,0,6,1010,1502,992,1055,-452,-531,997,647,998,829,-514,1292,5523,0.4582846940877566,0.05662774517514671,0.8144007155635062,60.02423937357296,21.0
27/02/2026,44,29970,32072,27207,1306,6606,0,21504,0,7,794,1502,992,1061,-451,-530,997,581,998,818,-514,1306,5454,0.4021836160131841,0.057474741363663866,0.8099923332481472,55.292708230382814,21.5
27/02/2026,45,28646,30750,26058,1296,6606,0,21504,0,8,1120,1502,992,1066,-452,-530,997,336,997,859,-514,1296,5253,0.3567259493236284,0.056869744086151613,0.79715052389471,52.014759801631584,22.0
27/02/2026,46,27214,29315,24778,1286,6606,0,21504,0,4,1174,1503,992,1067,-452,-531,997,293,998,867,-514,1286,5220,0.30756025544187326,0.05626474680863936,0.7950421671351904,48.50259043026609,22.5
27/02/2026,47,25899,28127,23474,1308,6606,0,21504,0,132,1276,1502,992,1055,-451,-531,997,125,997,967,-514,1308,5139,0.2624115910183341,0.05759574081916631,0.7898671096345515,45.48822117303583,23.0
27/02/2026,48,25183,27300,22766,1329,6606,0,21504,0,22,1035,1502,992,1054,-451,-530,997,101,997,974,-514,1329,5122,0.23782874407745658,0.05886623510194204,0.7887809864554051,43.893197758060566,23.5
28/02/2026,1,25243,27347,22820,1353,6606,0,21504,0,9,1029,1502,992,1049,-451,-530,997,68,997,940,-514,1353,5050,0.23988875918423402,0.06031822856797144,0.784180935343726,44.037119331404064,0.0
28/02/2026,2,25505,27735,23111,1376,6606,0,21504,0,149,1042,1502,992,1049,-452,-515,997,62,998,935,-514,1376,5054,0.2488841584838289,0.061709722306249624,0.7844364937388193,44.517400968892964,0.5
28/02/2026,3,25219,27423,22870,1384,6606,0,21504,0,109,1115,1502,992,1031,-451,-530,997,49,998,937,-514,1384,5011,0.23906475314152303,0.062193720128259425,0.7816892409915666,43.93999544113255,1.0
28/02/2026,4,24871,27092,22558,1391,6606,0,21504,0,124,901,1502,992,1030,-452,-531,997,41,998,937,-514,1391,5000,0.22711666552221382,0.06261721822251799,0.7809864554050601,43.210025055826144,1.5
28/02/2026,5,24439,26695,22187,1370,6606,0,21504,0,123,541,1502,992,1015,-452,-531,997,-36,997,883,-514,1370,4853,0.2122845567534162,0.06134672393974227,0.771594684385382,42.58602062670605,2.0
28/02/2026,6,23863,26154,21652,1348,6606,0,21504,0,123,407,1502,992,1014,-452,-530,997,-72,997,877,-514,1348,4811,0.19250841172835267,0.06001572992921532,0.7689113212369026,41.57489679033924,2.5
28/02/2026,7,23416,26049,21244,1330,6606,0,21504,0,123,391,1502,992,995,-451,-531,997,-414,997,824,-514,1330,4397,0.17716129918286067,0.05892673482969327,0.7424610273447483,41.30819410799566,3.0
28/02/2026,8,22967,25654,20802,1311,6606,0,21504,0,123,236,1502,992,994,-451,-531,997,-468,998,820,-514,1311,4339,0.16174551946714275,0.05777724000241999,0.7387554306158958,40.60995915438647,3.5
28/02/2026,9,22888,25715,20717,1349,6606,0,21504,0,123,146,1502,992,1032,-452,-531,997,-607,997,787,-514,1349,4203,0.15903316624321912,0.060076229656966545,0.7300664451827242,40.54525937427743,4.0
28/02/2026,10,22714,25541,20464,1386,6606,0,21504,0,123,-55,1502,992,1035,-452,-531,997,-607,998,776,-514,1386,4196,0.1530591224335645,0.06231471958376187,0.729619217991311,40.15461174891754,4.5
28/02/2026,11,22385,24980,20124,1381,6606,0,21504,0,123,-369,1502,992,1051,-452,-531,997,-375,998,497,-514,1381,4165,0.1417633729314015,0.06201222094500575,0.7276386404293381,39.63901025490856,5.0
28/02/2026,12,21876,24409,19658,1376,6606,0,21504,0,122,-424,1502,992,1052,-451,-530,997,-316,997,476,-514,1376,4205,0.12428757810890613,0.061709722306249624,0.7301942243802709,38.75128624977482,5.5
28/02/2026,13,23151,25274,20887,1347,6606,0,21504,0,27,38,1502,992,1071,-452,-530,997,63,997,422,-514,1347,4548,0.16806289912792693,0.059955230201464094,0.7521083567595196,40.58292800872558,6.0
28/02/2026,14,23616,25725,21240,1318,6606,0,21504,0,12,200,1502,992,1072,-452,-531,997,140,997,429,-514,1318,4632,0.18402801620545217,0.05820073809667856,0.7574750830564784,41.41554707916392,6.5
28/02/2026,15,24966,27073,22432,1314,6606,52,21504,0,11,-80,1502,992,1072,-452,-530,997,512,998,835,-514,1366,5412,0.2303783561079448,0.06110472502873737,0.8073089700996677,52.955026822186696,7.0
28/02/2026,16,25914,28024,23327,1310,6606,417,21504,0,13,73,1503,992,1073,-452,-531,997,588,997,859,-514,1727,5512,0.2629265947950285,0.08294512674692964,0.8136979299769997,53.69835112029819,7.5
28/02/2026,17,26935,29041,24176,1323,6606,875,21504,0,13,276,1502,992,1070,-451,-528,997,961,997,658,-514,2198,5684,0.2979811851953581,0.11144049851775667,0.8246869409660107,54.17013930013047,8.0
28/02/2026,18,27749,29748,24944,1336,6606,1595,21504,0,9,355,1502,992,1071,-451,-425,997,1033,997,648,-514,2931,5850,0.3259287234773055,0.15578679895940467,0.8352926143623818,53.394589151781744,8.5
28/02/2026,19,28780,30628,25809,1325,6606,2354,21504,0,8,353,1502,992,1072,-452,-274,1016,1357,997,820,-514,3679,6516,0.36132664972876466,0.20104059531732107,0.8778430871454127,52.40648354105,9.0
28/02/2026,20,28443,30119,25379,1313,6606,3348,21504,0,8,-321,1503,992,1072,-432,-122,1017,1372,997,836,-514,4661,6721,0.349756231545698,0.26045132796902415,0.8909404548939432,48.83642227304867,9.5
28/02/2026,21,27959,29375,24886,1288,6606,4183,21504,0,8,-409,1502,992,1072,-302,-7,1016,1047,997,965,-499,5471,6783,0.33313877635102657,0.3094561074475165,0.894901610017889,46.177487758641384,10.0
28/02/2026,22,27584,28741,24549,1263,6606,5124,21504,0,8,-672,1503,992,1072,-152,0,1017,977,997,974,-397,6387,6983,0.3202636819336675,0.3648738580676387,0.9076795297725531,33.71074093986648,10.5
28/02/2026,23,27125,28341,24108,1183,6606,5582,21504,0,146,-710,1502,992,1072,-19,0,1016,604,997,987,-451,6765,6700,0.30450456636682005,0.3877427551576018,0.8895987733197036,32.755924533550676,11.0
28/02/2026,24,27142,28310,24157,1102,6606,6428,21504,0,166,-791,1502,992,1071,0,0,1017,528,997,988,-402,7530,6693,0.3050882373137403,0.434025046887289,0.8891515461282903,31.399747163365134,11.5
28/02/2026,25,26498,27947,23573,1053,6606,6678,21504,0,430,-815,1502,992,1071,0,0,1016,155,997,988,-419,7731,6302,0.2829774085009957,0.44618549216528525,0.8641707130079224,30.65011731492282,12.0
28/02/2026,26,26346,27641,23486,1004,6606,6620,21504,0,295,-763,1503,992,1071,0,0,1016,101,997,988,-400,7624,6268,0.27775870356382615,0.43971202129590414,0.8619984666496294,30.679018170683335,12.5
28/02/2026,27,26278,27355,23469,986,6606,6998,21504,0,25,-649,1503,992,1070,0,0,1016,7,997,988,-452,7984,6121,0.275424019776145,0.4614919232863452,0.8526066956299514,30.12006917985642,13.0
28/02/2026,28,26430,27546,23563,967,6606,6526,21504,0,10,-600,1503,992,1070,0,0,1016,-7,998,988,-499,7493,6061,0.2806427247133146,0.4317865569604937,0.8487733197035523,31.29664588564673,13.5
28/02/2026,29,26554,27676,23726,923,6606,4990,21504,0,10,-428,1502,992,1070,-1,0,997,-7,998,988,-504,5913,6035,0.2849000892673213,0.336196987113558,0.8471121901354459,34.3678501545772,14.0
28/02/2026,30,26992,28122,24251,879,6606,4495,21504,0,10,435,1503,992,1070,-7,0,997,16,998,988,-513,5374,6044,0.2999381995467967,0.30358763385564763,0.8476871965244058,35.93615503571432,14.5
28/02/2026,31,27535,28686,24848,875,6606,3803,21504,0,66,513,1503,992,1072,-8,0,997,288,997,988,-477,4678,6352,0.3185813362631326,0.26147982334079495,0.8673651929465883,37.74718985805088,15.0
28/02/2026,32,28767,30008,26042,871,6606,3015,21504,0,10,242,1503,992,1064,-125,0,996,351,998,988,-506,3886,6261,0.36088031312229624,0.21356403896182466,0.8615512394582162,42.09939164482419,15.5
28/02/2026,33,30020,31285,27241,804,6606,2416,21504,0,8,886,1503,992,1070,-235,0,997,723,998,988,-422,3220,6614,0.403900295268832,0.17327122027950875,0.884104267825198,56.46717605968991,16.0
28/02/2026,34,31227,32712,28268,737,6606,1323,21504,0,6,1378,1503,992,1069,-383,-13,997,799,997,988,-483,2060,6466,0.44534093250017165,0.1030915360880876,0.8746486072067468,64.25599803389544,16.5
28/02/2026,35,33554,35257,30499,744,6606,309,21504,0,5,1857,1503,992,1068,-451,-139,997,1173,997,988,-508,1053,6620,0.5252351850580238,0.04216831024260391,0.884487605417838,76.05582231932227,17.0
28/02/2026,36,34870,36697,31736,750,6606,2,21504,0,2,2118,1503,992,1069,-452,-289,997,1231,998,988,-484,752,6553,0.5704181830666758,0.023957892189485148,0.8802070023000256,82.410981481317,17.5
28/02/2026,37,35408,37330,32233,858,6606,54,21504,0,0,2234,1503,992,1069,-451,-358,958,1378,997,991,-513,912,6566,0.5888896518574469,0.033637848629681166,0.8810375670840788,83.42397317298699,18.0
28/02/2026,38,35522,37582,32333,966,6606,0,21504,0,0,2452,1503,992,1069,-451,-495,957,1395,997,992,-514,966,6445,0.5928036805603241,0.036904833928247324,0.873306925632507,83.6802753531278,18.5
28/02/2026,39,34795,36895,31708,1124,6606,0,21504,0,3,2499,1504,992,1070,-452,-531,771,1378,997,992,-514,1124,6207,0.567843164183204,0.046463790912940894,0.858101201124457,80.46797586975235,19.0
28/02/2026,40,34007,36110,31032,1281,6606,0,21504,0,7,2700,1503,992,1068,-451,-531,764,1347,997,991,-514,1281,6166,0.5407882991141935,0.05596224816988324,0.8554817275747508,76.94640794843151,19.5
28/02/2026,41,33149,35252,30292,1391,6606,0,21504,0,7,2711,1503,992,648,-451,-531,988,974,997,991,-514,1391,5597,0.511330083087276,0.06261721822251799,0.8191285458727319,74.27270996506918,20.0
28/02/2026,42,31919,33995,29229,1501,6606,0,21504,0,8,2674,1503,992,584,-451,-503,997,898,997,991,-514,1501,5494,0.46909977339833825,0.06927218827515276,0.81254791719908,60.026592813223644,20.5
28/02/2026,43,30777,33065,28264,1577,6606,0,21504,0,9,2840,1503,992,-371,-430,-364,997,526,997,991,-514,1577,4327,0.4298908191993408,0.07387016758424587,0.7379887554306159,57.82479489442015,21.0
28/02/2026,44,29163,31254,26812,1652,6606,0,21504,0,9,2913,1503,992,-403,-354,-211,997,450,997,991,-514,1652,4448,0.37447641282702737,0.07840764716558775,0.7457193968821876,52.971842000487015,21.5
28/02/2026,45,27692,29321,25513,1769,6606,0,21504,0,11,2976,1503,992,173,-444,-60,997,76,997,991,-514,1769,4711,0.3239717091258669,0.0854861153124811,0.7625223613595706,48.55636038586022,22.0
28/02/2026,46,26547,28038,24497,1886,6606,0,21504,0,14,3005,1503,992,187,-363,0,997,59,997,991,-514,1886,4849,0.2846597541715306,0.09256458345937443,0.7713391259902888,45.39670341993016,22.5
28/02/2026,47,25190,27227,23180,1993,6606,0,21504,0,14,3243,1504,992,-484,-375,-50,849,433,997,991,-514,1993,4343,0.23806907917324727,0.09903805432875552,0.739010989010989,42.931179309006026,23.0
28/02/2026,48,24330,26475,22435,2099,6606,0,21504,0,14,3428,1503,992,-558,-451,-8,844,500,996,991,-514,2099,4295,0.20854219597610382,0.10545102547038539,0.7359442882698697,41.096938675709545,23.5
01/03/2026,1,24615,26853,22745,2169,6606,0,21504,0,12,3422,1504,992,-644,-433,-51,886,768,997,991,-498,2169,4512,0.21832726773329672,0.10968600641297115,0.7498083312036801,41.1545193125454,0.0
01/03/2026,2,25043,26975,23215,2238,6606,0,21504,0,12,3892,1503,992,-647,-303,-3,885,772,997,991,-367,2238,4820,0.23302204216164252,0.11386048762780568,0.7694863276258626,41.36730906984951,0.5
01/03/2026,3,24661,26195,22781,2289,6606,0,21504,0,13,4131,1504,992,-545,-153,0,467,400,996,990,-223,2289,4428,0.21990661264849276,0.11694597374311816,0.7444416049067212,41.03510678533992,1.0
01/03/2026,4,24034,25441,22267,2339,6606,0,21504,0,13,4291,1502,988,-541,-94,0,449,323,994,981,-159,2339,4443,0.1983794547826684,0.11997096013067941,0.745399948888321,39.7969239316354,1.5
01/03/2026,5,22956,24403,21305,2409,6606,0,21504,0,11,4550,1363,852,-752,-8,0,384,-52,892,737,-24,2409,3392,0.16136785003090023,0.12420594107326517,0.678251980577562,39.24635660612935,2.0
01/03/2026,6,22626,24129,21000,2479,6606,0,21504,0,13,4704,1353,843,-761,0,0,381,-129,882,708,0,2479,3277,0.15003776694362425,0.12844092201585092,0.6709046767186302,38.758174905546895,2.5
01/03/2026,7,21990,23880,20443,2555,6606,0,21504,0,17,4720,1267,843,-765,0,0,265,-508,764,271,68,2555,2205,0.12820160681178328,0.13303890132494403,0.6024150268336315,39.08859669605039,3.0
01/03/2026,8,21717,23950,20204,2630,6606,0,21504,0,281,4836,1257,843,-766,52,0,261,-586,754,235,172,2630,2222,0.11882853807594589,0.13757638090628593,0.6035011500127779,38.55582709559369,3.5
01/03/2026,9,21128,24040,19648,2696,6606,0,21504,0,296,4968,1076,843,-1043,8,0,33,-973,712,134,190,2696,980,0.09860605644441392,0.1415693629378668,0.5241502683363148,39.21415600291426,4.0
01/03/2026,10,21006,24068,19478,2761,6606,0,21504,0,357,4802,1069,847,-1055,0,0,24,-1050,717,107,152,2761,811,0.09441735906063312,0.1455018452416964,0.5133529261436238,39.14458048230196,4.5
01/03/2026,11,20795,25278,19282,2835,6606,0,21504,0,767,5085,1482,983,-1055,0,0,286,-1406,980,-655,152,2835,767,0.08717297260179908,0.14997882509528707,0.5105417837975977,38.7767184752614,5.0
01/03/2026,12,20720,25423,19189,2909,6606,0,21504,0,894,5084,1503,988,-1055,0,0,296,-1451,996,-703,200,2909,774,0.08459795371832726,0.15445580494887773,0.510989010989011,38.530463780486535,5.5
01/03/2026,13,21230,25943,19695,3019,6606,0,21504,0,1081,5234,1364,864,-1055,0,0,159,-1451,997,-526,200,3019,552,0.10210808212593558,0.1611107750015125,0.496805520061334,39.31488963376537,6.0
01/03/2026,14,21799,26614,20315,3129,6606,0,21504,0,1201,5355,1355,859,-1055,3,0,154,-1452,996,-507,200,3129,553,0.12164389205520841,0.16776574505414726,0.49686940966010734,39.895395137381776,6.5
01/03/2026,15,22556,27259,21047,3210,6606,82,21504,0,1462,5550,1355,983,-932,77,0,215,-1452,996,-257,200,3292,1185,0.14763441598571722,0.17762720067759696,0.5372476360848454,49.83160789740387,7.0
01/03/2026,16,23088,27689,21509,3290,6606,493,21504,0,1497,5575,1357,992,-823,15,0,223,-1439,997,-242,169,3783,1249,0.16589988326581062,0.2073325670034485,0.5413365704063379,49.589286912402216,7.5
01/03/2026,17,24397,28213,22707,3412,6606,1124,21504,0,1619,5382,1495,992,434,0,0,777,-1262,992,-335,37,4536,3130,0.21084254617867199,0.252888862000121,0.6615129056989522,47.61677787316421,8.0
01/03/2026,18,25119,28830,23344,3534,6606,1924,21504,0,1494,5589,1503,992,498,0,0,803,-1239,992,-321,-57,5458,3171,0.23563139463022728,0.30866961098675055,0.6641323792486583,46.8825198706334,8.5
01/03/2026,19,25444,29163,23557,3597,6606,2756,21504,0,1756,5144,1502,992,900,0,0,940,-1239,996,436,-124,6353,4403,0.24678980979193849,0.362816867324097,0.7428443649373881,44.13019907320687,9.0
01/03/2026,20,25390,29327,23580,3660,6606,3254,21504,0,1802,5194,1502,992,917,-24,0,945,-1239,996,491,-272,6914,4308,0.24493579619583877,0.3967572145925343,0.7367748530539229,43.15921834897907,9.5
01/03/2026,21,25385,29305,23527,3744,6606,4117,21504,0,1802,5177,1502,992,1041,0,0,1014,-1239,996,603,-279,7861,4630,0.244764128270274,0.45405045677294453,0.7573473038589318,41.022105350443994,10.0
01/03/2026,22,25146,29028,23280,3828,6606,3960,21504,0,1780,5123,1499,986,1045,0,0,1016,-1209,996,606,-293,7788,4646,0.23655840142827714,0.4496339766471051,0.7583695374393049,30.805926008931834,10.5
01/03/2026,23,25421,28664,23507,3915,6606,4039,21504,0,1461,4952,1263,768,950,0,0,950,-818,997,399,-364,7954,4145,0.24600013733434045,0.45967693145380845,0.7263608484538717,31.52248058068193,11.0
01/03/2026,24,26121,29437,24134,4002,6606,3930,21504,0,1683,5082,1252,759,947,0,0,948,-765,997,386,-268,7932,4256,0.2700336469134107,0.4583459374432815,0.7334525939177102,32.38191587488378,11.5
01/03/2026,25,26871,30135,24879,4052,6606,3928,21504,0,1703,5254,1489,977,935,0,0,1014,-717,997,479,-244,7980,4930,0.29578383574812883,0.4612499243753403,0.7765141834909277,32.463572028846386,12.0
01/03/2026,26,27088,30242,25086,4102,6606,3831,21504,0,1730,5253,1502,992,934,0,0,1016,-708,997,494,-116,7933,5111,0.3032342237176406,0.45840643717103274,0.7880782008688986,32.61561181619667,12.5
01/03/2026,27,27418,30542,25399,4109,6606,3634,21504,0,1745,5287,1502,992,1040,-12,0,1016,-678,996,804,-89,7743,5571,0.3145643068049166,0.44691148889829996,0.8174674163046256,32.82587927915515,13.0
01/03/2026,28,27576,30540,25616,4115,6606,3750,21504,0,1649,5470,1502,992,1042,0,0,1016,-682,996,812,-33,7865,5645,0.31998901325276385,0.45429245568394944,0.8221952466138512,32.72688192731505,13.5
01/03/2026,29,27305,29662,25394,4145,6606,3451,21504,0,973,5585,1502,992,636,0,0,795,-784,996,298,69,7596,4504,0.3106846116871524,0.4380180289188699,0.7492972144134935,34.30089931165013,14.0
01/03/2026,30,27536,29493,25575,4175,6606,3148,21504,0,591,5639,1502,992,579,32,0,786,-766,996,240,184,7323,4545,0.3186156698482456,0.4215016032427854,0.7519166879631995,35.06124493738227,14.5
01/03/2026,31,27745,30008,25742,4198,6606,2419,21504,0,258,5726,1502,992,-503,165,57,866,-392,996,-510,200,6617,3373,0.3257913891368537,0.3787887954504205,0.6770380782008689,38.12723013794415,15.0
01/03/2026,32,28827,31045,26879,4220,6606,1827,21504,0,165,5684,1502,992,-551,148,11,869,-338,997,-564,200,6047,3266,0.3629403282290737,0.34430395063222213,0.6702018911321237,40.80529566174976,15.5
01/03/2026,33,30630,32342,28636,4238,6606,1149,21504,0,154,5612,1502,992,94,186,0,812,-233,996,-725,200,5387,3824,0.42484378218773605,0.3043741303164136,0.705852287247636,54.61625785438417,16.0
01/03/2026,34,31669,33349,29601,4255,6606,383,21504,0,155,5664,1502,992,102,200,25,810,-206,996,-719,200,4638,3902,0.4605163771200989,0.25905983423074597,0.7108356759519551,58.86723085921825,16.5
01/03/2026,35,33147,33983,31053,4316,6606,47,21504,0,158,5747,1502,992,325,115,0,580,-27,997,-51,199,4363,4632,0.5112614159170501,0.24242240909915905,0.7574750830564784,62.36474739778747,17.0
01/03/2026,36,33754,34508,31626,4376,6606,0,21504,0,154,5569,1502,991,348,8,0,571,7,997,19,200,4376,4643,0.5321019020806153,0.24320890555992497,0.758177868642985,63.83180134988939,17.5
01/03/2026,37,34652,35343,32489,4486,6606,0,21504,0,91,5775,1502,992,851,54,0,716,149,996,830,200,4486,6290,0.562933461512051,0.24986387561255974,0.8634040378226425,63.63409537256914,18.0
01/03/2026,38,34045,34670,31907,4596,6606,0,21504,0,4,5155,1502,992,873,-21,0,721,137,996,869,183,4596,6252,0.5420929753484859,0.2565188456651945,0.8609762330692563,61.661783995260635,18.5
01/03/2026,39,32921,33902,30959,4742,6606,0,21504,0,4,5684,1503,992,437,-136,0,604,-241,997,143,55,4742,4354,0.5035020256815217,0.26535180591687335,0.7397137745974955,60.78818298824177,19.0
01/03/2026,40,31525,32618,29752,4887,6606,0,21504,0,11,5853,1503,992,402,-97,0,601,-317,997,73,-68,4887,4086,0.455572340863833,0.274124266440801,0.7225913621262459,57.52274262151394,19.5
01/03/2026,41,29941,32617,28296,4981,6606,0,21504,0,7,5788,1502,992,-318,-220,0,981,-699,997,-613,-219,4981,2403,0.4011879420449083,0.27981124084941617,0.6150651673907488,56.235815324084854,20.0
01/03/2026,42,28840,32084,27256,5074,6606,0,21504,0,116,5634,1502,992,-357,-288,-68,984,-777,997,-670,-368,5074,1947,0.3633866648355421,0.28543771553028013,0.585931510350115,44.61826724237864,20.5
01/03/2026,43,27429,32306,26010,5156,6606,0,21504,0,281,5734,1504,992,-716,-345,-219,282,-1168,997,-1065,-483,5156,-221,0.3149419762411591,0.2903986932058806,0.4474188602095579,44.97348341380777,21.0
01/03/2026,44,26293,31598,24940,5238,6606,0,21504,0,397,5643,1503,992,-731,-381,-371,239,-1219,996,-1092,-514,5238,-578,0.2759390235528394,0.295359670881481,0.42461027344748276,43.68456534671949,21.5
01/03/2026,45,24520,30374,23379,5264,6606,0,21504,0,413,5982,1466,992,-880,-381,-506,-230,-1238,990,-1092,-514,5264,-1393,0.21506557714756575,0.29693266380301286,0.3725402504472272,42.2438381628677,22.0
01/03/2026,46,22980,28995,21970,5290,6606,0,21504,0,512,5993,1465,992,-884,-381,-529,-264,-1239,989,-1092,-514,5290,-1457,0.1621918560736112,0.29850565672454477,0.36845131612573473,40.16347821869341,22.5
01/03/2026,47,22012,29408,21065,5294,6606,0,21504,0,1002,6036,1505,992,-1057,-381,-529,-982,-1239,997,-1092,-514,5294,-2300,0.12895694568426835,0.2987476556355496,0.3145923843598262,39.90400047110772,23.0
01/03/2026,48,20955,28665,20047,5298,6606,0,21504,0,1270,5705,1507,992,-1063,-381,-529,-1022,-1239,997,-1092,-514,5298,-2344,0.09266634621987228,0.2989896545465545,0.31178124201380014,38.50133937212225,23.5
02/03/2026,1,21296,29033,20387,5305,6606,0,21504,0,1302,5645,1507,992,-1058,-381,-529,-1022,-1239,998,-1092,-514,5305,-2338,0.10437409874339078,0.29941315264081314,0.31216457960644006,38.94927777838244,0.0
02/03/2026,2,21950,29756,21013,5311,6606,0,21504,0,1371,5922,1507,992,-1059,-381,-529,-1022,-1239,997,-1092,-513,5311,-2339,0.126828263407265,0.29977615100732047,0.31210069000766677,39.83783220591764,0.5
02/03/2026,3,22076,30064,21241,5286,6606,0,21504,0,1555,6002,1507,992,-1057,-381,-529,-1022,-1239,997,-1092,-513,5286,-2337,0.13115429513149762,0.29826365781353986,0.3122284692052134,40.05369268674944,1.0
02/03/2026,4,21541,29545,20717,5260,6606,0,21504,0,1570,5832,1506,992,-1057,-381,-529,-1022,-1239,998,-1092,-514,5260,-2338,0.11278582709606537,0.29669066489200796,0.31216457960644006,39.36742154495358,1.5
02/03/2026,5,21102,29099,20304,5211,6606,0,21504,0,1551,5851,1392,992,-1056,-394,-529,-1022,-1239,998,-1092,-514,5211,-2464,0.09771338323147703,0.29372617823219793,0.3041144901610018,39.01446017907311,2.0
02/03/2026,6,20772,28849,19927,5162,6606,0,21504,0,1560,5713,1387,992,-1056,-451,-530,-1022,-1253,997,-1092,-513,5162,-2541,0.08638330014420106,0.2907616915723879,0.29919499105545616,38.74858143748729,2.5
02/03/2026,7,20065,28290,19201,5065,6606,0,21504,0,1531,5357,1460,992,-1057,-452,-528,-1022,-1430,984,-1092,-513,5065,-2658,0.06210945546934011,0.2848932179805191,0.2917199079989778,38.103183519378476,3.0
02/03/2026,8,19911,28154,19013,4968,6606,0,21504,0,1530,5545,1465,992,-1056,-451,-527,-1022,-1452,982,-1092,-513,4968,-2674,0.05682208336194466,0.27902474438865027,0.29069767441860467,38.08818751444618,3.5
02/03/2026,9,19832,27780,18977,4788,6606,0,21504,0,1518,5479,1505,992,-960,-452,-528,-839,-1453,996,-1085,-513,4788,-2337,0.05410973013802101,0.2681347933934297,0.3122284692052134,37.87577601961368,4.0
02/03/2026,10,20039,27946,19018,4608,6606,0,21504,0,1514,4964,1507,992,-957,-451,-528,-832,-1428,997,-1083,-514,4608,-2297,0.061216782256403215,0.2572448423982092,0.31478405315614616,38.43564495518693,4.5
02/03/2026,11,20533,27937,19336,4441,6606,0,21504,0,1207,4553,1507,992,-1015,-452,-506,-903,-1116,997,-1091,-514,4441,-2101,0.07817757330220422,0.2471413878637546,0.32730641451571685,39.1667330058612,5.0
02/03/2026,12,21409,28081,19964,4274,6606,0,21504,0,761,3746,1507,992,-1017,-436,-370,-835,-1047,998,-1092,-514,4274,-1814,0.10825379386115498,0.2370379333293,0.3456427293636596,40.30615916729401,5.5
02/03/2026,13,24082,29179,22344,4123,6606,0,21504,0,634,3281,1503,991,-1054,-328,-217,482,-658,997,-1092,-514,4123,110,0.20002746686809036,0.22790247443886502,0.4685663174035267,41.79269809348713,6.0
02/03/2026,14,26089,30265,24208,3972,6606,0,21504,0,119,3618,1503,991,-914,-346,-65,604,-579,997,-1039,-514,3972,638,0.26893497218979606,0.21876701554843003,0.5023000255558395,44.29939734243635,6.5
02/03/2026,15,28958,30855,26792,3727,6606,205,21504,0,79,3205,1502,991,94,-448,-56,935,-200,997,73,-514,3932,3374,0.3674380278788711,0.21634702643838102,0.6771019677996423,56.03478040898797,7.0
02/03/2026,16,29950,31852,27465,3481,6606,1020,21504,0,9,3231,1502,991,122,-452,-205,948,-123,997,191,-513,4501,3458,0.4014969443109249,0.2507713715288281,0.682468694096601,56.25045464206961,7.5
02/03/2026,17,30567,32334,27838,3329,6606,2098,21504,0,8,2863,1502,991,985,-452,-193,995,253,997,925,-514,5427,5489,0.42268076632561974,0.30679411942646256,0.8122284692052134,52.26462058189844,8.0
02/03/2026,18,30646,32412,27461,3176,6606,2940,21504,0,8,2696,1502,991,1043,-451,-194,997,290,997,977,-513,6116,5639,0.42539311954954334,0.3484784318470567,0.8218119090212114,50.48008579720807,8.5
02/03/2026,19,30146,31899,27149,3126,6606,4028,21504,0,8,2782,1502,991,1043,-451,-181,1016,169,997,989,-513,7154,5562,0.4082263269930646,0.4112771492528284,0.8168924099156657,47.652890403824415,9.0
02/03/2026,20,29293,30945,26254,3076,6606,5260,21504,0,8,2760,1502,991,1045,-451,-79,1016,143,997,990,-514,8336,5640,0.3789397788917119,0.48278782745477644,0.8218757986199847,44.23644035962548,9.5
02/03/2026,21,28420,29990,25532,3021,6606,6381,21504,0,8,2806,1503,991,1044,-448,0,1016,12,997,990,-514,9402,5591,0.3489665590881,0.5472805372375824,0.818745208280092,41.16534208079469,10.0
02/03/2026,22,27789,29190,25058,2966,6606,7277,21504,0,8,2989,1503,991,1044,-345,0,1016,-5,997,990,-443,10243,5748,0.3273020668818238,0.5981608082763628,0.8287758752875032,28.571740921232,10.5
02/03/2026,23,27391,28490,24792,2904,6606,8459,21504,0,8,3239,1503,991,1045,-195,59,1016,-5,997,990,-291,11363,6110,0.31363730000686674,0.6659205033577349,0.8519039100434449,25.529798698673726,11.0
02/03/2026,24,27075,27872,24590,2841,6606,8872,21504,0,9,3614,1503,991,1044,-44,12,1016,-5,997,990,-139,11713,6365,0.30278788711117216,0.6870954080706637,0.8681957577306415,24.134738087714144,11.5
02/03/2026,25,27264,27877,24908,2813,6606,9141,21504,0,8,3924,1502,991,1044,2,0,1016,-5,997,990,6,11954,6543,0.3092769346975211,0.701675842458709,0.8795681063122923,23.72943998789372,12.0
02/03/2026,26,27112,27825,24897,2785,6606,9071,21504,0,108,4159,1503,992,1045,0,0,1016,-5,997,990,26,11856,6564,0.3040582297603516,0.6957468691390889,0.8809097878865321,23.671727358510754,12.5
02/03/2026,27,26602,27504,24514,2753,6606,8419,21504,0,285,4531,1502,992,1045,0,0,1016,-7,997,977,-10,11172,6512,0.2865481013527433,0.6543650553572509,0.8775875287503194,24.279221818385814,13.0
02/03/2026,28,25911,27198,23978,2721,6606,7928,21504,0,548,4648,1503,992,1035,0,0,1012,-26,997,957,-113,10649,6357,0.26282359403968963,0.6227236977433601,0.8676846409404549,24.477540010477686,13.5
02/03/2026,29,25761,27193,23977,2681,6606,7188,21504,0,324,4817,1503,992,418,0,0,538,-265,997,281,-243,9869,4221,0.257673556272746,0.5755339100974045,0.731216457960644,28.416595788774824,14.0
02/03/2026,30,26262,27807,24554,2641,6606,6179,21504,0,410,4996,1504,992,372,6,13,517,-271,998,182,-264,8820,4049,0.2748746824143377,0.5120696956863694,0.720227446971633,31.228347486549772,14.5
02/03/2026,31,27020,29990,25357,2564,6606,5129,21504,0,525,5019,1504,992,-667,61,109,568,40,997,-938,-240,7693,2426,0.3008995399299595,0.4438865025107387,0.6165346281625351,36.38869395862552,15.0
02/03/2026,32,28866,32103,27062,2486,6606,3902,21504,0,416,4826,1503,992,-810,-31,22,569,108,997,-1039,-341,6388,1970,0.364279338048479,0.3649343577953899,0.5874009711219014,41.87512336563943,15.5
02/03/2026,33,31087,34846,29090,2442,6606,2684,21504,0,409,4937,1503,992,-1047,-173,-60,217,482,997,-1086,-384,5126,1441,0.44053423058435764,0.2885837013733438,0.5536033733708152,59.27712851440811,16.0
02/03/2026,34,33248,37274,31130,2398,6606,1311,21504,0,403,5048,1501,992,-1056,-325,-55,180,558,997,-1088,-499,3709,1205,0.5147291080134587,0.20285558714985782,0.5385254280603118,69.56889372578792,16.5
02/03/2026,35,34762,39525,32560,2447,6606,266,21504,0,401,4884,1337,992,-1056,-443,-113,-704,930,998,-932,-514,2713,495,0.5667101558744764,0.14259785830963762,0.4931638129312548,79.31946868380842,17.0
02/03/2026,36,36196,40957,33838,2496,6606,4,21504,0,386,4775,1310,986,-1057,-411,-181,-760,1004,981,-852,-514,2500,506,0.6159445169264575,0.12971141629862665,0.4938665985177613,85.05446390651353,17.5
02/03/2026,37,37015,40534,34483,2562,6606,24,21504,0,251,4496,624,789,-957,-451,-331,-415,1353,383,352,-514,2586,833,0.6440637231339696,0.13491439288523202,0.5147584973166368,86.97392962203338,18.0
02/03/2026,38,36812,40439,34282,2628,6606,0,21504,0,242,4495,590,780,-951,-451,-479,-390,1395,362,474,-514,2628,816,0.6370940053560393,0.13745538145078348,0.5136723741374905,86.06497655784452,18.5
02/03/2026,39,37120,40093,34702,2655,6606,0,21504,0,245,4332,1233,969,-636,-451,-527,292,1383,948,586,-514,2655,3283,0.6476687495708302,0.13908887410006654,0.6712880143112702,83.82753285763725,19.0
02/03/2026,40,35737,38705,33543,2682,6606,0,21504,0,251,4163,1277,983,-623,-451,-529,332,1352,984,599,-514,2682,3410,0.60018540135961,0.14072236674934963,0.6794019933554817,78.86408199519043,19.5
02/03/2026,41,34815,37710,32627,2673,6606,0,21504,0,250,4393,1491,992,-550,-452,-529,777,980,996,665,-514,2673,3856,0.5685298358854631,0.1401778691995886,0.7078967544083823,75.38704671308261,20.0
02/03/2026,42,33587,36477,31459,2664,6606,0,21504,0,249,4328,1503,992,-547,-451,-529,796,904,997,655,-514,2664,3806,0.5263681933667513,0.1396333716498276,0.7047022744697163,61.745510435486146,20.5
02/03/2026,43,32340,35113,30159,2556,6606,0,21504,0,250,4399,1504,992,-421,-452,-528,610,530,998,106,-522,2556,2817,0.4835542127308934,0.13309940105269527,0.6415154612829032,59.8879917537009,21.0
02/03/2026,44,30845,33544,28626,2447,6606,0,21504,0,189,4427,1504,992,-416,-452,-528,603,500,998,65,-514,2447,2752,0.4322255029870219,0.12650493072781172,0.6373626373626373,56.354523548543725,21.5
02/03/2026,45,28934,31667,26836,2208,6606,0,21504,0,73,3861,1504,992,-584,-451,-511,826,705,998,22,-514,2208,2987,0.36661402183616015,0.11204549579526892,0.6523766930743675,52.1439702051389,22.0
02/03/2026,46,27233,29771,25184,1969,6606,0,21504,0,5,3451,1504,992,-553,-451,-415,835,716,997,28,-514,1969,3139,0.3082125935590194,0.09758606086272612,0.6620879120879121,48.82097585126052,22.5
02/03/2026,47,26007,28127,23991,1824,6606,0,21504,0,125,3108,1504,992,94,-452,-429,705,519,997,390,-514,1824,3806,0.26611961821053354,0.08881360033879848,0.7047022744697163,45.77257666727498,23.0
02/03/2026,48,25037,27150,23094,1678,6606,0,21504,0,21,3172,1504,992,103,-452,-526,701,524,997,421,-514,1678,3750,0.23281604065096478,0.07998064008711961,0.7011244569384104,44.29225286458746,23.5
03/03/2026,1,25763,27866,23712,1550,6606,0,21504,0,11,2989,1503,992,426,-451,-527,986,897,998,634,-514,1550,4944,0.25774222344297193,0.07223667493496279,0.7774086378737541,44.659154443830346,0.0
03/03/2026,2,25995,28103,23913,1422,6606,0,21504,0,15,2889,1503,992,463,-452,-527,998,965,997,658,-514,1422,5083,0.26570761518917807,0.06449270978280598,0.7862892921032456,45.396983761479746,0.5
03/03/2026,3,25602,27710,23473,1331,6606,0,21504,0,14,2551,1503,992,742,-452,-528,998,1246,998,974,-514,1331,5959,0.25221451623978575,0.05898723455744449,0.8422565806286737,43.71403894347543,1.0
03/03/2026,4,25118,27224,23191,1239,6606,0,21504,0,12,2586,1503,992,753,-452,-528,998,1288,998,995,-514,1239,6033,0.23559706104511433,0.05342125960433178,0.8469844109378993,42.872837792752115,1.5
03/03/2026,5,24924,27028,23061,1192,6606,0,21504,0,12,2499,1504,992,747,-451,-527,998,1385,998,941,-514,1192,6073,0.22893634553320058,0.0505777724000242,0.8495399948888321,42.558027588156804,2.0
03/03/2026,6,24402,26508,22533,1144,6606,0,21504,0,12,2500,1504,992,747,-452,-528,998,1377,998,935,-514,1144,6057,0.21101421410423676,0.04767378546796539,0.848517761308459,41.64080551158618,2.5
03/03/2026,7,23992,26097,22155,1129,6606,0,21504,0,12,2618,1503,992,724,-451,-528,998,1118,998,858,-514,1129,5698,0.1969374442079242,0.04676628955169702,0.8255813953488372,41.31596371623639,3.0
03/03/2026,8,23249,25355,21417,1113,6606,0,21504,0,12,2141,1503,992,661,-452,-528,998,1081,998,842,-514,1113,5581,0.17142759046899678,0.045798293907677416,0.8181063122923588,40.067991764951884,3.5
03/03/2026,9,23239,25526,21274,1077,6606,0,21504,0,12,2247,1504,992,-182,-451,-528,778,1002,997,454,-514,1077,4052,0.1710842546178672,0.04362030370863331,0.7204191157679529,42.10120228498012,4.0
03/03/2026,10,23491,25928,21545,1040,6606,0,21504,0,79,2020,1491,990,-278,-451,-515,690,993,997,403,-514,1040,3806,0.17973631806633247,0.04138181378183798,0.7047022744697163,43.00247095115233,4.5
03/03/2026,11,23277,27713,21212,1029,6606,0,21504,0,278,2325,963,913,-1008,-452,-418,-696,1003,961,-470,-514,1029,282,0.1723889308521596,0.04071631677657451,0.47955532839253767,47.12322180078827,5.0
03/03/2026,12,24315,28854,22087,1017,6606,0,21504,0,72,2101,916,896,-1049,-451,-506,-833,1030,943,-514,-514,1017,-82,0.20802719219940946,0.039990320043559804,0.4562995144390493,49.68957122212388,5.5
03/03/2026,13,26882,31008,24374,1002,6606,0,21504,0,10,2093,433,458,-1056,-452,-527,-967,1356,403,77,-514,1002,-789,0.29616150518437134,0.03908282412729143,0.4111295681063123,56.416751016672734,6.0
03/03/2026,14,28764,32841,25939,987,6606,1,21504,0,16,2020,423,432,-1039,-451,-528,-929,1397,380,120,-514,988,-709,0.36077731236695737,0.038235827938774274,0.41624073600817785,61.20118348697966,6.5
03/03/2026,15,31814,34162,28669,954,6606,277,21504,0,18,1807,1310,581,-236,-452,-528,172,1397,739,222,-514,1231,2691,0.4654947469614777,0.05293726178232198,0.6334653718374649,74.5745853028811,7.0
03/03/2026,16,32442,34731,29113,920,6606,1138,21504,0,12,1592,1374,601,-182,-452,-529,268,1397,768,248,-514,2058,2979,0.487056238412415,0.10297053663258515,0.651865576284181,72.20713149053768,7.5
03/03/2026,17,33283,35385,29777,857,6606,2344,21504,0,9,1357,1496,967,821,-451,-528,959,1397,983,942,-514,3201,6072,0.5159307834924123,0.17212172545223547,0.8494761052900588,65.57633757375667,8.0
03/03/2026,18,32824,34927,29200,794,6606,3603,21504,0,8,1081,1503,992,1047,-452,-529,997,1397,997,990,-514,4397,6428,0.5001716679255648,0.2444793998427007,0.8722208024533606,59.150780830115906,8.5
03/03/2026,19,31917,34019,28309,720,6606,4843,21504,0,8,947,1503,992,1044,-451,-529,1016,1397,997,989,-514,5563,6444,0.46903110622811234,0.3150220824006292,0.8732430360337337,53.26884782164861,9.0
03/03/2026,20,31201,33303,27611,645,6606,5949,21504,0,8,814,1503,992,1042,-451,-529,1017,1397,997,989,-514,6594,6443,0.44444825928723475,0.3773973017121423,0.8731791464349604,49.26217824613013,9.5
03/03/2026,21,30238,32340,26992,627,6606,6753,21504,0,7,875,1503,992,1043,-452,-529,1017,1397,991,990,-514,7380,6438,0.4113850168234567,0.42495008772460524,0.8728596984410938,46.249704072378236,10.0
03/03/2026,22,29796,31895,26652,609,6606,7315,21504,0,7,820,1503,992,1044,-451,-527,1017,1397,996,989,-514,7924,6446,0.3962095722035295,0.4578619396212717,0.8733708152312804,34.64510839487742,10.5
03/03/2026,23,29192,31304,26050,586,6606,7813,21504,0,6,556,1503,992,1043,-451,-529,1017,1397,998,990,-526,8399,6434,0.37547208679530314,0.48659931030310366,0.8726041400460005,32.968821361799016,11.0
03/03/2026,24,29155,31254,26076,562,6606,8166,21504,0,5,536,1502,992,1043,-452,-529,1017,1397,998,990,-513,8728,6445,0.3742017441461237,0.5065037207332567,0.873306925632507,32.30681963119711,11.5
03/03/2026,25,28931,31033,25903,573,6606,8428,21504,0,8,408,1502,992,1044,-452,-528,1017,1397,991,990,-514,9001,6439,0.3665110210808213,0.5230201464093411,0.8729235880398671,31.51136469015527,12.0
03/03/2026,26,28732,30834,25804,584,6606,7917,21504,0,9,503,1502,992,1043,-452,-527,1017,1397,997,990,-514,8501,6445,0.35967863764334274,0.4927702825337286,0.873306925632507,32.13789851707171,12.5
03/03/2026,27,28531,30630,25637,559,6606,7342,21504,0,7,415,1502,992,1044,-452,-527,1017,1397,997,990,-513,7901,6447,0.3527775870356383,0.4564704458829935,0.8734347048300537,32.94829600833465,13.0
03/03/2026,28,28339,30442,25374,533,6606,7303,21504,0,7,211,1502,992,1043,-452,-527,1016,1397,997,990,-517,7836,6441,0.3461855386939504,0.45253796357916387,0.8730513672374137,32.810255295634825,13.5
03/03/2026,29,28619,30718,25650,506,6606,6730,21504,0,7,142,1502,992,1043,-451,-527,997,1397,997,990,-514,7236,6426,0.35579894252557853,0.4162381269284288,0.872093023255814,34.30295342805399,14.0
03/03/2026,30,29093,31182,26101,479,6606,5668,21504,0,7,275,1502,992,1029,-452,-516,992,1397,997,987,-514,6147,6414,0.37207306186912037,0.35035392340734467,0.8713263480705341,36.97408106966509,14.5
03/03/2026,31,29759,31755,26755,474,6606,4600,21504,0,7,179,1503,992,248,-452,-423,520,1397,997,867,-514,5074,5135,0.39493922955435007,0.28543771553028013,0.7896115512394583,42.161641585890244,15.0
03/03/2026,32,31280,33361,28183,469,6606,3456,21504,0,7,66,1503,992,194,-451,-509,500,1397,997,837,-514,3925,4946,0.4471606125111584,0.21592352834412246,0.7775364170713008,49.066225654341025,15.5
03/03/2026,33,32921,35850,29708,493,6606,2314,21504,0,8,412,1503,992,-828,-452,-527,853,1397,997,54,-514,2807,3475,0.5035020256815217,0.14828483271825277,0.6835548172757475,69.59119495080057,16.0
03/03/2026,34,34549,37704,31204,516,6606,1233,21504,0,5,593,1503,992,-1055,-452,-527,867,1397,996,-2,-514,1749,3205,0.5593971022454165,0.0842761207574566,0.6663046256069511,80.06590477795888,16.5
03/03/2026,35,35906,39184,32627,573,6606,352,21504,0,3,722,1503,992,-1048,-452,-528,624,1397,997,-133,-514,925,2838,0.6059877772436998,0.034424345090447096,0.6428571428571429,89.95072329838007,17.0
03/03/2026,36,37274,40500,33928,629,6606,10,21504,0,1,597,1503,991,-1028,-451,-527,612,1397,996,-105,-514,639,2874,0.6529561216782256,0.01712142295359671,0.6451571684129823,96.95860465639583,17.5
03/03/2026,37,38237,40532,34768,708,6606,58,21504,0,1,578,1504,982,-201,-452,-527,221,1397,951,910,-514,766,4271,0.6860193641420037,0.0248048883780023,0.73441093789931,98.24068413394566,18.0
03/03/2026,38,38128,40380,34516,786,6606,0,21504,0,1,610,1504,982,-146,-452,-527,218,1397,950,992,-526,786,4392,0.6822770033646913,0.0260148829330268,0.7421415793508817,97.50860030238708,18.5
03/03/2026,39,38120,40215,34558,839,6606,0,21504,0,2,1006,1502,992,328,-451,-528,955,1397,994,1115,-514,839,5790,0.6820023346837877,0.029221368503841733,0.8314592384359826,95.34164695192604,19.0
03/03/2026,40,37094,39188,33557,891,6606,0,21504,0,2,1251,1502,992,348,-451,-527,997,1397,997,1120,-514,891,5861,0.6467760763578932,0.032367354346905436,0.8359953999488883,90.82999908592132,19.5
03/03/2026,41,35933,38028,32580,969,6606,0,21504,0,2,1309,1503,992,3,-452,-527,797,1397,997,972,-514,969,5168,0.6069147840417496,0.037086333111500995,0.7917199079989777,86.81187101771941,20.0
03/03/2026,42,34412,36509,31266,1046,6606,0,21504,0,2,1601,1503,992,0,-451,-530,789,1397,997,957,-514,1046,5140,0.5546934010849413,0.041744812148345335,0.7899309992333248,70.92374698780348,20.5
03/03/2026,43,33264,35444,30329,1091,6606,0,21504,0,7,2027,1504,992,-100,-452,-507,739,1397,997,877,-514,1091,4933,0.5152784453752661,0.04446729989715046,0.7767058522872476,67.0427898547361,21.0
03/03/2026,44,31190,33238,28372,1136,6606,0,21504,0,7,2197,1503,992,-105,-451,-371,737,1368,997,861,-514,1136,5017,0.44407058985099224,0.04718978764595559,0.7820725785842065,60.156540662511695,21.5
03/03/2026,45,29452,31256,26893,1166,6606,0,21504,0,7,2550,1503,992,250,-452,-231,949,1012,997,511,-514,1166,5017,0.3843988189246721,0.04900477947849235,0.7820725785842065,55.01370750270952,22.0
03/03/2026,46,27828,29437,25456,1195,6606,0,21504,0,11,2528,1503,992,306,-406,-78,957,996,997,498,-514,1195,5251,0.32864107670122916,0.05075927158327787,0.7970227446971633,50.315507883544235,22.5
03/03/2026,47,26522,28070,24259,1195,6606,0,21504,0,13,2715,1503,992,986,-415,0,995,1352,996,928,-514,1195,6823,0.28380141454370666,0.05075927158327787,0.8974571939688218,45.13865297860883,23.0
03/03/2026,48,25551,27082,23414,1194,6606,0,21504,0,14,2954,1502,992,1002,-372,0,997,1397,997,957,-514,1194,6958,0.2504635033990249,0.05069877185552665,0.90608228980322,42.77028806234956,23.5
04/03/2026,1,25903,27635,23730,1195,6606,0,21504,0,92,3049,1502,992,1002,-448,-47,997,1397,996,958,-514,1195,6835,0.262548925358786,0.05075927158327787,0.8982238691541017,43.70599293055204,0.0
04/03/2026,2,26416,28285,24289,1196,6606,0,21504,0,283,3278,1502,992,1003,-452,-16,997,1397,997,957,-514,1196,6863,0.28016205452173315,0.0508197713110291,0.9000127779197546,44.83750645524128,0.5
04/03/2026,3,26027,28039,23963,1195,6606,0,21504,0,340,3243,1503,992,1003,-452,-106,997,1397,997,958,-514,1195,6775,0.2668062899127927,0.05075927158327787,0.8943904932277025,44.062242432203746,1.0
04/03/2026,4,25251,27348,23168,1194,6606,0,21504,0,396,2884,1502,992,1002,-452,-135,997,1397,997,955,-514,1194,6741,0.24016342786513767,0.05069877185552665,0.8922182468694096,42.39502037416193,1.5
04/03/2026,5,24906,27126,22804,1172,6606,0,21504,0,500,2981,1503,992,1002,-452,-154,997,1397,997,852,-514,1172,6620,0.22831834100116735,0.0493677778449997,0.884487605417838,41.88334643957452,2.0
04/03/2026,6,24412,26813,22304,1150,6606,0,21504,0,666,2797,1503,992,1003,-452,-169,997,1397,997,844,-514,1150,6598,0.21135754995536635,0.04803678383447275,0.8830820342448249,40.95197815706292,2.5
04/03/2026,7,24315,26560,22298,1131,6606,0,21504,0,613,2752,1503,992,743,-452,-66,997,1397,997,820,-514,1131,6417,0.20802719219940946,0.04688728900719947,0.871518016866854,41.04207278447101,3.0
04/03/2026,8,23849,26164,21895,1111,6606,0,21504,0,659,2475,1504,992,651,-452,-90,997,1397,997,796,-514,1111,6278,0.19202774153677127,0.045677294452174964,0.8626373626373627,40.34315077687002,3.5
04/03/2026,9,23416,25838,21398,1102,6606,0,21504,0,455,2344,1503,992,-392,-429,-5,982,1397,997,-27,-514,1102,4504,0.17716129918286067,0.04513279690241394,0.7492972144134935,41.79241529683721,4.0
04/03/2026,10,23690,26113,21594,1093,6606,0,21504,0,314,2266,1504,992,-476,-431,0,851,1397,997,-101,-501,1093,4232,0.18656870150381102,0.04458829935265291,0.7319192435471505,42.696220284330124,4.5
04/03/2026,11,23748,27617,21712,1130,6606,0,21504,0,20,3087,1504,990,-994,-300,0,-816,1397,997,-734,-405,1130,1639,0.18856004944036256,0.04682678927944824,0.5662535139279326,46.01782704282289,5.0
04/03/2026,12,24471,28577,22372,1167,6606,0,21504,0,21,3209,1500,985,-997,-218,0,-1021,1397,992,-775,-474,1167,1389,0.21338323147703084,0.049065279206243574,0.5502811142346026,47.67777196450976,5.5
04/03/2026,13,26758,30308,24494,1226,6606,0,21504,0,16,3367,1317,798,-902,-223,-1,-717,1397,822,-688,-403,1226,1400,0.29190414063036463,0.052634763143565855,0.5509838998211091,52.512434834660645,6.0
04/03/2026,14,29127,32808,26638,1284,6606,0,21504,0,10,3411,1309,790,-879,-357,-92,-665,1397,816,-588,-490,1284,1241,0.3732404037629609,0.05614374735313691,0.5408254536161513,58.4618120279787,6.5
04/03/2026,15,32130,33972,29393,1328,6606,162,21504,0,14,3200,1491,974,-143,-326,-245,403,1397,985,784,-514,1490,4806,0.47634415985717227,0.06860669126988929,0.768591873243036,71.59871878872744,7.0
04/03/2026,16,32869,34928,29965,1372,6606,825,21504,0,11,3404,1504,987,-106,-431,-397,487,1397,996,939,-514,2197,4862,0.5017166792556479,0.11137999879000544,0.7721696907743419,70.42563683805514,7.5
04/03/2026,17,33013,34995,29969,1355,6606,1698,21504,0,10,2896,1503,991,793,-451,-407,975,1397,997,985,-514,3053,6269,0.5066607155119137,0.16316776574505415,0.8620623562484028,65.20939291552915,8.0
04/03/2026,18,33051,35061,29985,1338,6606,2582,21504,0,11,3081,1503,991,1002,-451,-434,997,1397,997,987,-514,3920,6475,0.5079653917462061,0.2156210297053663,0.8752236135957067,61.47342606779706,8.5
04/03/2026,19,32771,34772,29722,1300,6606,3541,21504,0,7,2985,1503,991,1001,-451,-429,1016,1397,997,989,-514,4841,6500,0.498351987914578,0.27134127896424465,0.8768208535650396,57.34945579504297,9.0
04/03/2026,20,31693,33649,28674,1262,6606,4451,21504,0,12,3032,1503,991,1002,-451,-379,1016,1397,997,990,-514,5713,6552,0.46134038316280984,0.324097041563313,0.8801431127012522,52.25798591439174,9.5
04/03/2026,21,31289,33272,28310,1205,6606,5341,21504,0,62,3199,1503,991,1003,-452,-355,1017,1397,996,990,-514,6546,6576,0.447469614777175,0.37449331478008346,0.8816764630718119,49.34998830792419,10.0
04/03/2026,22,30272,32203,27320,1147,6606,6289,21504,0,165,3051,1503,991,1002,-451,-202,1016,1397,996,990,-513,7436,6729,0.4125523587172973,0.42833807247867384,0.8914515716841298,35.822920740649074,10.5
04/03/2026,23,29331,31110,26513,1159,6606,7212,21504,0,164,3051,1503,991,1001,-396,-173,1016,1397,997,990,-446,8371,6880,0.38024445512600424,0.48490531792606933,0.9010989010989011,32.640640645280065,11.0
04/03/2026,24,28342,30030,25499,1171,6606,7868,21504,0,165,2548,1503,991,1002,-441,-184,1017,1397,996,990,-298,9039,6973,0.3462885394492893,0.5253191360638877,0.9070406337848198,29.951154820358546,11.5
04/03/2026,25,27569,29371,24764,1248,6606,8324,21504,0,163,2394,1503,991,1002,-452,-312,1017,1397,996,990,-275,9572,6857,0.31974867815697317,0.5575654909552907,0.8996294403271148,28.07039359107791,12.0
04/03/2026,26,27012,28752,24280,1324,6606,8494,21504,0,161,2329,1503,991,1003,-452,-241,1017,1397,996,990,-286,9818,6918,0.30062487124905585,0.5724484239820921,0.9035267058522872,26.78100801345372,12.5
04/03/2026,27,26565,28465,23827,1393,6606,8443,21504,0,328,2345,1503,992,1002,-452,-248,1017,1397,996,990,-272,9836,6925,0.2852777587035638,0.5735374190816142,0.9039739330437004,26.12550911482011,13.0
04/03/2026,28,26477,28540,23701,1461,6606,8257,21504,0,343,2206,1503,992,1002,-447,-352,1017,1389,996,990,-321,9718,6769,0.28225640321362355,0.5663984512069695,0.8940071556350626,26.418159479634607,13.5
04/03/2026,29,26679,28558,24011,1498,6606,7681,21504,0,340,2676,1503,992,1003,-367,-228,998,1288,996,990,-344,9179,6831,0.28919178740644097,0.5337890979490593,0.8979683107590084,27.594632342605692,14.0
04/03/2026,30,26874,28654,24284,1535,6606,6734,21504,0,342,2711,1503,992,1001,-407,-76,997,1284,996,866,-355,8269,6801,0.2958868365034677,0.4787343456954444,0.8960516227958089,29.5524106333592,14.5
04/03/2026,31,27465,29526,24910,1509,6606,5553,21504,0,197,3108,1503,991,369,-279,59,997,1384,996,-753,-232,7062,5035,0.31617798530522556,0.40571117429971565,0.7832225913621262,34.81133235597503,15.0
04/03/2026,32,29398,31626,26769,1483,6606,4272,21504,0,165,3029,1504,992,280,-185,12,953,1397,997,-959,-319,5755,4672,0.38254480532857243,0.32663803012886444,0.7600306670074112,40.48957201992259,15.5
04/03/2026,33,30535,33732,27781,1490,6606,2942,21504,0,172,3037,1506,992,-793,-80,0,-147,1397,997,-1083,-322,4432,2467,0.4215820916020051,0.2465968903139936,0.6191541017122413,58.919484160603915,16.0
04/03/2026,34,32523,36141,29643,1497,6606,1596,21504,0,164,3310,1506,992,-997,-155,0,-241,1397,997,-1093,-368,3093,2038,0.4898372588065646,0.16558775485510316,0.5917454638384871,69.09921287860588,16.5
04/03/2026,35,34550,38754,31567,1568,6606,456,21504,0,158,3570,1507,992,-997,-148,0,-847,1397,998,-1093,-361,2024,1448,0.5594314358305295,0.1009135458890435,0.5540506005622284,80.88315836908886,17.0
04/03/2026,36,36364,40579,33425,1639,6606,19,21504,0,154,3501,1507,992,-997,-226,0,-854,1397,998,-1092,-292,1658,1433,0.6217125592254343,0.0787706455320951,0.5530922565806287,89.13069317014107,17.5
04/03/2026,37,37348,40388,34372,1779,6606,27,21504,0,161,3259,1505,992,-786,-184,0,28,1397,997,-1073,-236,1806,2640,0.6554968069765845,0.08772460523927643,0.6302070023000256,90.32591045982241,18.0
04/03/2026,38,37519,40401,34468,1918,6606,0,21504,0,163,3357,1503,992,-699,-122,0,87,1397,996,-1053,-245,1918,2856,0.6613678500309003,0.09450057474741363,0.6440071556350626,90.01986411335182,18.5
04/03/2026,39,37683,39167,34711,2031,6606,0,21504,0,169,3316,1409,992,156,-66,0,541,1397,972,-400,-249,2031,4752,0.6669985579894252,0.10133704398330208,0.7651418349092768,87.53537120755438,19.0
04/03/2026,40,36618,38160,33713,2144,6606,0,21504,0,167,3505,1405,992,169,-211,0,563,1397,971,-362,-202,2144,4722,0.6304332898441255,0.10817351321919051,0.7632251469460771,83.07293971508739,19.5
04/03/2026,41,35087,37357,32411,2249,6606,0,21504,0,165,3480,1495,992,-232,-327,0,955,1397,995,-605,-341,2249,4329,0.5778685710361876,0.11452598463306915,0.7381165346281625,77.79781375237606,20.0
04/03/2026,42,33659,35896,31081,2354,6606,0,21504,0,164,3534,1502,992,-254,-219,0,972,1397,997,-620,-380,2354,4387,0.5288402114948842,0.12087845604694779,0.741822131357015,62.67677978573636,20.5
04/03/2026,43,32387,34381,29946,2379,6606,0,21504,0,220,3690,1502,992,-215,-78,0,996,1397,997,-553,-328,2379,4710,0.48516789123120235,0.12239094924072842,0.7624584717607974,58.382244315207885,21.0
04/03/2026,44,30826,32754,28382,2403,6606,0,21504,0,220,3851,1502,992,-211,-5,0,997,1371,997,-549,-343,2403,4751,0.43157316486987574,0.12384294270675782,0.7650779453105034,53.92795278533595,21.5
04/03/2026,45,28868,30693,26491,2433,6606,0,21504,0,222,3958,1502,992,-3,-12,0,997,1035,996,-652,-336,2433,4519,0.3643480052187049,0.12565793453929458,0.7502555583950933,49.217447995124004,22.0
04/03/2026,46,27599,29545,25501,2463,6606,0,21504,0,219,4211,1502,992,0,-61,0,997,1002,997,-648,-418,2463,4363,0.3207786857103619,0.12747292637183133,0.7402887809864555,46.44321101313717,22.5
04/03/2026,47,25876,27727,23949,2431,6606,0,21504,0,464,4540,1502,992,-140,-29,0,883,1101,996,-225,-393,2431,4687,0.26162191856073613,0.12553693508379213,0.760989010989011,42.59013583381067,23.0
04/03/2026,48,25031,26920,23154,2398,6606,0,21504,0,630,4480,1502,992,-149,0,0,880,1132,996,-183,-327,2398,4843,0.23261003914028702,0.1235404440680017,0.7709557883976489,40.89284306977239,23.5
05/03/2026,1,25314,27460,23387,2432,6606,0,21504,0,1091,4185,1502,992,137,0,0,993,1368,997,232,-455,2432,5766,0.242326443727254,0.12559743481154334,0.829925888065423,40.14415663478204,0.0
05/03/2026,2,25937,27966,24155,2465,6606,0,21504,0,1007,4513,1502,992,148,0,0,997,1397,996,269,-422,2465,5879,0.26371626725262654,0.12759392582733378,0.8371454127268081,41.08968217085513,0.5
05/03/2026,3,25525,27778,23822,2458,6606,0,21504,0,1169,4486,1502,992,278,-1,0,997,1397,997,480,-483,2458,6159,0.24957083018608803,0.12717042773307521,0.8550345003833376,39.96594187902408,1.0
05/03/2026,4,24895,27130,23191,2451,6606,0,21504,0,1169,4144,1502,992,283,-95,0,997,1395,996,486,-371,2451,6185,0.2279406715649248,0.12674692963881662,0.8566956299514439,38.79571677870408,1.5
05/03/2026,5,24467,26768,22819,2460,6606,0,21504,0,1162,3849,1502,992,444,-226,0,997,1372,997,167,-313,2460,5932,0.213245897136579,0.12729142718857764,0.840531561461794,38.34375209481246,2.0
05/03/2026,6,24051,26420,22481,2468,6606,0,21504,0,1164,4018,1502,992,432,-292,0,997,1368,997,131,-313,2468,5814,0.19896312572958869,0.12777542501058745,0.8329925888065423,37.76947182675457,2.5
05/03/2026,7,23220,26180,21781,2437,6606,0,21504,0,979,3944,1504,992,-365,-311,0,856,1348,997,-391,-314,2437,4316,0.170431916500721,0.12589993345029948,0.7372859698441094,38.41354511050185,3.0
05/03/2026,8,22780,26064,21402,2405,6606,0,21504,0,1142,4025,1503,992,-411,-379,0,849,1337,997,-438,-314,2405,4136,0.15532513905101972,0.12396394216226027,0.7257858420649118,38.03738193609248,3.5
05/03/2026,9,22567,26471,21321,2382,6606,0,21504,0,1008,4405,1504,992,-775,-331,-4,439,1234,997,-873,-313,2382,2870,0.14801208542195976,0.12257244842398209,0.644901610017889,39.38410827163648,4.0
05/03/2026,10,22546,26443,21280,2359,6606,0,21504,0,965,4564,1505,992,-792,-239,-79,399,1233,997,-908,-314,2359,2794,0.14729108013458767,0.12118095468570392,0.6400460005111168,39.496198873647444,4.5
05/03/2026,11,22479,26685,21247,2324,6606,0,21504,0,673,4689,1506,991,-993,-105,-6,-456,1379,997,-1078,-295,2324,1940,0.1449907299320195,0.11906346421441104,0.5854842831587017,40.5583729941299,5.0
05/03/2026,12,23339,27152,21972,2288,6606,0,21504,0,312,4464,1507,991,-997,-142,0,-510,1397,998,-1089,-163,2288,1992,0.17451761312916295,0.11688547401536693,0.5888065422949144,41.897297266337134,5.5
05/03/2026,13,25542,29001,23962,2256,6606,0,21504,0,316,4644,1507,991,-997,-30,14,-454,1397,998,-1023,-39,2256,2364,0.2501545011330083,0.11494948272732773,0.6125734730385893,45.40304992285354,6.0
05/03/2026,14,27693,30947,25992,2223,6606,6,21504,0,314,4749,1507,991,-870,-26,0,-388,1397,998,-915,-141,2229,2553,0.3240060427109799,0.11331599007804465,0.6246486072067468,49.73120775867106,6.5
05/03/2026,15,31129,32560,29050,2151,6606,378,21504,0,311,4175,1503,991,793,-166,-63,883,1397,997,568,-291,2529,6612,0.44197624115910183,0.13146590840341218,0.8839764886276514,61.84054262659163,7.0
05/03/2026,16,31769,33538,29309,2079,6606,1462,21504,0,314,3530,1503,991,1003,-317,-97,997,1397,998,739,-441,3541,6773,0.46394973563139463,0.192691632887652,0.8942627140301559,59.30684365627119,7.5
05/03/2026,17,31334,32985,28686,1946,6606,2762,21504,0,173,3188,1503,991,1002,-361,-3,997,1397,997,973,-514,4708,6982,0.4490146261072581,0.2632948151733317,0.9076156401737797,53.978938676014785,8.0
05/03/2026,18,30713,32372,27994,1813,6606,4012,21504,0,164,2766,1503,991,1003,-381,0,997,1397,997,993,-514,5825,6986,0.42769346975211153,0.3308730110714502,0.907871198568873,49.5865765597115,8.5
05/03/2026,19,29651,31312,26902,1665,6606,5470,21504,0,161,2202,1502,991,1002,-386,0,1016,1397,998,993,-514,7135,6999,0.39123120236215064,0.4101276544255551,0.9087017633529262,45.17138319466085,9.0
05/03/2026,20,28731,30404,25988,1517,6606,6563,21504,0,159,1802,1503,991,1002,-400,0,1017,1397,997,993,-514,8080,6986,0.3596443040582298,0.46729989715046283,0.907871198568873,42.20935127643784,9.5
05/03/2026,21,28013,29427,25237,1431,6606,7474,21504,0,14,1671,1503,991,1003,-286,0,1016,1397,998,993,-514,8905,7101,0.3349927899471263,0.5172121725452236,0.9152185024278048,39.57897637297225,10.0
05/03/2026,22,27403,28731,24618,1345,6606,8181,21504,0,10,1627,1503,991,1002,-204,0,1017,1397,997,993,-514,9526,7182,0.3140493030282222,0.5547825034787344,0.9203935599284436,27.510625818197983,10.5
05/03/2026,23,26617,27773,23802,1267,6606,8796,21504,0,10,1198,1502,991,1002,-100,0,1016,1397,998,993,-446,10063,7353,0.2870631051294376,0.5872708572811423,0.9313186813186813,25.238024860369613,11.0
05/03/2026,24,26150,27119,23244,1188,6606,9496,21504,0,10,1068,1503,991,1002,-54,0,1016,1397,998,990,-305,10684,7538,0.27102932088168646,0.6248411882146531,0.9431382570917455,23.23317204699295,11.5
05/03/2026,25,26059,27091,23027,1148,6606,9752,21504,0,9,1192,1503,991,1002,-109,0,1016,1397,997,990,-314,10900,7473,0.26790496463640734,0.6379091294089176,0.9389854331714796,22.799216039759177,12.0
05/03/2026,26,25833,26928,22827,1107,6606,9131,21504,0,6,1311,1503,991,1002,-102,0,1016,1397,998,990,-387,10238,7408,0.26014557440087893,0.5978583096376067,0.9348326092512139,23.77342150188268,12.5
05/03/2026,27,26117,27193,23065,1088,6606,8597,21504,0,6,1377,1503,991,1002,-40,0,1016,1397,997,990,-430,9685,7426,0.2698963125729589,0.5644019601911792,0.9359826220291336,25.144141256600307,13.0
05/03/2026,28,26347,27408,23302,1069,6606,7956,21504,0,6,1522,1502,991,1002,0,0,1016,1397,997,990,-455,9025,7440,0.2777930371489391,0.5244721398753706,0.9368770764119602,26.64001576145724,13.5
05/03/2026,29,27046,28113,24007,1032,6606,7001,21504,0,6,1958,1502,991,1003,-35,0,997,1397,997,990,-426,8033,7416,0.3017922131428964,0.4644564099461552,0.9353437260414005,29.43112170650319,14.0
05/03/2026,30,27837,28935,24814,994,6606,5706,21504,0,6,1953,1502,991,1001,-70,0,996,1397,997,967,-422,6700,7359,0.32895007896724576,0.38381027285377217,0.9317020189113212,33.00965459485024,14.5
05/03/2026,31,28810,29921,25872,1066,6606,4321,21504,0,6,2410,1503,991,368,-83,0,910,1397,997,117,-422,5387,5778,0.3623566572821534,0.3043741303164136,0.8306925632507027,38.95090952277964,15.0
05/03/2026,32,30626,31863,27651,1138,6606,3089,21504,0,7,2188,1503,991,285,-235,0,901,1397,997,24,-395,4227,5468,0.42470644784728423,0.23419444612499243,0.8108867876309737,45.9223781455362,15.5
05/03/2026,33,31672,34399,28671,1172,6606,1789,21504,0,6,2317,1505,991,-410,-386,-67,343,1397,998,-906,-352,2961,3113,0.4606193778754378,0.15760179079194145,0.6604267825198058,65.9973652257774,16.0
05/03/2026,34,33248,36244,30192,1205,6606,789,21504,0,7,2425,1504,991,-466,-443,-219,316,1397,997,-965,-296,1994,2816,0.5147291080134587,0.09909855405650675,0.6414515716841298,75.15210170811432,16.5
05/03/2026,35,35029,37864,31976,1247,6606,197,21504,0,6,2719,1505,992,-552,-451,-371,67,1397,997,-490,-365,1444,2729,0.5758772230996361,0.06582370379333292,0.635893176590851,83.95178983177317,17.0
05/03/2026,36,36404,39359,33312,1288,6606,4,21504,0,5,2847,1504,990,-522,-452,-506,57,1397,992,-445,-425,1292,2590,0.6230859026299527,0.05662774517514671,0.6270125223613596,89.93684395154214,17.5
05/03/2026,37,37422,39521,34224,1359,6606,0,21504,0,9,2816,1394,938,165,-451,-528,141,1397,831,-25,-486,1359,3376,0.6580374922749433,0.0606812269344788,0.6772297469971889,92.36653840751006,18.0
05/03/2026,38,37420,39519,34213,1429,6606,0,21504,0,6,2819,1389,935,185,-452,-528,151,1397,825,21,-513,1429,3410,0.6579688251047174,0.06491620787706455,0.6794019933554817,91.88591130880127,18.5
05/03/2026,39,37588,39688,34377,1510,6606,0,21504,0,6,3287,1467,961,707,-452,-528,746,1397,986,716,-514,1510,5486,0.6637368674036943,0.0698166858249138,0.8120368004088935,89.37870903841679,19.0
05/03/2026,40,36511,38610,33324,1590,6606,0,21504,0,6,3303,1473,963,733,-451,-528,776,1397,996,768,-514,1590,5613,0.626759596237039,0.0746566640450118,0.820150779453105,84.71672720317116,19.5
05/03/2026,41,34970,37070,31955,1581,6606,0,21504,0,6,2890,1473,961,920,-452,-528,776,1397,996,904,-514,1581,5933,0.5738515415779716,0.07411216649525078,0.8405954510605673,78.90315422753409,20.0
05/03/2026,42,33263,35364,30234,1572,6606,0,21504,0,6,2923,1473,962,927,-452,-529,776,1397,997,915,-514,1572,5952,0.5152441117901532,0.07356766894548974,0.8418093534372604,63.27123214433115,20.5
05/03/2026,43,31667,33769,28753,1606,6606,0,21504,0,6,2507,1441,990,847,-452,-530,808,1397,997,984,-514,1606,5968,0.46044770994987294,0.0756246596890314,0.8428315870176335,58.17786366769481,21.0
05/03/2026,44,30071,32173,27383,1639,6606,0,21504,0,6,2508,1440,992,843,-451,-531,809,1397,996,989,-514,1639,5970,0.4056513081095928,0.07762115070482183,0.8429593662151802,53.49445752895538,21.5
05/03/2026,45,28100,30202,25519,1573,6606,0,21504,0,6,2295,1499,992,618,-451,-531,910,1397,997,969,-514,1573,5886,0.3379798118519536,0.07362816867324097,0.8375926399182213,48.751402090593615,22.0
05/03/2026,46,26914,29015,24437,1506,6606,0,21504,0,6,2100,1502,992,609,-451,-530,914,1387,997,953,-514,1506,5859,0.297260179907986,0.06957468691390889,0.8358676207513417,46.19625519707269,22.5
05/03/2026,47,25581,27742,23145,1455,6606,0,21504,0,64,1746,1502,992,713,-452,-531,994,1260,997,475,-514,1455,5436,0.2514935109524136,0.06648920079859641,0.8088423204702274,43.94181369126349,23.0
05/03/2026,48,24727,26889,22327,1403,6606,0,21504,0,68,1396,1502,992,716,-451,-530,997,1254,996,443,-513,1403,5406,0.22217262926594794,0.0633432149555327,0.8069256325070279,42.36170304284275,23.5
06/03/2026,1,25315,27504,22881,1360,6606,0,21504,0,126,1367,1502,992,677,-452,-497,997,1381,997,484,-514,1360,5567,0.24236077731236697,0.06074172666223002,0.8172118579095323,43.50707090798056,0.0
06/03/2026,2,25934,28100,23502,1316,6606,0,21504,0,126,1759,1502,991,676,-452,-475,997,1397,997,486,-513,1316,5606,0.26361326649728767,0.05807973864117612,0.8197035522616918,44.942709319801125,0.5
06/03/2026,3,25583,27806,23176,1310,6606,0,21504,0,126,1800,1502,991,664,-452,-531,997,1397,997,460,-514,1310,5511,0.2515621781226396,0.05771674027466876,0.8136340403782264,44.31286733556929,1.0
06/03/2026,4,24845,27066,22486,1303,6606,0,21504,0,126,1713,1502,992,664,-451,-531,997,1397,997,448,-513,1303,5502,0.22622399230927692,0.05729324218041019,0.8130590339892666,42.78123764751953,1.5
06/03/2026,5,24310,26532,21959,1363,6606,0,21504,0,126,1581,1502,991,557,-452,-531,988,1397,996,91,-513,1363,5026,0.20785552427384468,0.060923225845483694,0.7826475849731663,42.12891851541241,2.0
06/03/2026,6,23616,25837,21272,1422,6606,0,21504,0,126,1427,1502,991,521,-451,-531,986,1394,997,56,-513,1422,4952,0.18402801620545217,0.06449270978280598,0.7779197546639407,40.725265630348446,2.5
06/03/2026,7,22728,25445,20440,1478,6606,0,21504,0,124,1453,1504,991,-172,-452,-531,705,1367,997,-324,-514,1478,3571,0.15353979262514592,0.06788069453687458,0.6896882187579862,40.75165535885764,3.0
06/03/2026,8,22226,24984,19982,1533,6606,0,21504,0,130,1331,1504,991,-187,-452,-508,686,1366,997,-367,-514,1533,3516,0.13630433289844127,0.07120817956319196,0.6861742908254537,39.84669266327559,3.5
06/03/2026,9,21788,25165,19646,1525,6606,0,21504,0,51,1471,1505,991,-419,-433,-379,70,1393,997,-982,-513,1525,2230,0.12126622261896587,0.07072418174118217,0.6040122668029645,40.80194799022937,4.0
06/03/2026,10,21991,25385,19806,1517,6606,0,21504,0,5,1220,1505,991,-462,-451,-342,9,1397,997,-1020,-514,1517,2110,0.12823594039689623,0.07024018391917236,0.5963455149501661,41.29713226546276,4.5
06/03/2026,11,22459,27496,20251,1462,6606,0,21504,0,5,1063,1507,991,-994,-451,-432,-955,1397,998,-1086,-514,1462,461,0.14430405822976036,0.06691269889285498,0.49099156657296195,44.30431538094637,5.0
06/03/2026,12,23393,28594,21070,1407,6606,0,21504,0,5,847,1507,992,-996,-452,-523,-1022,1383,998,-1090,-513,1407,284,0.17637162672526266,0.06358521386653761,0.4796831075900843,46.31689299674502,5.5
06/03/2026,13,25738,30948,23218,1343,6606,0,21504,0,5,724,1507,992,-997,-451,-531,-1022,1209,997,-1090,-514,1343,100,0.256883883815148,0.05971323129045919,0.4679274214157935,51.45798595859697,6.0
06/03/2026,14,28030,33190,25336,1279,6606,2,21504,0,5,474,1504,989,-981,-452,-531,-1010,1202,995,-1068,-513,1281,135,0.3355764608940466,0.05596224816988324,0.4701635573728597,57.03196632064939,6.5
06/03/2026,15,31031,33884,28037,1212,6606,75,21504,0,9,89,1252,902,-184,-451,-531,-306,1375,887,-258,-514,1287,2172,0.438611549818032,0.05632524653639059,0.600306670074112,72.6171402557519,7.0
06/03/2026,16,32552,35196,29318,1144,6606,301,21504,0,11,-168,1239,899,-132,-452,-531,-252,1397,884,-153,-513,1445,2386,0.49083293277484036,0.06588420352108415,0.6139790442116023,76.21209567079197,7.5
06/03/2026,17,33893,36001,30498,1082,6606,655,21504,0,11,-737,1436,986,793,-452,-531,509,1397,990,893,-514,1737,5507,0.5368742704113163,0.0835501240244419,0.8133784819831331,75.03106435790004,8.0
06/03/2026,18,34324,36433,30909,1020,6606,1072,21504,0,12,-910,1446,992,1002,-452,-531,555,1397,998,985,-514,2092,5878,0.551672045595001,0.1050275273761268,0.8370815231280347,74.14390507925377,8.5
06/03/2026,19,34864,36975,31450,959,6606,1538,21504,0,14,-979,1499,992,1002,-452,-531,915,1397,974,985,-514,2497,6267,0.5702121815559981,0.12952991711537298,0.8619345770508561,73.33594969931264,9.0
06/03/2026,20,34591,36701,31242,897,6606,2037,21504,0,14,-1017,1501,991,1002,-451,-531,928,1397,973,988,-514,2934,6284,0.5608391128201606,0.15596829814265836,0.8630207002300025,70.32932415858409,9.5
06/03/2026,21,34497,36600,31262,861,6606,2119,21504,0,9,-770,1440,967,1001,-452,-528,656,1397,973,992,-514,2980,5932,0.5576117558195427,0.15875128561921473,0.840531561461794,70.27668091627498,10.0
06/03/2026,22,34740,36738,31562,825,6606,2392,21504,0,10,-683,1437,966,1002,-451,-423,647,1397,973,990,-514,3217,6024,0.5659548170019914,0.17308972109625506,0.8464094045489394,59.77789197107462,10.5
06/03/2026,23,35177,37099,32075,789,6606,2559,21504,0,11,-668,1498,990,1002,-452,-345,1002,1397,996,990,-514,3348,6564,0.5809585936963537,0.18101518543166556,0.8809097878865321,59.786976216036024,11.0
06/03/2026,24,35065,36854,32093,752,6606,2589,21504,0,11,-946,1502,992,1002,-452,-212,1016,1397,998,990,-514,3341,6719,0.5771132321637026,0.180591687337407,0.8908126756963967,59.284285283183884,11.5
06/03/2026,25,34875,36525,31916,724,6606,2701,21504,0,11,-1141,1502,992,1002,-452,-73,1016,1397,997,990,-514,3425,6857,0.5705898509922406,0.18567366446850989,0.8996294403271148,58.15042353797032,12.0
06/03/2026,26,34950,36548,32074,695,6606,2748,21504,0,11,-1051,1502,992,1002,-452,-21,1016,1397,997,990,-514,3443,6909,0.5731648698757125,0.18676265956803195,0.9029516994633273,58.223081106560656,12.5
06/03/2026,27,34799,36514,31950,665,6606,2590,21504,0,11,-684,1502,992,1002,-452,-138,1017,1397,998,990,-514,3255,6794,0.5679804985236558,0.17538871075080162,0.8956043956043956,58.79316941593542,13.0
06/03/2026,28,34543,36213,31686,634,6606,2467,21504,0,11,-842,1503,992,1003,-452,-93,1017,1397,998,990,-514,3101,6841,0.5591911007347388,0.16607175267711297,0.8986072067467417,58.685916623176496,13.5
06/03/2026,29,34340,36097,31478,599,6606,2295,21504,0,11,-871,1502,992,1002,-452,-180,998,1397,997,989,-514,2894,6731,0.5522213829568083,0.15354830903260935,0.8915793508816765,59.187232221990726,14.0
06/03/2026,30,34081,35819,31263,563,6606,2058,21504,0,11,-616,1502,992,874,-452,-161,990,1397,997,896,-514,2621,6521,0.5433289844125524,0.1370318833565249,0.8781625351392793,59.96359223261267,14.5
06/03/2026,31,33538,35827,30890,578,6606,1793,21504,0,11,-153,1504,992,-176,-452,-24,431,1397,997,-512,-514,2371,3643,0.5246858476962164,0.12190695141871861,0.6942882698696652,63.17831032508495,15.0
06/03/2026,32,34082,36594,31359,592,6606,1402,21504,0,16,10,1504,992,-209,-452,-40,405,1397,998,-681,-514,1994,3400,0.5433633179976654,0.09909855405650675,0.6787630973677485,67.02858497963804,15.5
06/03/2026,33,34778,38488,31889,599,6606,974,21504,0,14,376,1504,992,-956,-419,-188,688,1397,997,-1019,-514,1573,2482,0.5672594932362838,0.07362816867324097,0.620112445693841,82.69959883076915,16.0
06/03/2026,34,35808,39758,32727,605,6606,516,21504,0,5,587,1503,992,-997,-452,-339,684,1397,997,-1043,-514,1121,2228,0.6026230859026299,0.04628229172968722,0.6038844876054178,89.20966968776506,16.5
06/03/2026,35,36206,40386,33062,569,6606,136,21504,0,5,797,1474,992,-998,-452,-453,-76,1397,997,-1082,-514,705,1285,0.616287852777587,0.021114404985177568,0.5436365959621774,94.39923601973084,17.0
06/03/2026,36,37362,41504,34165,533,6606,9,21504,0,0,1043,1473,989,-873,-452,-502,-120,1397,987,-1081,-514,542,1304,0.6559774771681659,0.011252949361727872,0.5448504983388704,99.94468364441147,17.5
06/03/2026,37,38209,41200,34872,544,6606,27,21504,0,0,635,1408,891,153,-452,-531,248,1397,627,-894,-514,571,2333,0.685058023758841,0.0130074414665134,0.6105928954766164,101.8993589063933,18.0
06/03/2026,38,37898,40838,34474,554,6606,0,21504,0,0,569,1406,887,174,-452,-531,274,1397,615,-843,-514,554,2413,0.6743802787887111,0.011978946094742574,0.6157040633784819,100.62829303442128,18.5
06/03/2026,39,38001,40089,34620,536,6606,0,21504,0,8,594,1496,985,758,-452,-527,937,1397,974,161,-501,536,5228,0.6779166380553457,0.010889950995220521,0.7955532839253769,97.57437738887404,19.0
06/03/2026,40,36932,38891,33638,517,6606,0,21504,0,13,404,1502,992,775,-452,-422,973,1397,997,235,-472,517,5525,0.6412140355695942,0.009740456167947244,0.8145284947610529,92.99131073146398,19.5
06/03/2026,41,35531,37251,32433,528,6606,0,21504,0,13,393,1503,992,151,-431,-272,914,1397,997,60,-404,528,4907,0.5931126828263408,0.01040595317321072,0.7750447227191414,88.28426223045724,20.0
06/03/2026,42,34612,36035,31613,538,6606,0,21504,0,10,803,1502,992,127,-327,-121,912,1397,997,44,-365,538,5158,0.5615601181075328,0.011010950450722971,0.7910810120112446,74.49671913101109,20.5
06/03/2026,43,33074,34431,30303,558,6606,0,21504,0,10,1053,1488,992,254,-371,-6,753,1397,996,0,-370,558,5133,0.5087550642038041,0.012220945005747474,0.7894837720419116,68.9866666688089,21.0
06/03/2026,44,31300,32463,28706,578,6606,0,21504,0,8,1389,1488,992,254,-252,0,747,1397,997,-4,-299,578,5320,0.4478472842134176,0.013430939560771977,0.8014311270125224,62.805394271545055,21.5
06/03/2026,45,29722,30885,27311,620,6606,0,21504,0,6,1563,1453,992,2,-257,0,571,1397,998,-64,-236,620,4856,0.39366888690517066,0.01597192812632343,0.771786353181702,58.3911701290305,22.0
06/03/2026,46,28254,29409,25995,662,6606,0,21504,0,5,1880,1451,992,0,-125,0,568,1397,997,-59,-366,662,4855,0.343267183959349,0.018512916691874888,0.7717224635829287,54.06877063246518,22.5
06/03/2026,47,26967,28157,24697,694,6606,0,21504,0,8,1760,1499,992,683,-90,0,979,1397,996,248,-492,694,6212,0.29907985991897273,0.02044890797991409,0.8584206491183235,48.839426617702976,23.0
06/03/2026,48,26051,27116,23874,725,6606,0,21504,0,8,2217,1502,992,830,-16,0,997,1397,996,285,-441,725,6542,0.2676302959555037,0.02232439954020207,0.8795042167135191,46.055894486710585,23.5
07/03/2026,1,26334,27386,24119,740,6606,0,21504,0,7,2357,1502,992,997,0,0,997,1397,997,840,-445,740,7277,0.2773467005424706,0.023231895456470447,0.926463071811909,45.74210977160028,0.0
07/03/2026,2,27171,28105,24996,754,6606,0,21504,0,7,2514,1503,992,1002,0,0,997,1397,996,866,-327,754,7426,0.30608391128201606,0.024078891644987596,0.9359826220291336,47.5729471273772,0.5
07/03/2026,3,26633,27489,24525,784,6606,0,21504,0,6,2658,1503,992,852,0,0,997,1397,997,415,-250,784,6903,0.28761244249124496,0.02589388347752435,0.9025683618706875,46.786110205843414,1.0
07/03/2026,4,26320,27294,24265,813,6606,0,21504,0,130,2731,1503,992,845,0,0,997,1397,997,371,-244,813,6858,0.27686603035088925,0.02764837558230988,0.899693329925888,45.977889714949555,1.5
07/03/2026,5,25065,26369,23074,839,6606,0,21504,0,306,2633,1503,992,538,0,0,864,1397,998,-99,-299,839,5894,0.2337773810341276,0.029221368503841733,0.8381037567084079,44.22296878781912,2.0
07/03/2026,6,24621,26166,22651,864,6606,0,21504,0,480,2517,1503,991,500,0,0,859,1396,997,-137,-328,864,5781,0.21853326924397445,0.03073386169762236,0.8308842320470228,43.317747326375496,2.5
07/03/2026,7,23928,25822,22008,865,6606,0,21504,0,751,2479,1504,992,3,-3,0,833,1383,997,-346,-194,865,5169,0.1947400947606949,0.030794361425373586,0.7917837975977511,42.64278920444295,3.0
07/03/2026,8,23361,25360,21481,865,6606,0,21504,0,763,2343,1504,992,0,-76,0,831,1376,997,-368,-192,865,5064,0.17527295200164802,0.030794361425373586,0.7850753897265526,41.638023230868065,3.5
07/03/2026,9,23293,25386,21440,880,6606,0,21504,0,670,2568,1504,991,-116,-7,0,574,1314,997,-637,-63,880,4557,0.1729382682139669,0.031701857341641965,0.7526833631484794,42.109671170705596,4.0
07/03/2026,10,23077,25115,21204,895,6606,0,21504,0,553,2739,1505,991,-133,0,0,566,1295,997,-660,-92,895,4469,0.16552221382956808,0.03260935325791034,0.7470610784564273,41.76133609663732,4.5
07/03/2026,11,22978,25561,21065,893,6606,0,21504,0,187,2926,1503,991,-912,0,0,967,1140,996,-804,-80,893,3801,0.16212318890338528,0.03248835380240789,0.7043828264758497,42.43093184084564,5.0
07/03/2026,12,22904,25611,20971,890,6606,0,21504,0,274,2908,1503,991,-969,0,0,984,1139,996,-803,-61,890,3780,0.15958250360502643,0.03230685461915422,0.7030411449016101,42.32521705708073,5.5
07/03/2026,13,23967,25861,21939,905,6606,0,21504,0,318,2904,1504,992,-355,-16,0,996,1368,997,-398,-207,905,4881,0.19607910458010025,0.03321435053542259,0.773383593151035,42.97055749072263,6.0
07/03/2026,14,24653,26376,22568,919,6606,0,21504,0,219,2949,1503,991,-314,0,0,997,1397,997,-315,-275,919,4981,0.2196319439675891,0.03406134672393974,0.779772553028367,44.234173090099915,6.5
07/03/2026,15,26449,27664,24198,921,6606,50,21504,0,165,2948,1502,991,719,-34,0,997,1397,997,851,-416,971,7004,0.28129506283046074,0.03720733256700345,0.9090212113467927,55.529887513182445,7.0
07/03/2026,16,27278,28599,24951,922,6606,282,21504,0,166,2884,1503,991,888,-42,0,997,1397,997,956,-513,1204,7174,0.30975760488910253,0.0513037691330389,0.9198824431382571,56.46144537182913,7.5
07/03/2026,17,28492,29766,26114,891,6606,718,21504,0,167,3068,1502,991,1012,0,0,997,1397,997,987,-507,1609,7376,0.3514385772162329,0.07580615887228508,0.9327881420904677,57.68598928319938,8.0
07/03/2026,18,29367,30601,26969,860,6606,1154,21504,0,161,2914,1502,991,1018,-39,0,997,1397,997,992,-434,2014,7421,0.3814804641900707,0.10030854861153125,0.9356631740352671,58.280157395157865,8.5
07/03/2026,19,30257,31299,27816,807,6606,1534,21504,0,158,2801,1502,992,1069,-2,0,1016,1397,997,992,-282,2341,7681,0.4120373549406029,0.12009195958618187,0.9522744697163302,58.947172847831,9.0
07/03/2026,20,30648,31604,28250,753,6606,1933,21504,0,165,2738,1502,992,1069,-60,0,1017,1397,997,992,-131,2686,7775,0.42546178671976925,0.14096436566035453,0.9582800920010223,58.48026561432718,9.5
07/03/2026,21,30600,31365,28310,772,6606,2393,21504,0,165,3095,1503,992,1069,47,0,1017,1397,997,992,16,3165,8030,0.42381377463434733,0.16994373525319137,0.9745719396882188,56.229799947737156,10.0
07/03/2026,22,30508,31272,28267,791,6606,2661,21504,0,164,3180,1503,992,1070,21,0,1016,1397,997,991,141,3452,8128,0.42065508480395525,0.18730715711779297,0.9808331203680041,44.85740159258992,10.5
07/03/2026,23,30546,31310,28393,851,6606,2789,21504,0,164,3301,1502,992,1071,61,0,1016,1397,997,955,197,3640,8188,0.4219597610382476,0.1986811059350233,0.9846664962944033,44.215828807073414,11.0
07/03/2026,24,30518,31282,28420,910,6606,2939,21504,0,164,3175,1503,992,1070,7,0,1016,1397,997,949,197,3849,8128,0.4209984206550848,0.21132554903502934,0.9808331203680041,43.521270733396456,11.5
07/03/2026,25,30506,31270,28443,917,6606,2937,21504,0,164,3115,1503,992,1064,0,0,1015,1397,996,987,197,3854,8151,0.42058641763372934,0.21162804767378546,0.9823025811397904,43.44837967491881,12.0
07/03/2026,26,30526,31290,28438,924,6606,2975,21504,0,164,2854,1503,992,1071,0,45,1015,1397,997,991,197,3899,8208,0.42127308933598845,0.2143505354225906,0.9859442882698697,43.270538344447,12.5
07/03/2026,27,30754,31519,28650,915,6606,2840,21504,0,165,3086,1502,992,1070,0,193,1016,1397,997,991,174,3755,8332,0.42910114674174277,0.2056385746264142,0.9938665985177613,44.11368792870596,13.0
07/03/2026,28,30715,31480,28533,906,6606,2623,21504,0,165,2883,1502,992,1071,0,265,1016,1397,997,991,197,3529,8428,0.42776213692233744,0.1919656361546373,1.0,44.687515778711905,13.5
07/03/2026,29,30693,31458,28511,892,6606,2245,21504,0,165,2761,1503,992,1070,6,237,998,1397,997,991,176,3137,8367,0.42700679804985237,0.16824974287615704,0.9961027344748274,46.12803776234261,14.0
07/03/2026,30,30661,31426,28428,877,6606,1889,21504,0,165,2552,1503,992,1071,61,202,997,1397,997,984,84,2766,8288,0.42590812332623773,0.14580434388045255,0.9910554561717353,47.54857312879002,14.5
07/03/2026,31,31028,31882,28767,861,6606,1471,21504,0,166,2401,1503,992,1068,-55,180,997,1397,996,712,-33,2332,7757,0.43850854906269315,0.11954746203642083,0.9571300792231024,50.91548701917193,15.0
07/03/2026,32,31663,32690,29363,844,6606,1122,21504,0,171,2363,1503,992,1064,-83,84,997,1397,996,668,-173,1966,7445,0.4603103756094211,0.09740456167947244,0.9371965244058267,54.648385472925646,15.5
07/03/2026,33,32101,33681,29699,825,6606,778,21504,0,156,2437,1503,992,598,-230,-53,997,1397,997,-222,-319,1603,5660,0.4753484858888965,0.07544316050577772,0.823153590595451,69.8830289646602,16.0
07/03/2026,34,33021,34881,30487,805,6606,375,21504,0,11,2259,1502,992,575,-381,-129,997,1397,997,-277,-462,1180,5211,0.5069353841928174,0.0498517756670095,0.7944671607462305,75.42804439375624,16.5
07/03/2026,35,34364,36055,31594,848,6606,89,21504,0,10,2175,1503,992,298,-405,-126,877,1397,997,-36,-514,937,4983,0.5530453889995194,0.03515034182346179,0.7799003322259136,81.56221545412811,17.0
07/03/2026,36,35210,37056,32348,890,6606,5,21504,0,5,2168,1503,992,295,-448,-274,873,1397,997,-5,-514,895,4816,0.5820916020050814,0.03260935325791034,0.7692307692307693,85.03661259914543,17.5
07/03/2026,37,35700,37676,32722,904,6606,0,21504,0,6,2009,1502,992,923,-450,-406,993,1397,997,508,-514,904,5942,0.5989150587104305,0.033153850807671366,0.8411704574495272,85.34372233725188,18.0
07/03/2026,38,35617,37585,32543,917,6606,0,21504,0,6,1796,1503,992,958,-450,-398,997,1397,998,555,-514,917,6038,0.5960653711460551,0.03394034726843729,0.847303858931766,84.83739979731851,18.5
07/03/2026,39,34922,37013,31872,895,6606,0,21504,0,12,1660,1502,992,1064,-450,-515,997,1397,997,906,-514,895,6376,0.5722035294925496,0.03260935325791034,0.868898543317148,82.00160221720205,19.0
07/03/2026,40,33868,35920,30858,873,6606,0,21504,0,11,1633,1502,992,1069,-450,-477,997,1397,997,919,-514,873,6432,0.5360159307834924,0.03127835924738339,0.8724763608484539,78.33836020415924,19.5
07/03/2026,41,33026,35038,30096,891,6606,0,21504,0,9,1814,1503,992,985,-450,-439,964,1397,997,469,-514,891,5904,0.5071070521183823,0.032367354346905436,0.8387426526961411,76.06107523881448,20.0
07/03/2026,42,32233,34104,29400,909,6606,0,21504,0,9,1536,1503,992,982,-451,-297,963,1397,997,445,-514,909,6017,0.4798805191238069,0.03345634944642749,0.8459621773575262,63.22995909073717,20.5
07/03/2026,43,30962,32676,28214,884,6606,0,21504,0,7,1626,1503,992,1036,-447,-146,996,1397,997,715,-514,884,6529,0.4362425324452379,0.03194385625264686,0.8786736519294659,58.72535774590571,21.0
07/03/2026,44,29834,31318,27097,858,6606,0,21504,0,10,1611,1503,991,1038,-344,-16,997,1397,997,736,-514,858,6785,0.3975142484378219,0.03037086333111501,0.8950293892154357,55.17651216692741,21.5
07/03/2026,45,28416,29719,25767,839,6606,0,21504,0,10,1890,1503,992,1067,-195,0,997,1397,998,810,-498,839,7071,0.34882922474764816,0.029221368503841733,0.9133018144646051,50.939442551864275,22.0
07/03/2026,46,27074,28141,24505,819,6606,0,21504,0,10,1914,1502,992,1069,-53,0,997,1397,997,805,-404,819,7302,0.3027535535260592,0.02801137394881723,0.928060311781242,47.23759060128421,22.5
07/03/2026,47,26131,27141,23694,784,6606,0,21504,0,10,2133,1503,992,836,-41,0,997,1397,998,442,-359,784,6765,0.27037698276454025,0.02589388347752435,0.8937515972399693,45.74955001167559,23.0
07/03/2026,48,25643,26507,23267,749,6606,0,21504,0,10,1906,1503,992,826,-1,0,997,1397,997,421,-253,749,6879,0.25362219322941704,0.023776393006231474,0.9010350115001278,44.58064122180137,23.5
08/03/2026,1,25425,26372,23022,733,6606,0,21504,0,10,1455,1503,991,1008,-58,0,978,1397,997,612,-279,733,7149,0.24613747167479227,0.02280839736221187,0.9182852031689241,43.78809540874569,0.0
08/03/2026,2,25857,26627,23518,716,6606,0,21504,0,9,1433,1503,991,1013,-4,0,977,1397,997,630,-157,716,7347,0.2609695804435899,0.021779901990441042,0.9309353437260414,44.59938142022078,0.5
08/03/2026,3,25579,26328,23270,687,6606,0,21504,0,8,1172,1503,991,1066,0,0,996,1397,998,809,-141,687,7619,0.2514248437821877,0.020025409885655515,0.9483133145923843,43.70270704332829,1.0
08/03/2026,4,24924,25647,22650,657,6606,0,21504,0,8,857,1503,991,1067,0,0,997,1397,998,821,-115,657,7659,0.22893634553320058,0.018210418053118762,0.9508688985433171,42.25808829960855,1.5
08/03/2026,5,24509,25256,22292,635,6606,0,21504,0,9,768,1503,991,1067,0,0,997,1397,997,808,-138,635,7622,0.2146879077113232,0.01687942404259181,0.9485049833887044,41.458725692080456,2.0
08/03/2026,6,24036,24751,21812,613,6606,0,21504,0,14,610,1503,991,1066,0,0,997,1397,998,797,-101,613,7648,0.19844812195289432,0.015548430032064856,0.9501661129568106,40.47528755630167,2.5
08/03/2026,7,23405,24690,21250,602,6606,0,21504,0,560,649,1504,991,1066,0,0,997,1397,998,444,-125,602,7272,0.17678362974661815,0.01488293302680138,0.9261436238180424,39.67469485860156,3.0
08/03/2026,8,23067,24470,20899,591,6606,0,21504,0,747,656,1503,991,1066,0,0,997,1397,998,416,-56,591,7312,0.1651788779784385,0.014217436021537903,0.9286992077689752,38.9740093005743,3.5
08/03/2026,9,23073,24526,20938,585,6606,0,21504,0,796,795,1504,991,987,0,0,906,1397,998,288,-57,585,7014,0.16538487948911626,0.013854437655030553,0.909660107334526,39.38424839136921,4.0
08/03/2026,10,22415,23829,20184,578,6606,0,21504,0,808,559,1504,991,975,0,0,903,1397,998,272,-6,578,7034,0.14279338048479023,0.013430939560771977,0.9109378993099924,38.09412751367781,4.5
08/03/2026,11,22089,23444,19908,576,6606,0,21504,0,697,1133,1504,991,379,0,0,954,1397,997,15,-58,576,6179,0.13160063173796607,0.013309940105269527,0.856312292358804,38.57804248280098,5.0
08/03/2026,12,22123,23458,19890,573,6606,0,21504,0,735,1460,1504,991,351,0,0,956,1397,997,15,1,573,6212,0.13276797363180665,0.01312844092201585,0.8584206491183235,38.60726980246634,5.5
08/03/2026,13,22963,24393,20718,588,6606,0,21504,0,783,1297,1504,991,828,0,0,995,1397,997,648,-47,588,7313,0.16160818512669092,0.014035936838284227,0.9287630973677485,38.77464146045784,6.0
08/03/2026,14,23111,24517,20884,603,6606,0,21504,0,747,1443,1504,991,851,0,0,997,1397,998,700,-59,603,7379,0.16668955572340863,0.014943432754552604,0.9329798108867876,38.94129617872877,6.5
08/03/2026,15,24404,25583,22168,629,6606,35,21504,0,530,1613,1503,991,1020,0,0,997,1397,997,970,-49,664,7826,0.21108288127446267,0.018633916147377336,0.9615384615384616,50.87572478649712,7.0
08/03/2026,16,24962,25983,22707,654,6606,221,21504,0,303,1613,1503,992,1026,0,0,997,1397,997,989,-118,875,7783,0.23024102176749295,0.031399358702885835,0.9587912087912088,51.46411635200689,7.5
08/03/2026,17,26514,27155,24150,635,6606,501,21504,0,26,1697,1504,992,1073,0,0,997,1397,997,989,-15,1136,7934,0.283526745862803,0.04718978764595559,0.96843853820598,53.907914910165374,8.0
08/03/2026,18,27289,27896,24848,616,6606,851,21504,0,7,1752,1502,991,1073,0,0,997,1397,997,989,13,1467,7959,0.31013527432534505,0.0672151975316111,0.9700357781753131,54.52884930612762,8.5
08/03/2026,19,28550,29156,26034,584,6606,1174,21504,0,6,1902,1503,991,1066,0,0,1016,1397,997,989,78,1758,8037,0.35342992515278443,0.08482061830721761,0.975019166879632,56.42125270274556,9.0
08/03/2026,20,29124,29730,26626,552,6606,1599,21504,0,6,1967,1503,991,1067,0,0,1017,1397,997,991,118,2151,8081,0.37313740300762205,0.1085970113134491,0.9778303092256581,56.309876726650636,9.5
08/03/2026,21,29373,29979,26958,544,6606,1895,21504,0,6,2198,1503,991,1066,0,0,1017,1397,997,992,188,2439,8151,0.3816864657007485,0.12602093290580194,0.9823025811397904,55.76267089761951,10.0
08/03/2026,22,29750,30359,27367,535,6606,2077,21504,0,9,2277,1502,992,1066,0,0,1017,1397,997,992,237,2612,8200,0.39463022728833347,0.13648738580676387,0.9854331714796831,45.98018768422749,10.5
08/03/2026,23,30136,30749,27748,555,6606,2274,21504,0,13,2155,1502,992,1066,0,0,1017,1397,997,992,269,2829,8232,0.40788299114193505,0.1496158267287797,0.9874776386404294,46.07940776384614,11.0
08/03/2026,24,30471,31083,28062,575,6606,2360,21504,0,12,2130,1502,992,1067,0,0,1017,1397,997,992,247,2935,8211,0.4193847421547758,0.15602879787040957,0.9861359570661896,46.53318781214956,11.5
08/03/2026,25,31017,31628,28541,598,6606,2354,21504,0,11,2337,1502,992,1066,0,0,1017,1397,997,992,165,2952,8128,0.4381308796264506,0.1570572932421804,0.9808331203680041,47.93699563820748,12.0
08/03/2026,26,31425,32035,28936,621,6606,2264,21504,0,10,2581,1503,992,1059,0,0,1017,1397,997,992,123,2885,8080,0.45213898235253724,0.15300381148284833,0.9777664196268847,49.309027584152616,12.5
08/03/2026,27,31557,32167,29113,670,6606,2176,21504,0,10,2555,1503,992,1066,0,0,1017,1397,998,992,106,2846,8071,0.45667101558744766,0.15064432210055054,0.9771914132379249,49.82282292331429,13.0
08/03/2026,28,31605,32215,29134,719,6606,2033,21504,0,10,2635,1502,992,1066,0,0,1017,1397,997,992,83,2752,8046,0.4583190276728696,0.14495734769193538,0.9755941732685919,50.36388975961329,13.5
08/03/2026,29,31664,32313,29232,716,6606,1839,21504,0,10,2711,1503,991,1067,-39,0,998,1397,998,992,81,2555,7988,0.4603447091945341,0.13303890132494403,0.9718885765397394,51.41259530914815,14.0
08/03/2026,30,31683,32300,29290,712,6606,1666,21504,0,10,2806,1502,991,1066,-7,0,997,1397,997,989,17,2378,7949,0.4609970473116803,0.1223304495129772,0.9693968821875799,52.26373463119921,14.5
08/03/2026,31,32137,32854,29714,724,6606,1276,21504,0,10,2614,1503,991,1064,-107,0,997,1397,998,989,46,2000,7878,0.476584494952963,0.09946155242301409,0.9648607206746742,55.31562163888144,15.0
08/03/2026,32,32949,33639,30420,736,6606,897,21504,0,10,2930,1503,991,1064,-80,0,997,1397,998,989,18,1633,7877,0.5044633660646844,0.07725815233831448,0.9647968310759009,59.515111129019544,15.5
08/03/2026,33,33907,34517,31266,716,6606,515,21504,0,10,2873,1503,991,1065,13,14,997,1397,997,989,118,1231,8084,0.5373549406028978,0.05293726178232198,0.978021978021978,74.42526946344157,16.0
08/03/2026,34,35114,35792,32243,695,6606,225,21504,0,10,2756,1502,991,1066,-68,0,997,1397,997,989,26,920,7897,0.5787955778342374,0.03412184645169097,0.9660746230513673,80.6068436782826,16.5
08/03/2026,35,36197,37158,33101,713,6606,52,21504,0,10,2735,1503,992,1046,-220,-62,950,1397,997,989,-69,765,7523,0.6159788505115704,0.024744388650251074,0.9421799131101457,86.02671543229901,17.0
08/03/2026,36,36681,38080,33598,731,6606,2,21504,0,10,2680,1503,992,1044,-372,-208,948,1397,998,989,-209,733,7082,0.6325963057062418,0.02280839736221187,0.9140046000511117,88.6499858961163,17.5
08/03/2026,37,37137,38721,33973,772,6606,0,21504,0,9,2682,1502,992,1065,-451,-358,995,1397,997,988,-166,772,6961,0.6482524205177504,0.02516788674450965,0.90627395859954,90.34364122002893,18.0
08/03/2026,38,36712,38462,33489,813,6606,0,21504,0,8,2534,1503,992,1065,-451,-499,997,1397,997,989,-192,813,6798,0.6336606468447435,0.02764837558230988,0.8958599539994889,88.63482790156988,18.5
08/03/2026,39,35781,37662,32577,826,6606,0,21504,0,10,2213,1502,992,1067,-452,-516,997,1397,997,989,-303,826,6670,0.6016960791045801,0.028434872043075807,0.887682085356504,85.17885998705762,19.0
08/03/2026,40,34799,36735,31709,839,6606,0,21504,0,10,2106,1502,992,1065,-451,-530,997,1397,997,989,-345,839,6613,0.5679804985236558,0.029221368503841733,0.8840403782264248,81.5774553320849,19.5
08/03/2026,41,33276,35261,30347,847,6606,0,21504,0,12,1980,1503,992,1065,-452,-529,997,1397,997,991,-392,847,6569,0.5156904483966216,0.029705366325851534,0.8812292358803987,76.28276222820134,20.0
08/03/2026,42,32173,34174,29329,855,6606,0,21504,0,11,1884,1502,992,1065,-451,-530,997,1397,997,992,-409,855,6552,0.47782050401702947,0.030189364147861334,0.8801431127012522,62.62669522505455,20.5
08/03/2026,43,31168,33076,28444,862,6606,0,21504,0,12,1787,1503,992,1054,-452,-455,997,1397,997,992,-389,862,6636,0.44331525097850716,0.030612862242119912,0.8855098389982111,59.323423092035675,21.0
08/03/2026,44,29730,31600,27117,868,6606,0,21504,0,11,1920,1503,992,1053,-451,-357,997,1397,997,992,-451,868,6672,0.3939435555860743,0.03097586060862726,0.8878098645540506,54.97700196993761,21.5
08/03/2026,45,28102,30015,25601,877,6606,0,21504,0,10,2158,1503,992,1017,-388,-478,997,1397,997,992,-437,877,6592,0.3380484790221795,0.03152035815838829,0.882698696652185,50.55992381590905,22.0
08/03/2026,46,26483,28233,24152,885,6606,0,21504,0,11,2333,1502,992,1015,-240,-424,997,1397,998,992,-475,885,6754,0.2824624047243013,0.03200435598039809,0.8930488116534628,46.24114332732706,22.5
08/03/2026,47,25377,26948,23043,868,6606,0,21504,0,114,2246,1503,992,1022,-126,-307,997,1397,997,992,-424,868,7043,0.24448945958937032,0.03097586060862726,0.9115129056989522,43.35532786831953,23.0
08/03/2026,48,24517,25926,22208,850,6606,0,21504,0,128,2042,1503,992,1023,-119,-155,997,1397,997,992,-407,850,7220,0.21496257639222688,0.029886865509105208,0.9228213646818298,41.300650922312904,23.5
09/03/2026,1,24856,26231,22571,833,6606,0,21504,0,127,2409,1503,992,1064,-119,-20,997,1397,997,992,-509,833,7294,0.22660166174551946,0.02885837013733438,0.9275491949910555,41.99347602844203,0.0
09/03/2026,2,25414,26745,23216,816,6606,0,21504,0,132,2703,1502,991,1066,-85,0,997,1397,997,992,-514,816,7343,0.24575980223854976,0.027829874765563554,0.9306797853309481,43.231507337258975,0.5
09/03/2026,3,24875,26619,22745,805,6606,0,21504,0,525,2639,1503,991,1065,-105,0,997,1397,998,992,-514,805,7324,0.22725399986266567,0.02716437776030008,0.929465882954255,42.08806241499658,1.0
09/03/2026,4,24288,25938,22177,794,6606,0,21504,0,417,2342,1502,991,1064,-119,0,997,1397,997,992,-514,794,7307,0.2071001854013596,0.0264988807550366,0.9283797597751086,40.87845567229835,1.5
09/03/2026,5,23994,25778,21941,791,6606,0,21504,0,552,2375,1503,991,1066,-118,0,997,1397,998,992,-514,791,7312,0.1970061113781501,0.026317381571782927,0.9286992077689752,40.26481740156767,2.0
09/03/2026,6,23692,25794,21673,788,6606,0,21504,0,869,2364,1503,991,1066,-119,0,997,1397,998,988,-514,788,7307,0.18663736867403694,0.026135882388529253,0.9283797597751086,39.65946670579484,2.5
09/03/2026,7,23501,25689,21517,786,6606,0,21504,0,955,2448,1503,991,1049,-119,0,997,1397,998,842,-514,786,7144,0.18007965391746206,0.0260148829330268,0.9179657551750575,39.48758178471572,3.0
09/03/2026,8,23436,25460,21520,784,6606,0,21504,0,791,2487,1502,991,1048,-119,0,997,1397,998,830,-514,784,7130,0.17784797088511983,0.02589388347752435,0.917071300792231,39.38107899602696,3.5
09/03/2026,9,23425,25152,21567,788,6606,0,21504,0,494,2385,1503,991,853,-119,0,902,1397,998,779,-514,788,6790,0.1774703014488773,0.026135882388529253,0.8953488372093024,39.78188522565315,4.0
09/03/2026,10,23305,24997,21334,791,6606,0,21504,0,448,1994,1503,991,761,-119,-30,885,1397,997,703,-495,791,6593,0.1733502712353224,0.026317381571782927,0.8827625862509584,39.78635791580887,4.5
09/03/2026,11,22948,25454,20962,777,6606,0,21504,0,233,2219,1505,991,-642,-91,0,180,1397,998,-552,-388,777,3398,0.16109318134999656,0.025470385383265775,0.6786353181702018,43.210521896247855,5.0
09/03/2026,12,23996,26789,21866,762,6606,0,21504,0,171,2395,1505,991,-775,-23,-68,125,1367,998,-686,-470,762,2964,0.19707477854837602,0.0245628894669974,0.6509072323025812,45.913580924339044,5.5
09/03/2026,13,26474,30492,24196,761,6606,0,21504,0,170,2251,1507,991,-867,-157,-219,-647,994,998,-922,-436,761,1242,0.2821534024582847,0.024502389739246174,0.5408893432149247,53.716320203164265,6.0
09/03/2026,14,28622,32898,26165,759,6606,0,21504,0,169,2089,1507,991,-777,-308,-371,-680,977,998,-862,-509,759,966,0.3559019432809174,0.024381390283743722,0.5232558139534884,59.633872367227724,6.5
09/03/2026,15,31888,34116,29147,781,6606,30,21504,0,169,1790,1491,991,-3,-436,-507,28,1350,997,465,-513,811,3863,0.46803543225983657,0.02752737612680743,0.7083439815997955,75.37155722567933,7.0
09/03/2026,16,33005,35268,30139,802,6606,191,21504,0,167,1991,1490,991,0,-452,-530,88,1397,998,608,-514,993,4076,0.5063860468310101,0.0385383265775304,0.7219524661385126,77.79313211392693,7.5
09/03/2026,17,34475,36737,31484,809,6606,416,21504,0,167,1742,1502,991,838,-451,-530,943,1397,998,962,-514,1225,6136,0.5568564169470576,0.05257426341581463,0.8535650396115513,78.88375740538334,8.0
09/03/2026,18,35126,37388,32136,815,6606,709,21504,0,168,1808,1503,991,1072,-451,-530,997,1397,998,986,-513,1524,6450,0.579207580855593,0.07066368201343094,0.8736263736263736,79.09287912426853,8.5
09/03/2026,19,35527,37790,32482,845,6606,1028,21504,0,168,1925,1503,991,1067,-451,-530,1016,1397,998,986,-514,1873,6463,0.5929753484858888,0.09177808699860851,0.8744569384104268,78.54845425660973,9.0
09/03/2026,20,35620,37878,32565,874,6606,1373,21504,0,162,2068,1370,991,1067,-451,-531,1017,1397,998,986,-514,2247,6330,0.5961683719013939,0.1144049851775667,0.8659596217735752,77.02115053251397,9.5
09/03/2026,21,35389,37650,32277,886,6606,1722,21504,0,165,2163,1502,991,1065,-451,-531,1017,1397,998,986,-514,2608,6460,0.5882373137403007,0.13624538689575896,0.8742652696141068,74.21462766641562,10.0
09/03/2026,22,35096,37345,32001,898,6606,2084,21504,0,159,2065,1502,991,1065,-451,-525,1017,1397,998,987,-514,2982,6467,0.5781775733022042,0.15887228507471715,0.8747124968055201,61.4156999278684,10.5
09/03/2026,23,34800,36984,31815,923,6606,2423,21504,0,162,1572,1502,991,1066,-451,-457,1017,1397,997,990,-514,3346,6538,0.5680148321087688,0.1808941859761631,0.8792486583184258,58.70053821842491,11.0
09/03/2026,24,34545,36587,31676,948,6606,2690,21504,0,162,1476,1502,991,1065,-451,-315,1017,1397,997,990,-514,3638,6679,0.5592597679049647,0.19856010647952085,0.8882570917454639,56.45470043204948,11.5
09/03/2026,25,34753,36857,31913,970,6606,2906,21504,0,223,1702,1503,992,1066,-451,-316,1017,1398,999,991,-514,3876,6685,0.5664011536084598,0.21295904168431243,0.8886404293381037,55.98974589593103,12.0
09/03/2026,26,34222,36382,31448,992,6606,3115,21504,0,321,1780,1501,991,1066,-451,-275,1016,1396,998,990,-513,4107,6719,0.5481700199134794,0.22693447879484543,0.8908126756963967,53.494049291432766,12.5
09/03/2026,27,33992,36114,31325,1030,6606,3362,21504,0,318,1988,1502,991,1066,-451,-260,1016,1397,998,987,-493,4392,6753,0.5402732953374991,0.24417690120394459,0.8929849220546895,51.68631081342145,13.0
09/03/2026,28,33490,35526,30803,1068,6606,3228,21504,0,316,1866,1502,991,1065,-451,-184,1016,1397,997,986,-485,4296,6834,0.5230378356107945,0.23836892733982698,0.8981599795553284,50.669429253301466,13.5
09/03/2026,29,33217,35229,30469,1103,6606,3105,21504,0,319,1473,1502,991,1065,-451,-215,997,1397,998,955,-427,4208,6812,0.5136647668749571,0.23304495129771916,0.8967544083823153,50.34500282209659,14.0
09/03/2026,30,32781,34917,30141,1138,6606,2941,21504,0,479,1145,1502,992,1060,-451,-161,996,1397,997,900,-445,4079,6787,0.49869532376570763,0.2252404864178111,0.8951571684129823,49.774107873972206,14.5
09/03/2026,31,32797,35102,30093,1154,6606,2746,21504,0,565,1271,1503,991,630,-427,-24,898,1397,998,-218,-471,3900,5277,0.4992446611275149,0.21441103515034182,0.7986838742652697,52.431589574523194,15.0
09/03/2026,32,33597,35769,30854,1170,6606,2175,21504,0,331,1382,1503,991,569,-451,-72,884,1397,998,-336,-382,3345,5101,0.5267115292178809,0.1808336862484119,0.7874393048811653,57.07255341907232,15.5
09/03/2026,33,33922,37533,31134,1181,6606,1517,21504,0,319,1622,1503,992,-827,-451,-163,241,1397,998,-916,-335,2698,2439,0.5378699443795921,0.14169036239336924,0.6173651929465883,74.33427871541754,16.0
09/03/2026,34,34958,38905,32152,1191,6606,874,21504,0,313,2311,1504,992,-1056,-451,-304,207,1397,998,-953,-270,2065,2064,0.5734395385566161,0.10339403472684373,0.5934065934065934,81.22419517256253,16.5
09/03/2026,35,36276,40185,33341,1195,6606,294,21504,0,228,2751,1504,992,-1074,-451,-372,-31,1397,997,-826,-327,1489,1809,0.618691203735494,0.06854619154213806,0.5771147457193969,89.30853955524135,17.0
09/03/2026,36,37541,41221,34453,1198,6606,27,21504,0,35,2848,1504,990,-1075,-451,-386,-40,1397,995,-805,-288,1225,1841,0.6621231889033853,0.05257426341581463,0.5791592128801432,95.61750894984122,17.5
09/03/2026,37,38050,41196,34993,1271,6606,111,21504,0,2,2844,1436,944,-1075,-451,-345,196,1397,941,-382,-291,1382,2370,0.6795989837258807,0.06207272067275697,0.6129568106312292,95.94296264984929,18.0
09/03/2026,38,37765,40859,34749,1344,6606,0,21504,0,4,2783,1433,941,-1074,-451,-334,205,1397,939,-318,-313,1344,2425,0.6698139119686878,0.059773731018210416,0.6164707385637618,94.99887111937144,18.5
09/03/2026,39,37789,40395,34787,1382,6606,0,21504,0,10,2529,1480,939,-1016,-451,-209,381,1397,994,584,-320,1382,3779,0.6706379180113987,0.06207272067275697,0.7029772553028367,93.12488595892572,19.0
09/03/2026,40,37039,39583,34125,1420,6606,0,21504,0,15,2606,1483,939,-1015,-446,-141,382,1393,997,639,-327,1420,3904,0.6448877291766806,0.06437171032730353,0.7109634551495017,89.86501964270191,19.5
09/03/2026,41,35505,37712,32770,1470,6606,0,21504,0,17,3112,1463,937,-764,-337,-17,-119,1341,971,-85,-268,1470,3122,0.5922200096134038,0.06739669671486478,0.6610017889087657,84.97323429062276,20.0
09/03/2026,42,33882,35803,31216,1519,6606,0,21504,0,16,2986,1462,937,-754,-187,0,-137,1339,968,-146,-81,1519,3401,0.5364966009750738,0.07036118337467481,0.6788269869665219,68.80942245092217,20.5
09/03/2026,43,32534,34539,30021,1551,6606,0,21504,0,14,2901,1421,946,-840,-42,0,361,1390,922,-509,7,1551,3656,0.4902149282428071,0.07229717466271401,0.6951188346537184,64.01662012220238,21.0
09/03/2026,44,30576,32553,28185,1583,6606,0,21504,0,16,3096,1418,945,-842,0,0,385,1397,920,-519,121,1583,3825,0.42298976859163634,0.07423316595075322,0.7059161768464094,57.87214230135132,21.5
09/03/2026,45,28865,30247,26648,1620,6606,0,21504,0,14,2988,1446,907,-768,0,0,631,1397,978,42,181,1620,4814,0.36424500446336605,0.07647165587754855,0.7691029900332226,51.862400710921406,22.0
09/03/2026,46,27083,28391,24940,1657,6606,0,21504,0,9,3131,1447,906,-699,60,0,639,1397,981,86,225,1657,5042,0.3030625557920758,0.07871014580434388,0.7836698185535395,47.10784171852013,22.5
09/03/2026,47,25846,26565,23830,1673,6606,0,21504,0,111,3197,1434,975,306,91,-8,245,1397,970,284,225,1673,5919,0.2605919110073474,0.07967814144836348,0.8397009966777409,43.20309978425064,23.0
09/03/2026,48,24654,25383,22728,1688,6606,0,21504,0,129,3369,1432,980,341,142,0,229,1397,970,300,225,1688,6016,0.21966627755270204,0.08058563736463185,0.8458982877587529,40.611721694501476,23.5
10/03/2026,1,25277,26006,23347,1685,6606,0,21504,0,129,3271,1300,991,348,180,0,501,1397,995,393,225,1685,6330,0.24105610107807457,0.08040413818137819,0.8659596217735752,41.45947065316383,0.0
10/03/2026,2,25986,26720,24088,1682,6606,0,21504,0,134,3384,1294,991,349,180,0,511,1397,998,395,225,1682,6340,0.2653986129231614,0.08022263899812451,0.8665985177613085,42.93470347090171,0.5
10/03/2026,3,25584,26516,23737,1610,6606,0,21504,0,332,3252,1434,991,328,180,0,418,1397,998,220,225,1610,6191,0.25159651170775255,0.0758666586000363,0.8570789675440839,42.49914023582291,1.0
10/03/2026,4,24824,25880,23075,1538,6606,0,21504,0,456,3178,1444,991,328,180,0,414,1391,997,203,225,1538,6173,0.22550298702190483,0.07151067820194809,0.855928954766164,41.17903791003652,1.5
10/03/2026,5,24257,25801,22589,1573,6606,0,21504,0,944,3137,1500,991,168,180,0,455,1320,997,50,225,1573,5886,0.20603584426285793,0.07362816867324097,0.8375926399182213,40.33264346525538,2.0
10/03/2026,6,24515,26180,22824,1608,6606,0,21504,0,1065,3342,1503,991,161,180,0,457,1282,997,34,225,1608,5830,0.21489390922200097,0.07574565914453385,0.8340148223869154,40.804824276782995,2.5
10/03/2026,7,23867,25802,22245,1706,6606,0,21504,0,1100,3467,1503,991,-158,180,0,260,908,997,-77,225,1706,4829,0.1926457460688045,0.0816746324641539,0.7700613340148224,40.59323947181049,3.0
10/03/2026,8,23223,25218,21661,1804,6606,0,21504,0,1108,3704,1504,991,-182,180,0,249,846,998,-105,220,1804,4701,0.17053491725605988,0.08760360578377398,0.7618834653718375,39.36827535464322,3.5
10/03/2026,9,22689,26246,21226,1861,6606,0,21504,0,1037,4104,1505,991,-863,180,0,-261,650,997,-796,225,1861,2628,0.15220078280574056,0.0910520902655938,0.6294403271147457,40.99201181792907,4.0
10/03/2026,10,22721,26322,21256,1918,6606,0,21504,0,957,3945,1505,990,-902,180,0,-296,625,996,-846,154,1918,2406,0.15329945752935523,0.09450057474741363,0.6152568361870687,41.19926285199469,4.5
10/03/2026,11,23049,27190,21547,2000,6606,0,21504,0,409,4217,1469,955,-1073,180,0,-985,613,943,-1074,152,2000,1180,0.16456087344640527,0.09946155242301409,0.5369281880909788,43.1142998992086,5.0
10/03/2026,12,23939,27749,22408,2081,6606,0,21504,0,19,4641,1464,952,-1080,176,0,-1022,634,934,-1089,30,2081,999,0.19511776419693744,0.10436203037086333,0.5253641707130079,44.660762435829994,5.5
10/03/2026,13,26034,29831,24387,2162,6606,0,21504,0,9,4683,1296,939,-1077,78,57,-1022,913,763,-1089,0,2162,858,0.2670466250085834,0.10926250831871256,0.5163557372859698,48.57062465383873,6.0
10/03/2026,14,27488,31376,25700,2242,6606,56,21504,0,4,4819,1284,933,-1070,-68,12,-1000,976,752,-1080,-66,2298,673,0.3169676577628236,0.11749047129287918,0.5045361615129057,51.45073781678636,6.5
10/03/2026,15,29805,32193,27813,2297,6606,579,21504,0,4,4579,1277,773,-411,-220,-62,-143,1350,759,-735,-213,2876,2375,0.39651857446954614,0.15245931393308731,0.6132762586250958,62.595333747503496,7.0
10/03/2026,16,30669,33248,28594,2351,6606,1593,21504,0,4,4573,1274,767,-354,-372,-214,-60,1397,767,-617,-358,3944,2230,0.4261827920071414,0.21707302317139573,0.6040122668029645,61.07848937443683,7.5
10/03/2026,17,31688,33520,29452,2436,6606,2224,21504,0,7,3919,976,978,809,-451,-285,885,1397,984,744,-489,4660,5548,0.46116871523724506,0.2603908282412729,0.8159979555328393,56.733770245988865,8.0
10/03/2026,18,31251,33230,29052,2521,6606,3083,21504,0,7,4145,1004,991,1028,-451,-407,950,1397,998,899,-514,5604,5895,0.44616493854288264,0.31750257123842945,0.8381676463071812,52.55140776404196,8.5
10/03/2026,19,30845,32937,28595,2716,6606,4316,21504,0,7,4218,1004,991,1042,-451,-521,995,1397,998,983,-513,7032,5925,0.4322255029870219,0.4038961824671789,0.8400843342703808,48.41860098412486,9.0
10/03/2026,20,29616,31774,27354,2910,6606,5278,21504,0,64,3876,1005,991,1043,-452,-529,996,1397,998,989,-513,8188,5925,0.39002952688319714,0.4738338677475951,0.8400843342703808,44.584478357492415,9.5
10/03/2026,21,28329,30518,26150,3006,6606,5813,21504,0,116,3530,1005,991,1022,-451,-509,638,1397,999,989,-513,8819,5568,0.34584220284282086,0.5120091959586182,0.8172757475083057,42.12789728478818,10.0
10/03/2026,22,27019,28964,24980,3101,6606,6962,21504,0,9,4322,1005,991,1021,-422,-401,623,1397,997,985,-513,10063,5683,0.30086520634484654,0.5872708572811423,0.8246230513672375,27.924021508014842,10.5
10/03/2026,23,26967,29005,24946,3204,6606,7556,21504,0,12,5002,998,991,662,-451,-462,669,1397,998,839,-513,10760,5128,0.29907985991897273,0.6294391675237462,0.7891643240480449,27.29673289008562,11.0
10/03/2026,24,27148,29070,25134,3306,6606,7736,21504,0,8,5073,1005,991,644,-449,-351,666,1397,998,819,-514,11042,5206,0.30529423882441803,0.6465000907495916,0.794147712752364,26.933812575441692,11.5
10/03/2026,25,26918,28696,24888,3459,6606,7006,21504,0,110,5222,1005,991,194,-354,-200,146,1397,998,488,-514,10465,4151,0.2973975142484378,0.6115917478371348,0.7267441860465116,29.013264413893232,12.0
10/03/2026,26,27070,28663,25064,3612,6606,6584,21504,0,129,5070,1283,991,172,-300,-50,122,1396,997,454,-514,10196,4551,0.3026162191856074,0.5953173210720552,0.7523000255558395,29.199128624145853,12.5
10/03/2026,27,27501,28935,25556,3712,6606,6151,21504,0,125,5253,1504,991,2,-159,0,-46,1391,997,66,-504,9863,4242,0.317413994369292,0.5751709117308972,0.7325581395348837,30.790269632147087,13.0
10/03/2026,28,27591,28842,25678,3812,6606,5635,21504,0,125,5187,1505,991,0,-92,0,-52,1379,998,22,-382,9447,4369,0.32050401702945824,0.5500030249863875,0.7406721185790953,31.506627560004794,13.5
10/03/2026,29,27998,29737,26177,3949,6606,4861,21504,0,69,5382,1505,991,-98,-19,0,-101,1229,997,-622,-230,8810,3652,0.3344777861704319,0.5114646984088571,0.6948632762586251,34.137904969379065,14.0
10/03/2026,30,28553,30274,26745,4086,6606,4229,21504,0,68,5417,1504,991,-124,-70,0,-103,1180,998,-677,-79,8315,3620,0.35353292590812335,0.48151733317200074,0.6928188090978789,35.83942085920733,14.5
10/03/2026,31,28706,31921,26864,4196,6606,3122,21504,0,142,5297,1505,991,-1016,37,37,-390,807,998,-1067,38,7318,1940,0.35878596443040583,0.42119910460402926,0.5854842831587017,40.00577977592132,15.0
10/03/2026,32,29809,33140,27963,4305,6606,2382,21504,0,156,5468,1505,991,-1078,0,0,-402,743,997,-1095,134,6687,1795,0.39665590880999796,0.3830237763930062,0.5762202913365704,42.862267335932394,15.5
10/03/2026,33,31094,34726,29119,4442,6606,1518,21504,0,161,5405,1505,991,-1077,0,0,-702,525,998,-1092,200,5960,1348,0.44077456568014833,0.33904047431786555,0.5476616406848965,57.127525104690605,16.0
10/03/2026,34,32291,35931,30288,4578,6606,824,21504,0,156,5400,1498,991,-1078,0,0,-714,527,997,-1092,172,5402,1301,0.48187186706035845,0.30528162623268196,0.5446588295425505,61.09429609391747,16.5
10/03/2026,35,33690,37327,31655,4670,6606,288,21504,0,154,5399,1166,967,-1077,0,0,-714,901,969,-1092,188,4958,1308,0.529904552633386,0.278419747111138,0.5451060567339637,65.73614500183581,17.0
10/03/2026,36,34781,38420,32770,4762,6606,17,21504,0,155,5712,1128,955,-1078,0,0,-714,977,956,-1092,159,4779,1291,0.5673624939916226,0.2675902958436687,0.5440199335548173,69.17819446020587,17.5
10/03/2026,37,35553,39191,33501,4883,6606,0,21504,0,154,5541,445,593,-1039,0,0,-753,1350,576,-1092,200,4883,280,0.5938680216988258,0.2738822675297961,0.47942754919499103,72.0931548304267,18.0
10/03/2026,38,35524,39146,33397,5004,6606,0,21504,0,155,5432,410,578,-1035,34,0,-740,1381,564,-1092,200,5004,300,0.59287234773055,0.28120273458769435,0.48070534117045743,71.49298191357906,18.5
10/03/2026,39,35130,37601,33091,5116,6606,0,21504,0,164,5305,1199,932,-618,15,0,21,1182,971,-1089,199,5116,2812,0.5793449151960448,0.2879787040958316,0.6411960132890365,66.80417135743977,19.0
10/03/2026,40,33968,36414,32067,5227,6606,0,21504,0,163,5574,1254,957,-599,112,9,65,1128,997,-1084,114,5227,2953,0.5394492892947882,0.29469417387621755,0.6502044467160746,63.32736141259697,19.5
10/03/2026,41,32573,34992,30842,5323,6606,0,21504,0,165,5565,1490,990,-535,23,0,-168,755,997,-951,153,5323,2754,0.4915539380622125,0.3005021477403352,0.637490416560184,60.08733195418644,20.0
10/03/2026,42,31265,33687,29623,5418,6606,0,21504,0,165,5560,1499,989,-537,0,0,-178,679,994,-942,184,5418,2688,0.4466456087344641,0.30624962187670157,0.6332737030411449,47.19552361980051,20.5
10/03/2026,43,29281,32528,27821,5474,6606,0,21504,0,174,5805,1220,892,-1042,-10,0,-456,306,905,-965,101,5474,951,0.3785277758703564,0.30963760663077017,0.5222974699718885,45.69078476152491,21.0
10/03/2026,44,27836,31078,26439,5530,6606,0,21504,0,171,5835,1189,878,-1035,68,0,-467,230,889,-969,219,5530,1002,0.3289157453821328,0.31302559138483876,0.5255558395093278,43.26989510319706,21.5
10/03/2026,45,26077,29776,24790,5531,6606,0,21504,0,153,5887,640,606,-1023,212,60,-741,-146,563,-1036,300,5531,-565,0.2685229691684406,0.31308609111259,0.4254408382315359,42.839519268729205,22.0
10/03/2026,46,24508,28163,23292,5532,6606,0,21504,0,16,5656,598,580,-1023,161,5,-752,-222,536,-1042,300,5532,-859,0.21465357412621025,0.31314659084034124,0.40665729619217994,41.05859931599457,22.5
10/03/2026,47,22844,27669,21675,5521,6606,0,21504,0,774,5613,402,336,-1014,49,-51,-697,-603,336,-1086,300,5521,-2028,0.15752248849824899,0.3124810938350777,0.3319703552261692,40.28705962035424,23.0
10/03/2026,48,22111,27142,21011,5509,6606,0,21504,0,943,5741,405,323,-1014,0,-9,-695,-681,326,-1089,300,5509,-2134,0.13235597061045115,0.31175509710206306,0.3251980577561973,39.43762475623221,23.5
11/03/2026,1,22498,27755,21274,5447,6606,0,21504,0,788,5818,1064,441,-1014,32,0,-697,-1069,445,-1089,300,5447,-1587,0.14564306804916569,0.3080041139814871,0.36014566828520317,39.38268593681795,0.0
11/03/2026,2,23328,28390,22174,5384,6606,0,21504,0,521,6301,1109,450,-1014,147,0,-698,-1140,459,-1089,300,5384,-1476,0.1741399436929204,0.3041926311331599,0.3672374137490417,40.49507053874119,0.5
11/03/2026,3,22886,28540,21742,5335,6606,0,21504,0,851,5857,1112,495,-1014,63,0,-683,-1417,694,-1089,300,5335,-1539,0.1589644990729932,0.3012281444733499,0.36321236902632253,40.05748824819278,1.0
11/03/2026,4,22190,28047,21217,5285,6606,0,21504,0,1020,5811,1115,500,-1014,69,0,-682,-1452,708,-1089,300,5285,-1545,0.13506832383437478,0.2982031580857886,0.3628290314336826,39.200057582127684,1.5
11/03/2026,5,22055,28232,21160,5240,6606,0,21504,0,1266,5945,1282,587,-1014,4,0,-755,-1453,658,-1089,300,5240,-1480,0.13043328984412553,0.2954806703369835,0.3669818553539484,39.01327437657655,2.0
11/03/2026,6,21747,27913,20936,5195,6606,0,21504,0,1252,5984,1294,593,-1013,0,0,-758,-1453,651,-1090,300,5195,-1476,0.11985854562933461,0.2927581825881784,0.3672374137490417,38.6668480725472,2.5
11/03/2026,7,21173,26989,20363,5054,6606,0,21504,0,1015,5992,1321,581,-1014,0,0,-642,-1453,515,-1092,300,5054,-1484,0.10015106777449702,0.2842277209752556,0.3667262969588551,38.14468514254511,3.0
11/03/2026,8,20833,26668,20071,4912,6606,0,21504,0,1038,5784,1315,577,-1014,0,0,-638,-1453,504,-1092,300,4912,-1501,0.08847764883609147,0.2756367596345816,0.36564017377970864,37.95719968881204,3.5
11/03/2026,9,20648,26568,19903,4845,6606,0,21504,0,1008,5848,959,469,-1013,0,0,-754,-1453,422,-1092,240,4845,-2222,0.08212593559019433,0.27158327787524955,0.31957577306414514,38.74602362606739,4.0
11/03/2026,10,20524,26410,19802,4777,6606,0,21504,0,970,6018,943,465,-1014,1,0,-758,-1453,418,-1091,270,4777,-2219,0.07786857103618759,0.26746929638816624,0.31976744186046513,38.695315112593214,4.5
11/03/2026,11,21097,26869,20358,4755,6606,0,21504,0,855,5975,1311,598,-1014,88,0,-805,-1453,432,-1045,234,4755,-1654,0.09754171530591224,0.2661383023776393,0.35586506516739075,38.8002182375595,5.0
11/03/2026,12,21664,27301,20891,4732,6606,0,21504,0,730,5938,1340,617,-1014,132,0,-805,-1453,446,-1035,88,4732,-1684,0.11700885806495914,0.2647468086393611,0.35394837720419114,39.658982519333705,5.5
11/03/2026,13,23825,28361,22836,4675,6606,0,21504,0,202,5710,1432,968,-1006,14,0,-443,-1453,914,-810,-22,4675,-406,0.19120373549406028,0.2612983241575413,0.43559928443649376,41.097214006306295,6.0
11/03/2026,14,25677,30056,24604,4617,6606,55,21504,0,10,6056,1440,992,-1000,-49,0,-402,-1439,946,-722,-157,4672,-391,0.2547895351232576,0.2611168249742876,0.43655762841809354,43.6269240873398,6.5
11/03/2026,15,27988,30649,26520,4533,6606,586,21504,0,15,5207,1498,991,-283,-199,0,518,-1262,993,521,-302,5119,2475,0.33413445031930233,0.28816020327908526,0.6196652185024278,52.454085427805886,7.0
11/03/2026,16,28558,31395,27032,4449,6606,1934,21504,0,13,5812,1502,991,-222,-320,0,578,-1239,996,649,-443,6383,2492,0.35370459383368813,0.3646318591566338,0.6207513416815742,50.79420114501703,7.5
11/03/2026,17,28690,31300,26942,4563,6606,3358,21504,0,13,5577,1502,991,294,-244,0,707,-1240,996,916,-513,7921,3409,0.3582366270685985,0.45768044043801803,0.6793381037567084,47.01228979446923,8.0
11/03/2026,18,27830,30492,26037,4676,6606,4733,21504,0,13,5617,1502,991,342,-296,0,716,-1240,996,942,-513,9409,3440,0.3287097438714551,0.547704035331841,0.6813186813186813,43.09089506852934,8.5
11/03/2026,19,26908,29888,25122,4776,6606,6090,21504,0,109,5639,1502,992,-316,-193,-9,572,-1239,996,967,-514,10866,2758,0.29705417839730824,0.635852138665376,0.6377459749552773,40.0516834768255,9.0
11/03/2026,20,26338,29843,24635,4876,6606,7164,21504,0,504,5639,1502,991,-373,-186,-105,562,-1239,996,970,-498,12040,2620,0.27748403488292245,0.7068788190453142,0.6289292103245592,37.31441261746629,9.5
11/03/2026,21,25296,29366,23585,4922,6606,7979,21504,0,1219,5471,1503,991,-569,-52,-22,363,-1239,997,970,-369,12901,2573,0.24170843919522075,0.7589690846391192,0.6259263991822132,34.380737044990994,10.0
11/03/2026,22,24848,28835,23164,4967,6606,8472,21504,0,1264,5700,1503,991,-584,0,0,349,-1239,997,970,-300,13439,2687,0.22632699306461582,0.7915179381692783,0.6332098134423716,22.64334530865885,10.5
11/03/2026,23,24494,28442,22696,4924,6606,8949,21504,0,1270,5609,1503,982,-538,0,0,373,-1239,997,940,-301,13873,2717,0.21417290393462884,0.8177748200133099,0.6351265014055711,21.33114152887443,11.0
11/03/2026,24,24396,28327,22563,4881,6606,9553,21504,0,1259,5412,1503,982,-534,0,0,375,-1239,997,934,-299,14434,2719,0.21080821259355903,0.8517151672817472,0.6352542806031178,20.17578787322759,11.5
11/03/2026,25,24105,28004,22393,4814,6606,10319,21504,0,1273,5552,1503,991,-442,-1,0,702,-1239,996,966,-344,15133,3132,0.2008171393256884,0.8940044769798536,0.6616406848964989,17.97973756570195,12.0
11/03/2026,26,23487,27323,21866,4746,6606,9627,21504,0,1260,5563,1503,991,-436,-66,57,726,-1239,997,958,-235,14373,3256,0.17959898372588065,0.8480246838889225,0.6695629951443904,18.351958929479743,12.5
11/03/2026,27,23328,26852,21783,4754,6606,9456,21504,0,1149,5716,1483,991,-447,-7,187,337,-1239,996,132,-82,14210,2351,0.1741399436929204,0.8381632282654728,0.6117429082545361,19.585842734661902,13.0
11/03/2026,28,23199,26618,21620,4762,6606,8576,21504,0,1135,5722,1481,991,-450,-11,203,308,-1223,997,41,16,13338,2353,0.1697109112133489,0.7854074656664045,0.6118706874520828,20.988798729500168,13.5
11/03/2026,29,23109,27573,21491,4747,6606,8387,21504,0,1080,5754,1501,991,-1010,0,203,560,-961,996,-813,127,13134,1594,0.16662088855318272,0.7730655212051546,0.5633784819831331,22.20530026631001,14.0
11/03/2026,30,23402,27920,21801,4731,6606,7424,21504,0,1070,5701,1503,991,-1055,0,203,578,-899,996,-894,47,12155,1470,0.17668062899127926,0.7138362877367052,0.5554561717352415,24.543013092845182,14.5
11/03/2026,31,24229,28228,22578,4566,6606,6342,21504,0,738,5561,1502,991,-1054,0,198,876,-515,997,-1074,-18,10908,1903,0.2050745038796951,0.6383931272309274,0.583120368004089,27.388778978178202,15.0
11/03/2026,32,25709,29049,23982,4401,6606,5331,21504,0,12,5543,1502,991,-1054,-11,89,878,-435,997,-1081,-147,9732,1729,0.2558882098468722,0.5672454473954868,0.5720035778175313,31.77809341565966,15.5
11/03/2026,33,27987,30144,26074,4205,6606,3895,21504,0,6,5753,1504,991,-595,-107,1,-109,-61,997,-409,-270,8100,1942,0.3341001167341894,0.46850989170548735,0.5856120623562484,47.59646667107799,16.0
11/03/2026,34,30070,32255,28033,4008,6606,2242,21504,0,6,5906,1504,991,-559,-178,0,-204,19,996,-342,-296,6250,1931,0.40561697452447987,0.35658539536572087,0.5849092767697419,53.97317732990083,16.5
11/03/2026,35,32948,34543,30694,3841,6606,829,21504,0,3,5644,1503,992,-178,-319,0,261,391,996,-93,-402,4670,3151,0.5044290324795715,0.26099582551878514,0.6628545872731919,62.645778363228246,17.0
11/03/2026,36,34411,35876,32225,3674,6606,109,21504,0,0,5743,1500,988,-149,-255,0,296,469,994,-47,-414,3783,3382,0.5546590674998283,0.2073325670034485,0.6776130845898288,69.65226587491682,17.5
11/03/2026,37,35207,36375,33030,3628,6606,0,21504,0,0,5735,1182,748,-7,-147,0,297,840,855,908,-414,3628,4262,0.5819886012497425,0.1979551092020086,0.7338359315103501,71.51307552458505,18.0
11/03/2026,38,35470,36623,33259,3581,6606,0,21504,0,0,5611,1152,725,0,-139,0,297,918,842,1006,-414,3581,4387,0.5910183341344504,0.19511162199770102,0.741822131357015,72.35546956120254,18.5
11/03/2026,39,35347,36586,33119,3684,6606,0,21504,0,0,5541,1416,687,182,-226,0,406,1290,880,1026,-413,3684,5248,0.5867953031655565,0.2013430939560772,0.7968310759008433,70.40930212499117,19.0
11/03/2026,40,34852,36091,32765,3787,6606,0,21504,0,2,5429,1439,682,203,-266,0,414,1321,884,1028,-371,3787,5334,0.5698001785346426,0.2075745659144534,0.8023255813953488,68.39070220232941,19.5
11/03/2026,41,33737,34910,31748,3956,6606,0,21504,0,77,5556,1481,651,126,-272,0,238,950,953,1071,-224,3956,4974,0.531518231133695,0.21779901990441042,0.7793253258369538,65.04543674113589,20.0
11/03/2026,42,32745,33594,30821,4125,6606,0,21504,0,2,5937,1483,643,120,-174,0,225,872,946,1068,-73,4125,5110,0.4974593147016411,0.22802347389436747,0.7880143112701252,51.653122484523465,20.5
11/03/2026,43,30586,31436,28840,4255,6606,0,21504,0,3,6046,1324,315,-181,-32,-34,44,501,208,546,0,4255,2691,0.4233331044427659,0.23588843850202673,0.6334653718374649,49.29549375327865,21.0
11/03/2026,44,28692,29582,27124,4385,6606,0,21504,0,81,5875,1305,282,-209,64,0,31,422,141,488,63,4385,2587,0.3583052942388244,0.24375340310968602,0.6268208535650396,45.27052075063732,21.5
11/03/2026,45,26739,28388,25455,4443,6606,0,21504,0,8,6002,704,87,-573,208,8,-391,51,88,-77,203,4443,308,0.2912518025132184,0.24726238731925707,0.481216457960644,44.72397544068455,22.0
11/03/2026,46,25285,27088,24117,4500,6606,0,21504,0,9,5877,646,71,-600,250,0,-422,-28,83,-144,230,4500,86,0.24133076975897824,0.2507108718010769,0.46703296703296704,42.79124529566748,22.5
11/03/2026,47,23699,27700,22644,4574,6606,0,21504,0,111,6079,436,180,-1034,243,0,-838,-403,85,-1015,230,4574,-2116,0.18687770376982765,0.25518785165466756,0.326348070534117,43.29251119047074,23.0
11/03/2026,48,22959,27464,21895,4648,6606,0,21504,0,389,5904,417,193,-1069,231,44,-869,-482,89,-1096,230,4648,-2312,0.1614708507862391,0.2596648315082582,0.3138257091745464,42.392374902710884,23.5
12/03/2026,1,23173,27968,22168,4715,6606,0,21504,0,412,6151,349,348,-1021,250,177,-861,-865,285,-1036,230,4715,-2144,0.168818238000412,0.2637183132675903,0.3245591617684641,42.349996886619486,0.0
12/03/2026,2,23732,28328,22747,4781,6606,0,21504,0,141,6426,343,370,-1017,250,203,-860,-947,304,-1031,230,4781,-2155,0.18801071207855524,0.26771129529917115,0.32385637618195756,43.011962100527924,0.5
12/03/2026,3,23496,28307,22510,4863,6606,0,21504,0,159,6467,570,817,-1022,250,203,-608,-1338,414,-1084,230,4863,-1568,0.17990798599189728,0.2726722729747716,0.3613595706618962,41.78895983719482,1.0
12/03/2026,4,22717,27848,21757,4945,6606,0,21504,0,430,6350,590,855,-1022,250,197,-590,-1399,424,-1090,230,4945,-1555,0.15316212318890338,0.2776332506503721,0.3621901354459494,40.55368469912598,1.5
12/03/2026,5,21856,27601,20979,5036,6606,0,21504,0,730,6530,636,648,-1075,250,193,-805,-1445,433,-1090,230,5036,-2025,0.12360090640664698,0.2831387258757336,0.3321620240224891,39.80663399954409,2.0
12/03/2026,6,21401,27290,20574,5127,6606,0,21504,0,846,6616,639,626,-1080,250,194,-821,-1453,431,-1089,230,5127,-2073,0.10797912518025132,0.28864420110109507,0.3290953232813698,39.07793250854981,2.5
12/03/2026,7,20972,26526,20098,5219,6606,0,21504,0,703,6401,486,433,-1019,250,193,-734,-1453,250,-1045,230,5219,-2409,0.09325001716679256,0.29421017605420774,0.30762841809353436,38.75112704317478,3.0
12/03/2026,8,20836,26360,19904,5311,6606,0,21504,0,699,6438,465,412,-1014,250,195,-727,-1453,234,-1031,230,5311,-2439,0.08858064959143033,0.29977615100732047,0.30571173013033476,38.435706850830904,3.5
12/03/2026,9,20620,26169,19730,5360,6606,0,21504,0,660,6674,-312,195,-1074,250,202,-883,-1453,262,-567,230,5360,-3150,0.08116459520703152,0.3027406376671305,0.26028622540250446,38.95864017021726,4.0
12/03/2026,10,20589,25998,19678,5408,6606,0,21504,0,457,6604,-403,161,-1079,250,203,-895,-1453,260,-522,230,5408,-3248,0.08010025406852983,0.3056446245991893,0.25402504472271914,38.95417053031113,4.5
12/03/2026,11,20602,26404,19731,5422,6606,0,21504,0,51,6715,-546,-726,-1032,250,203,-885,-1453,-76,-433,231,5422,-4467,0.08054659067499828,0.3064916207877065,0.1761436238180424,40.5042425270079,5.0
12/03/2026,12,21187,27016,20266,5436,6606,0,21504,0,13,6425,-554,-805,-1028,250,191,-883,-1428,-101,-417,230,5436,-4545,0.10063173796607842,0.3073386169762236,0.1711602351137235,41.381906307081955,5.5
12/03/2026,13,23667,27797,22542,5482,6606,0,21504,0,12,6092,69,-499,-980,250,70,-1003,-1036,79,55,230,5482,-2765,0.18577902904621302,0.31012160445278,0.28488372093023256,42.42983860966047,6.0
12/03/2026,14,25523,29512,24248,5527,6606,96,21504,0,6,6156,150,-456,-963,249,75,-1010,-954,101,119,231,5623,-2458,0.24950216301586212,0.3186520660657027,0.3044978277536417,44.330567983590576,6.5
12/03/2026,15,28433,30166,26860,5596,6606,514,21504,0,6,5619,773,460,-162,158,56,-396,-569,442,1016,168,6110,1946,0.3494128956945684,0.34811543348054935,0.5858676207513417,51.815801412831235,7.0
12/03/2026,16,28884,30402,27232,5664,6606,1038,21504,0,7,5437,837,553,-104,23,0,-318,-489,479,1114,29,6702,2124,0.36489734258051226,0.3839312723092746,0.5972399693329926,51.133156147282406,7.5
12/03/2026,17,30336,31255,28434,5723,6606,1696,21504,0,11,4824,1445,954,352,-64,-50,810,-132,955,1231,-62,7419,5439,0.41474970816452655,0.42730957710690304,0.8090339892665475,47.59002122804303,8.0
12/03/2026,18,30388,31474,28431,5781,6606,2176,21504,0,6,4445,1503,991,420,-184,-12,928,-76,997,1241,-208,7957,5600,0.41653505459040036,0.4598584306370621,0.8193202146690519,46.47924497112312,8.5
12/03/2026,19,30408,31618,28217,5809,6606,2661,21504,0,60,3652,1503,991,1023,-182,0,1010,-15,996,1013,-353,8470,5986,0.41722172629265947,0.49089479097344063,0.8439815997955533,45.0823933265921,9.0
12/03/2026,20,31045,32446,28802,5836,6606,2477,21504,0,124,3927,1503,991,1067,-193,0,1016,4,997,991,-484,8313,5892,0.4390922200096134,0.48139633371649826,0.8379759775108613,46.362279238672365,9.5
12/03/2026,21,30826,32461,28561,5849,6606,2902,21504,0,377,4105,1503,991,1066,-186,0,1016,157,996,991,-472,8751,6062,0.43157316486987574,0.5078952144715349,0.8488372093023255,45.049325974602475,10.0
12/03/2026,22,30552,32236,28392,5862,6606,2567,21504,0,239,4235,1503,991,1067,-335,0,1016,183,996,991,-510,8429,5902,0.42216576254892535,0.4884143021356404,0.8386148734985944,35.461903967915916,10.5
12/03/2026,23,30798,32279,28582,5825,6606,2708,21504,0,27,4093,1503,991,1069,-399,0,880,238,996,991,-455,8533,5814,0.4306118244867129,0.4947062738217678,0.8329925888065423,35.723432988684635,11.0
12/03/2026,24,31352,32856,29095,5787,6606,2891,21504,0,7,4294,1503,991,1069,-419,0,870,269,997,991,-478,8678,5793,0.4496326306392914,0.5034787343456955,0.8316509072323026,36.247925050554734,11.5
12/03/2026,25,31710,33234,29372,5692,6606,2986,21504,0,4,4331,1503,991,1064,-451,-27,871,640,997,991,-442,8678,6137,0.46192405410973014,0.5034787343456955,0.8536289292103245,36.30002154981185,12.0
12/03/2026,26,31769,33253,29477,5597,6606,2699,21504,0,10,4589,1503,991,1065,-451,-2,871,680,997,991,-421,8296,6224,0.46394973563139463,0.48036783834472746,0.8591873243036033,36.96320778884189,12.5
12/03/2026,27,31706,33190,29494,5657,6606,2406,21504,0,12,4890,1503,991,1062,-436,0,870,445,997,991,-436,8063,5987,0.4617867197692783,0.466271401778692,0.8440454893943266,37.602416949523835,13.0
12/03/2026,28,31778,33110,29625,5716,6606,2163,21504,0,8,5018,1504,991,1063,-346,0,870,428,996,991,-378,7879,6119,0.46425873789741123,0.45513945187246657,0.8524789164324048,37.87157731373065,13.5
12/03/2026,29,32013,33284,29809,5704,6606,1685,21504,0,11,5176,1502,991,1062,-304,0,851,712,996,991,-356,7389,6445,0.47232713039895624,0.4254945852743663,0.873306925632507,38.79370638204793,14.0
12/03/2026,30,32013,33221,29784,5691,6606,1201,21504,0,12,5175,1502,991,1062,-245,0,850,740,996,997,-351,6892,6542,0.47232713039895624,0.3954262205820074,0.8795042167135191,39.795039260068116,14.5
12/03/2026,31,32224,33436,30031,5692,6606,954,21504,0,12,5233,1501,991,1068,-224,0,850,529,997,1388,-376,6646,6724,0.4795715168577903,0.380543287555206,0.8911321236902632,40.53231498577848,15.0
12/03/2026,32,32802,33984,30528,5693,6606,678,21504,0,10,5027,1501,992,1068,-150,0,850,521,997,1425,-422,6371,6782,0.4994163290530797,0.3639058624236191,0.8948377204191158,42.26450807500035,15.5
12/03/2026,33,33424,34571,31008,5625,6606,407,21504,0,14,5229,1501,991,1068,-141,0,851,892,996,1424,-392,6032,7190,0.5207718189933392,0.34339645471595376,0.9209046767186302,53.99860677503446,16.0
12/03/2026,34,34044,35448,31617,5556,6606,231,21504,0,12,5062,1501,992,1068,-291,0,851,970,997,1424,-501,5787,7011,0.5420586417633729,0.3285740214169036,0.909468438538206,56.37029724473226,16.5
12/03/2026,35,35386,36940,32841,5479,6606,81,21504,0,2,4565,1501,992,1066,-427,-12,987,1342,997,1424,-513,5560,7357,0.5881343129849619,0.3148405832173755,0.9315742397137746,59.93003799241843,17.0
12/03/2026,36,36290,37845,33687,5402,6606,7,21504,0,0,4544,1501,991,1066,-442,0,996,1384,996,1424,-513,5409,7403,0.6191718739270755,0.3057051243269405,0.9345131612573473,62.801142188420286,17.5
12/03/2026,37,36609,38171,33942,5368,6606,0,21504,0,0,4623,1501,992,1066,-448,0,997,1191,996,1424,-514,5368,7205,0.6301242875781089,0.3032246354891403,0.92186302070023,64.08277497659887,18.0
12/03/2026,38,36995,38552,34238,5333,6606,0,21504,0,5,4665,1501,992,1065,-439,0,997,1139,996,1424,-513,5333,7162,0.6433770514317105,0.3011071450178474,0.9191157679529772,65.34847367786674,18.5
12/03/2026,39,35971,37563,33369,5217,6606,0,21504,0,10,4677,1501,992,1066,-451,-18,997,769,996,1424,-513,5217,6763,0.608219460276042,0.2940891765987053,0.8936238180424227,63.554296859624316,19.0
12/03/2026,40,34554,36268,32020,5100,6606,0,21504,0,10,4674,1501,992,1066,-451,-141,997,691,996,1424,-512,5100,6563,0.5595687701709813,0.287010708451812,0.8808458982877587,60.61278540801635,19.5
12/03/2026,41,33426,35296,30969,5064,6606,0,21504,0,170,4715,1501,992,1066,-451,-140,997,319,996,1424,-509,5064,6195,0.5208404861635652,0.28483271825276785,0.8573345259391771,58.48392737103023,20.0
12/03/2026,42,32430,34306,30047,5027,6606,0,21504,0,301,4664,1501,992,1067,-436,-110,997,241,996,1424,-429,5027,6243,0.48664423539105955,0.28259422832597253,0.8604012266802964,46.278102355253004,20.5
12/03/2026,43,30861,32620,28641,5046,6606,0,21504,0,358,4926,1501,992,676,-308,-6,977,-132,996,1427,-355,5046,5768,0.43277484034882924,0.2837437231532458,0.8300536672629696,43.53022500765023,21.0
12/03/2026,44,29433,31587,27414,5065,6606,0,21504,0,759,5173,1500,990,646,-158,0,975,-211,992,1428,-426,5065,5736,0.38374648080752594,0.2848932179805191,0.8280092001022233,40.82919674513372,21.5
12/03/2026,45,27541,30435,25743,5091,6606,0,21504,0,1220,5264,1235,884,461,-33,0,763,-589,695,1428,-452,5091,4392,0.31878733777381035,0.28646621090205093,0.7421415793508817,39.37735491140887,22.0
12/03/2026,46,26571,29673,24871,5116,6606,0,21504,0,1512,5186,1209,872,438,0,0,744,-669,669,1417,-321,5116,4359,0.28548376021424154,0.2879787040958316,0.7400332225913622,37.979324833867466,22.5
12/03/2026,47,24212,27933,22691,5068,6606,0,21504,0,1603,5359,795,738,-155,-11,0,114,-1056,650,694,-296,5068,1473,0.20449083293277484,0.28507471716377275,0.5556478405315615,38.51443499176658,23.0
12/03/2026,48,23872,27690,22368,5020,6606,0,21504,0,1576,5475,753,726,-181,-109,0,64,-1120,647,625,-232,5020,1173,0.1928174139943693,0.28217073023171396,0.5364809608995655,38.51795543483205,23.5
13/03/2026,1,24149,27307,22595,5009,6606,0,21504,0,1217,5601,422,776,94,-24,0,-12,-1224,600,642,-81,5009,1193,0.20232781707065853,0.2815052332264505,0.5377587528750319,38.89278062853219,0.0
13/03/2026,2,24429,27707,22878,4998,6606,0,21504,0,1335,5535,390,780,111,0,0,-18,-1239,598,643,-86,4998,1179,0.21194122090228662,0.280839736221187,0.5368642984922055,39.31517077961174,0.5
13/03/2026,3,24179,27800,22716,5042,6606,0,21504,0,1294,5816,586,787,103,0,0,-308,-1239,651,313,-180,5042,713,0.20335782462404725,0.2835017242422409,0.5070917454638385,39.487426348417884,1.0
13/03/2026,4,23212,26951,21761,5086,6606,0,21504,0,1455,5770,603,781,102,0,0,-329,-1240,654,284,-115,5086,740,0.17015724781981734,0.2861637122632948,0.5088167646307181,38.04504325227949,1.5
13/03/2026,5,22787,26305,21461,5096,6606,0,21504,0,1077,5864,668,355,-233,0,0,-193,-1239,550,462,-176,5096,194,0.1555654741468104,0.2867687095408071,0.47393304370048556,38.14089680563849,2.0
13/03/2026,6,22333,26412,21019,5105,6606,0,21504,0,1535,5644,669,318,-269,0,0,-182,-1240,541,479,-253,5105,63,0.1399780265055277,0.28731320709056807,0.4655635062611807,37.66845472228045,2.5
13/03/2026,7,22260,26406,20929,5144,6606,0,21504,0,1550,5804,20,498,-381,0,0,277,-1240,529,453,-375,5144,-219,0.1374716747922818,0.28967269647286586,0.44754663940710454,37.857753309363204,3.0
13/03/2026,8,22022,26184,20668,5183,6606,0,21504,0,1554,5663,-39,511,-390,0,0,311,-1239,526,447,-340,5183,-213,0.12930028153539794,0.29203218585516366,0.44792997699974446,37.45244614576612,3.5
13/03/2026,9,21649,26129,20357,5179,6606,0,21504,0,1768,5718,-219,277,-345,0,0,153,-1239,426,229,-309,5179,-1027,0.11649385428826478,0.29179018694415876,0.3959238435982622,37.98757169124058,4.0
13/03/2026,10,21546,26112,20289,5175,6606,0,21504,0,1850,5936,-241,257,-338,-37,0,141,-1239,416,217,-261,5175,-1085,0.11295749502163016,0.29154818803315385,0.39221824686940965,37.9274892224824,4.5
13/03/2026,11,21647,25849,20435,5128,6606,0,21504,0,1587,6018,-475,366,-8,0,0,-178,-1239,378,797,-115,5128,-474,0.11642518711803887,0.28870470082884625,0.431254791719908,37.37077062545801,5.0
13/03/2026,12,22406,26631,21111,5081,6606,0,21504,0,1605,6010,-433,382,0,-14,0,-189,-1233,382,855,-151,5081,-401,0.1424843782187736,0.2858612136245387,0.43591873243036033,38.40516407140758,5.5
13/03/2026,13,24721,28322,23189,4976,6606,0,21504,0,1298,5453,974,802,-95,-141,-30,658,-1137,860,977,-300,4976,2568,0.2219666277552702,0.2795087422106601,0.6256069511883465,37.98126382012407,6.0
13/03/2026,14,26658,29855,24939,4871,6606,82,21504,0,793,5204,1205,843,-104,-244,-2,733,-1099,903,991,-355,4953,2871,0.28847078211906885,0.2781172484723819,0.6449654996166624,40.30243557779643,6.5
13/03/2026,15,29306,31614,27206,4819,6606,607,21504,0,26,5072,1477,978,88,-390,-99,979,-712,989,992,-481,5426,3821,0.3793861154981803,0.3067336196987114,0.7056606184513161,52.176926768693065,7.0
13/03/2026,16,30053,32392,27773,4766,6606,1527,21504,0,16,4964,1501,991,102,-452,-126,997,-631,997,991,-514,6293,3856,0.40503330357755957,0.3591868836590235,0.7078967544083823,51.39390419832483,7.5
13/03/2026,17,30299,33030,27855,4713,6606,2528,21504,0,14,4857,1502,992,-708,-452,-190,997,-253,996,988,-514,7241,3358,0.4134793655153471,0.41654062556718496,0.6760797342192691,50.52136116921296,8.0
13/03/2026,18,30323,33388,27791,4660,6606,3174,21504,0,14,4936,1501,992,-978,-451,-311,997,-198,996,988,-513,7834,3023,0.4143033715580581,0.45241696412366145,0.654676718630207,49.90609156600833,8.5
13/03/2026,19,30096,32929,27559,4641,6606,4454,21504,0,14,4920,1502,992,-756,-452,-279,904,-218,996,988,-514,9095,3163,0.40650964773741677,0.5287071208179563,0.6636212624584718,47.12674703578855,9.0
13/03/2026,20,29486,32352,27009,4622,6606,5459,21504,0,12,4727,1502,992,-739,-452,-305,897,-244,997,988,-514,10081,3122,0.3855661608185127,0.5883598523806642,0.6610017889087657,44.551815083145264,9.5
13/03/2026,21,28698,32123,26318,4643,6606,6161,21504,0,10,4537,1502,992,-833,-452,-393,990,-623,997,988,-514,10804,2654,0.3585112957495022,0.6321011555448001,0.631101456682852,42.755388029979045,10.0
13/03/2026,22,28126,31594,25850,4663,6606,7072,21504,0,10,4508,1502,992,-835,-452,-353,996,-704,996,988,-514,11735,2616,0.3388724850648905,0.6884264020811907,0.6286736519294659,30.32863430157058,10.5
13/03/2026,23,27820,31130,25686,4589,6606,7543,21504,0,10,4651,1502,992,-328,-452,-380,1015,-1090,996,988,-450,12132,2793,0.32836640802032546,0.712444793998427,0.6399821109123435,28.961670282613344,11.0
13/03/2026,24,27578,30844,25410,4514,6606,7878,21504,0,15,4599,1502,992,-286,-451,-381,1016,-1127,996,988,-406,12392,2843,0.32005768042298977,0.7281747232137455,0.6431765908510094,28.093533703487033,11.5
13/03/2026,25,27671,30626,25309,4435,6606,7795,21504,0,253,4163,1502,992,743,-451,-439,1016,-817,997,988,-395,12230,4136,0.3232507038384948,0.718373767318047,0.7257858420649118,26.86309829270015,12.0
13/03/2026,26,27313,30270,24958,4356,6606,7691,21504,0,284,3920,1502,992,984,-452,-479,1016,-752,996,988,-390,12047,4405,0.31095928036805603,0.7073023171395729,0.7429721441349348,26.359858817836358,12.5
13/03/2026,27,27261,29965,25072,4287,6606,7365,21504,0,279,4250,1502,991,1002,-451,-530,1016,-449,996,988,-395,11652,4670,0.30917393394218223,0.683404924677839,0.7599028878098646,26.66675186115483,13.0
13/03/2026,28,27377,29745,25236,4217,6606,6747,21504,0,35,4217,1502,991,1002,-452,-511,1016,-381,997,988,-389,10964,4763,0.3131566298152853,0.6417811119849961,0.7658446204957833,27.955939423145864,13.5
13/03/2026,29,27293,29126,25125,4088,6606,6138,21504,0,8,4210,1502,991,512,-413,-383,998,-7,997,988,-422,10226,4763,0.31027260866579687,0.5971323129045919,0.7658446204957833,29.180042549578445,14.0
13/03/2026,30,27668,29428,25501,3958,6606,5631,21504,0,8,4191,1502,991,452,-451,-332,996,73,997,983,-369,9589,4842,0.32314770308315593,0.5585939863270615,0.7708918987988755,30.75025055753688,14.5
13/03/2026,31,27556,29965,25414,3747,6606,4652,21504,0,8,3948,1502,991,-646,-452,-281,959,443,996,618,-422,8399,3708,0.3193023415505047,0.48659931030310366,0.698441093789931,34.20529247712845,15.0
13/03/2026,32,29003,31432,26742,3536,6606,4061,21504,0,8,3686,1502,991,-826,-438,-130,953,521,996,572,-427,7597,3714,0.3689830392089542,0.4380785286466211,0.6988244313825709,37.640477081308106,15.5
13/03/2026,33,30604,33036,28327,3223,6606,3072,21504,0,10,3895,1503,991,-1006,-340,-10,367,892,996,-128,-338,6295,2927,0.42395110897479915,0.359307883114526,0.6485433171479683,53.45866632157416,16.0
13/03/2026,34,32282,35005,29863,2910,6606,2000,21504,0,10,3350,1503,991,-1013,-428,-39,317,971,997,-190,-443,4910,2666,0.48156286479434185,0.2755157601790792,0.6318681318681318,60.90700370825865,16.5
13/03/2026,35,34302,37167,31719,2684,6606,967,21504,0,4,2947,1504,991,-804,-452,-143,-349,1342,980,146,-513,3651,2702,0.5509167067225159,0.19934660294028678,0.6341681574239714,70.78899930461945,17.0
13/03/2026,36,35421,38462,32855,2457,6606,148,21504,0,3,3164,1502,991,-777,-452,-294,-401,1397,978,184,-514,2605,2614,0.5893359884639154,0.1360638877125053,0.6285458727319192,79.24794129171886,17.5
13/03/2026,37,36677,38897,33985,2317,6606,0,21504,0,7,3237,1334,956,-280,-449,-371,138,1397,932,565,-513,2317,3709,0.63245897136579,0.11863996612015246,0.6985049833887044,83.60965841234993,18.0
13/03/2026,38,36995,39305,34235,2177,6606,0,21504,0,1,3646,1319,952,-241,-451,-503,178,1397,928,607,-514,2177,3672,0.6433770514317105,0.11017000423498094,0.6961410682340915,85.56574587635248,18.5
13/03/2026,39,36771,38867,33951,2162,6606,0,21504,0,1,3535,1401,923,603,-451,-530,358,1397,964,955,-514,2162,5106,0.635686328366408,0.10926250831871256,0.7877587528750319,83.02172512641081,19.0
13/03/2026,40,36146,38244,33409,2147,6606,0,21504,0,3,3516,1410,921,762,-451,-530,371,1397,967,988,-514,2147,5321,0.6142278376708096,0.10835501240244419,0.8014950166112956,80.64300172323303,19.5
13/03/2026,41,35116,37213,32354,2065,6606,0,21504,0,3,3315,1451,944,917,-451,-530,522,1397,910,955,-513,2065,5602,0.5788642450044633,0.10339403472684373,0.8194479938665985,77.22810413272788,20.0
13/03/2026,42,33879,35977,31195,1982,6606,0,21504,0,3,3212,1454,947,929,-451,-530,533,1397,906,952,-514,1982,5623,0.5363936002197349,0.09837255732349204,0.8207896754408383,63.600519821462605,20.5
13/03/2026,43,32643,34744,30071,1924,6606,0,21504,0,6,3499,1498,987,959,-451,-531,800,1397,969,984,-513,1924,6099,0.4939572890201195,0.09486357311392099,0.8512011244569384,59.444909522797424,21.0
13/03/2026,44,31580,33680,29106,1866,6606,0,21504,0,5,3445,1502,991,962,-451,-531,820,1397,974,988,-513,1866,6139,0.45746068804504564,0.09135458890434993,0.8537567084078712,56.524676236194914,21.5
13/03/2026,45,30349,32390,28009,1795,6606,0,21504,0,8,3315,1470,990,902,-451,-469,715,1397,911,987,-513,1795,5939,0.415196044770995,0.08705910823401294,0.8409787886532073,53.63692371794779,22.0
13/03/2026,46,28664,30592,26373,1723,6606,0,21504,0,8,2915,1467,990,897,-451,-355,707,1397,906,986,-514,1723,6030,0.3573439538556616,0.08270312783592473,0.8467927421415794,49.40246447532534,22.5
13/03/2026,47,27376,29266,25170,1744,6606,0,21504,0,8,3171,1407,991,599,-414,-354,836,1397,989,867,-514,1744,5804,0.31312229623017235,0.08397362211870046,0.8323536928188091,46.50915622009243,23.0
13/03/2026,48,26569,28535,24313,1765,6606,0,21504,0,8,3262,1403,991,576,-401,-443,845,1397,997,857,-514,1765,5708,0.28541509304401563,0.0852441164014762,0.8262202913365704,44.73897959638662,23.5
14/03/2026,1,26777,28653,24554,1742,6606,0,21504,0,7,3359,1493,992,853,-401,-355,987,1397,997,975,-513,1742,6425,0.29255647874751084,0.08385262266319801,0.8720291336570406,44.35953576953138,0.0
14/03/2026,2,27387,29091,25176,1718,6606,0,21504,0,5,3285,1502,992,876,-365,-220,997,1397,997,987,-514,1718,6649,0.31349996566641486,0.08240062919716862,0.8863404037822642,45.5455858740878,0.5
14/03/2026,3,26828,28591,24774,1750,6606,0,21504,0,5,3153,1502,991,990,-361,-283,997,1397,997,987,-514,1750,6703,0.29430749158827163,0.08433662048520782,0.8897904421160235,44.09165820936092,1.0
14/03/2026,4,26320,28017,24370,1781,6606,0,21504,0,5,3068,1502,992,999,-361,-217,997,1397,997,987,-514,1781,6779,0.27686603035088925,0.0862121120454958,0.8946460516227958,42.77629181412675,1.5
14/03/2026,5,25743,27485,23823,1742,6606,0,21504,0,5,3030,1502,992,964,-361,-262,997,1397,997,987,-514,1742,6699,0.25705555174071276,0.08385262266319801,0.8895348837209303,41.77590099377581,2.0
14/03/2026,6,25312,27154,23364,1702,6606,0,21504,0,5,2939,1503,992,962,-362,-361,997,1397,997,987,-514,1702,6598,0.2422577765570281,0.08143263355314902,0.8830820342448249,41.137574968123246,2.5
14/03/2026,7,24482,26381,22535,1678,6606,0,21504,0,144,2403,1503,992,773,-362,-280,887,1397,997,987,-513,1678,6381,0.21376090091327338,0.07998064008711961,0.8692179913110145,39.840486498899885,3.0
14/03/2026,8,24195,26110,22426,1653,6606,0,21504,0,185,2516,1503,992,757,-342,-274,879,1397,997,982,-514,1653,6377,0.20390716198585457,0.07846814689333897,0.8689624329159212,39.36709020475841,3.5
14/03/2026,9,23966,25889,22164,1585,6606,0,21504,0,185,2693,1503,992,658,-341,-283,804,1397,997,674,-514,1585,5887,0.1960447709949873,0.07435416540625567,0.8376565295169947,39.74655149658506,4.0
14/03/2026,10,23993,25908,22035,1517,6606,0,21504,0,186,2487,1503,992,651,-341,-274,798,1397,997,645,-514,1517,5854,0.19697177779303715,0.07024018391917236,0.8355481727574751,40.02435595214543,4.5
14/03/2026,11,23767,25497,21734,1471,6606,0,21504,0,52,2136,1503,992,750,-342,-222,983,1397,997,747,-514,1471,6291,0.18921238755750874,0.06745719644261601,0.8634679274214158,39.164880654399,5.0
14/03/2026,12,23910,25575,21855,1425,6606,0,21504,0,6,2134,1503,992,757,-342,-203,997,1397,998,760,-514,1425,6345,0.19412209022866167,0.06467420896605965,0.8669179657551751,39.49170326286378,5.5
14/03/2026,13,24714,26363,22588,1370,6606,0,21504,0,6,1942,1502,992,882,-371,-158,997,1397,997,906,-514,1370,6630,0.2217262926594795,0.06134672393974227,0.8851265014055711,40.869416323839225,6.0
14/03/2026,14,25272,26881,23138,1315,6606,227,21504,0,6,2248,1502,992,892,-373,-116,997,1397,996,920,-514,1542,6693,0.2408844331525098,0.071752677112953,0.8891515461282903,41.41609914420744,6.5
14/03/2026,15,25981,27803,23681,1275,6606,1411,21504,0,6,2041,1502,992,997,-439,-263,997,1397,997,982,-514,2686,6648,0.26522694499759664,0.14096436566035453,0.886276514183491,49.581087863836075,7.0
14/03/2026,16,25844,27738,23485,1235,6606,3138,21504,0,7,2007,1502,991,1002,-451,-322,997,1397,997,987,-514,4373,6586,0.2605232438371215,0.2430274063766713,0.8823153590595451,45.50216664070036,7.5
14/03/2026,17,25534,27568,23098,1128,6606,4995,21504,0,8,1997,1503,991,1002,-452,-460,625,1397,997,856,-514,6123,5945,0.24987983245210466,0.34890192994131525,0.8413621262458472,42.70089287492779,8.0
14/03/2026,18,24918,27021,22341,1020,6606,6637,21504,0,8,1773,1503,991,1002,-452,-529,597,1397,997,842,-514,7657,5834,0.22873034402252282,0.4417085123116946,0.8342703807820087,39.212550775909904,8.5
14/03/2026,19,23970,25976,21300,1046,6606,8171,21504,0,8,1750,1503,991,881,-452,-432,480,1397,997,772,-514,9217,5623,0.19618210533543912,0.5360880876036058,0.8207896754408383,35.34884807649263,9.0
14/03/2026,20,22920,24814,20286,1071,6606,9501,21504,0,7,1569,1503,991,868,-451,-322,471,1397,997,765,-514,10572,5705,0.16013184096683375,0.6180652187065159,0.8260286225402504,31.342744626672864,9.5
14/03/2026,21,22153,23995,19563,1135,6606,10524,21504,0,89,1672,1503,991,769,-452,-187,433,1397,998,735,-514,11659,5673,0.13379798118519537,0.6838284227720975,0.8239841553795042,28.35738345665481,10.0
14/03/2026,22,21332,23284,18881,1198,6606,11009,21504,0,210,1685,1504,991,761,-452,-176,430,1397,998,728,-514,12207,5667,0.10561010780745725,0.7169822735797688,0.8236008177868643,16.242919749167932,10.5
14/03/2026,23,20538,22171,18171,1279,6606,11201,21504,0,11,1695,1504,991,538,-451,-57,316,1397,997,441,-514,12480,5162,0.078349241227769,0.7334986992558533,0.7913365704063379,15.302277263308405,11.0
14/03/2026,24,20365,22056,18111,1359,6606,11692,21504,0,11,1663,1504,991,521,-452,-114,307,1397,997,414,-514,13051,5051,0.07240953100322736,0.7680440438018029,0.7842448249424994,14.17016342722502,11.5
14/03/2026,25,20110,21724,18070,1292,6606,11667,21504,0,11,1676,1503,991,416,-452,-37,351,1397,996,394,-514,12959,5045,0.0636544667994232,0.7624780688486902,0.7838614873498595,13.99460685951903,12.0
14/03/2026,26,20067,21639,18045,1224,6606,10661,21504,0,7,1790,1503,991,408,-451,0,354,1397,997,392,-514,11885,5077,0.06217812263956602,0.6975013612438744,0.7859059545106056,15.843964978054295,12.5
14/03/2026,27,20553,22122,18090,1224,6606,10316,21504,0,5,1810,1504,992,707,-450,0,260,1397,997,405,-514,11540,5298,0.07886424500446336,0.6766289551697018,0.8000255558395093,16.855190028297294,13.0
14/03/2026,28,21273,22824,18993,1223,6606,9608,21504,0,4,2176,1503,992,729,-433,0,255,1391,997,401,-514,10831,5321,0.10358442628579276,0.6337346481940831,0.8014950166112956,19.101437273383304,13.5
14/03/2026,29,21773,23260,19475,1281,6606,9225,21504,0,4,2259,1503,992,963,-350,0,836,1290,997,-19,-514,10506,5698,0.12075121884227151,0.6140722366749349,0.8255813953488372,19.89625374646607,14.0
14/03/2026,30,22175,23782,20035,1338,6606,8159,21504,0,4,2311,1503,992,981,-417,0,881,1282,997,-72,-514,9497,5633,0.13455332005768042,0.5530280113739489,0.8214285714285714,22.362721032517324,14.5
14/03/2026,31,23042,25486,21011,1297,6606,6912,21504,0,4,2533,1503,992,833,-386,-23,771,1382,997,-917,-514,8209,4638,0.16432053835061458,0.4751043620303709,0.7578584206491183,27.16252226013109,15.0
14/03/2026,32,24210,26923,22107,1255,6606,5530,21504,0,4,1925,1503,992,802,-450,-161,764,1397,996,-993,-505,6785,4345,0.20442216576254893,0.3889527497126263,0.7391387682085356,31.72552877495246,15.5
14/03/2026,33,26087,28828,23742,1146,6606,4329,21504,0,10,1745,1503,992,128,-452,-313,492,1397,997,-854,-512,5475,3378,0.26886630501957015,0.3096981063585214,0.6773575261947355,47.91655848613246,16.0
14/03/2026,34,28608,31438,26047,1036,6606,2640,21504,0,10,1674,1503,992,102,-452,-426,472,1397,997,-828,-514,3676,3243,0.35542127308933597,0.20085909613406738,0.6687324303603374,56.249797425053785,16.5
14/03/2026,35,31203,33460,28352,954,6606,1082,21504,0,4,1189,1502,992,-163,-452,-525,429,1397,997,19,-513,2036,3683,0.4445169264574607,0.1016395426220582,0.696843853820598,67.84850772397331,17.0
14/03/2026,36,32925,35213,30000,872,6606,192,21504,0,4,1651,1502,992,-188,-452,-530,426,1397,997,103,-514,1064,3733,0.5036393600219735,0.04283380724786739,0.7000383337592639,77.60029895630461,17.5
14/03/2026,37,34472,36571,31341,839,6606,0,21504,0,3,1764,1503,992,387,-452,-530,264,1397,998,460,-514,839,4505,0.5567534161917187,0.029221368503841733,0.7493611040122669,83.10367719257403,18.0
14/03/2026,38,34836,36936,31611,806,6606,0,21504,0,3,1744,1503,992,464,-452,-531,257,1397,998,497,-514,806,4611,0.5692508411728353,0.027224877488051302,0.7561334014822387,84.45814801113224,18.5
14/03/2026,39,35019,37119,31906,826,6606,0,21504,0,3,1713,1502,992,909,-452,-531,941,1397,997,708,-514,826,5949,0.5755338872485065,0.028434872043075807,0.8416176846409404,83.2949955821543,19.0
14/03/2026,40,34252,36351,31141,845,6606,0,21504,0,3,1608,1502,992,943,-452,-530,997,1397,997,725,-514,845,6057,0.5492000274668681,0.029584366870349082,0.848517761308459,80.31014095062449,19.5
14/03/2026,41,33412,35517,30357,854,6606,0,21504,0,5,1718,1503,987,721,-452,-530,737,1397,997,485,-518,854,5327,0.5203598159719838,0.030128864420110108,0.8018783542039356,78.29254277376467,20.0
14/03/2026,42,32541,34651,29570,862,6606,0,21504,0,14,1694,1503,986,704,-452,-530,718,1397,998,457,-514,862,5267,0.4904552633385978,0.030612862242119912,0.7980449782775364,65.42622713150004,20.5
14/03/2026,43,31385,33497,28561,905,6606,0,21504,0,16,1821,1452,902,288,-452,-530,759,1397,998,182,-514,905,4482,0.45076563894801897,0.03321435053542259,0.7478916432404804,62.537306884349626,21.0
14/03/2026,44,30407,32485,27807,947,6606,0,21504,0,16,2148,1448,895,256,-436,-512,762,1397,996,157,-514,947,4449,0.4171873927075465,0.035755339100974046,0.7457832864809609,59.42859449676506,21.5
14/03/2026,45,28532,30313,26171,969,6606,0,21504,0,17,2202,1439,962,432,-308,-380,375,1397,913,182,-476,969,4536,0.35281192062075123,0.037086333111500995,0.7513416815742398,53.9540119964839,22.0
14/03/2026,46,27612,28990,25363,991,6606,0,21504,0,16,2614,1438,968,445,-157,-228,346,1397,906,188,-377,991,4926,0.3212250223168303,0.03841732712202795,0.7762586250958344,50.97012012477946,22.5
14/03/2026,47,26939,28321,23957,1111,6606,0,21504,0,168,1996,1418,963,665,-135,-98,343,1397,931,343,-381,1111,5446,0.2981185195358099,0.045677294452174964,0.8094812164579607,48.18839194601153,23.0
14/03/2026,48,25759,27023,22874,1231,6606,0,21504,0,16,2180,1416,962,682,-144,-2,343,1397,934,361,-502,1231,5447,0.2576048891025201,0.05293726178232198,0.8095451060567339,45.03850584986924,23.5
15/03/2026,1,25012,26160,23063,1375,6606,0,21504,0,14,3286,1353,989,564,5,-21,336,1397,974,588,-513,1375,5672,0.23195770102314084,0.0616492225784984,0.8239202657807309,42.69072471776383,0.0
15/03/2026,2,25742,26783,23841,1519,6606,0,21504,0,14,3453,1348,991,556,136,0,335,1397,978,606,-427,1519,5920,0.2570212181555998,0.07036118337467481,0.8397648862765141,43.46523361451843,0.5
15/03/2026,3,25382,26282,23547,1643,6606,0,21504,0,15,3492,1480,991,877,155,0,508,1397,995,347,-285,1643,6465,0.2446611275149351,0.07786314961582673,0.8745847176079734,41.62815018583703,1.0
15/03/2026,4,24713,25465,22977,1766,6606,0,21504,0,15,3597,1493,991,900,155,65,521,1397,997,318,-137,1766,6700,0.22169195907436653,0.08530461612922742,0.8895987733197036,39.63265485164187,1.5
15/03/2026,5,23950,24578,22174,1904,6606,0,21504,0,16,3708,1502,991,314,155,190,313,1397,997,64,-12,1904,5911,0.19549543363317998,0.09365357855889649,0.8391898798875543,38.848718197507495,2.0
15/03/2026,6,23297,24160,21360,2041,6606,0,21504,0,263,3829,1504,991,264,155,203,297,1397,997,36,63,2041,5907,0.17307560255441873,0.10194204126081433,0.838934321492461,37.38967544704176,2.5
15/03/2026,7,22528,23530,20852,2224,6606,0,21504,0,28,4486,1505,992,-294,155,203,124,1397,998,-80,171,2224,5171,0.1466730756025544,0.11301349143928853,0.7919115767952978,36.70626480138021,3.0
15/03/2026,8,21764,23034,20369,2407,6606,0,21504,0,219,4777,1504,992,-348,155,202,110,1375,997,-103,186,2407,5070,0.1204422165762549,0.12408494161776272,0.7854587273191924,35.38596586813347,3.5
15/03/2026,9,20743,23694,19652,2664,6606,0,21504,0,250,4853,1506,979,-914,155,203,-426,1034,998,-761,200,2664,2974,0.0853876261759253,0.1396333716498276,0.6515461282903143,36.1955813317359,4.0
15/03/2026,10,20769,23946,19570,2921,6606,0,21504,0,325,4888,1500,976,-959,155,203,-468,960,995,-825,125,2921,2662,0.08628029938886218,0.15518180168189244,0.6316125734730386,36.16350645563694,4.5
15/03/2026,11,19685,23669,18937,3237,6606,0,21504,0,328,5284,985,882,-1005,155,202,-983,590,859,-1068,165,3237,782,0.049062693126416264,0.17429971565127958,0.5115001277791975,36.50351369993432,5.0
15/03/2026,12,19576,23629,19065,3553,6606,0,21504,0,329,5455,933,866,-1010,155,203,-1022,512,846,-1092,170,3553,561,0.045320332349103896,0.19341762962066672,0.4973805264502939,36.06267387633827,5.5
15/03/2026,13,19665,23679,19227,3798,6606,0,21504,0,287,5400,721,352,-1013,155,203,-1022,141,758,-1092,196,3798,-601,0.04837602142415711,0.20824006291971686,0.4231408126756964,37.225022715860845,6.0
15/03/2026,14,20163,24076,19486,4043,6606,190,21504,0,185,5158,706,313,-1014,91,203,-1022,82,750,-1092,200,4233,-783,0.06547414681040994,0.2345574444914998,0.4115129056989522,37.35198442369236,6.5
15/03/2026,15,20584,25181,19861,4195,6606,1107,21504,0,966,5146,1166,854,-917,1,203,-1022,7,788,-1092,200,5302,188,0.07992858614296505,0.2992316534575594,0.47354970610784564,44.749199719834905,7.0
15/03/2026,16,20503,25133,19759,4347,6606,2384,21504,0,982,5120,1212,906,-906,0,202,-1022,-28,795,-1092,200,6731,267,0.0771475657488155,0.38568576441406016,0.4785969844109379,41.943390009312054,7.5
15/03/2026,17,20555,25317,19737,4395,6606,3702,21504,0,916,5016,1482,984,-888,0,203,-863,-403,981,-1092,200,8097,604,0.07893291217468928,0.4683283925222336,0.5001277791975466,39.10490912736963,8.0
15/03/2026,18,20684,25514,19789,4443,6606,4650,21504,0,916,5218,1507,991,-886,0,202,-850,-483,997,-1095,201,9093,584,0.08336194465426079,0.5285861213624539,0.49884998722208024,37.49989440085521,8.5
15/03/2026,19,21064,25305,19981,4579,6606,5755,21504,0,856,5018,1505,991,-545,0,203,-278,-866,996,-1096,200,10334,1110,0.09640870699718465,0.6036662835017242,0.5324559161768464,35.09724145129873,9.0
15/03/2026,20,21011,25135,19810,4715,6606,6710,21504,0,762,4690,1504,991,-504,0,203,-235,-931,997,-1092,200,11425,1133,0.0945890269861979,0.6696714864783109,0.5339253769486327,33.014908946125935,9.5
15/03/2026,21,21077,24348,19693,4831,6606,7243,21504,0,761,4253,1503,991,143,0,198,130,-1070,996,-840,196,12074,2247,0.09685504360365309,0.708935809788856,0.605098389982111,30.504159650838226,10.0
15/03/2026,22,20868,24101,19417,4947,6606,7696,21504,0,749,4064,1502,991,167,0,90,156,-1069,996,-815,68,12643,2086,0.08967932431504498,0.7433601548793031,0.5948121645796064,19.39012503463058,10.5
15/03/2026,23,21268,24087,19910,5033,6606,7469,21504,0,750,3959,1219,974,106,0,0,171,-730,979,-710,-29,12502,1980,0.10341275836022798,0.7348296932663803,0.5880398671096345,20.33082219422502,11.0
15/03/2026,24,21917,24643,20495,5119,6606,6910,21504,0,752,4008,1193,972,102,0,0,172,-675,977,-699,20,12029,2062,0.12569525509853738,0.7062133220400508,0.5932788142090467,21.975834258559047,11.5
15/03/2026,25,23015,25714,21748,5124,6606,6377,21504,0,740,4415,1268,972,-110,0,0,60,-609,994,-640,68,11501,2003,0.16339353155256472,0.674269465787404,0.5895093278814209,24.517470730852054,12.0
15/03/2026,26,23946,26649,22628,5129,6606,5913,21504,0,739,4693,1277,972,-128,0,0,52,-600,997,-636,129,11042,2063,0.19535809929272815,0.6465000907495916,0.5933427038078201,26.552467173064983,12.5
15/03/2026,27,25128,27838,23824,5116,6606,4431,21504,0,739,5303,1450,990,227,0,0,177,-598,996,-773,124,9547,2593,0.2359403968962439,0.5560529977615101,0.6272041911576796,30.211942119850868,13.0
15/03/2026,28,25820,28531,24507,5102,6606,3494,21504,0,736,4873,1468,992,264,0,0,186,-588,997,-787,215,8596,2747,0.2596992377944105,0.49851775667009496,0.6370431893687708,32.69157302429815,13.5
15/03/2026,29,26558,29114,25202,5078,6606,3146,21504,0,741,4971,1499,991,548,38,0,465,-428,996,-787,250,8224,3572,0.2850374236077731,0.47601185794663925,0.6897521083567595,33.32609903877655,14.0
15/03/2026,30,26638,29045,25272,5053,6606,2790,21504,0,641,4741,1503,992,569,1,0,485,-381,996,-785,250,7843,3630,0.28778411041680974,0.4529614616734225,0.6934577050856121,34.053366464757474,14.5
15/03/2026,31,26924,28517,25473,4986,6606,2703,21504,0,327,4802,1503,991,378,8,0,198,-6,996,-660,250,7689,3658,0.2976035157591156,0.4436445035997338,0.695246613851265,34.689873245347314,15.0
15/03/2026,32,27933,29206,26696,4919,6606,2423,21504,0,36,5629,1503,992,360,228,0,178,73,996,-637,250,7342,3943,0.33224610313808967,0.4226510980700587,0.7134551495016611,36.34120819338861,15.5
15/03/2026,33,29012,29711,27461,4869,6606,1973,21504,0,12,5171,1502,992,-87,237,54,660,443,996,129,227,6842,5153,0.3692920414749708,0.3924012341944461,0.790761564017378,47.184413352817884,16.0
15/03/2026,34,29870,30586,28221,4819,6606,1411,21504,0,12,5267,1502,992,-104,88,14,697,521,996,211,90,6230,5007,0.39875025750188836,0.35537540081069635,0.7814336825964733,49.772957315404064,16.5
15/03/2026,35,31164,31817,29279,4691,6606,726,21504,0,9,4991,1438,982,216,-30,0,494,892,985,869,-14,5417,5832,0.44317791663805534,0.30618912214895033,0.8341426015844621,52.98454675829917,17.0
15/03/2026,36,32089,32983,30034,4563,6606,171,21504,0,9,4748,1428,982,251,-143,0,479,970,984,937,-142,4734,5746,0.47493648286754103,0.2648678080948636,0.8286480960899566,57.12619403730153,17.5
15/03/2026,37,32748,33844,30699,4377,6606,0,21504,0,9,4762,1080,968,392,-200,0,306,1342,994,1366,-287,4377,5961,0.49756231545698004,0.2432694052876762,0.8423843598262203,59.63661631286693,18.0
15/03/2026,38,33180,34450,31091,4190,6606,0,21504,0,10,5155,1047,967,403,-228,0,297,1380,996,1407,-432,4190,5837,0.5123944242257776,0.23195595619819712,0.8344620495783287,61.566601352498,18.5
15/03/2026,39,33291,34728,31037,4143,6606,0,21504,0,8,4745,1462,990,498,-316,0,945,1107,996,1423,-513,4143,6592,0.5162054521733159,0.22911246899388954,0.882698696652185,61.066212943524,19.0
15/03/2026,40,32523,33980,30261,4096,6606,0,21504,0,5,4646,1501,992,502,-339,0,997,1043,996,1424,-513,4096,6603,0.4898372588065646,0.22626898178958194,0.8834014822386915,59.30548545278336,19.5
15/03/2026,41,31472,32861,29228,4109,6606,0,21504,0,10,4525,1501,983,468,-265,0,993,672,995,1425,-514,4109,6258,0.45375266085284627,0.2270554782503479,0.8613595706618963,57.19474742936012,20.0
15/03/2026,42,30643,32070,28447,4121,6606,0,21504,0,11,4536,1501,982,455,-303,0,993,594,995,1421,-513,4121,6125,0.4252901187942045,0.22778147498336257,0.8528622540250447,45.46149528456628,20.5
15/03/2026,43,29205,30798,27143,4158,6606,0,21504,0,9,4831,1484,969,-336,-184,0,607,224,979,1138,-464,4158,4417,0.3759184234017716,0.23001996491015791,0.7437388193202147,44.53854321377558,21.0
15/03/2026,44,28433,30086,26464,4195,6606,0,21504,0,49,4752,1481,968,-398,-198,0,569,146,969,1100,-408,4195,4229,0.3494128956945684,0.23225845483695323,0.7317275747508306,43.19772046841715,21.5
15/03/2026,45,26400,28741,24668,4179,6606,0,21504,0,370,4779,1338,951,-506,-74,0,-240,-230,568,600,-321,4179,2086,0.27961271715992586,0.23129045919293365,0.5948121645796064,42.48965405591861,22.0
15/03/2026,46,25271,28116,23730,4162,6606,0,21504,0,818,5170,1323,945,-510,0,0,-311,-309,532,544,-297,4162,1917,0.24085009956739684,0.23026196382116282,0.5840148223869154,41.05257513743752,22.5
15/03/2026,47,24239,27331,22722,4166,6606,0,21504,0,844,5022,1361,681,-508,0,0,-109,-690,522,43,-341,4166,959,0.2054178397308247,0.2305039627321677,0.5228085867620751,40.845422972026455,23.0
15/03/2026,48,23614,26767,22094,4169,6606,0,21504,0,842,4894,1363,656,-508,0,0,-94,-770,522,1,-339,4169,831,0.18395934903522626,0.23068546191542139,0.5146307181190902,40.145195741564606,23.5
16/03/2026,1,23742,27031,22196,4167,6606,0,21504,0,731,4742,1212,662,-377,0,0,17,-1157,629,275,-424,4167,837,0.18835404792968483,0.23056446245991893,0.5150140557117301,40.31694692915522,0.0
16/03/2026,2,24286,27540,22720,4164,6606,0,21504,0,744,4737,1197,664,-363,0,0,25,-1216,639,297,-331,4164,912,0.2070315182311337,0.23038296327666524,0.5198057756197291,40.97365631855081,0.5
16/03/2026,3,24144,27740,22666,4119,6606,0,21504,0,820,5045,1316,756,-294,0,0,207,-1236,621,-236,-410,4119,724,0.20215614914509372,0.22766047552786012,0.507794531050345,41.100541078961044,1.0
16/03/2026,4,23304,27200,21926,4073,6606,0,21504,0,991,4855,1328,765,-287,-11,0,220,-1239,619,-281,-487,4073,627,0.17331593765020945,0.22487748805130378,0.501597239969333,40.15436806508261,1.5
16/03/2026,5,22790,26437,21427,3989,6606,0,21504,0,777,4642,1419,737,-297,-117,0,-105,-1239,583,20,-512,3989,489,0.15566847490214927,0.21979551092020086,0.49278047533861485,39.77726416170765,2.0
16/03/2026,6,22831,26393,21495,3905,6606,0,21504,0,711,4672,1429,737,-298,-73,0,-128,-1239,581,39,-513,3905,535,0.15707615189178054,0.21471353378909794,0.4957193968821876,39.92725212435453,2.5
16/03/2026,7,22359,26625,21179,3810,6606,0,21504,0,692,4843,1428,903,-443,-121,0,-122,-1240,715,-535,-513,3810,72,0.1408706997184646,0.20896605965273157,0.46613851265014056,40.04307594615382,3.0
16/03/2026,8,22048,26253,20868,3714,6606,0,21504,0,575,4732,1425,919,-455,-162,0,-122,-1240,723,-589,-462,3714,37,0.1301929547483348,0.20315808578861394,0.4639023766930744,39.83492808241349,3.5
16/03/2026,9,21548,26350,20461,3679,6606,0,21504,0,595,5067,1082,919,-852,-28,0,-598,-1240,495,-573,-316,3679,-1111,0.11302616219185607,0.20104059531732107,0.3905571173013033,40.678686282128545,4.0
16/03/2026,10,21496,26223,20282,3643,6606,0,21504,0,456,4980,1046,911,-884,0,0,-634,-1238,475,-565,-350,3643,-1239,0.11124081576598228,0.19886260511827697,0.3823792486583184,40.836169503924616,4.5
16/03/2026,11,22084,26087,20793,3603,6606,0,21504,0,387,5113,761,380,-584,0,0,-699,-1198,500,-174,-361,3603,-1375,0.1314289638124013,0.19644261600822796,0.3736902632251469,41.890074807746274,5.0
16/03/2026,12,22899,26750,21588,3563,6606,0,21504,0,286,5427,736,334,-561,-13,-14,-694,-1167,501,-134,-382,3563,-1394,0.15941083567946165,0.19402262689817895,0.37247636084845387,43.10622740326403,5.5
16/03/2026,13,25642,27843,24117,3512,6606,1,21504,0,58,5114,1146,549,-181,-140,-141,108,-779,409,64,-302,3513,733,0.2535878596443041,0.1909976405106177,0.5083695374393049,44.481246553539705,6.0
16/03/2026,14,27489,29950,25777,3460,6606,134,21504,0,15,5044,1185,575,-152,-292,-293,185,-698,410,92,-411,3594,601,0.31700199134793655,0.19589811845846694,0.4999361104012267,47.68438277386865,6.5
16/03/2026,15,30017,32327,27982,3419,6606,651,21504,0,10,4516,1456,956,70,-428,-443,933,-318,949,711,-511,4070,3375,0.4037972945134931,0.2246959888680501,0.6771658573984155,57.79233162756406,7.0
16/03/2026,16,31277,33633,29026,3378,6606,1423,21504,0,11,4368,1481,992,112,-452,-531,997,-249,996,768,-513,4801,3601,0.44705761175581954,0.26892128985419567,0.6916049067211858,57.88652059102153,7.5
16/03/2026,17,32278,34418,29952,3402,6606,2289,21504,0,9,4463,1500,992,926,-451,-531,997,-36,996,729,-513,5691,4609,0.48142553045388997,0.32276604755278604,0.756005622284692,55.96429723674492,8.0
16/03/2026,18,32249,34359,29776,3426,6606,3296,21504,0,13,4474,1501,992,1002,-451,-531,997,4,997,728,-515,6722,4724,0.4804298564856142,0.3851412668642991,0.7633529261436238,52.94069264934428,8.5
16/03/2026,19,31905,34013,29276,3419,6606,4566,21504,0,13,4443,1501,992,1002,-451,-531,1015,124,997,966,-513,7985,5102,0.46861910320675687,0.46155242301409644,0.7875031944799387,49.15112382638533,9.0
16/03/2026,20,31270,33375,28748,3412,6606,4962,21504,0,15,4591,1501,992,1002,-451,-526,1016,118,996,989,-513,8374,5124,0.44681727666002885,0.485086817109323,0.7889087656529516,47.54191124006243,9.5
16/03/2026,21,31164,33411,28750,3531,6606,5037,21504,0,7,4447,1501,992,1002,-451,-419,1016,-257,997,989,-513,8568,4857,0.44317791663805534,0.4968237642930607,0.7718502427804753,47.385398881120885,10.0
16/03/2026,22,30959,33066,28606,3649,6606,5246,21504,0,12,4424,1501,992,1003,-397,-268,1016,-302,997,989,-528,8895,5003,0.43613953168989905,0.5166071752677113,0.78117812420138,36.32380352553703,10.5
16/03/2026,23,30849,32520,28459,3695,6606,5669,21504,0,14,4202,1501,992,1002,-358,-117,1016,-131,996,989,-451,9364,5439,0.4323628373274737,0.5449815475830359,0.8090339892665475,34.76438728027692,11.0
16/03/2026,24,30881,32090,28520,3741,6606,5205,21504,0,13,4114,1502,992,1001,-210,-5,1016,-82,997,989,-299,8946,5901,0.43346151205108835,0.5196926613830237,0.8385509838998211,34.976660962556394,11.5
16/03/2026,25,31089,31970,28891,3696,6606,5125,21504,0,12,4189,1501,992,1002,-121,0,1016,291,997,989,-148,8821,6519,0.44060289775458356,0.5121301954141206,0.8780347559417326,34.699514928925076,12.0
16/03/2026,26,31621,32309,29375,3651,6606,4731,21504,0,12,4237,1502,992,1001,-76,0,1016,370,997,989,1,8382,6792,0.45886836503467693,0.4855708149313328,0.895476616406849,35.878077825310115,12.5
16/03/2026,27,31877,32567,29779,3596,6606,3460,21504,0,11,4346,1502,992,1001,-79,0,1016,740,997,989,114,7056,7272,0.46765776282359406,0.4053481759332083,0.9261436238180424,38.2559418356937,13.0
16/03/2026,28,32407,33025,30218,3541,6606,3072,21504,0,10,4257,1499,992,1002,-8,0,1016,818,997,989,200,6613,7505,0.4858545629334615,0.3785467965394156,0.9410299003322259,39.948078018220215,13.5
16/03/2026,29,32746,33356,30572,3476,6606,2758,21504,0,10,4570,1046,992,1001,0,0,998,1189,997,989,200,6234,7412,0.4974936482867541,0.35561739972170126,0.9350881676463072,41.73719278130655,14.0
16/03/2026,30,32899,33509,30730,3410,6606,2369,21504,0,10,4805,1004,992,1002,0,0,996,1252,997,989,200,5779,7432,0.5027466868090366,0.3280900235948938,0.9363659596217736,43.37014457238508,14.5
16/03/2026,31,33339,33948,31218,3373,6606,2063,21504,0,9,4995,1004,992,1002,0,0,996,1378,997,1015,200,5436,7584,0.5178534642587379,0.3073386169762236,0.9460771786353182,45.23142654393927,15.0
16/03/2026,32,34250,34857,32138,3335,6606,1572,21504,0,7,5173,1017,992,903,0,0,983,1397,997,985,130,4907,7404,0.5491313602966422,0.27533426099582553,0.9345770508561206,49.51157666000098,15.5
16/03/2026,33,34646,35844,32536,3404,6606,1192,21504,0,4,5255,1882,992,-494,-12,0,108,1397,997,-88,4,4596,4786,0.5627274600013733,0.2565188456651945,0.7673140812675696,65.09307433436868,16.0
16/03/2026,34,35662,37228,33472,3472,6606,729,21504,0,7,5102,2000,986,-606,-71,0,26,1397,995,-219,-63,4201,4445,0.5976103824761382,0.2326214532034606,0.7455277280858676,70.00823225072128,16.5
16/03/2026,35,36018,38671,33731,3554,6606,348,21504,0,6,5354,1576,628,-710,54,0,-602,1397,939,-735,38,3902,2585,0.609833138776351,0.21453203460584427,0.626693074367493,74.79928080303416,17.0
16/03/2026,36,37112,39861,34853,3636,6606,109,21504,0,2,5249,1484,593,-718,28,0,-652,1397,924,-777,35,3745,2314,0.6473940808899266,0.20503357734890193,0.6093789930999234,79.29814495871565,17.5
16/03/2026,37,37259,39228,34980,3723,6606,0,21504,0,1,5305,101,462,-649,114,0,-383,1397,337,-303,-33,3723,1043,0.6524411179015313,0.203702583338375,0.528175313059034,81.50503729884267,18.0
16/03/2026,38,36712,38800,33912,3809,6606,0,21504,0,1,5144,-50,453,-644,26,55,-364,1397,287,-257,-172,3809,731,0.6336606468447435,0.20890555992498033,0.5082417582417582,79.7394369430581,18.5
16/03/2026,39,36548,39044,34288,3896,6606,0,21504,0,1,5439,815,678,-841,-64,14,-491,1397,332,-181,-318,3896,1341,0.6280299388862185,0.21416903623933692,0.5472144134934832,78.02868900278045,19.0
16/03/2026,40,35734,38352,33627,3982,6606,0,21504,0,1,5604,925,698,-856,-147,0,-500,1374,337,-178,-336,3982,1317,0.6000824006042711,0.2193720128259423,0.5456810631229236,75.20493833867363,19.5
16/03/2026,41,34273,37196,32260,4043,6606,0,21504,0,7,5595,998,610,-880,-122,0,-642,1002,378,-433,-239,4043,672,0.5499210327542402,0.223062496218767,0.5044722719141324,71.62571115969061,20.0
16/03/2026,42,33294,36137,31245,4104,6606,0,21504,0,7,5504,1007,606,-882,-165,0,-652,924,382,-455,-82,4104,683,0.5163084529286548,0.22675297961159174,0.5051750575006388,58.77678990645777,20.5
16/03/2026,43,31492,33870,29753,4146,6606,0,21504,0,7,5756,1571,839,-735,-53,1,-654,553,382,-329,15,4146,1590,0.4544393325551054,0.2292939681771432,0.5631229235880398,53.07772189118226,21.0
16/03/2026,44,29838,32148,28231,4187,6606,0,21504,0,7,5862,1626,861,-724,64,71,-654,474,382,-325,143,4187,1918,0.3976515827782737,0.23177445701494342,0.5840787119856887,48.922168612059096,21.5
16/03/2026,45,27810,30831,26301,4177,6606,0,21504,0,6,5814,1597,892,-895,192,8,-655,104,415,-865,227,4177,1020,0.3280230721691959,0.2311694597374312,0.5267058522872476,46.21455938336489,22.0
16/03/2026,46,26311,29400,24827,4167,6606,0,21504,0,6,5856,1593,891,-909,263,0,-656,27,416,-918,228,4167,935,0.27655702808487265,0.23056446245991893,0.5212752363915154,43.84676148733297,22.5
16/03/2026,47,24455,28605,23009,4163,6606,0,21504,0,362,5805,1182,639,-981,246,0,-796,-335,188,-1076,230,4163,-703,0.21283389411522352,0.23032246354891403,0.41662407360081777,43.271200386125166,23.0
16/03/2026,48,23670,28227,22236,4158,6606,0,21504,0,660,5744,1145,618,-990,272,0,-806,-411,175,-1090,230,4158,-857,0.18588202980155188,0.23001996491015791,0.4067850753897265,42.39898073696281,23.5
17/03/2026,1,23906,29010,22661,4140,6606,0,21504,0,994,5939,1558,759,-966,295,64,-708,-776,588,-1060,230,4140,-16,0.19398475588820985,0.22893096981063585,0.46051622795808844,41.68113658204755,0.0
17/03/2026,2,24150,29201,23150,4121,6606,0,21504,0,875,5987,1598,774,-964,295,171,-701,-854,626,-1057,230,4121,118,0.20236215065577148,0.22778147498336257,0.4690774341937133,41.87949309285572,0.5
17/03/2026,3,23723,29430,22772,4125,6606,0,21504,0,1015,5885,1856,929,-1011,295,177,-750,-1244,719,-1087,230,4125,114,0.18770170981253861,0.22802347389436747,0.46882187579862,41.29092665969812,1.0
17/03/2026,4,23100,28880,22300,4128,6606,0,21504,0,1013,6196,1880,944,-1013,295,182,-754,-1310,731,-1090,230,4128,95,0.16631188628716612,0.22820497307762114,0.4676079734219269,40.454166790719476,1.5
17/03/2026,5,23037,29048,22140,4155,6606,0,21504,0,1024,6108,1926,988,-1013,295,184,-850,-1434,975,-1090,230,4155,211,0.16414887042504978,0.22983846572690422,0.47501916687963197,40.17041750760223,2.0
17/03/2026,6,22767,28790,21961,4181,6606,0,21504,0,1014,6152,1930,992,-1013,295,184,-857,-1449,994,-1090,230,4181,216,0.15487880244455127,0.23141145864843607,0.4753386148734986,39.746036040858996,2.5
17/03/2026,7,22027,28006,21260,4205,6606,0,21504,0,1017,6121,1947,983,-1012,295,184,-857,-1403,816,-1090,230,4205,93,0.12947194946096272,0.2328634521144655,0.46748019422438025,38.843370530516935,3.0
17/03/2026,8,21856,27806,21072,4229,6606,0,21504,0,1012,6034,1947,978,-1020,295,184,-856,-1372,794,-1090,230,4229,90,0.12360090640664698,0.23431544558049489,0.4672885254280603,38.568802380289824,3.5
17/03/2026,9,21503,27130,20846,4267,6606,0,21504,0,933,6296,1674,655,-1013,295,183,-1010,-981,402,-1090,230,4267,-655,0.11148115086177299,0.23661443523504144,0.41969077434193713,38.96699749058094,4.0
17/03/2026,10,21562,27186,20749,4304,6606,0,21504,0,1001,6311,1639,622,-1013,295,185,-1021,-899,360,-1090,230,4304,-692,0.11350683238343748,0.23885292516183676,0.4173268591873243,39.02814835673591,4.5
17/03/2026,11,21574,26784,20698,4305,6606,0,21504,0,874,6315,774,400,-1014,295,184,-1022,-515,-91,-1094,202,4305,-1881,0.11391883540479297,0.238913424889588,0.34136212624584716,40.56210814458713,5.0
17/03/2026,12,22493,27063,21506,4306,6606,0,21504,0,277,5870,684,373,-1014,295,185,-1022,-435,-128,-1094,230,4306,-1926,0.1454714001236009,0.2389739246173392,0.3384870943010478,41.87989638040291,5.5
17/03/2026,13,23878,27755,22943,4269,6606,0,21504,0,39,5773,405,-52,-1012,295,184,-1021,-60,83,-1093,230,4269,-2041,0.19302341550504704,0.2367354346905439,0.331139790442116,43.99607777064325,6.0
17/03/2026,14,25678,29495,24623,4232,6606,122,21504,0,12,5678,404,-81,-1013,295,185,-1022,20,110,-1089,230,4354,-1961,0.25482386870837054,0.24187791154939803,0.3362509583439816,46.22165410337896,6.5
17/03/2026,15,28581,32119,27239,4179,6606,717,21504,0,11,5545,1509,589,-999,295,184,-953,391,614,-975,230,4896,885,0.3544942662912861,0.27466876399056206,0.5180807564528495,55.96041925193136,7.0
17/03/2026,16,29643,33147,28005,4126,6606,1614,21504,0,7,5295,1640,656,-998,295,185,-942,424,663,-957,230,5740,1196,0.390956533681247,0.32573053421259607,0.5379504216713519,55.362602747846026,7.5
17/03/2026,17,30496,32178,28729,4185,6606,2654,21504,0,10,5127,1970,963,-396,293,183,-193,72,969,-483,230,6839,3608,0.4202430817825997,0.39221973501119245,0.692052133912599,51.24920702057247,8.0
17/03/2026,18,29871,31378,28112,4244,6606,3965,21504,0,13,5237,2002,991,-317,220,115,-131,-4,996,-442,230,8209,3660,0.3987845910870013,0.4751043620303709,0.6953743930488117,47.7907649215927,8.5
17/03/2026,19,28951,30914,27275,4319,6606,5460,21504,0,11,5617,2002,991,-309,254,5,200,-379,996,-664,230,9779,3326,0.3671976927830804,0.5700889345997943,0.6740352670585229,44.10453433215894,9.0
17/03/2026,20,27658,29785,25886,4393,6606,6943,21504,0,28,5413,2002,992,-351,123,0,224,-458,996,-690,230,11336,3068,0.3228043672320264,0.6642870107084519,0.6575517505750064,39.832529356527374,9.5
17/03/2026,21,25954,29884,24252,4457,6606,7974,21504,0,463,5669,2002,992,-962,8,0,-6,-841,996,-1058,230,12431,1361,0.2642999381995468,0.7305342125960433,0.5484922054689496,37.68612704072157,10.0
17/03/2026,22,25149,29545,23430,4521,6606,9183,21504,0,797,5648,2002,992,-967,0,0,-23,-915,996,-1094,230,13704,1221,0.236661402183616,0.807550366023353,0.5395476616406849,24.44899187383035,10.5
17/03/2026,23,23902,28602,22197,4546,6606,10356,21504,0,822,5980,2002,992,-964,0,0,-23,-1197,996,-1094,230,14902,942,0.19384742154775803,0.8800290398693206,0.5217224635829287,20.918576394172128,11.0
17/03/2026,24,23192,27913,21411,4571,6606,11607,21504,0,800,5801,2003,992,-965,0,0,-23,-1239,997,-1094,202,16178,873,0.1694705761175582,0.9572266924798838,0.5173140812675696,17.715740644954423,11.5
17/03/2026,25,22230,27107,20424,4553,6606,12285,21504,0,865,5526,2003,992,-1011,41,0,-68,-1239,997,-1094,91,16838,712,0.1364416672388931,0.9971565127956924,0.5070278558650652,15.402414188383649,12.0
17/03/2026,26,21794,26659,20044,4534,6606,12351,21504,0,856,5492,2002,992,-1012,2,0,-82,-1221,997,-1094,0,16885,584,0.12147222412964362,1.0,0.49884998722208024,14.881889220744137,12.5
17/03/2026,27,20953,26419,19198,4536,6606,11881,21504,0,851,5548,2006,992,-1012,0,0,-897,-939,997,-1094,-73,16417,-20,0.09259767904964636,0.9716861274124267,0.46026066956299516,15.348109948353152,13.0
17/03/2026,28,20759,26319,18968,4537,6606,11469,21504,0,844,5666,2007,992,-1013,0,0,-968,-873,997,-1094,-168,16006,-120,0.08593696353773261,0.9468207393066731,0.45387170968566315,15.955422168595852,13.5
17/03/2026,29,21135,26502,19369,4529,6606,10558,21504,0,842,5545,2006,992,-1014,-53,0,-1006,-490,997,-1094,-268,15087,70,0.09884639154020462,0.8912214895032973,0.4660107334525939,17.896996307457393,14.0
17/03/2026,30,21684,27013,20004,4520,6606,9331,21504,0,769,5883,2007,992,-1014,-16,0,-1009,-410,997,-1094,-417,13851,36,0.1176955297672183,0.816443826002783,0.46383848709430103,20.93773666871922,14.5
17/03/2026,31,22472,27352,20879,4477,6606,7961,21504,0,521,5855,2007,992,-1013,-84,0,-1020,-36,997,-1094,-512,12438,237,0.1447503948362288,0.7309577106903019,0.4766802964477383,24.327678543785332,15.0
17/03/2026,32,24258,28628,22675,4434,6606,6434,21504,0,108,5950,2006,992,-1014,-21,0,-1021,44,997,-1094,-512,10868,377,0.20607017784797088,0.6359731381208784,0.48562484027600306,29.451116164772422,15.5
17/03/2026,33,26692,31165,24767,4325,6606,4779,21504,0,174,5571,2006,992,-1013,-110,0,-1021,415,997,-1094,-461,9104,711,0.28963812401290945,0.5292516183677174,0.5069639662662918,45.56869708415902,16.0
17/03/2026,34,28907,33132,26928,4215,6606,3065,21504,0,169,6098,2006,992,-1013,-24,0,-1022,494,997,-1083,-314,7280,1033,0.3656870150381103,0.4189001149494827,0.5275364170713008,51.50974881161391,16.5
17/03/2026,35,30618,34385,29127,4132,6606,1452,21504,0,165,5794,2006,992,-1013,-5,0,-1021,864,997,-619,-344,5584,1857,0.42443177916638053,0.31629257668340494,0.5801814464605163,56.58651016376198,17.0
17/03/2026,36,32966,36866,30726,4048,6606,283,21504,0,144,5370,2004,991,-1013,-115,0,-1021,942,997,-571,-436,4331,1778,0.5050470370116048,0.24048641781111985,0.575134168157424,65.68414485688675,17.5
17/03/2026,37,33485,37111,31353,3972,6606,2,21504,0,1,5050,1590,910,-902,-261,-55,-820,1313,988,-474,-513,3974,1776,0.5228661676852296,0.21888801500393248,0.5750063889598773,68.3920415165457,18.0
17/03/2026,38,34657,37943,32346,3895,6606,0,21504,0,1,5023,1553,903,-817,-269,-206,-791,1369,987,-88,-514,3895,2127,0.5631051294376159,0.2141085365115857,0.5974316381293125,71.46023363200945,18.5
17/03/2026,39,35453,37327,33158,3841,6606,0,21504,0,4,4877,1965,985,202,-399,-357,111,1394,996,573,-514,3841,4956,0.59043466318753,0.21084155121301953,0.778175313059034,70.37408956943953,19.0
17/03/2026,40,34671,36743,32557,3786,6606,0,21504,0,9,5009,2004,992,236,-451,-498,192,1397,997,860,-514,3786,5215,0.5635857996291973,0.20751406618670215,0.7947227191413238,68.03078037814497,19.5
17/03/2026,41,33492,36033,31510,3685,6606,0,21504,0,11,4567,2004,992,-436,-452,-528,229,1397,997,887,-514,3685,4576,0.5231065027810204,0.20140359368382843,0.7538972655251726,66.01377269351829,20.0
17/03/2026,42,32404,35037,30441,3584,6606,0,21504,0,13,4168,2003,992,-527,-451,-528,233,1397,996,1060,-514,3584,4661,0.48575156217812265,0.19529312118095468,0.7593278814209047,53.44667758006849,20.5
17/03/2026,43,31220,34192,29340,3479,6606,0,21504,0,6,4103,2002,992,-871,-452,-529,658,1397,996,907,-514,3479,4586,0.44510059740438096,0.18894064976707606,0.7545361615129057,50.98215629931765,21.0
17/03/2026,44,29790,32792,27897,3374,6606,0,21504,0,10,4085,2001,992,-898,-451,-529,690,1396,995,860,-514,3374,4542,0.39600357069285175,0.1825881783531974,0.7517250191668796,48.060764875029875,21.5
17/03/2026,45,28443,31342,26758,3210,6606,0,21504,0,9,3985,2001,992,-795,-452,-529,705,1381,995,860,-514,3210,4644,0.349756231545698,0.1726662230019965,0.7582417582417582,45.52707967449335,22.0
17/03/2026,46,26668,29934,25056,3046,6606,0,21504,0,436,3836,2001,992,-734,-452,-530,706,1356,995,785,-514,3046,4605,0.28881411797019846,0.16274426765079558,0.7557500638895988,42.50885184106549,22.5
17/03/2026,47,25552,28113,23907,2857,6606,0,21504,0,473,3763,2001,992,-9,-451,-515,780,984,996,560,-513,2857,4825,0.25049783698413786,0.15130981910581404,0.7698057756197291,40.674799167234355,23.0
17/03/2026,48,24834,27172,23199,2667,6606,0,21504,0,243,3170,2001,992,0,-452,-529,786,908,995,560,-514,2667,4747,0.2258463228730344,0.13981487083308125,0.7648223869154102,39.9870436960269,23.5
18/03/2026,1,25203,27597,23505,2500,6606,0,21504,0,308,3309,2000,992,712,-451,-522,982,562,996,832,-513,2500,5590,0.23851541577971572,0.12971141629862665,0.8186813186813187,39.98594638678831,0.0
18/03/2026,2,25425,27627,23723,2333,6606,0,21504,0,194,3075,2001,992,920,-452,-419,997,534,996,928,-537,2333,5960,0.24613747167479227,0.11960796176417206,0.8423204702274469,40.3714336222109,0.5
18/03/2026,3,25462,27570,23805,2136,6606,0,21504,0,141,3051,2001,992,996,-452,-401,997,904,996,980,-514,2136,6499,0.24740781432397171,0.10768951539718072,0.8767569639662663,40.30176001501789,1.0
18/03/2026,4,24873,26918,23172,1938,6606,0,21504,0,127,2801,2001,992,1002,-452,-353,997,976,996,980,-513,1938,6626,0.22718533269243973,0.09571056930243814,0.8848709430104779,39.5558141729223,1.5
18/03/2026,5,24645,26807,22873,1781,6606,0,21504,0,125,2523,2001,992,1003,-452,-471,997,1243,996,980,-514,1781,6775,0.21935727528668544,0.0862121120454958,0.8943904932277025,39.36377585521988,2.0
18/03/2026,6,23995,26124,22114,1623,6606,0,21504,0,124,2165,2000,992,1002,-451,-440,997,1285,996,980,-514,1623,6847,0.19704044496326306,0.07665315506080222,0.8989905443393815,38.471798234122375,2.5
18/03/2026,7,23856,25879,21912,1436,6606,0,21504,0,20,2108,2001,992,818,-452,-437,998,1334,996,980,-514,1436,6716,0.19226807663256198,0.06533970597132313,0.8906210069000766,38.88476042488426,3.0
18/03/2026,8,23344,25323,21277,1249,6606,0,21504,0,10,1633,2000,992,801,-451,-404,997,1343,995,980,-514,1249,6739,0.17468928105472772,0.05402625688184403,0.8920904676718631,38.39854810644928,3.5
18/03/2026,9,23235,25187,21075,1113,6606,0,21504,0,10,1507,2001,992,268,-452,-376,997,1390,996,980,-514,1113,6282,0.17094692027741537,0.045798293907677416,0.862892921032456,39.145800294151115,4.0
18/03/2026,10,23332,25208,21116,976,6606,0,21504,0,10,1280,2001,992,225,-452,-300,997,1397,996,980,-514,976,6322,0.17427727803337226,0.037509831205759576,0.8654485049833887,39.659146156198965,4.5
18/03/2026,11,23957,25810,21657,924,6606,0,21504,0,10,1144,2000,992,108,-426,-303,997,1397,996,759,-514,924,6006,0.19573576872897067,0.03436384536269587,0.8452593917710197,41.45578141191341,5.0
18/03/2026,12,24621,26604,22264,872,6606,0,21504,0,10,898,2001,992,103,-437,-422,997,1397,996,640,-514,872,5753,0.21853326924397445,0.03121785951963216,0.8290953232813698,43.32811228175451,5.5
18/03/2026,13,26530,28290,23902,848,6606,8,21504,0,10,705,2002,992,795,-340,-333,997,1397,996,640,-477,856,6669,0.2840760832246103,0.03024986387561256,0.8876181957577306,46.568848475301756,6.0
18/03/2026,14,28632,30598,25744,823,6606,466,21504,0,10,572,2001,992,901,-427,-417,997,1397,997,942,-512,1289,6871,0.35624527913204695,0.05644624599189304,0.9005238947099412,49.938713507632535,6.5
18/03/2026,15,29828,31927,26760,821,6606,1887,21504,0,8,376,2002,992,999,-451,-526,997,1397,997,982,-514,2708,6875,0.3973082469271441,0.14229535967088147,0.9007794531050345,57.50977438486514,7.0
18/03/2026,16,29939,32046,26674,818,6606,3629,21504,0,10,172,2002,992,1002,-452,-531,997,1397,997,982,-514,4447,6872,0.4011192748746824,0.24750438623026197,0.9005877843087146,52.0237357626994,7.5
18/03/2026,17,29419,31525,26024,750,6606,5203,21504,0,11,-26,2001,992,1003,-451,-530,997,1397,996,982,-514,5953,6873,0.3832658106159445,0.338616976223607,0.9006516739074879,47.27870076453548,8.0
18/03/2026,18,28071,30176,24775,682,6606,6804,21504,0,9,-202,2002,992,1002,-452,-530,997,1397,996,982,-514,7486,6872,0.3369841378836778,0.4313630588662351,0.9005877843087146,42.52671806318577,8.5
18/03/2026,19,27117,29222,23820,631,6606,8368,21504,0,9,-321,2001,992,1002,-451,-531,1015,1397,997,982,-514,8999,6890,0.30422989768591635,0.5228991469538387,0.9017377970866343,38.447465557088805,9.0
18/03/2026,20,25913,28018,22600,579,6606,9678,21504,0,9,-288,2002,992,1003,-452,-530,1016,1397,996,982,-514,10257,6892,0.26289226120991555,0.5990078044648799,0.901865576284181,34.50814478876661,9.5
18/03/2026,21,24490,26598,21201,597,6606,10878,21504,0,7,-418,2002,992,1004,-451,-530,1016,1397,997,982,-520,11475,6889,0.21403556959417702,0.6726964728658721,0.901673907487861,30.347050448033706,10.0
18/03/2026,22,23666,25766,20317,615,6606,11866,21504,0,4,-355,2002,992,1003,-451,-531,1016,1397,997,982,-514,12481,6893,0.18574469546110003,0.7335591989836046,0.9019294658829543,17.384422531276773,10.5
18/03/2026,23,23111,25211,19708,628,6606,12541,21504,0,4,-536,2002,992,1003,-452,-530,1016,1397,996,982,-514,13169,6892,0.16668955572340863,0.7751830116764474,0.901865576284181,15.374780352959306,11.0
18/03/2026,24,22889,24987,19467,641,6606,12828,21504,0,4,-753,2002,992,1002,-451,-529,1016,1397,997,982,-514,13469,6894,0.15906749982833207,0.793332930001815,0.9019933554817275,14.52284498344428,11.5
18/03/2026,25,22569,24668,19331,694,6606,12914,21504,0,4,-579,2001,992,1002,-451,-530,1016,1397,997,982,-514,13608,6892,0.14808075259218567,0.8017423921592353,0.901865576284181,13.833646813226753,12.0
18/03/2026,26,22550,24650,19339,746,6606,12730,21504,0,4,-495,2002,992,1003,-451,-531,1016,1397,996,982,-514,13476,6892,0.1474284144750395,0.7937564280960736,0.901865576284181,14.047132210435755,12.5
18/03/2026,27,22076,24179,18974,760,6606,12276,21504,0,6,-566,2001,992,1003,-452,-531,1016,1397,997,982,-514,13036,6891,0.13115429513149762,0.7671365478855345,0.9018016866854076,14.196041634985718,13.0
18/03/2026,28,22307,24408,19133,773,6606,11549,21504,0,5,-819,2001,992,1002,-451,-531,1016,1397,997,982,-514,12322,6891,0.1390853532925908,0.7239397422711598,0.9018016866854076,15.809188129860686,13.5
18/03/2026,29,22547,24646,19354,755,6606,10528,21504,0,4,-712,2001,992,1003,-451,-530,997,1397,996,982,-514,11283,6873,0.14732541371970062,0.6610805251376369,0.9006516739074879,18.04756731650916,14.0
18/03/2026,30,22930,25030,19836,736,6606,9324,21504,0,4,-578,2001,992,1003,-452,-530,996,1397,996,982,-514,10060,6871,0.16047517681796333,0.5870893580978885,0.9005238947099412,20.795848435583057,14.5
18/03/2026,31,23857,25927,20775,715,6606,7858,21504,0,6,-492,2001,992,1003,-451,-499,996,1397,997,982,-514,8573,6904,0.19230241021767494,0.49712626293181683,0.9026322514694608,24.725663491363274,15.0
18/03/2026,32,25901,27915,22645,694,6606,6288,21504,0,10,-477,2001,992,900,-452,-438,996,1397,996,982,-514,6982,6860,0.26248025818856,0.40087119607961763,0.8998211091234347,30.476652262685175,15.5
18/03/2026,33,27169,30559,23890,678,6606,4704,21504,0,20,-112,2002,992,-591,-452,-496,865,1397,996,-717,-514,5382,3482,0.30601524411179015,0.30407163167765744,0.6840020444671607,49.43864658255631,16.0
18/03/2026,34,29202,33110,25820,662,6606,3094,21504,0,16,11,2002,992,-746,-452,-530,838,1397,996,-1050,-514,3756,2933,0.37581542264643275,0.2056990743541654,0.6489266547406082,57.619485897797944,16.5
18/03/2026,35,31078,34985,27643,701,6606,1545,21504,0,7,156,2004,992,-851,-451,-530,-96,1397,997,-858,-514,2246,2090,0.440225228318341,0.11434448544981547,0.5950677229746997,68.64921562409769,17.0
18/03/2026,36,32836,36631,29360,739,6606,336,21504,0,2,319,2004,992,-794,-451,-530,-162,1397,996,-742,-514,1075,2196,0.5005836709469202,0.04349930425313086,0.6018400204446716,79.21713439794121,17.5
18/03/2026,37,35221,37318,31718,796,6606,3,21504,0,1,333,2001,992,397,-452,-530,846,1397,997,24,-514,799,5158,0.5824692714413239,0.026801379393792728,0.7910810120112446,85.1991176107671,18.0
18/03/2026,38,36029,38124,32386,853,6606,0,21504,0,1,127,2001,992,477,-451,-529,945,1397,996,120,-514,853,5434,0.6102108082125935,0.030068364692358886,0.8087145412726808,87.52600584869708,18.5
18/03/2026,39,36164,38271,32459,927,6606,0,21504,0,12,-30,2000,992,829,-451,-530,858,1397,996,830,-514,927,6407,0.6148458422028428,0.03454534454594954,0.8708791208791209,86.34481098900308,19.0
18/03/2026,40,35871,37948,32229,1001,6606,0,21504,0,11,17,2001,992,854,-452,-500,852,1397,997,986,-514,1001,6613,0.6047861017647462,0.039022324399540204,0.8840403782264248,84.54528588078793,19.5
18/03/2026,41,34698,36628,31154,1049,6606,0,21504,0,15,-187,2001,992,876,-441,-360,829,1397,996,924,-514,1049,6700,0.5645128064272471,0.041926311331599006,0.8895987733197036,79.91654614212906,20.0
18/03/2026,42,33625,35470,30134,1097,6606,0,21504,0,13,-373,2001,992,877,-352,-366,828,1397,996,847,-514,1097,6706,0.5276728696010438,0.044830298263657815,0.8899821109123435,65.95058053962707,20.5
18/03/2026,43,31926,33974,28636,1123,6606,0,21504,0,13,-387,2000,992,758,-435,-486,793,1397,996,683,-514,1123,6184,0.46934010849412894,0.04640329118518967,0.8566317403526705,60.98140388328096,21.0
18/03/2026,44,30208,32166,27192,1149,6606,0,21504,0,13,-496,2000,992,749,-451,-380,790,1397,996,650,-514,1149,6229,0.41035500927006796,0.04797628410672152,0.85950677229747,55.66387682871242,21.5
18/03/2026,45,28683,30489,26040,1094,6606,0,21504,0,12,-369,2001,992,781,-452,-228,711,1397,996,650,-514,1094,6334,0.3579962919728078,0.04464879908040414,0.8662151801686685,51.54728318124411,22.0
18/03/2026,46,26840,28699,24354,1038,6606,0,21504,0,265,-541,2000,992,784,-440,-78,705,1374,996,582,-476,1038,6439,0.29471949460962715,0.041260814326335535,0.8729235880398671,46.94696175045454,22.5
18/03/2026,47,26298,28184,23842,986,6606,0,21504,0,409,-71,2000,992,544,-384,0,977,1002,996,560,-493,986,6194,0.27611069147840417,0.03811482848327183,0.8572706363404038,46.154091925997804,23.0
18/03/2026,48,25778,27529,23309,934,6606,0,21504,0,333,-204,2001,992,526,-304,0,997,950,996,509,-514,934,6153,0.25825722721966626,0.034968842640208116,0.8546511627906976,45.17966271505269,23.5
19/03/2026,1,25622,27188,23177,844,6606,0,21504,0,190,-119,2000,992,605,-255,0,983,987,996,120,-521,844,5907,0.2529011879420449,0.02952386714259786,0.838934321492461,45.44549072040697,0.0
19/03/2026,2,25925,27554,23614,754,6606,0,21504,0,190,305,2001,992,610,-325,0,982,993,996,120,-514,754,5855,0.263304264231271,0.024078891644987596,0.8356120623562484,46.53128930611901,0.5
19/03/2026,3,25532,27198,23314,698,6606,0,21504,0,221,311,2001,992,397,-331,0,817,1008,996,120,-514,698,5486,0.24981116528187874,0.02069090689091899,0.8120368004088935,46.28074896467812,1.0
19/03/2026,4,24932,26840,22767,641,6606,0,21504,0,463,261,2001,992,380,-331,0,805,988,996,120,-514,641,5437,0.22921101421410423,0.017242422409099158,0.8089062100690008,45.16888472961899,1.5
19/03/2026,5,24443,26277,22356,622,6606,0,21504,0,389,590,2001,992,110,-331,0,686,637,997,120,-514,622,4698,0.21242189109386803,0.016092927581825883,0.7616917965755176,45.09295559961236,2.0
19/03/2026,6,23813,25602,21742,603,6606,0,21504,0,344,632,2001,992,103,-331,0,677,584,996,120,-514,603,4628,0.1907917324727048,0.014943432754552604,0.7572195246613851,43.89433329386982,2.5
19/03/2026,7,23353,25632,21356,597,6606,0,21504,0,343,712,2004,992,-491,-331,0,365,577,997,120,-514,597,3719,0.17499828332074435,0.014580434388045254,0.6991438793764375,44.12367388903133,3.0
19/03/2026,8,23076,25406,21117,590,6606,0,21504,0,287,745,2004,992,-598,-331,0,340,585,996,120,-514,590,3594,0.16548788024445513,0.014156936293786677,0.6911576795297726,43.74571680618917,3.5
19/03/2026,9,22732,25995,20839,599,6606,0,21504,0,279,846,2004,992,-855,-331,0,-255,725,997,-429,-514,599,2334,0.15367712696559774,0.014701433843547704,0.6106567850753897,44.651760958534936,4.0
19/03/2026,10,22482,26107,20556,608,6606,0,21504,0,280,933,2005,992,-875,-303,-51,-306,769,996,-712,-498,608,2017,0.14509373068735837,0.01524593139330873,0.5904037822642474,44.549922699300595,4.5
19/03/2026,11,23372,27477,21391,622,6606,0,21504,0,279,1187,2006,992,-1005,-164,-4,-969,1140,997,-712,-372,622,1909,0.17565062143789054,0.016092927581825883,0.5835037055967288,46.40068237824621,5.0
19/03/2026,12,24238,28289,22141,635,6606,0,21504,0,276,1512,2006,992,-1014,-26,0,-1022,1205,997,-813,-300,635,2025,0.20538350614571174,0.01687942404259181,0.590914899054434,48.02268688163442,5.5
19/03/2026,13,26217,30168,23869,680,6606,14,21504,0,24,1877,2007,992,-1012,-28,-3,-1022,1372,997,-1000,-262,694,2041,0.2733296710842546,0.02044890797991409,0.5919371326348071,52.31789777217063,6.0
19/03/2026,14,27683,31832,25191,725,6606,500,21504,0,13,1831,2007,992,-908,-168,-108,-996,1397,998,-965,-391,1225,1858,0.3236627068598503,0.05257426341581463,0.5802453360592895,54.17371030086839,6.5
19/03/2026,15,30110,31809,27337,737,6606,1888,21504,0,12,1280,2004,992,409,-320,-260,83,1397,996,335,-507,2625,5129,0.40699031792899815,0.1372738822675298,0.7892282136468183,60.741649316153286,7.0
19/03/2026,16,30000,31978,27087,748,6606,3569,21504,0,12,915,2004,992,494,-441,-411,191,1397,997,632,-514,4317,5341,0.4032136235665728,0.2396394216226027,0.802772808586762,54.48929729474599,7.5
19/03/2026,17,29479,31481,26464,692,6606,5191,21504,0,11,608,2002,992,965,-451,-426,671,1397,997,903,-514,5883,6536,0.38532582572272195,0.33438199528102125,0.8791208791208791,47.95487201966502,8.0
19/03/2026,18,28162,30079,25226,635,6606,6847,21504,0,10,417,2003,992,1003,-452,-341,707,1397,997,1000,-514,7482,6792,0.34010849412895694,0.4311210599552302,0.895476616406849,42.76117563836439,8.5
19/03/2026,19,26692,28553,23878,629,6606,8391,21504,0,10,114,2001,992,1002,-451,-286,905,1397,996,1000,-514,9020,7042,0.28963812401290945,0.5241696412366145,0.9114490161001789,37.63145540141437,9.0
19/03/2026,20,25222,27037,22455,623,6606,9797,21504,0,10,206,2002,992,1002,-452,-239,920,1392,996,1000,-514,10420,7099,0.2391677538968619,0.6088692600883296,0.9150907232302581,32.99881788861943,9.5
19/03/2026,21,24003,25668,21293,642,6606,10941,21504,0,10,185,2004,992,1003,-452,-89,829,1314,996,1000,-514,11583,7083,0.19731511364416673,0.6792304434630044,0.914068489649885,29.234321448878838,10.0
19/03/2026,22,22763,24320,20106,660,6606,11922,21504,0,11,-11,2004,992,1002,-431,-1,822,1279,997,1000,-514,12582,7150,0.15474146810409942,0.7396696714864783,0.9183490927676974,15.632586724215678,10.5
19/03/2026,23,22317,23685,19652,660,6606,12616,21504,0,12,-156,2004,992,1003,-306,0,822,907,997,1000,-450,13276,6969,0.1394286891437204,0.7816564825458285,0.9067850753897265,13.991751581579429,11.0
19/03/2026,24,21610,23113,18942,660,6606,13057,21504,0,254,-398,2004,992,1003,-284,0,822,846,997,1000,-365,13717,7015,0.11515484446885944,0.8083368624841188,0.9097239969332993,12.161607965564823,11.5
19/03/2026,25,21240,22792,18630,631,6606,13146,21504,0,285,-306,2002,992,958,-204,0,866,732,996,1000,-463,13777,6879,0.10245141797706517,0.8119668461491923,0.9010350115001278,11.718351104604281,12.0
19/03/2026,26,21046,22560,18428,601,6606,12715,21504,0,289,-481,2001,992,953,-249,0,869,708,996,998,-376,13316,6892,0.09579070246515141,0.7840764716558776,0.901865576284181,12.272022423246106,12.5
19/03/2026,27,21055,22489,18434,601,6606,12179,21504,0,281,-477,2002,992,953,-167,0,778,587,997,993,-386,12780,6749,0.09609970473116802,0.7516486175812209,0.8927293636595962,13.43994238861817,13.0
19/03/2026,28,21343,22739,18692,601,6606,11218,21504,0,280,-548,2002,992,952,-164,0,771,585,996,993,-352,11819,6775,0.10598777724369979,0.6935083792122936,0.8943904932277025,15.546449848825134,13.5
19/03/2026,29,21898,23296,19282,616,6606,10119,21504,0,283,-218,2001,992,953,-211,0,753,824,996,993,-304,10735,6997,0.1250429169813912,0.6279266743299655,0.9085739841553795,17.992436766249092,14.0
19/03/2026,30,22751,24153,20155,631,6606,9030,21504,0,282,-5,2002,992,953,-222,0,751,883,997,954,-298,9661,7012,0.15432946508274395,0.5629499667251497,0.9095323281369793,21.094033038815684,14.5
19/03/2026,31,23775,25317,21161,649,6606,7607,21504,0,47,133,2004,992,629,-290,-43,388,1255,997,-180,-382,8256,5370,0.18948705623841242,0.4779478492346784,0.8046256069511883,27.14853463347238,15.0
19/03/2026,32,25711,27704,23033,667,6606,6040,21504,0,15,-132,2003,992,580,-427,-189,361,1310,996,-319,-443,6707,4864,0.25595687701709813,0.38423377094803074,0.7722974699718885,33.265312552805234,15.5
19/03/2026,33,27677,30864,24940,662,6606,4500,21504,0,15,100,2002,992,-368,-451,-341,721,1327,996,-909,-503,5162,3466,0.32345670534917254,0.2907616915723879,0.6829798108867876,50.61995908461135,16.0
19/03/2026,34,30112,33563,27175,656,6606,3016,21504,0,17,19,2001,992,-440,-452,-487,744,1333,996,-965,-490,3672,3232,0.40705898509922406,0.2006170972230625,0.6680296447738309,59.4603487759929,16.5
19/03/2026,35,31618,35626,28617,703,6606,1542,21504,0,13,306,2005,992,-972,-451,-457,96,1389,996,-988,-527,2245,2083,0.45876536427933806,0.11428398572206425,0.5946204957832865,70.14973029420906,17.0
19/03/2026,36,32974,36986,29910,750,6606,417,21504,0,15,488,2008,992,-1014,-452,-469,51,1397,995,-992,-470,1167,2046,0.5053217056925084,0.049065279206243574,0.5922565806286737,79.38597384154055,17.5
19/03/2026,37,34573,38276,31264,803,6606,9,21504,0,14,385,2006,992,-798,-452,-402,804,1397,996,-1037,-400,812,3106,0.5602211082881274,0.027587875854558654,0.6599795553283926,85.4035065668784,18.0
19/03/2026,38,35047,38685,31680,856,6606,0,21504,0,14,430,2006,992,-729,-452,-402,867,1397,995,-1003,-438,856,3233,0.5764952276316693,0.03024986387561256,0.6680935343726041,86.69348234704552,18.5
19/03/2026,39,36241,38277,32857,843,6606,0,21504,0,14,213,2005,992,293,-451,-458,988,1397,995,186,-513,843,5434,0.6174895282565406,0.029463367414846633,0.8087145412726808,88.38787523241591,19.0
19/03/2026,40,35915,38019,32574,830,6606,0,21504,0,11,206,2005,992,347,-452,-527,997,1397,996,308,-514,830,5549,0.6062967795097164,0.028676870954080707,0.8160618451316126,87.08901367472325,19.5
19/03/2026,41,34193,36788,30953,839,6606,0,21504,0,16,124,2005,992,199,-451,-528,917,1397,995,-486,-514,839,4526,0.5471743459452036,0.029221368503841733,0.7507027855865065,82.09279428138507,20.0
19/03/2026,42,33059,35716,29933,848,6606,0,21504,0,14,-94,2005,992,188,-452,-519,911,1397,995,-558,-514,848,4445,0.5082400604271098,0.02976586605360276,0.7455277280858676,68.26232515464154,20.5
19/03/2026,43,31560,34279,28727,814,6606,0,21504,0,12,152,2005,992,152,-451,-528,862,1397,996,-614,-514,814,4297,0.4567740163427865,0.027708875310061106,0.7360720674674163,63.764066760027255,21.0
19/03/2026,44,30131,32795,27422,780,6606,0,21504,0,8,377,2006,992,149,-451,-476,858,1385,995,-615,-514,780,4329,0.40771132321637027,0.02565188456651945,0.7381165346281625,59.53473057878233,21.5
19/03/2026,45,28641,30999,26110,748,6606,0,21504,0,8,381,2005,992,250,-451,-507,904,1190,995,-278,-514,748,4586,0.3565542813980636,0.023715893278480248,0.7545361615129057,55.10685478367257,22.0
19/03/2026,46,27226,29404,24785,715,6606,0,21504,0,8,384,2006,992,258,-429,-384,908,1173,995,-243,-514,715,4762,0.30797225846322873,0.021719402262689817,0.7657807308970099,51.26813551368624,22.5
19/03/2026,47,26229,28178,23929,710,6606,0,21504,0,8,659,2005,992,679,-444,-363,991,1368,995,-20,-514,710,5689,0.2737416741056101,0.021416903623933694,0.8250063889598773,47.62709946422669,23.0
19/03/2026,48,25146,27161,22931,705,6606,0,21504,0,8,730,2006,992,712,-452,-441,997,1397,996,3,-514,705,5696,0.23655840142827714,0.021114404985177568,0.8254536161512905,45.104798520752404,23.5
20/03/2026,1,25430,27317,23219,688,6606,0,22126,0,8,762,2005,992,875,-451,-309,997,1397,996,227,-519,688,6210,0.24630913960035708,0.02008590961340674,0.8582928699207769,45.15454788434025,0.0
20/03/2026,2,25867,27704,23667,671,6606,0,22126,0,8,900,2005,992,888,-452,-263,997,1397,996,253,-514,671,6299,0.2613129162947195,0.019057414241635914,0.8639790442116023,46.12247703680715,0.5
20/03/2026,3,25755,27608,23559,652,6606,0,22126,0,6,919,2005,992,884,-451,-282,997,1397,996,570,-514,652,6594,0.25746755476206823,0.017907919414362636,0.8828264758497316,45.54826422433276,1.0
20/03/2026,4,25095,26974,23002,632,6606,0,22126,0,49,914,2005,992,884,-452,-264,997,1397,996,600,-514,632,6641,0.23480738858751632,0.01669792485933813,0.8858292869920776,44.029076347946564,1.5
20/03/2026,5,24509,26529,22476,634,6606,0,22126,0,154,884,2006,992,660,-452,-300,997,1397,996,538,-514,634,6320,0.2146879077113232,0.016818924314840583,0.8653207257858421,43.12566213871232,2.0
20/03/2026,6,24024,26139,21978,635,6606,0,22126,0,186,919,2005,992,643,-451,-364,997,1397,996,522,-514,635,6223,0.19803611893153883,0.01687942404259181,0.8591234347048301,42.20165822807242,2.5
20/03/2026,7,23782,26070,21836,651,6606,0,22126,0,254,1093,2005,992,496,-452,-317,997,1397,995,-151,-514,651,5448,0.1897273913342031,0.01784741968661141,0.8096089956555073,42.634056628874255,3.0
20/03/2026,8,23229,25606,21322,666,6606,0,22126,0,342,991,2006,992,473,-452,-244,998,1397,995,-225,-514,666,5426,0.1707409187667376,0.018754915602879788,0.8082034244824943,41.488905502396676,3.5
20/03/2026,9,22848,26083,21024,679,6606,0,22126,0,176,1210,2007,992,-258,-452,-214,665,1397,996,-1021,-514,679,3598,0.1576598228387008,0.019541412063645715,0.6914132379248659,43.03648751684295,4.0
20/03/2026,10,22873,26017,21012,691,6606,0,22126,0,12,1293,2007,992,-306,-452,-165,589,1397,995,-1095,-514,691,3448,0.15851816246652475,0.020267408796660415,0.6818297981088679,43.24290452600095,4.5
20/03/2026,11,22634,27109,20738,683,6606,0,22126,0,14,1387,2012,992,-959,-452,-111,-733,1397,996,-1092,-514,683,1536,0.15031243562452792,0.019783410974650615,0.5596728852542806,45.247806967218885,5.0
20/03/2026,12,23443,28236,21494,674,6606,0,22126,0,16,1537,2012,992,-1015,-439,-255,-862,1396,996,-1092,-514,674,1219,0.17808830598091052,0.01923891342488959,0.5394198824431382,47.27195495855198,5.5
20/03/2026,13,25900,29643,23709,686,6606,6,22126,0,19,1678,2008,992,-838,-343,-370,239,1389,995,-1059,-514,692,2499,0.26244592460344707,0.02032790852441164,0.6211985688729875,50.981296373548666,6.0
20/03/2026,14,27499,31256,25129,697,6606,249,22126,0,15,1783,2007,992,-764,-428,-505,352,1389,996,-931,-514,946,2594,0.3173453271990661,0.03569483937322282,0.6272680807564528,53.83722612918904,6.5
20/03/2026,15,30267,32373,27603,665,6606,870,22126,0,9,1305,2006,992,723,-452,-531,822,1396,996,726,-514,1535,6164,0.41238069079173245,0.07132917901869441,0.8553539483772042,64.22724131452486,7.0
20/03/2026,16,30989,33094,28225,632,6606,1773,22126,0,8,1439,2006,992,952,-452,-531,858,1397,996,989,-514,2405,6693,0.4371695392432878,0.12396394216226027,0.8891515461282903,61.87069714487087,7.5
20/03/2026,17,31264,33362,28471,594,6606,2825,22126,0,1,1326,2006,992,999,-452,-531,897,1397,996,989,-514,3419,6779,0.4466112751493511,0.18531066610200253,0.8946460516227958,58.50889048776897,8.0
20/03/2026,18,31236,33334,28415,556,6606,3940,22126,0,1,1286,2006,992,1003,-452,-531,899,1397,995,989,-514,4496,6784,0.4456499347661883,0.25046887289007197,0.8949654996166624,54.69836002651742,8.5
20/03/2026,19,30581,32680,27813,542,6606,5147,22126,0,2,1175,2006,992,1002,-452,-531,872,1397,995,992,-514,5689,6759,0.4231614365172011,0.32264504809728356,0.8933682596473295,49.98595348528197,9.0
20/03/2026,20,29457,31558,26745,527,6606,6259,22126,0,7,1132,2007,992,1003,-452,-528,870,1397,995,993,-514,6786,6763,0.3845704868502369,0.3890132494403775,0.8936238180424227,45.839945629949696,9.5
20/03/2026,21,28140,30142,25497,529,6606,7165,22126,0,10,1092,2007,992,1003,-452,-426,1006,1397,995,993,-514,7694,7001,0.33935315525647186,0.44394700223848993,0.9088295425504728,42.07912529209473,10.0
20/03/2026,22,27007,28857,24408,530,6606,8376,22126,0,8,991,2007,992,1003,-452,-276,1016,1397,995,993,-514,8906,7161,0.300453203323491,0.5172726722729748,0.919051878354204,28.118910397666312,10.5
20/03/2026,23,26230,28089,23710,559,6606,9377,22126,0,97,886,2006,992,1002,-452,-196,1016,1397,995,993,-514,9936,7239,0.2737760076907231,0.5795873918567367,0.9240352670585229,25.082713210756364,11.0
20/03/2026,24,25347,27289,22899,587,6606,9800,22126,0,219,805,2007,992,1002,-452,-157,1016,1397,995,993,-514,10387,7279,0.2434594520359816,0.6068727690725392,0.9265908510094557,23.00037798907398,11.5
20/03/2026,25,24707,26624,22304,581,6606,10066,22126,0,227,561,2006,992,1002,-452,-124,1016,1397,995,993,-514,10647,7311,0.2214859575636888,0.6226026982878577,0.9286353181702018,21.608650990507783,12.0
20/03/2026,26,24526,26610,22211,575,6606,10107,22126,0,414,616,2006,992,1002,-452,-104,1016,1397,995,991,-514,10682,7329,0.2152715786582435,0.6247201887591506,0.9297853309481217,21.273550864592792,12.5
20/03/2026,27,23962,26444,21748,569,6606,9854,22126,0,830,558,2006,992,1003,-452,-86,1016,1397,995,989,-514,10423,7346,0.19590743665453547,0.6090507592715833,0.9308714541272681,20.947345605488557,13.0
20/03/2026,28,23790,26293,21600,562,6606,9257,22126,0,855,550,2006,992,1002,-452,-82,1016,1397,996,989,-514,9819,7350,0.19000206001510678,0.5725089237098433,0.9311270125223614,21.802274438861744,13.5
20/03/2026,29,24158,26627,21923,589,6606,8855,22126,0,901,593,2006,992,1003,-452,-2,998,1397,995,989,-514,9444,7412,0.20263681933667513,0.5498215258031339,0.9350881676463072,22.909063646446846,14.0
20/03/2026,30,24314,26786,22053,615,6606,7935,22126,0,836,669,2004,992,1002,-445,-77,996,1397,995,969,-514,8550,7319,0.2079928586142965,0.49573476919353865,0.9291464349603884,24.864742569557933,14.5
20/03/2026,31,24903,26780,22742,638,6606,6647,22126,0,198,838,2004,992,821,-342,-216,753,1397,995,92,-514,7285,5982,0.22821534024582846,0.41920261358823885,0.84372604140046,29.678014374176772,15.0
20/03/2026,32,26026,28051,23990,660,6606,5225,22126,0,170,1093,2004,992,778,-320,-366,735,1397,995,-23,-514,5885,5678,0.26677195632767975,0.3345029947365237,0.8243036033733708,34.149716343544064,15.5
20/03/2026,33,27488,30721,25422,686,6606,3783,22126,0,172,1206,2004,992,116,-441,-505,609,1397,996,-996,-514,4469,3658,0.3169676577628236,0.2488353802407889,0.695246613851265,51.587233060684355,16.0
20/03/2026,34,29503,32867,27387,711,6606,2543,22126,0,173,1183,2004,992,102,-451,-531,600,1397,996,-1095,-514,3254,3500,0.38614983176543294,0.1753282110230504,0.6851520572450805,59.1498511413709,16.5
20/03/2026,35,31140,35192,28936,735,6606,1262,22126,0,166,1379,2004,992,-695,-452,-530,527,1397,996,-1095,-514,1997,2630,0.44235391059534435,0.09928005323976043,0.6295681063122923,69.18637299642549,17.0
20/03/2026,36,32654,36896,30399,758,6606,374,22126,0,164,1586,2005,992,-894,-452,-531,522,1397,996,-1087,-514,1132,2434,0.494334958456362,0.046947788734950695,0.6170457449527217,78.03336655503162,17.5
20/03/2026,37,34093,37134,31709,828,6606,11,22126,0,167,1465,2004,992,-236,-452,-530,679,1397,996,-542,-514,839,3794,0.5437409874339079,0.029221368503841733,0.7039355992844365,82.67811275238876,18.0
20/03/2026,38,34598,37531,32014,897,6606,0,22126,0,164,1352,2004,992,-187,-452,-530,690,1397,996,-486,-514,897,3910,0.5610794479159514,0.03273035271341279,0.7113467927421416,83.98349746447332,18.5
20/03/2026,39,34778,37175,32123,930,6606,0,22126,0,168,1377,2002,992,556,-451,-530,976,1397,996,-134,-514,930,5290,0.5672594932362838,0.03472684372920322,0.7995144390493227,82.67374700405065,19.0
20/03/2026,40,34214,36580,31461,962,6606,0,22126,0,168,1011,2002,992,692,-452,-531,997,1397,997,-101,-514,962,5479,0.5478953512325757,0.03666283501724242,0.8115895732174802,80.26565867258783,19.5
20/03/2026,41,33091,35508,30542,952,6606,0,22126,0,168,948,2003,992,488,-451,-530,775,1397,996,-154,-514,952,5002,0.5093387351507245,0.03605783773973017,0.7811142346026066,77.10921805303431,20.0
20/03/2026,42,32119,34549,29785,942,6606,0,22126,0,171,1202,2003,992,473,-452,-530,759,1397,996,-163,-514,942,4961,0.47596649042092976,0.03545284046221792,0.7784947610529006,64.04831572990943,20.5
20/03/2026,43,30696,33117,28632,907,6606,0,22126,0,170,1469,2004,992,774,-451,-530,557,1397,996,-156,-514,907,5069,0.42710979880519123,0.033335349990925044,0.7853948377204191,59.679933690410266,21.0
20/03/2026,44,29231,31646,27392,872,6606,0,22126,0,168,1501,2004,992,797,-452,-529,542,1397,996,-152,-514,872,5081,0.3768110966147085,0.03121785951963216,0.7861615129056989,55.578758952436615,21.5
20/03/2026,45,27831,30208,26165,802,6606,0,22126,0,166,1381,2003,992,837,-452,-530,914,1397,997,-115,-514,802,5529,0.32874407745656803,0.026982878577046402,0.8147840531561462,51.50818494678079,22.0
20/03/2026,46,26438,28808,24876,732,6606,0,22126,0,163,1554,2003,992,840,-451,-530,941,1397,996,-112,-514,732,5562,0.28091739339421823,0.022747897634460643,0.8168924099156657,48.215499920872446,22.5
20/03/2026,47,25577,28029,23871,708,6606,0,22126,0,162,1504,2004,992,573,-452,-529,763,1397,995,-195,-514,708,5034,0.2513561766119618,0.021295904168431242,0.7831587017633529,46.92785964156597,23.0
20/03/2026,48,24685,27062,22916,683,6606,0,22126,0,88,1469,2004,992,553,-452,-529,750,1397,996,-194,-514,683,5003,0.22073061869120372,0.019783410974650615,0.78117812420138,45.0349467517258,23.5
21/03/2026,1,25095,27200,23283,665,6606,0,22126,0,11,1505,1667,992,652,-451,-529,714,1397,996,424,-514,665,5348,0.23480738858751632,0.018694415875128562,0.8032200357781754,45.5693513701584,0.0
21/03/2026,2,25038,27145,23245,647,6606,0,22126,0,12,1570,1004,992,660,-452,-529,711,1397,998,483,-514,647,4750,0.23285037423607774,0.01760542077560651,0.7650140557117301,46.265394631352336,0.5
21/03/2026,3,24945,27052,22999,608,6606,0,22126,0,12,1235,1002,992,899,-452,-529,940,1397,998,573,-514,608,5306,0.22965735082057268,0.01524593139330873,0.8005366726296959,45.47651804527857,1.0
21/03/2026,4,24381,26489,22395,569,6606,0,22126,0,13,1145,1002,992,917,-452,-529,957,1397,998,578,-514,569,5346,0.21029320881686467,0.01288644201101095,0.8030922565806287,44.30145585557613,1.5
21/03/2026,5,23942,26048,21946,553,6606,0,22126,0,12,1190,1003,992,667,-452,-528,976,1397,998,375,-514,553,4914,0.1952207649522763,0.011918446366991348,0.7754919499105546,43.9574226087947,2.0
21/03/2026,6,23622,25779,21558,537,6606,0,22126,0,63,1144,1002,992,649,-452,-528,977,1397,998,350,-514,537,4871,0.1842340177161299,0.010950450722971747,0.7727446971633019,43.38758491908235,2.5
21/03/2026,7,23418,25585,21252,508,6606,0,22126,0,72,1027,1018,992,735,-452,-529,992,1397,997,32,-514,508,4668,0.17722996635308658,0.009195958618186218,0.7597751086123179,43.311943388658676,3.0
21/03/2026,8,22850,24985,20690,479,6606,0,22126,0,72,936,1003,992,741,-452,-496,993,1397,997,-1,-514,479,4660,0.15772849000892672,0.00744146651340069,0.7592639918221313,42.25578713438111,3.5
21/03/2026,9,22623,24945,20454,461,6606,0,22126,0,69,930,1002,992,583,-452,-497,772,1397,997,-190,-514,461,4090,0.14993476618828538,0.006352471413878637,0.7228469205213391,42.58683061704936,4.0
21/03/2026,10,22538,24794,20340,442,6606,0,22126,0,69,622,1002,992,570,-451,-411,755,1397,997,-211,-514,442,4126,0.147016411453684,0.00520297658660536,0.7251469460771787,42.42829125753357,4.5
21/03/2026,11,22382,24728,20194,425,6606,0,22126,0,14,451,1002,992,363,-451,-458,971,1397,998,-309,-514,425,3991,0.14166037217606262,0.004174481214834533,0.7165218502427805,42.344885658546026,5.0
21/03/2026,12,22435,24762,20208,407,6606,0,22126,0,9,535,1001,992,348,-452,-457,987,1397,998,-295,-514,407,4005,0.14348005218704937,0.003085486115312481,0.7174163046256069,42.480949462458746,5.5
21/03/2026,13,23615,25718,21213,391,6606,39,22126,0,9,243,1252,992,750,-452,-528,996,1397,997,672,-514,430,5562,0.18399368262033922,0.004476979853590659,0.8168924099156657,42.82116450522724,6.0
21/03/2026,14,24214,26320,21676,375,6606,613,22126,0,10,185,1504,992,781,-452,-530,997,1397,997,775,-514,988,5947,0.20455950010300075,0.038235827938774274,0.8414899054433939,41.86532089242051,6.5
21/03/2026,15,24835,26940,22177,350,6606,1587,22126,0,9,218,1503,992,805,-452,-530,997,1397,997,972,-514,1937,6167,0.22588065645814737,0.09565006957468691,0.8555456171735242,50.07241217321543,7.0
21/03/2026,16,25105,27208,22332,324,6606,2769,22126,0,5,22,1503,991,807,-452,-531,997,1397,997,991,-515,3093,6185,0.23515072443864588,0.16558775485510316,0.8566956299514439,47.59482413710071,7.5
21/03/2026,17,25220,27322,22380,296,6606,4170,22126,0,5,-167,1503,991,808,-452,-531,997,1397,996,991,-514,4466,6186,0.239099086726636,0.24865388105753525,0.8567595195502172,44.969156646335044,8.0
21/03/2026,18,24922,27023,21979,267,6606,5671,22126,0,5,-445,1503,977,807,-451,-531,997,1397,997,991,-514,5938,6173,0.22886767836297467,0.3377094803073386,0.855928954766164,41.904843629975545,8.5
21/03/2026,19,24197,26299,21208,259,6606,7175,22126,0,5,-442,1503,81,718,-452,-531,1015,1397,997,991,-514,7434,5205,0.20397582915608048,0.4282170730231714,0.7940838231535906,39.43084451247626,9.0
21/03/2026,20,23110,25139,20141,251,6606,8746,22126,0,11,-318,1503,-1,711,-452,-451,1016,1397,996,991,-514,8997,5196,0.16665522213829567,0.5227781474983363,0.7935088167646307,35.112688125289125,9.5
21/03/2026,21,21747,23625,18785,244,6606,10318,22126,0,12,-302,1503,-1,806,-452,-299,1016,1397,996,991,-514,10562,5443,0.11985854562933461,0.6174602214290036,0.8092895476616407,30.084744229070463,10.0
21/03/2026,22,20707,22431,17766,236,6606,11565,22126,0,6,-330,1503,-1,808,-452,-151,1016,1397,996,991,-514,11801,5593,0.08415161711185883,0.6924193841127715,0.8188729874776386,16.216023411538437,10.5
21/03/2026,23,20076,21800,17219,228,6606,12334,22126,0,7,-101,1503,-1,995,-452,-171,1016,1397,997,991,-493,12562,5782,0.06248712490558264,0.7384596769314538,0.830948121645796,13.726732255363768,11.0
21/03/2026,24,19338,21316,16496,219,6606,12772,22126,0,277,-80,1503,-1,1002,-452,-135,1016,1397,997,991,-513,12991,5805,0.03714893909222001,0.7644140601367294,0.8324175824175825,11.905184111235268,11.5
21/03/2026,25,18834,21211,16085,213,6606,12923,22126,0,685,-56,1503,-1,1003,-451,-126,1016,1397,997,991,-514,13136,5815,0.019844812195289434,0.7731865206606571,0.8330564784053156,10.937067299885555,12.0
21/03/2026,26,18566,21273,15927,207,6606,12880,22126,0,974,239,1502,7,1002,-451,-177,1016,1397,996,991,-505,13087,5778,0.010643411385016824,0.770222034000847,0.8306925632507027,10.705224170361209,12.5
21/03/2026,27,18256,21200,15671,222,6606,12382,22126,0,1192,41,1503,894,1003,-452,-198,1016,1397,996,991,-502,12604,6648,0.0,0.7410006654970053,0.886276514183491,10.044449751420021,13.0
21/03/2026,28,18409,21305,15829,236,6606,11594,22126,0,1163,72,1503,993,1002,-452,-168,1016,1397,996,991,-513,11830,6765,0.005253038522282497,0.694173876217557,0.8937515972399693,11.509873309565204,13.5
21/03/2026,29,18454,21353,15869,267,6606,10561,22126,0,1121,126,1503,993,1002,-451,-213,997,1397,996,991,-514,10828,6701,0.006798049852365584,0.6335531490108295,0.8896626629184768,13.472074265400206,14.0
21/03/2026,30,18917,21739,16359,298,6606,9447,22126,0,1096,327,1503,993,1003,-452,-160,996,1397,996,990,-514,9745,6752,0.022694499759664904,0.5680319438562527,0.8929210324559161,16.00840102558069,14.5
21/03/2026,31,19871,22595,17304,324,6606,8097,22126,0,1005,526,1504,993,893,-451,-154,618,1397,997,884,-514,8421,6167,0.05544873995742636,0.4879303043136306,0.8555456171735242,20.46912812541765,15.0
21/03/2026,32,21261,23538,18755,349,6606,6597,22126,0,655,706,1504,993,883,-427,-81,590,1397,997,840,-514,6946,6182,0.10317242326443728,0.39869320588057355,0.856503961155124,25.036021531057806,15.5
21/03/2026,33,23231,25144,20816,412,6606,4975,22126,0,41,1010,1504,992,385,-337,-213,533,1397,996,-208,-514,5387,4535,0.17080958593696355,0.3043741303164136,0.7512777919754664,42.675603688476805,16.0
21/03/2026,34,25482,27723,23024,475,6606,3325,22126,0,13,1032,1504,992,346,-427,-366,529,1397,997,-321,-514,3800,4137,0.24809448602623085,0.2083610623752193,0.7258497316636852,49.25067763382079,16.5
21/03/2026,35,28166,30247,25627,534,6606,1778,22126,0,12,1225,1503,992,483,-452,-503,964,1397,997,86,-514,2312,4953,0.34024582846940876,0.11833746748139633,0.777983644262714,57.454635469663344,17.0
21/03/2026,36,30085,32189,27571,592,6606,584,22126,0,11,1590,1503,992,494,-451,-528,997,1397,997,136,-514,1176,5023,0.4061319783011742,0.0496097767560046,0.7824559161768464,66.73435231750678,17.5
21/03/2026,37,31651,33752,29083,642,6606,32,22126,0,8,1687,1502,992,965,-451,-528,997,1397,997,880,-514,674,6237,0.45989837258806565,0.01923891342488959,0.8600178890876565,72.2692552560218,18.0
21/03/2026,38,32487,34585,29692,692,6606,0,22126,0,4,1389,1503,992,1002,-452,-528,997,1397,997,950,-514,692,6344,0.48860124974249813,0.02032790852441164,0.8668540761564018,74.75392653657258,18.5
21/03/2026,39,32654,34754,29849,760,6606,0,22126,0,7,1189,1502,992,1002,-452,-527,997,1397,997,987,-514,760,6381,0.494334958456362,0.024441890011494948,0.8692179913110145,74.9037515580413,19.0
21/03/2026,40,31893,33991,29170,828,6606,0,22126,0,6,1263,1502,992,1003,-451,-527,997,1397,997,991,-514,828,6387,0.46820710018540135,0.028555871498578255,0.8696013289036545,72.07717345753561,19.5
21/03/2026,41,30944,33042,28255,834,6606,0,22126,0,6,1347,1503,992,1002,-451,-527,997,1397,998,991,-514,834,6388,0.4356245279132047,0.028918869865085607,0.8696652185024278,69.08868018782829,20.0
21/03/2026,42,30406,32506,27816,839,6606,0,22126,0,8,1499,1503,992,1002,-451,-527,997,1397,997,991,-514,839,6387,0.41715305912243356,0.029221368503841733,0.8696013289036545,57.44691452688093,20.5
21/03/2026,43,29817,31857,27408,872,6606,0,22126,0,7,1599,1503,992,1003,-451,-468,997,1397,997,990,-514,872,6446,0.3969305774909016,0.03121785951963216,0.8733708152312804,55.4980185345775,21.0
21/03/2026,44,28451,30293,26372,905,6606,0,22126,0,5,1929,1503,992,1003,-405,-318,997,1397,997,991,-514,905,6643,0.35003090022660166,0.03321435053542259,0.8859570661896243,51.30802773870229,21.5
21/03/2026,45,26928,28770,25262,948,6606,0,22126,0,66,2169,1503,992,1002,-447,-215,997,1397,997,990,-514,948,6702,0.2977408500995674,0.03581583882872527,0.8897265525172502,47.15691048052978,22.0
21/03/2026,46,25566,27340,23877,990,6606,0,22126,0,160,2591,1503,992,1002,-433,-67,997,1397,997,991,-514,990,6865,0.2509785071757193,0.038356827394276725,0.9001405571173013,43.598103045639384,22.5
21/03/2026,47,24744,26496,23037,1071,6606,0,22126,0,160,2851,1503,992,1002,-446,-32,997,1397,997,991,-514,1071,6887,0.22275630021286824,0.04325730534212596,0.9015461282903143,41.51480363202107,23.0
21/03/2026,48,23989,25683,22355,1152,6606,0,22126,0,187,2821,1504,992,1003,-393,0,997,1397,997,991,-514,1152,6974,0.19683444345258533,0.04815778328997519,0.9071045233835932,39.61283872835879,23.5
22/03/2026,1,24335,26113,22686,1190,6606,0,22126,0,311,2829,1504,992,1004,-353,0,997,1397,997,991,-514,1190,7015,0.2087138639016686,0.05045677294452175,0.9097239969332993,40.143089839358225,0.0
22/03/2026,2,24632,26287,23013,1228,6606,0,22126,0,314,3020,1503,992,1003,-227,0,997,1397,997,990,-514,1228,7138,0.218910938680217,0.05275576259906831,0.9175824175824175,40.47856886990173,0.5
22/03/2026,3,24093,25722,22541,1258,6606,0,22126,0,311,3199,1504,992,1002,-204,0,997,1397,997,991,-514,1258,7162,0.2004051363043329,0.054570754431605056,0.9191157679529772,39.27282747633767,1.0
22/03/2026,4,23683,25284,22203,1287,6606,0,22126,0,308,3414,1503,992,1002,-179,0,997,1397,997,991,-514,1287,7186,0.18632836640802034,0.05632524653639059,0.9206491183235369,38.3644435643398,1.5
22/03/2026,5,22854,24540,21500,1305,6606,0,22126,0,316,3296,1504,992,1002,-289,0,998,1397,997,991,-481,1305,7111,0.15786582434937857,0.05741424163591264,0.9158573984155379,36.88048898476542,2.0
22/03/2026,6,22272,24304,20961,1323,6606,0,22126,0,572,3386,1503,992,1002,-347,0,997,1397,997,990,-513,1323,7018,0.1378836778136373,0.05850323673543469,0.9099156657296192,35.94001196143627,2.5
22/03/2026,7,21774,24062,20473,1291,6606,0,22126,0,827,3442,1503,992,1002,-347,0,997,1397,997,990,-514,1291,7017,0.12078555242738447,0.056567245447395484,0.9098517761308459,35.184808668139155,3.0
22/03/2026,8,21492,23948,20304,1259,6606,0,22126,0,1005,3528,1504,992,1003,-337,0,998,1397,997,991,-514,1259,7031,0.11110348142553045,0.05463125415935628,0.9107462305136724,34.78162376911123,3.5
22/03/2026,9,21188,23824,19996,1233,6606,0,22126,0,1223,3543,1503,992,1003,-299,0,997,1397,997,990,-514,1233,7066,0.10066607155119138,0.05305826123782443,0.9129823664707386,34.31123791166816,4.0
22/03/2026,10,20926,23601,19697,1207,6606,0,22126,0,1210,3217,1504,992,1002,-351,0,997,1397,997,990,-514,1207,7014,0.09167067225159652,0.051485268316292576,0.909660107334526,34.02595869525118,4.5
22/03/2026,11,20939,23611,19686,1173,6606,0,22126,0,1207,2893,1504,992,1003,-351,0,997,1397,997,991,-514,1173,7016,0.09211700885806495,0.04942827757275092,0.9097878865320725,34.115413963223595,5.0
22/03/2026,12,20769,23451,19432,1139,6606,0,22126,0,1211,2681,1504,992,1003,-351,-6,997,1397,997,991,-514,1139,7010,0.08628029938886218,0.04737128682920927,0.9094045489394327,33.93281706739159,5.5
22/03/2026,13,21408,23649,19913,1116,6606,40,22126,0,717,2679,1504,992,1003,-410,0,997,1397,997,991,-514,1156,6957,0.10821946027604203,0.048399782200980096,0.9060184002044467,34.97112057402359,6.0
22/03/2026,14,21727,23866,20103,1092,6606,627,22126,0,594,2721,1503,992,1003,-431,0,997,1397,997,991,-514,1719,6935,0.11917187392707547,0.08246112892491984,0.9046128290314337,34.28164523662355,6.5
22/03/2026,15,22092,24030,20421,1075,6606,1610,22126,0,336,2651,1503,992,1003,-451,-37,997,1397,997,990,-514,2685,6877,0.13170363249330494,0.14090386593260332,0.9009072323025812,43.02288467570247,7.0
22/03/2026,16,22097,24068,20325,1057,6606,2740,22126,0,324,2484,1503,992,1002,-451,-82,997,1397,997,991,-514,3797,6832,0.13187530041886975,0.20817956319196565,0.8980322003577818,41.06898111384018,7.5
22/03/2026,17,22485,24303,20587,980,6606,3948,22126,0,261,2341,1503,992,1003,-438,-5,997,1397,996,991,-514,4928,6922,0.14519673144269724,0.27660475527860123,0.9037822642473805,39.43408131440224,8.0
22/03/2026,18,22487,24100,20388,902,6606,4990,22126,0,19,2256,1504,992,1004,-451,-29,997,1397,996,991,-514,5892,6887,0.14526539861292317,0.33492649283078224,0.9015461282903143,37.73189859378717,8.5
22/03/2026,19,22297,23926,20228,914,6606,6186,22126,0,12,2092,1503,992,1003,-452,-51,1015,1397,997,991,-514,7100,6881,0.13874201744146122,0.4080101639542622,0.9011627906976745,35.28611996507709,9.0
22/03/2026,20,21659,23752,19543,926,6606,7329,22126,0,337,2077,1503,992,1002,-451,-191,1017,1397,996,990,-514,8255,6741,0.11683719013939435,0.47788734950692724,0.8922182468694096,32.49250218297976,9.5
22/03/2026,21,21215,23610,19059,948,6606,8503,22126,0,605,2086,1504,992,1002,-452,-224,1017,1397,996,991,-514,9451,6709,0.10159307834924122,0.5502450238973925,0.8901737797086634,29.7528968228746,10.0
22/03/2026,22,20778,23247,18630,969,6606,9038,22126,0,651,2354,1505,992,1002,-451,-253,1016,1397,995,990,-514,10007,6679,0.0865893016548788,0.5838828725270736,0.8882570917454639,18.181944055473675,10.5
22/03/2026,23,20812,23269,18713,988,6606,9074,22126,0,608,2472,1506,992,1002,-452,-322,1017,1397,996,991,-475,10062,6652,0.08775664354871936,0.587210357553391,0.8865320725785842,18.163313563775354,11.0
22/03/2026,24,20649,23334,18572,1006,6606,9498,22126,0,739,2434,1506,992,1002,-451,-383,1016,1397,996,990,-512,10504,6553,0.08216026917530729,0.6139512372194326,0.8802070023000256,17.263733604428804,11.5
22/03/2026,25,20998,23668,18983,1055,6606,9530,22126,0,762,2569,1507,992,1003,-451,-328,1016,1397,996,991,-529,10585,6594,0.09414269037972946,0.6188517151672818,0.8828264758497316,17.54362664317609,12.0
22/03/2026,26,21487,23837,19529,1103,6606,9160,22126,0,527,2675,1506,992,1003,-452,-285,1016,1397,996,991,-486,10263,6678,0.11093181349996567,0.5993708028313872,0.8881932021466905,18.692284412123207,12.5
22/03/2026,27,21927,24283,20090,1143,6606,8469,22126,0,630,2813,1506,992,1003,-452,-161,1016,1397,996,991,-513,9612,6775,0.12603859094966696,0.5599854800653397,0.8943904932277025,20.354169371472437,13.0
22/03/2026,28,22451,24739,20665,1182,6606,7567,22126,0,605,3232,1506,992,1003,-451,-118,1016,1397,996,990,-514,8749,6817,0.1440293895488567,0.5077742150160325,0.897073856376182,22.586472003949652,13.5
22/03/2026,29,23302,24950,21595,1237,6606,6497,22126,0,74,3419,1502,992,1004,-451,-9,998,1397,996,991,-514,7734,6906,0.1732472704799835,0.4463669913485389,0.9027600306670074,25.483680465403026,14.0
22/03/2026,30,24215,25666,22574,1292,6606,5208,22126,0,11,3320,1502,992,1003,-376,0,996,1397,997,991,-464,6500,7038,0.2045938336881137,0.37171032730352715,0.9111934577050856,28.808574374317026,14.5
22/03/2026,31,25501,26903,23910,1294,6606,3955,22126,0,10,3329,1502,992,1003,-285,0,996,1397,996,991,-507,5249,7085,0.24874682414337704,0.2960251678867445,0.9141962688474317,32.785192552184114,15.0
22/03/2026,32,26983,28407,25343,1296,6606,2943,22126,0,9,3249,1502,992,1003,-302,0,997,1397,997,989,-513,4239,7062,0.2996291972807801,0.23492044285800714,0.9127268080756453,36.93425181791489,15.5
22/03/2026,33,28703,30150,26944,1295,6606,2093,22126,0,13,3460,1502,992,1003,-258,-62,997,1397,997,852,-514,3388,6906,0.35868296367506697,0.18343517454171457,0.9027600306670074,52.63176995317878,16.0
22/03/2026,34,30526,32085,28537,1294,6606,1378,22126,0,11,3423,1503,992,1002,-219,-215,997,1397,997,839,-514,2672,6779,0.42127308933598845,0.14011736947183737,0.8946460516227958,59.497393785568235,16.5
22/03/2026,35,31934,33740,29638,1256,6606,690,22126,0,8,2824,1503,992,1003,-365,-366,997,1397,997,887,-467,1946,6578,0.46961477717503264,0.09619456712444795,0.8818042422693585,66.62922842433406,17.0
22/03/2026,36,32808,34876,30250,1218,6606,247,22126,0,7,2440,1503,992,1002,-450,-504,997,1397,997,894,-507,1465,6321,0.4996223305637575,0.06709419807610865,0.8653846153846154,71.88921009616992,17.5
22/03/2026,37,33433,35533,30733,1189,6606,17,22126,0,7,2366,1503,992,1003,-450,-529,997,1397,997,980,-514,1206,6376,0.521080821259356,0.05142476858854135,0.868898543317148,75.15712739499489,18.0
22/03/2026,38,33692,35795,30905,1159,6606,0,22126,0,9,2121,1503,992,1003,-450,-530,997,1397,997,988,-514,1159,6383,0.5299732198036119,0.048581281384233774,0.8693457705085612,76.25886684295621,18.5
22/03/2026,39,33358,35462,30618,1157,6606,0,22126,0,10,1948,1503,992,1003,-451,-529,997,1397,997,988,-514,1157,6383,0.5185058023758841,0.04846028192873132,0.8693457705085612,75.15607570454829,19.0
22/03/2026,40,32586,34695,29806,1155,6606,0,22126,0,15,1410,1502,992,1003,-451,-529,997,1397,997,988,-514,1155,6382,0.4920002746686809,0.04833928247322887,0.8692818809097879,72.6542994541058,19.5
22/03/2026,41,31814,33924,29086,1145,6606,0,22126,0,16,1039,1502,992,1001,-451,-529,997,1397,997,991,-514,1145,6383,0.4654947469614777,0.04773428519571662,0.8693457705085612,70.2722741173009,20.0
22/03/2026,42,30918,33028,28173,1134,6606,0,22126,0,15,873,1502,992,1000,-451,-530,997,1397,997,991,-514,1134,6381,0.4347318547002678,0.04706878819045314,0.8692179913110145,57.60980990422442,20.5
22/03/2026,43,29847,31951,27175,1108,6606,0,22126,0,9,785,1503,992,969,-451,-530,997,1397,997,991,-514,1108,6351,0.3979605850442903,0.04549579526892129,0.867301303347815,54.66140915863137,21.0
22/03/2026,44,28553,30658,26077,1081,6606,0,22126,0,9,779,1502,992,967,-451,-531,997,1397,997,991,-514,1081,6347,0.35353292590812335,0.043862302619638215,0.8670457449527217,51.23828675435409,21.5
22/03/2026,45,26906,29011,24531,1045,6606,0,22126,0,9,965,1502,992,984,-451,-531,997,1397,997,991,-514,1045,6364,0.29698551122708233,0.04168431242059411,0.8681318681318682,47.1769758405499,22.0
22/03/2026,46,25180,27282,22943,1009,6606,0,22126,0,9,839,1502,992,986,-451,-528,997,1397,998,985,-514,1009,6364,0.23772574332211768,0.039506322221550004,0.8681318681318682,43.31865903768749,22.5
22/03/2026,47,24106,26207,21982,977,6606,0,22126,0,9,956,1502,992,884,-451,-527,997,1397,997,548,-514,977,5825,0.20085147291080135,0.0375703309335108,0.8336953743930489,41.83268538009023,23.0
22/03/2026,48,23615,25663,21506,944,6606,0,22126,0,9,774,1502,992,877,-451,-474,998,1397,997,510,-514,944,5834,0.18399368262033922,0.03557383991772037,0.8342703807820087,40.92883147411399,23.5
23/03/2026,1,23712,25809,21563,932,6606,0,22126,0,9,829,1502,992,837,-451,-523,998,1397,997,773,-514,932,6008,0.1873240403762961,0.03484784318470567,0.8453871709685663,40.93472234273988,0.0
23/03/2026,2,24487,26541,22382,920,6606,0,22126,0,9,1049,1502,992,834,-451,-480,998,1397,997,798,-514,920,6073,0.21393256883883816,0.03412184645169097,0.8495399948888321,42.48276121534943,0.5
23/03/2026,3,24577,26612,22483,892,6606,0,22126,0,10,883,1502,992,960,-451,-461,997,1397,997,827,-513,892,6247,0.21702259149900432,0.03242785407465666,0.8606567850753897,42.53944536129851,1.0
23/03/2026,4,24118,26149,22062,863,6606,0,22126,0,10,719,1502,992,970,-451,-438,997,1397,997,823,-532,863,6257,0.20126347593215685,0.030673361969871134,0.8612956810631229,41.65048377582762,1.5
23/03/2026,5,23390,25484,21342,810,6606,0,22126,0,10,776,1503,992,718,-451,-519,997,1397,997,346,-514,810,5466,0.1762686259699238,0.027466876399056206,0.8107590084334271,41.340076218677794,2.0
23/03/2026,6,22957,24970,20935,756,6606,0,22126,0,10,445,1502,992,699,-451,-438,997,1397,997,291,-514,756,5472,0.1614021836160132,0.024199891100490048,0.8111423460260669,40.6367118353954,2.5
23/03/2026,7,22505,24957,20502,699,6606,0,22126,0,107,414,1502,992,473,-451,-474,922,1397,997,-306,-514,699,4538,0.1458834031449564,0.020751406618670216,0.7514694607717863,41.12288570508169,3.0
23/03/2026,8,22370,24780,20357,642,6606,0,22126,0,127,195,1502,992,446,-451,-350,914,1397,997,-368,-514,642,4565,0.14124836915470712,0.017302922136850384,0.753194479938666,40.98870593349683,3.5
23/03/2026,9,22156,25431,20157,591,6606,0,22126,0,130,301,1504,992,-635,-451,-200,291,1397,997,-745,-514,591,2636,0.13390098194053424,0.014217436021537903,0.6299514439049323,43.18993638870126,4.0
23/03/2026,10,22396,25737,20277,539,6606,0,22126,0,131,246,1498,991,-807,-451,-53,221,1397,997,-785,-514,539,2494,0.14214104236764402,0.011071450178474197,0.6208791208791209,43.966670051567235,4.5
23/03/2026,11,22800,27186,20646,479,6606,0,22126,0,31,152,962,936,-999,-417,0,-759,1397,944,-1066,-514,479,484,0.15601181075327886,0.00744146651340069,0.4924610273447483,47.492396719087516,5.0
23/03/2026,12,23767,28211,21561,419,6606,0,22126,0,10,295,902,926,-1013,-361,0,-854,1397,934,-1092,-514,419,325,0.18921238755750874,0.0038114828483271825,0.48230258113979046,49.87050912207371,5.5
23/03/2026,13,25941,29804,23531,373,6606,45,22126,0,13,360,426,601,-716,-443,-19,-491,1397,559,-1067,-514,418,-267,0.26385360159307836,0.0037509831205759575,0.4444799386659852,55.611218124961276,6.0
23/03/2026,14,27418,31232,24883,327,6606,393,22126,0,16,460,393,577,-668,-452,-153,-423,1397,533,-966,-536,720,-298,0.3145643068049166,0.022021900901445943,0.4424993611040123,58.2067915781805,6.5
23/03/2026,15,30356,32249,27476,292,6606,1073,22126,0,21,-117,1394,933,504,-452,-306,807,1397,933,576,-514,1365,5272,0.41543637986678567,0.061044225300986146,0.798364426271403,66.35446786328116,7.0
23/03/2026,16,31300,33260,28295,256,6606,1883,22126,0,21,49,1505,967,621,-452,-373,944,1397,968,805,-514,2139,5868,0.4478472842134176,0.10787101458043438,0.8364426271403016,64.88394022313116,7.5
23/03/2026,17,31792,33685,28751,247,6606,3010,22126,0,14,77,1505,990,679,-452,-313,993,1397,995,971,-514,3257,6251,0.46473940808899267,0.17550971020630407,0.860912343470483,61.12526723619961,8.0
23/03/2026,18,31402,33302,28300,237,6606,4103,22126,0,12,-155,1505,992,682,-452,-322,997,1397,998,986,-514,4340,6269,0.4513493098949392,0.24103091536088087,0.8620623562484028,56.235827434766115,8.5
23/03/2026,19,31278,33126,28204,264,6606,5138,22126,0,11,143,1505,992,682,-451,-272,1015,1397,997,987,-514,5402,6338,0.4470919453409325,0.30528162623268196,0.8664707385637618,52.60242425171663,9.0
23/03/2026,20,30411,32082,27413,291,6606,6276,22126,0,10,338,1505,991,684,-426,-121,1016,1397,997,986,-514,6567,6515,0.41732472704799833,0.3757638090628592,0.8777791975466394,47.96812945332742,9.5
23/03/2026,21,29387,30796,26526,387,6606,7132,22126,0,10,983,1504,991,993,-290,-6,1016,1397,997,986,-503,7519,7085,0.38216713589232987,0.4333595498820255,0.9141962688474317,44.001973562283794,10.0
23/03/2026,22,27528,28691,25633,482,6606,7752,22126,0,33,1779,1504,992,1001,-140,0,1016,1397,998,991,-390,8234,7369,0.3183410011673419,0.4766168552241515,0.9323409148990545,29.788316091988047,10.5
23/03/2026,23,27081,28593,24866,617,6606,8504,22126,0,369,2296,1504,992,912,-92,0,1016,1397,998,991,-451,9121,7267,0.3029938886218499,0.5302801137394881,0.9258241758241759,27.694868616205838,11.0
23/03/2026,24,27003,28427,24541,751,6606,8305,22126,0,372,2946,1504,992,903,-15,0,1016,1397,998,991,-437,9056,7349,0.3003158689830392,0.5263476314356585,0.9310631229235881,27.600943357780054,11.5
23/03/2026,25,26970,28318,24775,985,6606,7864,22126,0,425,3406,1504,992,950,-3,0,1016,1397,998,991,-320,8849,7525,0.2991828606743116,0.5138241877911549,0.9423076923076923,27.70643494708397,12.0
23/03/2026,26,26840,28558,24825,1219,6606,7808,22126,0,636,3799,1504,992,953,-79,0,1016,1373,998,991,-403,9027,7345,0.29471949460962715,0.524593139330873,0.9308075645284948,27.434834313889,12.5
23/03/2026,27,27195,28840,25189,1468,6606,7277,22126,0,695,4360,1504,992,862,-9,0,968,1002,997,982,-341,8745,6957,0.30690791732472705,0.5075322161050275,0.9060184002044467,28.929982205749322,13.0
23/03/2026,28,27446,29204,25305,1716,6606,6106,22126,0,861,4503,1504,992,855,0,0,964,924,997,972,-297,7822,6911,0.3155256471880794,0.45169096739064674,0.903079478660874,31.008707292586287,13.5
23/03/2026,29,27794,29430,25624,1881,6606,5241,22126,0,869,4933,1505,992,731,19,0,688,553,997,428,-167,7122,5746,0.32747373480738856,0.40934115796478915,0.8286480960899566,34.24575273155274,14.0
23/03/2026,30,28080,29798,26030,2046,6606,4299,22126,0,1002,4832,1505,992,682,-54,0,667,521,998,322,-62,6345,5571,0.3372931401496944,0.36233286950208726,0.8174674163046256,36.27239119483265,14.5
23/03/2026,31,28146,30643,26245,2159,6606,3792,22126,0,465,4946,1507,992,-489,-13,0,219,893,998,-930,22,5951,3199,0.33955915676714965,0.33849597676810456,0.6659212880143113,40.10912902845925,15.0
23/03/2026,32,29482,32090,27528,2272,6606,3056,22126,0,325,5023,1507,992,-598,64,0,185,970,998,-1085,152,5328,3185,0.3854288264780608,0.30080464637909127,0.6650268336314848,43.52215210656536,15.5
23/03/2026,33,30791,33792,28604,2311,6606,2232,22126,0,329,4915,1507,992,-984,161,0,150,1341,997,-1088,196,4543,3272,0.4303714893909222,0.2533123600943796,0.6705852287247636,58.08478031434522,16.0
23/03/2026,34,32036,35064,29778,2350,6606,1399,22126,0,326,4547,1498,990,-1014,42,0,143,1397,994,-1088,196,3749,3158,0.4731168028565543,0.20527557625990683,0.6633018144646051,63.80470389706066,16.5
23/03/2026,35,33223,36745,30838,2444,6606,699,22126,0,310,4351,642,839,-1014,0,0,-507,1397,797,-1091,196,3143,1259,0.5138707683856348,0.1686127412426644,0.541975466394071,71.80912548866343,17.0
23/03/2026,36,34393,37965,32012,2538,6606,185,22126,0,307,4950,553,819,-1014,0,0,-559,1397,768,-1092,196,2723,1068,0.5540410629677951,0.14320285558714985,0.529772553028367,77.39738774915449,17.5
23/03/2026,37,35606,39420,33254,2668,6606,7,22126,0,320,4965,572,441,-975,45,0,-791,1443,105,-1128,203,2675,-85,0.5956877017098126,0.14029886865509106,0.4561078456427294,82.93912445214164,18.0
23/03/2026,38,34997,38708,32706,2797,6606,0,22126,0,307,4828,564,404,-937,80,0,-775,1393,48,-1092,196,2797,-119,0.5747785483760214,0.1476798354407405,0.4539355992844365,80.42683352158832,18.5
23/03/2026,39,35324,38615,33156,3007,6606,0,22126,0,321,4695,1206,871,-1011,2,0,-271,1350,156,-1088,196,3007,1411,0.5860056307079585,0.16038477826849779,0.5516866854076157,78.46413477398869,19.0
23/03/2026,40,33855,37138,31893,3217,6606,0,22126,0,320,4853,1256,905,-1014,36,0,-260,1315,185,-1089,196,3217,1530,0.535569594177024,0.17308972109625506,0.5592895476616407,72.92780068427953,19.5
23/03/2026,41,32688,36694,30887,3380,6606,0,22126,0,319,4862,1423,957,-1014,0,0,-982,942,916,-1091,196,3380,1347,0.4955023003502026,0.18295117671970476,0.5475977510861232,69.24089398365571,20.0
23/03/2026,42,31241,35289,29508,3542,6606,0,22126,0,320,4878,1427,961,-1014,2,0,-1022,866,961,-1092,196,3542,1285,0.4458216026917531,0.19275213261540322,0.5436365959621774,55.02021761104795,20.5
23/03/2026,43,29647,33692,28075,3737,6606,0,22126,0,316,5226,942,943,-1014,100,0,-1022,492,922,-1093,196,3737,466,0.3910938680216988,0.20454957952689212,0.4913110145668285,51.76897333792664,21.0
23/03/2026,44,27986,31947,26542,3931,6606,0,22126,0,229,5293,900,929,-1014,249,68,-1022,416,907,-1096,196,3931,533,0.3340657831490764,0.2162865267106298,0.49559161768464094,47.794520365782944,21.5
23/03/2026,45,25885,29775,24580,4050,6606,0,22126,0,162,5306,450,458,-1013,237,153,-1022,42,476,-1093,196,4050,-1116,0.26193092082675273,0.2234859943130256,0.39023766930743675,46.05658436000936,22.0
23/03/2026,46,24332,28265,23143,4169,6606,0,22126,0,164,5440,424,422,-1020,221,153,-1022,-34,446,-1093,196,4169,-1307,0.20861086314632973,0.23068546191542139,0.3780347559417327,43.8631755495559,22.5
23/03/2026,47,23248,27298,22038,4271,6606,0,22126,0,166,5184,728,259,-1015,149,153,-764,-412,331,-1093,196,4271,-1468,0.17139325688388382,0.23685643414604635,0.36774853053922824,42.395066640189405,23.0
23/03/2026,48,22491,26617,21392,4373,6606,0,22126,0,175,5297,751,250,-1015,18,153,-754,-489,324,-1093,196,4373,-1659,0.145402732953375,0.2430274063766713,0.3555456171735242,41.41437478336438,23.5
24/03/2026,1,22459,27411,21374,4418,6606,0,22126,0,616,5384,836,333,-1014,5,153,-755,-874,348,-1093,196,4418,-1865,0.14430405822976036,0.24574989412547643,0.3423843598262203,41.55197830890172,0.0
24/03/2026,2,22910,28233,21811,4462,6606,0,22126,0,916,5575,842,341,-1015,70,153,-755,-944,352,-1093,196,4462,-1853,0.1597885051157042,0.24841188214653034,0.3431510350115001,42.07616304000226,0.5
24/03/2026,3,22480,28350,21474,4505,6606,0,22126,0,1200,5454,793,419,-1015,4,153,-755,-1207,425,-1093,196,4505,-2080,0.14502506351713246,0.251013370439833,0.32864809608995654,41.69763950569117,1.0
24/03/2026,4,21776,27824,20771,4548,6606,0,22126,0,1347,5579,792,423,-1014,0,153,-755,-1239,437,-1093,196,4548,-2100,0.12085421959761038,0.2536148587331357,0.32737030411449014,40.678316939620544,1.5
24/03/2026,5,21259,27582,20322,4598,6606,0,22126,0,1621,5578,883,373,-1014,0,153,-755,-1240,701,-1093,196,4598,-1796,0.10310375609421135,0.25663984512069693,0.34679274214157935,39.48910004731596,2.0
24/03/2026,6,21035,27363,20126,4647,6606,0,22126,0,1628,5567,887,369,-1014,58,153,-755,-1240,714,-1091,191,4647,-1728,0.09541303302890888,0.259604331780507,0.3511372348581651,39.005646670577846,2.5
24/03/2026,7,20481,26705,19606,4678,6606,0,22126,0,1631,5360,707,344,-984,5,153,-755,-1240,598,-1014,84,4678,-2102,0.07639222687633043,0.26147982334079495,0.3272425249169435,38.6664438764905,3.0
24/03/2026,8,19526,25765,18745,4709,6606,0,22126,0,1625,5231,687,334,-982,0,153,-755,-1240,581,-1001,-36,4709,-2259,0.04360365309345602,0.26335531490108294,0.3172118579095323,37.49924951851511,3.5
24/03/2026,9,19186,25128,18452,4708,6606,0,22126,0,1590,5430,353,8,-1013,0,153,-755,-1240,214,-744,37,4708,-2987,0.03193023415505047,0.2632948151733317,0.2707002300025556,37.96436031095095,4.0
24/03/2026,10,19298,25173,18487,4707,6606,0,22126,0,1513,5505,324,-40,-1014,0,153,-756,-1240,180,-708,-4,4707,-3105,0.03577559568770171,0.2632343154455805,0.26316125734730383,38.27076921719458,4.5
24/03/2026,11,19794,25219,18947,4680,6606,0,22126,0,363,5404,40,-964,-1014,13,119,-1012,-1240,-174,-41,-17,4680,-4290,0.052805053903728624,0.2616008227962974,0.18745208280092002,40.51513581624182,5.0
24/03/2026,12,20492,25748,19607,4652,6606,0,22126,0,15,5139,22,-1027,-1014,-15,-23,-1022,-1208,-189,14,-143,4652,-4605,0.07676989631257296,0.2599068304192631,0.16732685918732432,41.927053756178545,5.5
24/03/2026,13,23025,28060,21922,4605,6606,19,22126,0,13,4801,48,-1027,-1014,-144,-173,-1022,-818,27,444,-224,4624,-3903,0.16373686740369428,0.25821283804222883,0.21217735752619474,44.55954240435701,6.0
24/03/2026,14,24927,30208,23718,4557,6606,269,22126,0,15,5179,68,-967,-996,-295,-324,-990,-739,57,481,-355,4826,-4060,0.22903934628853945,0.2704337830479763,0.20214669051878353,47.005626549726614,6.5
24/03/2026,15,27710,30275,26200,4535,6606,724,22126,0,15,4337,940,284,-185,-430,-474,-16,-355,595,829,-490,5259,698,0.3245897136579002,0.2966301651642568,0.5061334014822387,54.00891974286163,7.0
24/03/2026,16,28535,31081,26849,4513,6606,1204,22126,0,18,4138,1011,410,-134,-451,-528,62,-301,638,857,-514,5717,1050,0.3529149213760901,0.3243390404743179,0.5286225402504472,53.86296969396386,7.5
24/03/2026,17,29596,31853,27720,4545,6606,1796,22126,0,22,4043,1428,936,429,-450,-462,718,-209,922,981,-514,6341,3779,0.389342855180938,0.36209087059108236,0.7029772553028367,50.69600322329345,8.0
24/03/2026,18,29482,31906,27613,4576,6606,2107,22126,0,278,3969,1457,972,494,-450,-396,756,-186,941,990,-514,6683,4064,0.3854288264780608,0.3827817774820013,0.7211857909532328,49.51040432770098,8.5
24/03/2026,19,29866,32144,27980,4659,6606,2527,22126,0,292,3920,1500,990,979,-451,-396,1007,-25,993,990,-514,7186,5073,0.39861292316143654,0.41321314054086755,0.7856503961155124,47.83511478792119,9.0
24/03/2026,20,29775,32036,27870,4741,6606,2901,22126,0,300,3741,1503,992,1003,-451,-396,1017,18,997,990,-514,7642,5159,0.39548856691615736,0.44080101639542624,0.7911449016100179,46.772614152583145,9.5
24/03/2026,21,29526,32372,27665,4798,6606,3266,22126,0,885,3861,1503,992,1003,-451,-396,1016,301,997,990,-514,8064,5441,0.386939504223031,0.4663319015064432,0.809161768464094,45.30438775444606,10.0
24/03/2026,22,29483,32526,27627,4855,6606,3298,22126,0,1139,3976,1502,992,1003,-451,-339,1016,342,997,990,-514,8153,5538,0.38546316006317377,0.4717163772763023,0.815359059545106,34.95985389333576,10.5
24/03/2026,23,29455,32439,27636,4894,6606,3220,22126,0,1230,3928,1503,992,1002,-451,-189,1016,427,997,990,-514,8114,5773,0.384501819680011,0.4693568878940045,0.8303731152568362,34.69190384524359,11.0
24/03/2026,24,29616,32087,27698,4933,6606,3277,22126,0,863,3737,1503,992,1003,-451,-43,1016,430,998,990,-514,8210,5924,0.39002952688319714,0.4751648617581221,0.8400204446716074,34.54582632915208,11.5
24/03/2026,25,29498,32291,27500,4918,6606,3124,22126,0,1229,3897,1502,992,1002,-451,0,1016,347,997,767,-513,8042,5659,0.38597816383986816,0.46500090749591627,0.8230897009966778,35.027305308783674,12.0
24/03/2026,26,29207,31943,27080,4903,6606,3268,22126,0,1171,3877,1503,992,1002,-451,0,1016,315,996,494,-514,8171,5353,0.37598709057199753,0.4728053723758243,0.8035394837720419,34.784532776164326,12.5
24/03/2026,27,28969,31251,26862,4870,6606,3118,22126,0,718,3983,1503,992,1003,-451,0,1016,36,997,410,-513,7988,4993,0.36781569731511365,0.4617339221973501,0.7805392282136469,35.24982566241111,13.0
24/03/2026,28,29144,31445,26915,4837,6606,3245,22126,0,764,3942,1503,992,1003,-451,0,1016,2,997,982,-486,8082,5558,0.3738240747098812,0.46742089660596525,0.8166368515205724,34.59759905980485,13.5
24/03/2026,29,28908,30961,26661,4796,6606,2944,22126,0,523,3675,1503,992,1002,-451,0,997,-3,997,982,-476,7740,5543,0.36572134862322325,0.4467299897150463,0.8156785075389726,34.91338410269809,14.0
24/03/2026,30,28903,30409,26652,4755,6606,2655,22126,0,32,3174,1503,992,1002,-376,0,997,20,998,982,-498,7410,5620,0.3655496806976585,0.426765079557142,0.8205980066445183,35.40707470830172,14.5
24/03/2026,31,29405,30814,27168,4675,6606,1996,22126,0,19,3254,1503,992,1002,-326,0,997,316,997,982,-464,6671,5999,0.3827851404243631,0.3820557807489866,0.8448121645796064,36.95352082084496,15.0
24/03/2026,32,30430,31744,28208,4594,6606,1342,22126,0,19,3724,1503,992,1003,-268,0,997,382,997,982,-427,5936,6161,0.41797706516514455,0.3375884808518362,0.8551622795808842,39.875922058706884,15.5
24/03/2026,33,31607,32877,29157,4544,6606,843,22126,0,12,3652,1503,992,973,-205,0,997,755,997,982,-453,5387,6541,0.4583876948430955,0.3043741303164136,0.8794403271147457,53.03868802542936,16.0
24/03/2026,34,33183,34558,30671,4494,6606,602,22126,0,2,3556,1503,992,970,-342,-8,997,830,997,1263,-423,5096,6779,0.5124974249811165,0.2867687095408071,0.8946460516227958,57.061121859024475,16.5
24/03/2026,35,34301,35880,31656,4517,6606,359,22126,0,0,3813,1503,992,879,-447,-124,997,1203,997,1303,-408,4876,6895,0.550882373137403,0.27345876943553754,0.9020572450805009,60.408218294275756,17.0
24/03/2026,36,35107,36719,32362,4540,6606,133,22126,0,0,3972,1498,991,878,-451,-225,997,1259,996,1233,-336,4673,6840,0.5785552427384467,0.26117732470203886,0.8985433171479683,63.37974819694482,17.5
24/03/2026,37,35623,37081,32790,4504,6606,6,22126,0,0,3953,1095,969,993,-395,-114,858,1381,997,1034,-349,4510,6469,0.5962713726567328,0.25131586907858916,0.8748402760030667,65.95423128078136,18.0
24/03/2026,38,35651,37244,32800,4467,6606,27,22126,0,0,3702,1072,968,998,-448,-112,853,1375,997,959,-433,4494,6229,0.5972327130398957,0.25034787343456955,0.85950677229747,66.4084823894901,18.5
24/03/2026,39,35526,37354,32477,4462,6606,0,22126,0,0,3614,1476,991,1002,-452,-263,972,1100,997,933,-513,4462,6243,0.5929410149007759,0.24841188214653034,0.8604012266802964,66.17927899701274,19.0
24/03/2026,40,34631,36610,31675,4456,6606,0,22126,0,0,3634,1496,992,1004,-452,-413,977,1037,996,932,-514,4456,6055,0.562212456224679,0.248048883780023,0.8483899821109123,64.00115710843954,19.5
24/03/2026,41,32803,34775,30234,4557,6606,0,22126,0,1,3595,1147,992,1003,-452,-405,836,663,997,985,-514,4557,5252,0.49945066263819266,0.2541593562828967,0.7970866342959366,60.02158262953134,20.0
24/03/2026,42,31810,33768,29285,4657,6606,0,22126,0,0,3920,1120,992,1003,-452,-392,831,587,997,989,-514,4657,5161,0.46535741262102587,0.26020932905801925,0.7912726808075645,47.507707188323636,20.5
24/03/2026,43,30188,32013,27809,4753,6606,0,22126,0,8,3996,1086,969,944,-452,-251,865,215,997,989,-514,4753,4848,0.40966833756780885,0.2660173029221369,0.7712752363915154,44.218846872504265,21.0
24/03/2026,44,28402,30068,26274,4849,6606,0,22126,0,9,4102,1082,956,940,-445,-98,866,139,990,987,-514,4849,4903,0.3483485545560667,0.27182527678625445,0.7747891643240481,40.63474931461223,21.5
24/03/2026,45,26511,28416,24570,4907,6606,0,22126,0,221,4285,989,519,794,-385,-1,665,-239,733,884,-459,4907,3500,0.2834237451074641,0.27533426099582553,0.6851520572450805,39.377807214713734,22.0
24/03/2026,46,25161,27749,23476,4964,6606,0,22126,0,798,4276,975,488,742,-449,69,658,-316,708,868,-425,4964,3318,0.2370734052049715,0.27878274547764537,0.6735241502683363,37.64897083850276,22.5
24/03/2026,47,23289,26741,21668,5035,6606,0,22126,0,1347,4238,511,419,106,-452,85,432,-698,416,569,-355,5035,1033,0.17280093387351508,0.28307822614798234,0.5275364170713008,37.868962229075116,23.0
24/03/2026,48,22960,26582,21412,5105,6606,0,22126,0,1592,4549,480,412,102,-379,-63,425,-777,400,548,-211,5105,937,0.16150518437135206,0.28731320709056807,0.5214030155890621,37.41275085035579,23.5
