SETTLEMENT_DATE,SETTLEMENT_PERIOD,ND,TSD,ENGLAND_WALES_DEMAND,EMBEDDED_WIND_GENERATION,EMBEDDED_WIND_CAPACITY,EMBEDDED_SOLAR_GENERATION,EMBEDDED_SOLAR_CAPACITY,NON_BM_STOR,PUMP_STORAGE_PUMPING,IFA_FLOW,IFA2_FLOW,BRITNED_FLOW,MOYLE_FLOW,EAST_WEST_FLOW,NEMO_FLOW,SOURCE_FILE,NSL_FLOW,ELECLINK_FLOW,VIKING_FLOW,GREENLINK_FLOW,SCOTTISH_TRANSFER,TIMESTAMP,YEAR,MONTH,DAY,HOUR,MINUTE,DAY_OF_WEEK,DAY_NAME,IS_WEEKEND,GRID_STRESS_SCORE,RENEWABLE_RATIO,DAY_OF_YEAR,HOUR_SIN,HOUR_COS,MONTH_SIN,MONTH_COS,ND_LAG_1,ND_LAG_48,ND_LAG_336,ND_ROLLING_6H,ND_ROLLING_24H,ND_ROLLING_7D,IS_PEAK_DEMAND,TOTAL_RENEWABLE_GENERATION,TOTAL_RENEWABLE_CAPACITY,RENEWABLE_UTILIZATION,TOTAL_INTERCONNECTOR_FLOW,ABS_INTERCONNECTOR_FLOW,INTERCONNECTOR_DEPENDENCY,STORAGE_RATIO,SCOTLAND_TRANSFER_RATIO,IS_PEAK_PRICING_PERIOD,IS_OFF_PEAK,CARBON_INTENSITY_SCORE,DEMAND_PRESSURE,PEAK_LOAD_INDICATOR,GRID_STATE,PEAK_RISK,ND_ROLLING_MEAN_6H,ND_ROLLING_MEAN_24H,ND_ROLLING_MEAN_7D,PREDICTED_DEMAND
2026-05-07,48,23474,29316,21800,1673,6606,0,22126,0,167,1006,991,-978,-452,-530,-787,demanddata_2026.csv,-469.0,997.0,-1445.0,-514.0,2286.0,2026-05-08 00:00:00,2026,5,8,0,30,4,Thursday,0,0.3676637120691854,0.0582257334771865,127,-0.2588190451025215,0.965925826289068,0.4999999999999999,-0.8660254037844387,23474.0,23474.0,23474.0,28038.0,25313.291666666668,23695.842261904763,0,1673,28732,0.0582257334771865,-2181.0,8169.0,0.3479872204472843,0.0,0.0973801916932907,0,0,0.6531292170152412,0.2305149917912382,0,MODERATE,0.2573645984484298,23474.0,23474.0,23474.0,22858.436104372813
2026-05-07,48,23474,29316,21800,1673,6606,0,22126,0,167,1006,991,-978,-452,-530,-787,demanddata_2026.csv,-469.0,997.0,-1445.0,-514.0,2286.0,2026-05-08 00:30:00,2026,5,8,0,30,4,Thursday,0,0.3676637120691854,0.0582257334771865,127,-0.2588190451025215,0.965925826289068,0.4999999999999999,-0.8660254037844387,23474.0,23474.0,23474.0,28038.0,25313.291666666668,23695.842261904763,0,1673,28732,0.0582257334771865,-2181.0,8169.0,0.3479872204472843,0.0,0.0973801916932907,0,0,0.6531292170152412,0.2305149917912382,0,MODERATE,0.2573645984484298,23474.0,23474.0,23474.0,22858.436104372813
2026-05-07,48,23474,29316,21800,1673,6606,0,22126,0,167,1006,991,-978,-452,-530,-787,demanddata_2026.csv,-469.0,997.0,-1445.0,-514.0,2286.0,2026-05-08 01:00:00,2026,5,8,1,30,4,Thursday,0,0.3676637120691854,0.0582257334771865,127,-0.2588190451025215,0.965925826289068,0.4999999999999999,-0.8660254037844387,23960.041461178927,23960.041461178927,23960.041461178927,28038.0,25313.291666666668,23695.842261904763,0,1673,28732,0.0582257334771865,-2181.0,8169.0,0.3479872204472843,0.0,0.0973801916932907,0,0,0.6531292170152412,0.2305149917912382,0,MODERATE,0.2573645984484298,23960.041461178927,23960.041461178927,23960.041461178927,23840.144952746563
2026-05-07,48,23474,29316,21800,1673,6606,0,22126,0,167,1006,991,-978,-452,-530,-787,demanddata_2026.csv,-469.0,997.0,-1445.0,-514.0,2286.0,2026-05-08 01:30:00,2026,5,8,1,30,4,Thursday,0,0.3676637120691854,0.0582257334771865,127,-0.2588190451025215,0.965925826289068,0.4999999999999999,-0.8660254037844387,24456.14666530686,24456.14666530686,24456.14666530686,28038.0,25313.291666666668,23695.842261904763,0,1673,28732,0.0582257334771865,-2181.0,8169.0,0.3479872204472843,0.0,0.0973801916932907,0,0,0.6531292170152412,0.2305149917912382,0,MODERATE,0.2573645984484298,24456.14666530686,24456.14666530686,24456.14666530686,24179.917894559803
2026-05-07,48,23474,29316,21800,1673,6606,0,22126,0,167,1006,991,-978,-452,-530,-787,demanddata_2026.csv,-469.0,997.0,-1445.0,-514.0,2286.0,2026-05-08 02:00:00,2026,5,8,2,30,4,Thursday,0,0.3676637120691854,0.0582257334771865,127,-0.2588190451025215,0.965925826289068,0.4999999999999999,-0.8660254037844387,25434.392531919137,25434.392531919137,25434.392531919137,28038.0,25313.291666666668,23695.842261904763,0,1673,28732,0.0582257334771865,-2181.0,8169.0,0.3479872204472843,0.0,0.0973801916932907,0,0,0.6531292170152412,0.2305149917912382,0,MODERATE,0.2573645984484298,25434.392531919137,25434.392531919137,25434.392531919137,25205.45644656928
2026-05-07,48,23474,29316,21800,1673,6606,0,22126,0,167,1006,991,-978,-452,-530,-787,demanddata_2026.csv,-469.0,997.0,-1445.0,-514.0,2286.0,2026-05-08 02:30:00,2026,5,8,2,30,4,Thursday,0,0.3676637120691854,0.0582257334771865,127,-0.2588190451025215,0.965925826289068,0.4999999999999999,-0.8660254037844387,26451.768233195904,26451.768233195904,26451.768233195904,28038.0,25313.291666666668,23695.842261904763,0,1673,28732,0.0582257334771865,-2181.0,8169.0,0.3479872204472843,0.0,0.0973801916932907,0,0,0.6531292170152412,0.2305149917912382,0,MODERATE,0.2573645984484298,26451.768233195904,26451.768233195904,26451.768233195904,26315.805003183403
2026-05-07,48,23474,29316,21800,1673,6606,0,22126,0,167,1006,991,-978,-452,-530,-787,demanddata_2026.csv,-469.0,997.0,-1445.0,-514.0,2286.0,2026-05-08 03:00:00,2026,5,8,3,30,4,Thursday,0,0.3676637120691854,0.0582257334771865,127,-0.2588190451025215,0.965925826289068,0.4999999999999999,-0.8660254037844387,27948.106208561323,27948.106208561323,27948.106208561323,28038.0,25313.291666666668,23695.842261904763,0,1673,28732,0.0582257334771865,-2181.0,8169.0,0.3479872204472843,0.0,0.0973801916932907,0,0,0.6531292170152412,0.2305149917912382,0,MODERATE,0.2573645984484298,27948.106208561323,27948.106208561323,27948.106208561323,27579.055339909763
2026-05-07,48,23474,29316,21800,1673,6606,0,22126,0,167,1006,991,-978,-452,-530,-787,demanddata_2026.csv,-469.0,997.0,-1445.0,-514.0,2286.0,2026-05-08 03:30:00,2026,5,8,3,30,4,Thursday,0,0.3676637120691854,0.0582257334771865,127,-0.2588190451025215,0.965925826289068,0.4999999999999999,-0.8660254037844387,29529.08984227297,29529.08984227297,29529.08984227297,28038.0,25313.291666666668,23695.842261904763,0,1673,28732,0.0582257334771865,-2181.0,8169.0,0.3479872204472843,0.0,0.0973801916932907,0,0,0.6531292170152412,0.2305149917912382,0,MODERATE,0.2573645984484298,29529.08984227297,29529.08984227297,29529.08984227297,28233.58551042824
2026-05-07,48,23474,29316,21800,1673,6606,0,22126,0,167,1006,991,-978,-452,-530,-787,demanddata_2026.csv,-469.0,997.0,-1445.0,-514.0,2286.0,2026-05-08 04:00:00,2026,5,8,4,30,4,Thursday,0,0.3676637120691854,0.0582257334771865,127,-0.2588190451025215,0.965925826289068,0.4999999999999999,-0.8660254037844387,31574.92519859628,31574.92519859628,31574.92519859628,28038.0,25313.291666666668,23695.842261904763,0,1673,28732,0.0582257334771865,-2181.0,8169.0,0.3479872204472843,0.0,0.0973801916932907,0,0,0.6531292170152412,0.2305149917912382,0,MODERATE,0.2573645984484298,31574.92519859628,31574.92519859628,31574.92519859628,28382.496167104175
2026-05-07,48,23474,29316,21800,1673,6606,0,22126,0,167,1006,991,-978,-452,-530,-787,demanddata_2026.csv,-469.0,997.0,-1445.0,-514.0,2286.0,2026-05-08 04:30:00,2026,5,8,4,30,4,Thursday,0,0.3676637120691854,0.0582257334771865,127,-0.2588190451025215,0.965925826289068,0.4999999999999999,-0.8660254037844387,33762.5001861625,33762.5001861625,33762.5001861625,28038.0,25313.291666666668,23695.842261904763,0,1673,28732,0.0582257334771865,-2181.0,8169.0,0.3479872204472843,0.0,0.0973801916932907,0,0,0.6531292170152412,0.2305149917912382,0,MODERATE,0.2573645984484298,33762.5001861625,33762.5001861625,33762.5001861625,30486.094451017627
2026-05-07,48,23474,29316,21800,1673,6606,0,22126,0,167,1006,991,-978,-452,-530,-787,demanddata_2026.csv,-469.0,997.0,-1445.0,-514.0,2286.0,2026-05-08 05:00:00,2026,5,8,5,30,4,Thursday,0,0.3676637120691854,0.0582257334771865,127,-0.2588190451025215,0.965925826289068,0.4999999999999999,-0.8660254037844387,36371.46585735481,36371.46585735481,36371.46585735481,28038.0,25313.291666666668,23695.842261904763,0,1673,28732,0.0582257334771865,-2181.0,8169.0,0.3479872204472843,0.0,0.0973801916932907,0,0,0.6531292170152412,0.2305149917912382,0,MODERATE,0.2573645984484298,36371.46585735481,36371.46585735481,36371.46585735481,36776.823360028866
2026-05-07,48,23474,29316,21800,1673,6606,0,22126,0,167,1006,991,-978,-452,-530,-787,demanddata_2026.csv,-469.0,997.0,-1445.0,-514.0,2286.0,2026-05-08 05:30:00,2026,5,8,5,30,4,Thursday,0,0.3676637120691854,0.0582257334771865,127,-0.2588190451025215,0.965925826289068,0.4999999999999999,-0.8660254037844387,39182.03691428361,39182.03691428361,39182.03691428361,28038.0,25313.291666666668,23695.842261904763,0,1673,28732,0.0582257334771865,-2181.0,8169.0,0.3479872204472843,0.0,0.0973801916932907,0,0,0.6531292170152412,0.2305149917912382,0,MODERATE,0.2573645984484298,39182.03691428361,39182.03691428361,39182.03691428361,39084.04296960448
2026-05-07,48,23474,29316,21800,1673,6606,0,22126,0,167,1006,991,-978,-452,-530,-787,demanddata_2026.csv,-469.0,997.0,-1445.0,-514.0,2286.0,2026-05-08 06:00:00,2026,5,8,6,30,4,Thursday,0,0.3676637120691854,0.0582257334771865,127,-0.2588190451025215,0.965925826289068,0.4999999999999999,-0.8660254037844387,42316.5998674263,42316.5998674263,42316.5998674263,28038.0,25313.291666666668,23695.842261904763,0,1673,28732,0.0582257334771865,-2181.0,8169.0,0.3479872204472843,0.0,0.0973801916932907,0,0,0.6531292170152412,0.2305149917912382,0,MODERATE,0.2573645984484298,42316.5998674263,42316.5998674263,42316.5998674263,40485.34217724867
2026-05-07,48,23474,29316,21800,1673,6606,0,22126,0,167,1006,991,-978,-452,-530,-787,demanddata_2026.csv,-469.0,997.0,-1445.0,-514.0,2286.0,2026-05-08 06:30:00,2026,5,8,6,30,4,Thursday,0,0.3676637120691854,0.0582257334771865,127,-0.2588190451025215,0.965925826289068,0.4999999999999999,-0.8660254037844387,45701.92785682041,45701.92785682041,45701.92785682041,28038.0,25313.291666666668,23695.842261904763,0,1673,28732,0.0582257334771865,-2181.0,8169.0,0.3479872204472843,0.0,0.0973801916932907,0,0,0.6531292170152412,0.2305149917912382,0,MODERATE,0.2573645984484298,45701.92785682041,45701.92785682041,45701.92785682041,40485.34217724867
2026-05-07,48,23474,29316,21800,1673,6606,0,22126,0,167,1006,991,-978,-452,-530,-787,demanddata_2026.csv,-469.0,997.0,-1445.0,-514.0,2286.0,2026-05-08 07:00:00,2026,5,8,7,30,4,Thursday,0,0.3676637120691854,0.0582257334771865,127,-0.2588190451025215,0.965925826289068,0.4999999999999999,-0.8660254037844387,49233.501651068626,49233.501651068626,49233.501651068626,28038.0,25313.291666666668,23695.842261904763,0,1673,28732,0.0582257334771865,-2181.0,8169.0,0.3479872204472843,0.0,0.0973801916932907,0,0,0.6531292170152412,0.2305149917912382,0,MODERATE,0.2573645984484298,49233.501651068626,49233.501651068626,49233.501651068626,40485.34217724867
2026-05-07,48,23474,29316,21800,1673,6606,0,22126,0,167,1006,991,-978,-452,-530,-787,demanddata_2026.csv,-469.0,997.0,-1445.0,-514.0,2286.0,2026-05-08 07:30:00,2026,5,8,7,30,4,Thursday,0,0.3676637120691854,0.0582257334771865,127,-0.2588190451025215,0.965925826289068,0.4999999999999999,-0.8660254037844387,53037.97451214164,53037.97451214164,53037.97451214164,28038.0,25313.291666666668,23695.842261904763,0,1673,28732,0.0582257334771865,-2181.0,8169.0,0.3479872204472843,0.0,0.0973801916932907,0,0,0.6531292170152412,0.2305149917912382,0,MODERATE,0.2573645984484298,53037.97451214164,53037.97451214164,53037.97451214164,40485.34217724867
2026-05-07,48,23474,29316,21800,1673,6606,0,22126,0,167,1006,991,-978,-452,-530,-787,demanddata_2026.csv,-469.0,997.0,-1445.0,-514.0,2286.0,2026-05-08 08:00:00,2026,5,8,8,30,4,Thursday,0,0.3676637120691854,0.0582257334771865,127,-0.2588190451025215,0.965925826289068,0.4999999999999999,-0.8660254037844387,56712.553175564535,56712.553175564535,56712.553175564535,28038.0,25313.291666666668,23695.842261904763,0,1673,28732,0.0582257334771865,-2181.0,8169.0,0.3479872204472843,0.0,0.0973801916932907,0,0,0.6531292170152412,0.2305149917912382,0,MODERATE,0.2573645984484298,56712.553175564535,56712.553175564535,56712.553175564535,40485.34217724867
2026-05-07,48,23474,29316,21800,1673,6606,0,22126,0,167,1006,991,-978,-452,-530,-787,demanddata_2026.csv,-469.0,997.0,-1445.0,-514.0,2286.0,2026-05-08 08:30:00,2026,5,8,8,30,4,Thursday,0,0.3676637120691854,0.0582257334771865,127,-0.2588190451025215,0.965925826289068,0.4999999999999999,-0.8660254037844387,60641.71411664571,60641.71411664571,60641.71411664571,28038.0,25313.291666666668,23695.842261904763,0,1673,28732,0.0582257334771865,-2181.0,8169.0,0.3479872204472843,0.0,0.0973801916932907,0,0,0.6531292170152412,0.2305149917912382,0,MODERATE,0.2573645984484298,60641.71411664571,60641.71411664571,60641.71411664571,40485.34217724867
2026-05-07,48,23474,29316,21800,1673,6606,0,22126,0,167,1006,991,-978,-452,-530,-787,demanddata_2026.csv,-469.0,997.0,-1445.0,-514.0,2286.0,2026-05-08 09:00:00,2026,5,8,9,30,4,Thursday,0,0.3676637120691854,0.0582257334771865,127,-0.2588190451025215,0.965925826289068,0.4999999999999999,-0.8660254037844387,64072.1274986182,64072.1274986182,64072.1274986182,28038.0,25313.291666666668,23695.842261904763,0,1673,28732,0.0582257334771865,-2181.0,8169.0,0.3479872204472843,0.0,0.0973801916932907,0,0,0.6531292170152412,0.2305149917912382,0,MODERATE,0.2573645984484298,64072.1274986182,64072.1274986182,64072.1274986182,40485.34217724867
2026-05-07,48,23474,29316,21800,1673,6606,0,22126,0,167,1006,991,-978,-452,-530,-787,demanddata_2026.csv,-469.0,997.0,-1445.0,-514.0,2286.0,2026-05-08 09:30:00,2026,5,8,9,30,4,Thursday,0,0.3676637120691854,0.0582257334771865,127,-0.2588190451025215,0.965925826289068,0.4999999999999999,-0.8660254037844387,67696.59436576396,67696.59436576396,67696.59436576396,28038.0,25313.291666666668,23695.842261904763,0,1673,28732,0.0582257334771865,-2181.0,8169.0,0.3479872204472843,0.0,0.0973801916932907,0,0,0.6531292170152412,0.2305149917912382,0,MODERATE,0.2573645984484298,67696.59436576396,67696.59436576396,67696.59436576396,40485.34217724867
2026-05-07,48,23474,29316,21800,1673,6606,0,22126,0,167,1006,991,-978,-452,-530,-787,demanddata_2026.csv,-469.0,997.0,-1445.0,-514.0,2286.0,2026-05-08 10:00:00,2026,5,8,10,30,4,Thursday,0,0.3676637120691854,0.0582257334771865,127,-0.2588190451025215,0.965925826289068,0.4999999999999999,-0.8660254037844387,70404.45814039452,70404.45814039452,70404.45814039452,28038.0,25313.291666666668,23695.842261904763,0,1673,28732,0.0582257334771865,-2181.0,8169.0,0.3479872204472843,0.0,0.0973801916932907,0,0,0.6531292170152412,0.2305149917912382,0,MODERATE,0.2573645984484298,70404.45814039452,70404.45814039452,70404.45814039452,40485.34217724867
2026-05-07,48,23474,29316,21800,1673,6606,0,22126,0,167,1006,991,-978,-452,-530,-787,demanddata_2026.csv,-469.0,997.0,-1445.0,-514.0,2286.0,2026-05-08 10:30:00,2026,5,8,10,30,4,Thursday,0,0.3676637120691854,0.0582257334771865,127,-0.2588190451025215,0.965925826289068,0.4999999999999999,-0.8660254037844387,73220.6364660103,73220.6364660103,73220.6364660103,28038.0,25313.291666666668,23695.842261904763,0,1673,28732,0.0582257334771865,-2181.0,8169.0,0.3479872204472843,0.0,0.0973801916932907,0,0,0.6531292170152412,0.2305149917912382,0,MODERATE,0.2573645984484298,73220.6364660103,73220.6364660103,73220.6364660103,40485.34217724867
2026-05-07,48,23474,29316,21800,1673,6606,0,22126,0,167,1006,991,-978,-452,-530,-787,demanddata_2026.csv,-469.0,997.0,-1445.0,-514.0,2286.0,2026-05-08 11:00:00,2026,5,8,11,30,4,Thursday,0,0.3676637120691854,0.0582257334771865,127,-0.2588190451025215,0.965925826289068,0.4999999999999999,-0.8660254037844387,74736.70808296483,74736.70808296483,74736.70808296483,28038.0,25313.291666666668,23695.842261904763,0,1673,28732,0.0582257334771865,-2181.0,8169.0,0.3479872204472843,0.0,0.0973801916932907,0,0,0.6531292170152412,0.2305149917912382,0,MODERATE,0.2573645984484298,74736.70808296483,74736.70808296483,74736.70808296483,40485.34217724867
2026-05-07,48,23474,29316,21800,1673,6606,0,22126,0,167,1006,991,-978,-452,-530,-787,demanddata_2026.csv,-469.0,997.0,-1445.0,-514.0,2286.0,2026-05-08 11:30:00,2026,5,8,11,30,4,Thursday,0,0.3676637120691854,0.0582257334771865,127,-0.2588190451025215,0.965925826289068,0.4999999999999999,-0.8660254037844387,76284.17075657594,76284.17075657594,76284.17075657594,28038.0,25313.291666666668,23695.842261904763,0,1673,28732,0.0582257334771865,-2181.0,8169.0,0.3479872204472843,0.0,0.0973801916932907,0,0,0.6531292170152412,0.2305149917912382,0,MODERATE,0.2573645984484298,76284.17075657594,76284.17075657594,76284.17075657594,40485.34217724867
2026-05-07,48,23474,29316,21800,1673,6606,0,22126,0,167,1006,991,-978,-452,-530,-787,demanddata_2026.csv,-469.0,997.0,-1445.0,-514.0,2286.0,2026-05-08 12:00:00,2026,5,8,12,30,4,Thursday,0,0.3676637120691854,0.0582257334771865,127,-0.2588190451025215,0.965925826289068,0.4999999999999999,-0.8660254037844387,76284.17075657594,76284.17075657594,76284.17075657594,28038.0,25313.291666666668,23695.842261904763,0,1673,28732,0.0582257334771865,-2181.0,8169.0,0.3479872204472843,0.0,0.0973801916932907,0,0,0.6531292170152412,0.2305149917912382,0,MODERATE,0.2573645984484298,76284.17075657594,76284.17075657594,76284.17075657594,40485.34217724867
2026-05-07,48,23474,29316,21800,1673,6606,0,22126,0,167,1006,991,-978,-452,-530,-787,demanddata_2026.csv,-469.0,997.0,-1445.0,-514.0,2286.0,2026-05-08 12:30:00,2026,5,8,12,30,4,Thursday,0,0.3676637120691854,0.0582257334771865,127,-0.2588190451025215,0.965925826289068,0.4999999999999999,-0.8660254037844387,76284.17075657594,76284.17075657594,76284.17075657594,28038.0,25313.291666666668,23695.842261904763,0,1673,28732,0.0582257334771865,-2181.0,8169.0,0.3479872204472843,0.0,0.0973801916932907,0,0,0.6531292170152412,0.2305149917912382,0,MODERATE,0.2573645984484298,76284.17075657594,76284.17075657594,76284.17075657594,40485.34217724867
2026-05-07,48,23474,29316,21800,1673,6606,0,22126,0,167,1006,991,-978,-452,-530,-787,demanddata_2026.csv,-469.0,997.0,-1445.0,-514.0,2286.0,2026-05-08 13:00:00,2026,5,8,13,30,4,Thursday,0,0.3676637120691854,0.0582257334771865,127,-0.2588190451025215,0.965925826289068,0.4999999999999999,-0.8660254037844387,74704.66705804357,74704.66705804357,74704.66705804357,28038.0,25313.291666666668,23695.842261904763,0,1673,28732,0.0582257334771865,-2181.0,8169.0,0.3479872204472843,0.0,0.0973801916932907,0,0,0.6531292170152412,0.2305149917912382,0,MODERATE,0.2573645984484298,74704.66705804357,74704.66705804357,74704.66705804357,40478.089478835966
2026-05-07,48,23474,29316,21800,1673,6606,0,22126,0,167,1006,991,-978,-452,-530,-787,demanddata_2026.csv,-469.0,997.0,-1445.0,-514.0,2286.0,2026-05-08 13:30:00,2026,5,8,13,30,4,Thursday,0,0.3676637120691854,0.0582257334771865,127,-0.2588190451025215,0.965925826289068,0.4999999999999999,-0.8660254037844387,73157.86781063041,73157.86781063041,73157.86781063041,28038.0,25313.291666666668,23695.842261904763,0,1673,28732,0.0582257334771865,-2181.0,8169.0,0.3479872204472843,0.0,0.0973801916932907,0,0,0.6531292170152412,0.2305149917912382,0,MODERATE,0.2573645984484298,73157.86781063041,73157.86781063041,73157.86781063041,40478.089478835966
2026-05-07,48,23474,29316,21800,1673,6606,0,22126,0,167,1006,991,-978,-452,-530,-787,demanddata_2026.csv,-469.0,997.0,-1445.0,-514.0,2286.0,2026-05-08 14:00:00,2026,5,8,14,30,4,Thursday,0,0.3676637120691854,0.0582257334771865,127,-0.2588190451025215,0.965925826289068,0.4999999999999999,-0.8660254037844387,70231.5530982052,70231.5530982052,70231.5530982052,28038.0,25313.291666666668,23695.842261904763,0,1673,28732,0.0582257334771865,-2181.0,8169.0,0.3479872204472843,0.0,0.0973801916932907,0,0,0.6531292170152412,0.2305149917912382,0,MODERATE,0.2573645984484298,70231.5530982052,70231.5530982052,70231.5530982052,40478.089478835966
2026-05-07,48,23474,29316,21800,1673,6606,0,22126,0,167,1006,991,-978,-452,-530,-787,demanddata_2026.csv,-469.0,997.0,-1445.0,-514.0,2286.0,2026-05-08 14:30:00,2026,5,8,14,30,4,Thursday,0,0.3676637120691854,0.0582257334771865,127,-0.2588190451025215,0.965925826289068,0.4999999999999999,-0.8660254037844387,67422.29097427698,67422.29097427698,67422.29097427698,28038.0,25313.291666666668,23695.842261904763,0,1673,28732,0.0582257334771865,-2181.0,8169.0,0.3479872204472843,0.0,0.0973801916932907,0,0,0.6531292170152412,0.2305149917912382,0,MODERATE,0.2573645984484298,67422.29097427698,67422.29097427698,67422.29097427698,40478.089478835966
2026-05-07,48,23474,29316,21800,1673,6606,0,22126,0,167,1006,991,-978,-452,-530,-787,demanddata_2026.csv,-469.0,997.0,-1445.0,-514.0,2286.0,2026-05-08 15:00:00,2026,5,8,15,30,4,Thursday,0,0.3676637120691854,0.0582257334771865,127,-0.2588190451025215,0.965925826289068,0.4999999999999999,-0.8660254037844387,63608.310242193475,63608.310242193475,63608.310242193475,28038.0,25313.291666666668,23695.842261904763,0,1673,28732,0.0582257334771865,-2181.0,8169.0,0.3479872204472843,0.0,0.0973801916932907,0,0,0.6531292170152412,0.2305149917912382,0,MODERATE,0.2573645984484298,63608.310242193475,63608.310242193475,63608.310242193475,40498.3455026455
2026-05-07,48,23474,29316,21800,1673,6606,0,22126,0,167,1006,991,-978,-452,-530,-787,demanddata_2026.csv,-469.0,997.0,-1445.0,-514.0,2286.0,2026-05-08 15:30:00,2026,5,8,15,30,4,Thursday,0,0.3676637120691854,0.0582257334771865,127,-0.2588190451025215,0.965925826289068,0.4999999999999999,-0.8660254037844387,60010.08084122765,60010.08084122765,60010.08084122765,28038.0,25313.291666666668,23695.842261904763,0,1673,28732,0.0582257334771865,-2181.0,8169.0,0.3479872204472843,0.0,0.0973801916932907,0,0,0.6531292170152412,0.2305149917912382,0,MODERATE,0.2573645984484298,60010.08084122765,60010.08084122765,60010.08084122765,40498.3455026455
2026-05-07,48,23474,29316,21800,1673,6606,0,22126,0,167,1006,991,-978,-452,-530,-787,demanddata_2026.csv,-469.0,997.0,-1445.0,-514.0,2286.0,2026-05-08 16:00:00,2026,5,8,16,30,4,Thursday,0,0.3676637120691854,0.0582257334771865,127,-0.2588190451025215,0.965925826289068,0.4999999999999999,-0.8660254037844387,55852.46048189478,55852.46048189478,55852.46048189478,28038.0,25313.291666666668,23695.842261904763,0,1673,28732,0.0582257334771865,-2181.0,8169.0,0.3479872204472843,0.0,0.0973801916932907,0,0,0.6531292170152412,0.2305149917912382,0,MODERATE,0.2573645984484298,55852.46048189478,55852.46048189478,55852.46048189478,40498.3455026455
2026-05-07,48,23474,29316,21800,1673,6606,0,22126,0,167,1006,991,-978,-452,-530,-787,demanddata_2026.csv,-469.0,997.0,-1445.0,-514.0,2286.0,2026-05-08 16:30:00,2026,5,8,16,30,4,Thursday,0,0.3676637120691854,0.0582257334771865,127,-0.2588190451025215,0.965925826289068,0.4999999999999999,-0.8660254037844387,51982.88851059979,51982.88851059979,51982.88851059979,28038.0,25313.291666666668,23695.842261904763,0,1673,28732,0.0582257334771865,-2181.0,8169.0,0.3479872204472843,0.0,0.0973801916932907,0,0,0.6531292170152412,0.2305149917912382,0,MODERATE,0.2573645984484298,51982.88851059979,51982.88851059979,51982.88851059979,40498.3455026455
2026-05-07,48,23474,29316,21800,1673,6606,0,22126,0,167,1006,991,-978,-452,-530,-787,demanddata_2026.csv,-469.0,997.0,-1445.0,-514.0,2286.0,2026-05-08 17:00:00,2026,5,8,17,30,4,Thursday,0,0.3676637120691854,0.0582257334771865,127,-0.2588190451025215,0.965925826289068,0.4999999999999999,-0.8660254037844387,47965.9593476003,47965.9593476003,47965.9593476003,28038.0,25313.291666666668,23695.842261904763,0,1673,28732,0.0582257334771865,-2181.0,8169.0,0.3479872204472843,0.0,0.0973801916932907,0,0,0.6531292170152412,0.2305149917912382,0,MODERATE,0.2573645984484298,47965.9593476003,47965.9593476003,47965.9593476003,40502.405502645495
2026-05-07,48,23474,29316,21800,1673,6606,0,22126,0,167,1006,991,-978,-452,-530,-787,demanddata_2026.csv,-469.0,997.0,-1445.0,-514.0,2286.0,2026-05-08 17:30:00,2026,5,8,17,30,4,Thursday,0,0.3676637120691854,0.0582257334771865,127,-0.2588190451025215,0.965925826289068,0.4999999999999999,-0.8660254037844387,44259.434634274,44259.434634274,44259.434634274,28038.0,25313.291666666668,23695.842261904763,0,1673,28732,0.0582257334771865,-2181.0,8169.0,0.3479872204472843,0.0,0.0973801916932907,0,0,0.6531292170152412,0.2305149917912382,0,MODERATE,0.2573645984484298,44259.434634274,44259.434634274,44259.434634274,40502.405502645495
2026-05-07,48,23474,29316,21800,1673,6606,0,22126,0,167,1006,991,-978,-452,-530,-787,demanddata_2026.csv,-469.0,997.0,-1445.0,-514.0,2286.0,2026-05-08 18:00:00,2026,5,8,18,30,4,Thursday,0,0.3676637120691854,0.0582257334771865,127,-0.2588190451025215,0.965925826289068,0.4999999999999999,-0.8660254037844387,40718.67986353208,40718.67986353208,40718.67986353208,28038.0,25313.291666666668,23695.842261904763,0,1673,28732,0.0582257334771865,-2181.0,8169.0,0.3479872204472843,0.0,0.0973801916932907,0,0,0.6531292170152412,0.2305149917912382,0,MODERATE,0.2573645984484298,40718.67986353208,40718.67986353208,40718.67986353208,40383.75746296297
2026-05-07,48,23474,29316,21800,1673,6606,0,22126,0,167,1006,991,-978,-452,-530,-787,demanddata_2026.csv,-469.0,997.0,-1445.0,-514.0,2286.0,2026-05-08 18:30:00,2026,5,8,18,30,4,Thursday,0,0.3676637120691854,0.0582257334771865,127,-0.2588190451025215,0.965925826289068,0.4999999999999999,-0.8660254037844387,37461.185474449514,37461.185474449514,37461.185474449514,28038.0,25313.291666666668,23695.842261904763,0,1673,28732,0.0582257334771865,-2181.0,8169.0,0.3479872204472843,0.0,0.0973801916932907,0,0,0.6531292170152412,0.2305149917912382,0,MODERATE,0.2573645984484298,37461.185474449514,37461.185474449514,37461.185474449514,37106.95732010583
2026-05-07,48,23474,29316,21800,1673,6606,0,22126,0,167,1006,991,-978,-452,-530,-787,demanddata_2026.csv,-469.0,997.0,-1445.0,-514.0,2286.0,2026-05-08 19:00:00,2026,5,8,19,30,4,Thursday,0,0.3676637120691854,0.0582257334771865,127,-0.2588190451025215,0.965925826289068,0.4999999999999999,-0.8660254037844387,34566.40735179546,34566.40735179546,34566.40735179546,28038.0,25313.291666666668,23695.842261904763,0,1673,28732,0.0582257334771865,-2181.0,8169.0,0.3479872204472843,0.0,0.0973801916932907,0,0,0.6531292170152412,0.2305149917912382,0,MODERATE,0.2573645984484298,34566.40735179546,34566.40735179546,34566.40735179546,34174.50242218121
2026-05-07,48,23474,29316,21800,1673,6606,0,22126,0,167,1006,991,-978,-452,-530,-787,demanddata_2026.csv,-469.0,997.0,-1445.0,-514.0,2286.0,2026-05-08 19:30:00,2026,5,8,19,30,4,Thursday,0,0.3676637120691854,0.0582257334771865,127,-0.2588190451025215,0.965925826289068,0.4999999999999999,-0.8660254037844387,31895.320505145257,31895.320505145257,31895.320505145257,28038.0,25313.291666666668,23695.842261904763,0,1673,28732,0.0582257334771865,-2181.0,8169.0,0.3479872204472843,0.0,0.0973801916932907,0,0,0.6531292170152412,0.2305149917912382,0,MODERATE,0.2573645984484298,31895.320505145257,31895.320505145257,31895.320505145257,28983.321948681853
2026-05-07,48,23474,29316,21800,1673,6606,0,22126,0,167,1006,991,-978,-452,-530,-787,demanddata_2026.csv,-469.0,997.0,-1445.0,-514.0,2286.0,2026-05-08 20:00:00,2026,5,8,20,30,4,Thursday,0,0.3676637120691854,0.0582257334771865,127,-0.2588190451025215,0.965925826289068,0.4999999999999999,-0.8660254037844387,29685.547879601058,29685.547879601058,29685.547879601058,28038.0,25313.291666666668,23695.842261904763,0,1673,28732,0.0582257334771865,-2181.0,8169.0,0.3479872204472843,0.0,0.0973801916932907,0,0,0.6531292170152412,0.2305149917912382,0,MODERATE,0.2573645984484298,29685.547879601058,29685.547879601058,29685.547879601058,28232.343490559215
2026-05-07,48,23474,29316,21800,1673,6606,0,22126,0,167,1006,991,-978,-452,-530,-787,demanddata_2026.csv,-469.0,997.0,-1445.0,-514.0,2286.0,2026-05-08 20:30:00,2026,5,8,20,30,4,Thursday,0,0.3676637120691854,0.0582257334771865,127,-0.2588190451025215,0.965925826289068,0.4999999999999999,-0.8660254037844387,27628.872792481554,27628.872792481554,27628.872792481554,28038.0,25313.291666666668,23695.842261904763,0,1673,28732,0.0582257334771865,-2181.0,8169.0,0.3479872204472843,0.0,0.0973801916932907,0,0,0.6531292170152412,0.2305149917912382,0,MODERATE,0.2573645984484298,27628.872792481554,27628.872792481554,27628.872792481554,26991.73255104896
2026-05-07,48,23474,29316,21800,1673,6606,0,22126,0,167,1006,991,-978,-452,-530,-787,demanddata_2026.csv,-469.0,997.0,-1445.0,-514.0,2286.0,2026-05-08 21:00:00,2026,5,8,21,30,4,Thursday,0,0.3676637120691854,0.0582257334771865,127,-0.2588190451025215,0.965925826289068,0.4999999999999999,-0.8660254037844387,26065.947727833216,26065.947727833216,26065.947727833216,28038.0,25313.291666666668,23695.842261904763,0,1673,28732,0.0582257334771865,-2181.0,8169.0,0.3479872204472843,0.0,0.0973801916932907,0,0,0.6531292170152412,0.2305149917912382,0,MODERATE,0.2573645984484298,26065.947727833216,26065.947727833216,26065.947727833216,25246.625400692286
2026-05-07,48,23474,29316,21800,1673,6606,0,22126,0,167,1006,991,-978,-452,-530,-787,demanddata_2026.csv,-469.0,997.0,-1445.0,-514.0,2286.0,2026-05-08 21:30:00,2026,5,8,21,30,4,Thursday,0,0.3676637120691854,0.0582257334771865,127,-0.2588190451025215,0.965925826289068,0.4999999999999999,-0.8660254037844387,24591.43505612082,24591.43505612082,24591.43505612082,28038.0,25313.291666666668,23695.842261904763,0,1673,28732,0.0582257334771865,-2181.0,8169.0,0.3479872204472843,0.0,0.0973801916932907,0,0,0.6531292170152412,0.2305149917912382,0,MODERATE,0.2573645984484298,24591.43505612082,24591.43505612082,24591.43505612082,23430.7680048655
2026-05-07,48,23474,29316,21800,1673,6606,0,22126,0,167,1006,991,-978,-452,-530,-787,demanddata_2026.csv,-469.0,997.0,-1445.0,-514.0,2286.0,2026-05-08 22:00:00,2026,5,8,22,30,4,Thursday,0,0.3676637120691854,0.0582257334771865,127,-0.2588190451025215,0.965925826289068,0.4999999999999999,-0.8660254037844387,23607.777653875986,23607.777653875986,23607.777653875986,28038.0,25313.291666666668,23695.842261904763,0,1673,28732,0.0582257334771865,-2181.0,8169.0,0.3479872204472843,0.0,0.0973801916932907,0,0,0.6531292170152412,0.2305149917912382,0,MODERATE,0.2573645984484298,23607.777653875986,23607.777653875986,23607.777653875986,22684.55800616639
2026-05-07,48,23474,29316,21800,1673,6606,0,22126,0,167,1006,991,-978,-452,-530,-787,demanddata_2026.csv,-469.0,997.0,-1445.0,-514.0,2286.0,2026-05-08 22:30:00,2026,5,8,22,30,4,Thursday,0,0.3676637120691854,0.0582257334771865,127,-0.2588190451025215,0.965925826289068,0.4999999999999999,-0.8660254037844387,22663.466547720946,22663.466547720946,22663.466547720946,28038.0,25313.291666666668,23695.842261904763,0,1673,28732,0.0582257334771865,-2181.0,8169.0,0.3479872204472843,0.0,0.0973801916932907,0,0,0.6531292170152412,0.2305149917912382,0,MODERATE,0.2573645984484298,22663.466547720946,22663.466547720946,22663.466547720946,21992.228924256575
2026-05-07,48,23474,29316,21800,1673,6606,0,22126,0,167,1006,991,-978,-452,-530,-787,demanddata_2026.csv,-469.0,997.0,-1445.0,-514.0,2286.0,2026-05-08 23:00:00,2026,5,8,23,30,4,Thursday,0,0.3676637120691854,0.0582257334771865,127,-0.2588190451025215,0.965925826289068,0.4999999999999999,-0.8660254037844387,22194.207606073418,22194.207606073418,22194.207606073418,28038.0,25313.291666666668,23695.842261904763,0,1673,28732,0.0582257334771865,-2181.0,8169.0,0.3479872204472843,0.0,0.0973801916932907,0,0,0.6531292170152412,0.2305149917912382,0,MODERATE,0.2573645984484298,22194.207606073418,22194.207606073418,22194.207606073418,21677.90299610956
2026-05-07,48,23474,29316,21800,1673,6606,0,22126,0,167,1006,991,-978,-452,-530,-787,demanddata_2026.csv,-469.0,997.0,-1445.0,-514.0,2286.0,2026-05-08 23:30:00,2026,5,8,23,30,4,Thursday,0,0.3676637120691854,0.0582257334771865,127,-0.2588190451025215,0.965925826289068,0.4999999999999999,-0.8660254037844387,21734.664916520534,21734.664916520534,21734.664916520534,28038.0,25313.291666666668,23695.842261904763,0,1673,28732,0.0582257334771865,-2181.0,8169.0,0.3479872204472843,0.0,0.0973801916932907,0,0,0.6531292170152412,0.2305149917912382,0,MODERATE,0.2573645984484298,21734.664916520534,21734.664916520534,21734.664916520534,21332.4338358805
2026-05-07,48,23474,29316,21800,1673,6606,0,22126,0,167,1006,991,-978,-452,-530,-787,demanddata_2026.csv,-469.0,997.0,-1445.0,-514.0,2286.0,2026-05-09 00:00:00,2026,5,9,0,30,5,Thursday,1,0.3676637120691854,0.0582257334771865,127,-0.2588190451025215,0.965925826289068,0.4999999999999999,-0.8660254037844387,21734.664916520534,21734.664916520534,21734.664916520534,28038.0,25313.291666666668,23695.842261904763,0,1673,28732,0.0582257334771865,-2181.0,8169.0,0.3479872204472843,0.0,0.0973801916932907,0,0,0.6531292170152412,0.2305149917912382,0,MODERATE,0.2573645984484298,21734.664916520534,21734.664916520534,21734.664916520534,21378.635063393725
2026-05-07,48,23474,29316,21800,1673,6606,0,22126,0,167,1006,991,-978,-452,-530,-787,demanddata_2026.csv,-469.0,997.0,-1445.0,-514.0,2286.0,2026-05-09 00:30:00,2026,5,9,0,30,5,Thursday,1,0.3676637120691854,0.0582257334771865,127,-0.2588190451025215,0.965925826289068,0.4999999999999999,-0.8660254037844387,21734.664916520534,21734.664916520534,21734.664916520534,28038.0,25313.291666666668,23695.842261904763,0,1673,28732,0.0582257334771865,-2181.0,8169.0,0.3479872204472843,0.0,0.0973801916932907,0,0,0.6531292170152412,0.2305149917912382,0,MODERATE,0.2573645984484298,21734.664916520534,21734.664916520534,21734.664916520534,21378.635063393725
2026-05-07,48,23474,29316,21800,1673,6606,0,22126,0,167,1006,991,-978,-452,-530,-787,demanddata_2026.csv,-469.0,997.0,-1445.0,-514.0,2286.0,2026-05-09 01:00:00,2026,5,9,1,30,5,Thursday,1,0.3676637120691854,0.0582257334771865,127,-0.2588190451025215,0.965925826289068,0.4999999999999999,-0.8660254037844387,22184.692534065904,22184.692534065904,22184.692534065904,28038.0,25313.291666666668,23695.842261904763,0,1673,28732,0.0582257334771865,-2181.0,8169.0,0.3479872204472843,0.0,0.0973801916932907,0,0,0.6531292170152412,0.2305149917912382,0,MODERATE,0.2573645984484298,22184.692534065904,22184.692534065904,22184.692534065904,21769.75323591659
2026-05-07,48,23474,29316,21800,1673,6606,0,22126,0,167,1006,991,-978,-452,-530,-787,demanddata_2026.csv,-469.0,997.0,-1445.0,-514.0,2286.0,2026-05-09 01:30:00,2026,5,9,1,30,5,Thursday,1,0.3676637120691854,0.0582257334771865,127,-0.2588190451025215,0.965925826289068,0.4999999999999999,-0.8660254037844387,22644.0382090707,22644.0382090707,22644.0382090707,28038.0,25313.291666666668,23695.842261904763,0,1673,28732,0.0582257334771865,-2181.0,8169.0,0.3479872204472843,0.0,0.0973801916932907,0,0,0.6531292170152412,0.2305149917912382,0,MODERATE,0.2573645984484298,22644.0382090707,22644.0382090707,22644.0382090707,22145.436506267142
2026-05-07,48,23474,29316,21800,1673,6606,0,22126,0,167,1006,991,-978,-452,-530,-787,demanddata_2026.csv,-469.0,997.0,-1445.0,-514.0,2286.0,2026-05-09 02:00:00,2026,5,9,2,30,5,Thursday,1,0.3676637120691854,0.0582257334771865,127,-0.2588190451025215,0.965925826289068,0.4999999999999999,-0.8660254037844387,23549.79973743353,23549.79973743353,23549.79973743353,28038.0,25313.291666666668,23695.842261904763,0,1673,28732,0.0582257334771865,-2181.0,8169.0,0.3479872204472843,0.0,0.0973801916932907,0,0,0.6531292170152412,0.2305149917912382,0,MODERATE,0.2573645984484298,23549.79973743353,23549.79973743353,23549.79973743353,23016.586734018023
2026-05-07,48,23474,29316,21800,1673,6606,0,22126,0,167,1006,991,-978,-452,-530,-787,demanddata_2026.csv,-469.0,997.0,-1445.0,-514.0,2286.0,2026-05-09 02:30:00,2026,5,9,2,30,5,Thursday,1,0.3676637120691854,0.0582257334771865,127,-0.2588190451025215,0.965925826289068,0.4999999999999999,-0.8660254037844387,24491.79172693087,24491.79172693087,24491.79172693087,28038.0,25313.291666666668,23695.842261904763,0,1673,28732,0.0582257334771865,-2181.0,8169.0,0.3479872204472843,0.0,0.0973801916932907,0,0,0.6531292170152412,0.2305149917912382,0,MODERATE,0.2573645984484298,24491.79172693087,24491.79172693087,24491.79172693087,24170.935718221685
2026-05-07,48,23474,29316,21800,1673,6606,0,22126,0,167,1006,991,-978,-452,-530,-787,demanddata_2026.csv,-469.0,997.0,-1445.0,-514.0,2286.0,2026-05-09 03:00:00,2026,5,9,3,30,5,Thursday,1,0.3676637120691854,0.0582257334771865,127,-0.2588190451025215,0.965925826289068,0.4999999999999999,-0.8660254037844387,25877.256688012585,25877.256688012585,25877.256688012585,28038.0,25313.291666666668,23695.842261904763,0,1673,28732,0.0582257334771865,-2181.0,8169.0,0.3479872204472843,0.0,0.0973801916932907,0,0,0.6531292170152412,0.2305149917912382,0,MODERATE,0.2573645984484298,25877.256688012585,25877.256688012585,25877.256688012585,25517.38644466544
2026-05-07,48,23474,29316,21800,1673,6606,0,22126,0,167,1006,991,-978,-452,-530,-787,demanddata_2026.csv,-469.0,997.0,-1445.0,-514.0,2286.0,2026-05-09 03:30:00,2026,5,9,3,30,5,Thursday,1,0.3676637120691854,0.0582257334771865,127,-0.2588190451025215,0.965925826289068,0.4999999999999999,-0.8660254037844387,27341.095382620475,27341.095382620475,27341.095382620475,28038.0,25313.291666666668,23695.842261904763,0,1673,28732,0.0582257334771865,-2181.0,8169.0,0.3479872204472843,0.0,0.0973801916932907,0,0,0.6531292170152412,0.2305149917912382,0,MODERATE,0.2573645984484298,27341.095382620475,27341.095382620475,27341.095382620475,27029.085135737205
2026-05-07,48,23474,29316,21800,1673,6606,0,22126,0,167,1006,991,-978,-452,-530,-787,demanddata_2026.csv,-469.0,997.0,-1445.0,-514.0,2286.0,2026-05-09 04:00:00,2026,5,9,4,30,5,Thursday,1,0.3676637120691854,0.0582257334771865,127,-0.2588190451025215,0.965925826289068,0.4999999999999999,-0.8660254037844387,29235.34203611189,29235.34203611189,29235.34203611189,28038.0,25313.291666666668,23695.842261904763,0,1673,28732,0.0582257334771865,-2181.0,8169.0,0.3479872204472843,0.0,0.0973801916932907,0,0,0.6531292170152412,0.2305149917912382,0,MODERATE,0.2573645984484298,29235.34203611189,29235.34203611189,29235.34203611189,28233.885879864163
2026-05-07,48,23474,29316,21800,1673,6606,0,22126,0,167,1006,991,-978,-452,-530,-787,demanddata_2026.csv,-469.0,997.0,-1445.0,-514.0,2286.0,2026-05-09 04:30:00,2026,5,9,4,30,5,Thursday,1,0.3676637120691854,0.0582257334771865,127,-0.2588190451025215,0.965925826289068,0.4999999999999999,-0.8660254037844387,31260.825947439887,31260.825947439887,31260.825947439887,28038.0,25313.291666666668,23695.842261904763,0,1673,28732,0.0582257334771865,-2181.0,8169.0,0.3479872204472843,0.0,0.0973801916932907,0,0,0.6531292170152412,0.2305149917912382,0,MODERATE,0.2573645984484298,31260.825947439887,31260.825947439887,31260.825947439887,28278.86215790877
2026-05-07,48,23474,29316,21800,1673,6606,0,22126,0,167,1006,991,-978,-452,-530,-787,demanddata_2026.csv,-469.0,997.0,-1445.0,-514.0,2286.0,2026-05-09 05:00:00,2026,5,9,5,30,5,Thursday,1,0.3676637120691854,0.0582257334771865,127,-0.2588190451025215,0.965925826289068,0.4999999999999999,-0.8660254037844387,33676.477078140655,33676.477078140655,33676.477078140655,28038.0,25313.291666666668,23695.842261904763,0,1673,28732,0.0582257334771865,-2181.0,8169.0,0.3479872204472843,0.0,0.0973801916932907,0,0,0.6531292170152412,0.2305149917912382,0,MODERATE,0.2573645984484298,33676.477078140655,33676.477078140655,33676.477078140655,30483.84245101763
2026-05-07,48,23474,29316,21800,1673,6606,0,22126,0,167,1006,991,-978,-452,-530,-787,demanddata_2026.csv,-469.0,997.0,-1445.0,-514.0,2286.0,2026-05-09 05:30:00,2026,5,9,5,30,5,Thursday,1,0.3676637120691854,0.0582257334771865,127,-0.2588190451025215,0.965925826289068,0.4999999999999999,-0.8660254037844387,36278.79539399729,36278.79539399729,36278.79539399729,28038.0,25313.291666666668,23695.842261904763,0,1673,28732,0.0582257334771865,-2181.0,8169.0,0.3479872204472843,0.0,0.0973801916932907,0,0,0.6531292170152412,0.2305149917912382,0,MODERATE,0.2573645984484298,36278.79539399729,36278.79539399729,36278.79539399729,36724.493804473306
2026-05-07,48,23474,29316,21800,1673,6606,0,22126,0,167,1006,991,-978,-452,-530,-787,demanddata_2026.csv,-469.0,997.0,-1445.0,-514.0,2286.0,2026-05-09 06:00:00,2026,5,9,6,30,5,Thursday,1,0.3676637120691854,0.0582257334771865,127,-0.2588190451025215,0.965925826289068,0.4999999999999999,-0.8660254037844387,39181.09902551707,39181.09902551707,39181.09902551707,28038.0,25313.291666666668,23695.842261904763,0,1673,28732,0.0582257334771865,-2181.0,8169.0,0.3479872204472843,0.0,0.0973801916932907,0,0,0.6531292170152412,0.2305149917912382,0,MODERATE,0.2573645984484298,39181.09902551707,39181.09902551707,39181.09902551707,39084.04296960448
2026-05-07,48,23474,29316,21800,1673,6606,0,22126,0,167,1006,991,-978,-452,-530,-787,demanddata_2026.csv,-469.0,997.0,-1445.0,-514.0,2286.0,2026-05-09 06:30:00,2026,5,9,6,30,5,Thursday,1,0.3676637120691854,0.0582257334771865,127,-0.2588190451025215,0.965925826289068,0.4999999999999999,-0.8660254037844387,42315.58694755844,42315.58694755844,42315.58694755844,28038.0,25313.291666666668,23695.842261904763,0,1673,28732,0.0582257334771865,-2181.0,8169.0,0.3479872204472843,0.0,0.0973801916932907,0,0,0.6531292170152412,0.2305149917912382,0,MODERATE,0.2573645984484298,42315.58694755844,42315.58694755844,42315.58694755844,40485.34217724867
2026-05-07,48,23474,29316,21800,1673,6606,0,22126,0,167,1006,991,-978,-452,-530,-787,demanddata_2026.csv,-469.0,997.0,-1445.0,-514.0,2286.0,2026-05-09 07:00:00,2026,5,9,7,30,5,Thursday,1,0.3676637120691854,0.0582257334771865,127,-0.2588190451025215,0.965925826289068,0.4999999999999999,-0.8660254037844387,45585.48441053663,45585.48441053663,45585.48441053663,28038.0,25313.291666666668,23695.842261904763,0,1673,28732,0.0582257334771865,-2181.0,8169.0,0.3479872204472843,0.0,0.0973801916932907,0,0,0.6531292170152412,0.2305149917912382,0,MODERATE,0.2573645984484298,45585.48441053663,45585.48441053663,45585.48441053663,40485.34217724867
2026-05-07,48,23474,29316,21800,1673,6606,0,22126,0,167,1006,991,-978,-452,-530,-787,demanddata_2026.csv,-469.0,997.0,-1445.0,-514.0,2286.0,2026-05-09 07:30:00,2026,5,9,7,30,5,Thursday,1,0.3676637120691854,0.0582257334771865,127,-0.2588190451025215,0.965925826289068,0.4999999999999999,-0.8660254037844387,49108.06014621943,49108.06014621943,49108.06014621943,28038.0,25313.291666666668,23695.842261904763,0,1673,28732,0.0582257334771865,-2181.0,8169.0,0.3479872204472843,0.0,0.0973801916932907,0,0,0.6531292170152412,0.2305149917912382,0,MODERATE,0.2573645984484298,49108.06014621943,49108.06014621943,49108.06014621943,40485.34217724867
2026-05-07,48,23474,29316,21800,1673,6606,0,22126,0,167,1006,991,-978,-452,-530,-787,demanddata_2026.csv,-469.0,997.0,-1445.0,-514.0,2286.0,2026-05-09 08:00:00,2026,5,9,8,30,5,Thursday,1,0.3676637120691854,0.0582257334771865,127,-0.2588190451025215,0.965925826289068,0.4999999999999999,-0.8660254037844387,52510.36635559544,52510.36635559544,52510.36635559544,28038.0,25313.291666666668,23695.842261904763,0,1673,28732,0.0582257334771865,-2181.0,8169.0,0.3479872204472843,0.0,0.0973801916932907,0,0,0.6531292170152412,0.2305149917912382,0,MODERATE,0.2573645984484298,52510.36635559544,52510.36635559544,52510.36635559544,40485.34217724867
2026-05-07,48,23474,29316,21800,1673,6606,0,22126,0,167,1006,991,-978,-452,-530,-787,demanddata_2026.csv,-469.0,997.0,-1445.0,-514.0,2286.0,2026-05-09 08:30:00,2026,5,9,8,30,5,Thursday,1,0.3676637120691854,0.0582257334771865,127,-0.2588190451025215,0.965925826289068,0.4999999999999999,-0.8660254037844387,56148.391253673304,56148.391253673304,56148.391253673304,28038.0,25313.291666666668,23695.842261904763,0,1673,28732,0.0582257334771865,-2181.0,8169.0,0.3479872204472843,0.0,0.0973801916932907,0,0,0.6531292170152412,0.2305149917912382,0,MODERATE,0.2573645984484298,56148.391253673304,56148.391253673304,56148.391253673304,40485.34217724867
2026-05-07,48,23474,29316,21800,1673,6606,0,22126,0,167,1006,991,-978,-452,-530,-787,demanddata_2026.csv,-469.0,997.0,-1445.0,-514.0,2286.0,2026-05-09 09:00:00,2026,5,9,9,30,5,Thursday,1,0.3676637120691854,0.0582257334771865,127,-0.2588190451025215,0.965925826289068,0.4999999999999999,-0.8660254037844387,59324.62391032833,59324.62391032833,59324.62391032833,28038.0,25313.291666666668,23695.842261904763,0,1673,28732,0.0582257334771865,-2181.0,8169.0,0.3479872204472843,0.0,0.0973801916932907,0,0,0.6531292170152412,0.2305149917912382,0,MODERATE,0.2573645984484298,59324.62391032833,59324.62391032833,59324.62391032833,40485.34217724867
2026-05-07,48,23474,29316,21800,1673,6606,0,22126,0,167,1006,991,-978,-452,-530,-787,demanddata_2026.csv,-469.0,997.0,-1445.0,-514.0,2286.0,2026-05-09 09:30:00,2026,5,9,9,30,5,Thursday,1,0.3676637120691854,0.0582257334771865,127,-0.2588190451025215,0.965925826289068,0.4999999999999999,-0.8660254037844387,62680.53141899511,62680.53141899511,62680.53141899511,28038.0,25313.291666666668,23695.842261904763,0,1673,28732,0.0582257334771865,-2181.0,8169.0,0.3479872204472843,0.0,0.0973801916932907,0,0,0.6531292170152412,0.2305149917912382,0,MODERATE,0.2573645984484298,62680.53141899511,62680.53141899511,62680.53141899511,40485.34217724867
2026-05-07,48,23474,29316,21800,1673,6606,0,22126,0,167,1006,991,-978,-452,-530,-787,demanddata_2026.csv,-469.0,997.0,-1445.0,-514.0,2286.0,2026-05-09 10:00:00,2026,5,9,10,30,5,Thursday,1,0.3676637120691854,0.0582257334771865,127,-0.2588190451025215,0.965925826289068,0.4999999999999999,-0.8660254037844387,65187.75267575491,65187.75267575491,65187.75267575491,28038.0,25313.291666666668,23695.842261904763,0,1673,28732,0.0582257334771865,-2181.0,8169.0,0.3479872204472843,0.0,0.0973801916932907,0,0,0.6531292170152412,0.2305149917912382,0,MODERATE,0.2573645984484298,65187.75267575491,65187.75267575491,65187.75267575491,40485.34217724867
2026-05-07,48,23474,29316,21800,1673,6606,0,22126,0,167,1006,991,-978,-452,-530,-787,demanddata_2026.csv,-469.0,997.0,-1445.0,-514.0,2286.0,2026-05-09 10:30:00,2026,5,9,10,30,5,Thursday,1,0.3676637120691854,0.0582257334771865,127,-0.2588190451025215,0.965925826289068,0.4999999999999999,-0.8660254037844387,67795.26278278511,67795.26278278511,67795.26278278511,28038.0,25313.291666666668,23695.842261904763,0,1673,28732,0.0582257334771865,-2181.0,8169.0,0.3479872204472843,0.0,0.0973801916932907,0,0,0.6531292170152412,0.2305149917912382,0,MODERATE,0.2573645984484298,67795.26278278511,67795.26278278511,67795.26278278511,40485.34217724867
2026-05-07,48,23474,29316,21800,1673,6606,0,22126,0,167,1006,991,-978,-452,-530,-787,demanddata_2026.csv,-469.0,997.0,-1445.0,-514.0,2286.0,2026-05-09 11:00:00,2026,5,9,11,30,5,Thursday,1,0.3676637120691854,0.0582257334771865,127,-0.2588190451025215,0.965925826289068,0.4999999999999999,-0.8660254037844387,69198.9991968583,69198.9991968583,69198.9991968583,28038.0,25313.291666666668,23695.842261904763,0,1673,28732,0.0582257334771865,-2181.0,8169.0,0.3479872204472843,0.0,0.0973801916932907,0,0,0.6531292170152412,0.2305149917912382,0,MODERATE,0.2573645984484298,69198.9991968583,69198.9991968583,69198.9991968583,40485.34217724867
2026-05-07,48,23474,29316,21800,1673,6606,0,22126,0,167,1006,991,-978,-452,-530,-787,demanddata_2026.csv,-469.0,997.0,-1445.0,-514.0,2286.0,2026-05-09 11:30:00,2026,5,9,11,30,5,Thursday,1,0.3676637120691854,0.0582257334771865,127,-0.2588190451025215,0.965925826289068,0.4999999999999999,-0.8660254037844387,70631.80070839278,70631.80070839278,70631.80070839278,28038.0,25313.291666666668,23695.842261904763,0,1673,28732,0.0582257334771865,-2181.0,8169.0,0.3479872204472843,0.0,0.0973801916932907,0,0,0.6531292170152412,0.2305149917912382,0,MODERATE,0.2573645984484298,70631.80070839278,70631.80070839278,70631.80070839278,40485.34217724867
2026-05-07,48,23474,29316,21800,1673,6606,0,22126,0,167,1006,991,-978,-452,-530,-787,demanddata_2026.csv,-469.0,997.0,-1445.0,-514.0,2286.0,2026-05-09 12:00:00,2026,5,9,12,30,5,Thursday,1,0.3676637120691854,0.0582257334771865,127,-0.2588190451025215,0.965925826289068,0.4999999999999999,-0.8660254037844387,70631.80070839278,70631.80070839278,70631.80070839278,28038.0,25313.291666666668,23695.842261904763,0,1673,28732,0.0582257334771865,-2181.0,8169.0,0.3479872204472843,0.0,0.0973801916932907,0,0,0.6531292170152412,0.2305149917912382,0,MODERATE,0.2573645984484298,70631.80070839278,70631.80070839278,70631.80070839278,40485.34217724867
2026-05-07,48,23474,29316,21800,1673,6606,0,22126,0,167,1006,991,-978,-452,-530,-787,demanddata_2026.csv,-469.0,997.0,-1445.0,-514.0,2286.0,2026-05-09 12:30:00,2026,5,9,12,30,5,Thursday,1,0.3676637120691854,0.0582257334771865,127,-0.2588190451025215,0.965925826289068,0.4999999999999999,-0.8660254037844387,70631.80070839278,70631.80070839278,70631.80070839278,28038.0,25313.291666666668,23695.842261904763,0,1673,28732,0.0582257334771865,-2181.0,8169.0,0.3479872204472843,0.0,0.0973801916932907,0,0,0.6531292170152412,0.2305149917912382,0,MODERATE,0.2573645984484298,70631.80070839278,70631.80070839278,70631.80070839278,40485.34217724867
2026-05-07,48,23474,29316,21800,1673,6606,0,22126,0,167,1006,991,-978,-452,-530,-787,demanddata_2026.csv,-469.0,997.0,-1445.0,-514.0,2286.0,2026-05-09 13:00:00,2026,5,9,13,30,5,Thursday,1,0.3676637120691854,0.0582257334771865,127,-0.2588190451025215,0.965925826289068,0.4999999999999999,-0.8660254037844387,69169.33229133536,69169.33229133536,69169.33229133536,28038.0,25313.291666666668,23695.842261904763,0,1673,28732,0.0582257334771865,-2181.0,8169.0,0.3479872204472843,0.0,0.0973801916932907,0,0,0.6531292170152412,0.2305149917912382,0,MODERATE,0.2573645984484298,69169.33229133536,69169.33229133536,69169.33229133536,40478.089478835966
2026-05-07,48,23474,29316,21800,1673,6606,0,22126,0,167,1006,991,-978,-452,-530,-787,demanddata_2026.csv,-469.0,997.0,-1445.0,-514.0,2286.0,2026-05-09 13:30:00,2026,5,9,13,30,5,Thursday,1,0.3676637120691854,0.0582257334771865,127,-0.2588190451025215,0.965925826289068,0.4999999999999999,-0.8660254037844387,67737.14504861357,67737.14504861357,67737.14504861357,28038.0,25313.291666666668,23695.842261904763,0,1673,28732,0.0582257334771865,-2181.0,8169.0,0.3479872204472843,0.0,0.0973801916932907,0,0,0.6531292170152412,0.2305149917912382,0,MODERATE,0.2573645984484298,67737.14504861357,67737.14504861357,67737.14504861357,40478.089478835966
2026-05-07,48,23474,29316,21800,1673,6606,0,22126,0,167,1006,991,-978,-452,-530,-787,demanddata_2026.csv,-469.0,997.0,-1445.0,-514.0,2286.0,2026-05-09 14:00:00,2026,5,9,14,30,5,Thursday,1,0.3676637120691854,0.0582257334771865,127,-0.2588190451025215,0.965925826289068,0.4999999999999999,-0.8660254037844387,65027.65924666903,65027.65924666903,65027.65924666903,28038.0,25313.291666666668,23695.842261904763,0,1673,28732,0.0582257334771865,-2181.0,8169.0,0.3479872204472843,0.0,0.0973801916932907,0,0,0.6531292170152412,0.2305149917912382,0,MODERATE,0.2573645984484298,65027.65924666903,65027.65924666903,65027.65924666903,40478.089478835966
2026-05-07,48,23474,29316,21800,1673,6606,0,22126,0,167,1006,991,-978,-452,-530,-787,demanddata_2026.csv,-469.0,997.0,-1445.0,-514.0,2286.0,2026-05-09 14:30:00,2026,5,9,14,30,5,Thursday,1,0.3676637120691854,0.0582257334771865,127,-0.2588190451025215,0.965925826289068,0.4999999999999999,-0.8660254037844387,62426.55287680226,62426.55287680226,62426.55287680226,28038.0,25313.291666666668,23695.842261904763,0,1673,28732,0.0582257334771865,-2181.0,8169.0,0.3479872204472843,0.0,0.0973801916932907,0,0,0.6531292170152412,0.2305149917912382,0,MODERATE,0.2573645984484298,62426.55287680226,62426.55287680226,62426.55287680226,40478.089478835966
2026-05-07,48,23474,29316,21800,1673,6606,0,22126,0,167,1006,991,-978,-452,-530,-787,demanddata_2026.csv,-469.0,997.0,-1445.0,-514.0,2286.0,2026-05-09 15:00:00,2026,5,9,15,30,5,Thursday,1,0.3676637120691854,0.0582257334771865,127,-0.2588190451025215,0.965925826289068,0.4999999999999999,-0.8660254037844387,58895.17376757927,58895.17376757927,58895.17376757927,28038.0,25313.291666666668,23695.842261904763,0,1673,28732,0.0582257334771865,-2181.0,8169.0,0.3479872204472843,0.0,0.0973801916932907,0,0,0.6531292170152412,0.2305149917912382,0,MODERATE,0.2573645984484298,58895.17376757927,58895.17376757927,58895.17376757927,40498.3455026455
2026-05-07,48,23474,29316,21800,1673,6606,0,22126,0,167,1006,991,-978,-452,-530,-787,demanddata_2026.csv,-469.0,997.0,-1445.0,-514.0,2286.0,2026-05-09 15:30:00,2026,5,9,15,30,5,Thursday,1,0.3676637120691854,0.0582257334771865,127,-0.2588190451025215,0.965925826289068,0.4999999999999999,-0.8660254037844387,55563.55962756204,55563.55962756204,55563.55962756204,28038.0,25313.291666666668,23695.842261904763,0,1673,28732,0.0582257334771865,-2181.0,8169.0,0.3479872204472843,0.0,0.0973801916932907,0,0,0.6531292170152412,0.2305149917912382,0,MODERATE,0.2573645984484298,55563.55962756204,55563.55962756204,55563.55962756204,40498.3455026455
2026-05-07,48,23474,29316,21800,1673,6606,0,22126,0,167,1006,991,-978,-452,-530,-787,demanddata_2026.csv,-469.0,997.0,-1445.0,-514.0,2286.0,2026-05-09 16:00:00,2026,5,9,16,30,5,Thursday,1,0.3676637120691854,0.0582257334771865,127,-0.2588190451025215,0.965925826289068,0.4999999999999999,-0.8660254037844387,51714.00329458923,51714.00329458923,51714.00329458923,28038.0,25313.291666666668,23695.842261904763,0,1673,28732,0.0582257334771865,-2181.0,8169.0,0.3479872204472843,0.0,0.0973801916932907,0,0,0.6531292170152412,0.2305149917912382,0,MODERATE,0.2573645984484298,51714.00329458923,51714.00329458923,51714.00329458923,40498.3455026455
2026-05-07,48,23474,29316,21800,1673,6606,0,22126,0,167,1006,991,-978,-452,-530,-787,demanddata_2026.csv,-469.0,997.0,-1445.0,-514.0,2286.0,2026-05-09 16:30:00,2026,5,9,16,30,5,Thursday,1,0.3676637120691854,0.0582257334771865,127,-0.2588190451025215,0.965925826289068,0.4999999999999999,-0.8660254037844387,48131.15204782871,48131.15204782871,48131.15204782871,28038.0,25313.291666666668,23695.842261904763,0,1673,28732,0.0582257334771865,-2181.0,8169.0,0.3479872204472843,0.0,0.0973801916932907,0,0,0.6531292170152412,0.2305149917912382,0,MODERATE,0.2573645984484298,48131.15204782871,48131.15204782871,48131.15204782871,40498.3455026455
2026-05-07,48,23474,29316,21800,1673,6606,0,22126,0,167,1006,991,-978,-452,-530,-787,demanddata_2026.csv,-469.0,997.0,-1445.0,-514.0,2286.0,2026-05-09 17:00:00,2026,5,9,17,30,5,Thursday,1,0.3676637120691854,0.0582257334771865,127,-0.2588190451025215,0.965925826289068,0.4999999999999999,-0.8660254037844387,44411.86222286522,44411.86222286522,44411.86222286522,28038.0,25313.291666666668,23695.842261904763,0,1673,28732,0.0582257334771865,-2181.0,8169.0,0.3479872204472843,0.0,0.0973801916932907,0,0,0.6531292170152412,0.2305149917912382,0,MODERATE,0.2573645984484298,44411.86222286522,44411.86222286522,44411.86222286522,40502.405502645495
2026-05-07,48,23474,29316,21800,1673,6606,0,22126,0,167,1006,991,-978,-452,-530,-787,demanddata_2026.csv,-469.0,997.0,-1445.0,-514.0,2286.0,2026-05-09 17:30:00,2026,5,9,17,30,5,Thursday,1,0.3676637120691854,0.0582257334771865,127,-0.2588190451025215,0.965925826289068,0.4999999999999999,-0.8660254037844387,40979.97704569263,40979.97704569263,40979.97704569263,28038.0,25313.291666666668,23695.842261904763,0,1673,28732,0.0582257334771865,-2181.0,8169.0,0.3479872204472843,0.0,0.0973801916932907,0,0,0.6531292170152412,0.2305149917912382,0,MODERATE,0.2573645984484298,40979.97704569263,40979.97704569263,40979.97704569263,40499.08883597883
2026-05-07,48,23474,29316,21800,1673,6606,0,22126,0,167,1006,991,-978,-452,-530,-787,demanddata_2026.csv,-469.0,997.0,-1445.0,-514.0,2286.0,2026-05-09 18:00:00,2026,5,9,18,30,5,Thursday,1,0.3676637120691854,0.0582257334771865,127,-0.2588190451025215,0.965925826289068,0.4999999999999999,-0.8660254037844387,37701.57888203722,37701.57888203722,37701.57888203722,28038.0,25313.291666666668,23695.842261904763,0,1673,28732,0.0582257334771865,-2181.0,8169.0,0.3479872204472843,0.0,0.0973801916932907,0,0,0.6531292170152412,0.2305149917912382,0,MODERATE,0.2573645984484298,37701.57888203722,37701.57888203722,37701.57888203722,37343.676129629646
2026-05-07,48,23474,29316,21800,1673,6606,0,22126,0,167,1006,991,-978,-452,-530,-787,demanddata_2026.csv,-469.0,997.0,-1445.0,-514.0,2286.0,2026-05-09 18:30:00,2026,5,9,18,30,5,Thursday,1,0.3676637120691854,0.0582257334771865,127,-0.2588190451025215,0.965925826289068,0.4999999999999999,-0.8660254037844387,34685.45257147424,34685.45257147424,34685.45257147424,28038.0,25313.291666666668,23695.842261904763,0,1673,28732,0.0582257334771865,-2181.0,8169.0,0.3479872204472843,0.0,0.0973801916932907,0,0,0.6531292170152412,0.2305149917912382,0,MODERATE,0.2573645984484298,34685.45257147424,34685.45257147424,34685.45257147424,35110.19067795603
2026-05-07,48,23474,29316,21800,1673,6606,0,22126,0,167,1006,991,-978,-452,-530,-787,demanddata_2026.csv,-469.0,997.0,-1445.0,-514.0,2286.0,2026-05-09 19:00:00,2026,5,9,19,30,5,Thursday,1,0.3676637120691854,0.0582257334771865,127,-0.2588190451025215,0.965925826289068,0.4999999999999999,-0.8660254037844387,32005.166616649316,32005.166616649316,32005.166616649316,28038.0,25313.291666666668,23695.842261904763,0,1673,28732,0.0582257334771865,-2181.0,8169.0,0.3479872204472843,0.0,0.0973801916932907,0,0,0.6531292170152412,0.2305149917912382,0,MODERATE,0.2573645984484298,32005.166616649316,32005.166616649316,32005.166616649316,29031.038561708672
2026-05-07,48,23474,29316,21800,1673,6606,0,22126,0,167,1006,991,-978,-452,-530,-787,demanddata_2026.csv,-469.0,997.0,-1445.0,-514.0,2286.0,2026-05-09 19:30:00,2026,5,9,19,30,5,Thursday,1,0.3676637120691854,0.0582257334771865,127,-0.2588190451025215,0.965925826289068,0.4999999999999999,-0.8660254037844387,29531.99725587281,29531.99725587281,29531.99725587281,28038.0,25313.291666666668,23695.842261904763,0,1673,28732,0.0582257334771865,-2181.0,8169.0,0.3479872204472843,0.0,0.0973801916932907,0,0,0.6531292170152412,0.2305149917912382,0,MODERATE,0.2573645984484298,29531.99725587281,29531.99725587281,29531.99725587281,28225.181703586037
2026-05-07,48,23474,29316,21800,1673,6606,0,22126,0,167,1006,991,-978,-452,-530,-787,demanddata_2026.csv,-469.0,997.0,-1445.0,-514.0,2286.0,2026-05-09 20:00:00,2026,5,9,20,30,5,Thursday,1,0.3676637120691854,0.0582257334771865,127,-0.2588190451025215,0.965925826289068,0.4999999999999999,-0.8660254037844387,27485.960468026555,27485.960468026555,27485.960468026555,28038.0,25313.291666666668,23695.842261904763,0,1673,28732,0.0582257334771865,-2181.0,8169.0,0.3479872204472843,0.0,0.0973801916932907,0,0,0.6531292170152412,0.2305149917912382,0,MODERATE,0.2573645984484298,27485.960468026555,27485.960468026555,27485.960468026555,26926.813942304536
2026-05-07,48,23474,29316,21800,1673,6606,0,22126,0,167,1006,991,-978,-452,-530,-787,demanddata_2026.csv,-469.0,997.0,-1445.0,-514.0,2286.0,2026-05-09 20:30:00,2026,5,9,20,30,5,Thursday,1,0.3676637120691854,0.0582257334771865,127,-0.2588190451025215,0.965925826289068,0.4999999999999999,-0.8660254037844387,25581.67726700849,25581.67726700849,25581.67726700849,28038.0,25313.291666666668,23695.842261904763,0,1673,28732,0.0582257334771865,-2181.0,8169.0,0.3479872204472843,0.0,0.0973801916932907,0,0,0.6531292170152412,0.2305149917912382,0,MODERATE,0.2573645984484298,25581.67726700849,25581.67726700849,25581.67726700849,25590.714790841037
2026-05-07,48,23474,29316,21800,1673,6606,0,22126,0,167,1006,991,-978,-452,-530,-787,demanddata_2026.csv,-469.0,997.0,-1445.0,-514.0,2286.0,2026-05-09 21:00:00,2026,5,9,21,30,5,Thursday,1,0.3676637120691854,0.0582257334771865,127,-0.2588190451025215,0.965925826289068,0.4999999999999999,-0.8660254037844387,24134.559069438295,24134.559069438295,24134.559069438295,28038.0,25313.291666666668,23695.842261904763,0,1673,28732,0.0582257334771865,-2181.0,8169.0,0.3479872204472843,0.0,0.0973801916932907,0,0,0.6531292170152412,0.2305149917912382,0,MODERATE,0.2573645984484298,24134.559069438295,24134.559069438295,24134.559069438295,23069.272687477856
2026-05-07,48,23474,29316,21800,1673,6606,0,22126,0,167,1006,991,-978,-452,-530,-787,demanddata_2026.csv,-469.0,997.0,-1445.0,-514.0,2286.0,2026-05-09 21:30:00,2026,5,9,21,30,5,Thursday,1,0.3676637120691854,0.0582257334771865,127,-0.2588190451025215,0.965925826289068,0.4999999999999999,-0.8660254037844387,22769.302239122528,22769.302239122528,22769.302239122528,28038.0,25313.291666666668,23695.842261904763,0,1673,28732,0.0582257334771865,-2181.0,8169.0,0.3479872204472843,0.0,0.0973801916932907,0,0,0.6531292170152412,0.2305149917912382,0,MODERATE,0.2573645984484298,22769.302239122528,22769.302239122528,22769.302239122528,22396.233990875146
2026-05-07,48,23474,29316,21800,1673,6606,0,22126,0,167,1006,991,-978,-452,-530,-787,demanddata_2026.csv,-469.0,997.0,-1445.0,-514.0,2286.0,2026-05-09 22:00:00,2026,5,9,22,30,5,Thursday,1,0.3676637120691854,0.0582257334771865,127,-0.2588190451025215,0.965925826289068,0.4999999999999999,-0.8660254037844387,21858.530149557624,21858.530149557624,21858.530149557624,28038.0,25313.291666666668,23695.842261904763,0,1673,28732,0.0582257334771865,-2181.0,8169.0,0.3479872204472843,0.0,0.0973801916932907,0,0,0.6531292170152412,0.2305149917912382,0,MODERATE,0.2573645984484298,21858.530149557624,21858.530149557624,21858.530149557624,21380.341207921712
2026-05-07,48,23474,29316,21800,1673,6606,0,22126,0,167,1006,991,-978,-452,-530,-787,demanddata_2026.csv,-469.0,997.0,-1445.0,-514.0,2286.0,2026-05-09 22:30:00,2026,5,9,22,30,5,Thursday,1,0.3676637120691854,0.0582257334771865,127,-0.2588190451025215,0.965925826289068,0.4999999999999999,-0.8660254037844387,20984.18894357532,20984.18894357532,20984.18894357532,28038.0,25313.291666666668,23695.842261904763,0,1673,28732,0.0582257334771865,-2181.0,8169.0,0.3479872204472843,0.0,0.0973801916932907,0,0,0.6531292170152412,0.2305149917912382,0,MODERATE,0.2573645984484298,20984.18894357532,20984.18894357532,20984.18894357532,20170.511826953014
2026-05-07,48,23474,29316,21800,1673,6606,0,22126,0,167,1006,991,-978,-452,-530,-787,demanddata_2026.csv,-469.0,997.0,-1445.0,-514.0,2286.0,2026-05-09 23:00:00,2026,5,9,23,30,5,Thursday,1,0.3676637120691854,0.0582257334771865,127,-0.2588190451025215,0.965925826289068,0.4999999999999999,-0.8660254037844387,20549.700324005153,20549.700324005153,20549.700324005153,28038.0,25313.291666666668,23695.842261904763,0,1673,28732,0.0582257334771865,-2181.0,8169.0,0.3479872204472843,0.0,0.0973801916932907,0,0,0.6531292170152412,0.2305149917912382,0,MODERATE,0.2573645984484298,20549.700324005153,20549.700324005153,20549.700324005153,19750.3597394623
2026-05-07,48,23474,29316,21800,1673,6606,0,22126,0,167,1006,991,-978,-452,-530,-787,demanddata_2026.csv,-469.0,997.0,-1445.0,-514.0,2286.0,2026-05-09 23:30:00,2026,5,9,23,30,5,Thursday,1,0.3676637120691854,0.0582257334771865,127,-0.2588190451025215,0.965925826289068,0.4999999999999999,-0.8660254037844387,20124.20801880499,20124.20801880499,20124.20801880499,28038.0,25313.291666666668,23695.842261904763,0,1673,28732,0.0582257334771865,-2181.0,8169.0,0.3479872204472843,0.0,0.0973801916932907,0,0,0.6531292170152412,0.2305149917912382,0,MODERATE,0.2573645984484298,20124.20801880499,20124.20801880499,20124.20801880499,19242.770635477587
2026-05-07,48,23474,29316,21800,1673,6606,0,22126,0,167,1006,991,-978,-452,-530,-787,demanddata_2026.csv,-469.0,997.0,-1445.0,-514.0,2286.0,2026-05-10 00:00:00,2026,5,10,0,30,6,Thursday,1,0.3676637120691854,0.0582257334771865,127,-0.2588190451025215,0.965925826289068,0.4999999999999999,-0.8660254037844387,20124.20801880499,20124.20801880499,20124.20801880499,28038.0,25313.291666666668,23695.842261904763,0,1673,28732,0.0582257334771865,-2181.0,8169.0,0.3479872204472843,0.0,0.0973801916932907,0,0,0.6531292170152412,0.2305149917912382,0,MODERATE,0.2573645984484298,20124.20801880499,20124.20801880499,20124.20801880499,19663.679997466774
2026-05-07,48,23474,29316,21800,1673,6606,0,22126,0,167,1006,991,-978,-452,-530,-787,demanddata_2026.csv,-469.0,997.0,-1445.0,-514.0,2286.0,2026-05-10 00:30:00,2026,5,10,0,30,6,Thursday,1,0.3676637120691854,0.0582257334771865,127,-0.2588190451025215,0.965925826289068,0.4999999999999999,-0.8660254037844387,20124.20801880499,20124.20801880499,20124.20801880499,28038.0,25313.291666666668,23695.842261904763,0,1673,28732,0.0582257334771865,-2181.0,8169.0,0.3479872204472843,0.0,0.0973801916932907,0,0,0.6531292170152412,0.2305149917912382,0,MODERATE,0.2573645984484298,20124.20801880499,20124.20801880499,20124.20801880499,19663.679997466774
2026-05-07,48,23474,29316,21800,1673,6606,0,22126,0,167,1006,991,-978,-452,-530,-787,demanddata_2026.csv,-469.0,997.0,-1445.0,-514.0,2286.0,2026-05-10 01:00:00,2026,5,10,1,30,6,Thursday,1,0.3676637120691854,0.0582257334771865,127,-0.2588190451025215,0.965925826289068,0.4999999999999999,-0.8660254037844387,20540.890283034718,20540.890283034718,20540.890283034718,28038.0,25313.291666666668,23695.842261904763,0,1673,28732,0.0582257334771865,-2181.0,8169.0,0.3479872204472843,0.0,0.0973801916932907,0,0,0.6531292170152412,0.2305149917912382,0,MODERATE,0.2573645984484298,20540.890283034718,20540.890283034718,20540.890283034718,20386.824081462037
2026-05-07,48,23474,29316,21800,1673,6606,0,22126,0,167,1006,991,-978,-452,-530,-787,demanddata_2026.csv,-469.0,997.0,-1445.0,-514.0,2286.0,2026-05-10 01:30:00,2026,5,10,1,30,6,Thursday,1,0.3676637120691854,0.0582257334771865,127,-0.2588190451025215,0.965925826289068,0.4999999999999999,-0.8660254037844387,20966.200171723573,20966.200171723573,20966.200171723573,28038.0,25313.291666666668,23695.842261904763,0,1673,28732,0.0582257334771865,-2181.0,8169.0,0.3479872204472843,0.0,0.0973801916932907,0,0,0.6531292170152412,0.2305149917912382,0,MODERATE,0.2573645984484298,20966.200171723573,20966.200171723573,20966.200171723573,20791.36811046781
2026-05-07,48,23474,29316,21800,1673,6606,0,22126,0,167,1006,991,-978,-452,-530,-787,demanddata_2026.csv,-469.0,997.0,-1445.0,-514.0,2286.0,2026-05-10 02:00:00,2026,5,10,2,30,6,Thursday,1,0.3676637120691854,0.0582257334771865,127,-0.2588190451025215,0.965925826289068,0.4999999999999999,-0.8660254037844387,21804.848178592518,21804.848178592518,21804.848178592518,28038.0,25313.291666666668,23695.842261904763,0,1673,28732,0.0582257334771865,-2181.0,8169.0,0.3479872204472843,0.0,0.0973801916932907,0,0,0.6531292170152412,0.2305149917912382,0,MODERATE,0.2573645984484298,21804.848178592518,21804.848178592518,21804.848178592518,21408.0873957524
2026-05-07,48,23474,29316,21800,1673,6606,0,22126,0,167,1006,991,-978,-452,-530,-787,demanddata_2026.csv,-469.0,997.0,-1445.0,-514.0,2286.0,2026-05-10 02:30:00,2026,5,10,2,30,6,Thursday,1,0.3676637120691854,0.0582257334771865,127,-0.2588190451025215,0.965925826289068,0.4999999999999999,-0.8660254037844387,22677.04210573622,22677.04210573622,22677.04210573622,28038.0,25313.291666666668,23695.842261904763,0,1673,28732,0.0582257334771865,-2181.0,8169.0,0.3479872204472843,0.0,0.0973801916932907,0,0,0.6531292170152412,0.2305149917912382,0,MODERATE,0.2573645984484298,22677.04210573622,22677.04210573622,22677.04210573622,22268.394747007882
2026-05-07,48,23474,29316,21800,1673,6606,0,22126,0,167,1006,991,-978,-452,-530,-787,demanddata_2026.csv,-469.0,997.0,-1445.0,-514.0,2286.0,2026-05-10 03:00:00,2026,5,10,3,30,6,Thursday,1,0.3676637120691854,0.0582257334771865,127,-0.2588190451025215,0.965925826289068,0.4999999999999999,-0.8660254037844387,23959.849325753734,23959.849325753734,23959.849325753734,28038.0,25313.291666666668,23695.842261904763,0,1673,28732,0.0582257334771865,-2181.0,8169.0,0.3479872204472843,0.0,0.0973801916932907,0,0,0.6531292170152412,0.2305149917912382,0,MODERATE,0.2573645984484298,23959.849325753734,23959.849325753734,23959.849325753734,23834.09760321287
2026-05-07,48,23474,29316,21800,1673,6606,0,22126,0,167,1006,991,-978,-452,-530,-787,demanddata_2026.csv,-469.0,997.0,-1445.0,-514.0,2286.0,2026-05-10 03:30:00,2026,5,10,3,30,6,Thursday,1,0.3676637120691854,0.0582257334771865,127,-0.2588190451025215,0.965925826289068,0.4999999999999999,-0.8660254037844387,25315.223080509604,25315.223080509604,25315.223080509604,28038.0,25313.291666666668,23695.842261904763,0,1673,28732,0.0582257334771865,-2181.0,8169.0,0.3479872204472843,0.0,0.0973801916932907,0,0,0.6531292170152412,0.2305149917912382,0,MODERATE,0.2573645984484298,25315.223080509604,25315.223080509604,25315.223080509604,25090.302519806603
2026-05-07,48,23474,29316,21800,1673,6606,0,22126,0,167,1006,991,-978,-452,-530,-787,demanddata_2026.csv,-469.0,997.0,-1445.0,-514.0,2286.0,2026-05-10 04:00:00,2026,5,10,4,30,6,Thursday,1,0.3676637120691854,0.0582257334771865,127,-0.2588190451025215,0.965925826289068,0.4999999999999999,-0.8660254037844387,27069.11318372492,27069.11318372492,27069.11318372492,28038.0,25313.291666666668,23695.842261904763,0,1673,28732,0.0582257334771865,-2181.0,8169.0,0.3479872204472843,0.0,0.0973801916932907,0,0,0.6531292170152412,0.2305149917912382,0,MODERATE,0.2573645984484298,27069.11318372492,27069.11318372492,27069.11318372492,26893.21331960923
2026-05-07,48,23474,29316,21800,1673,6606,0,22126,0,167,1006,991,-978,-452,-530,-787,demanddata_2026.csv,-469.0,997.0,-1445.0,-514.0,2286.0,2026-05-10 04:30:00,2026,5,10,4,30,6,Thursday,1,0.3676637120691854,0.0582257334771865,127,-0.2588190451025215,0.965925826289068,0.4999999999999999,-0.8660254037844387,28944.51635772668,28944.51635772668,28944.51635772668,28038.0,25313.291666666668,23695.842261904763,0,1673,28732,0.0582257334771865,-2181.0,8169.0,0.3479872204472843,0.0,0.0973801916932907,0,0,0.6531292170152412,0.2305149917912382,0,MODERATE,0.2573645984484298,28944.51635772668,28944.51635772668,28944.51635772668,28208.200445501985
2026-05-07,48,23474,29316,21800,1673,6606,0,22126,0,167,1006,991,-978,-452,-530,-787,demanddata_2026.csv,-469.0,997.0,-1445.0,-514.0,2286.0,2026-05-10 05:00:00,2026,5,10,5,30,6,Thursday,1,0.3676637120691854,0.0582257334771865,127,-0.2588190451025215,0.965925826289068,0.4999999999999999,-0.8660254037844387,31181.17682807665,31181.17682807665,31181.17682807665,28038.0,25313.291666666668,23695.842261904763,0,1673,28732,0.0582257334771865,-2181.0,8169.0,0.3479872204472843,0.0,0.0973801916932907,0,0,0.6531292170152412,0.2305149917912382,0,MODERATE,0.2573645984484298,31181.17682807665,31181.17682807665,31181.17682807665,28272.16268672636
2026-05-07,48,23474,29316,21800,1673,6606,0,22126,0,167,1006,991,-978,-452,-530,-787,demanddata_2026.csv,-469.0,997.0,-1445.0,-514.0,2286.0,2026-05-10 05:30:00,2026,5,10,5,30,6,Thursday,1,0.3676637120691854,0.0582257334771865,127,-0.2588190451025215,0.965925826289068,0.4999999999999999,-0.8660254037844387,33590.67314746269,33590.67314746269,33590.67314746269,28038.0,25313.291666666668,23695.842261904763,0,1673,28732,0.0582257334771865,-2181.0,8169.0,0.3479872204472843,0.0,0.0973801916932907,0,0,0.6531292170152412,0.2305149917912382,0,MODERATE,0.2573645984484298,33590.67314746269,33590.67314746269,33590.67314746269,30469.161496231674
2026-05-07,48,23474,29316,21800,1673,6606,0,22126,0,167,1006,991,-978,-452,-530,-787,demanddata_2026.csv,-469.0,997.0,-1445.0,-514.0,2286.0,2026-05-10 06:00:00,2026,5,10,6,30,6,Thursday,1,0.3676637120691854,0.0582257334771865,127,-0.2588190451025215,0.965925826289068,0.4999999999999999,-0.8660254037844387,36277.926999259704,36277.926999259704,36277.926999259704,28038.0,25313.291666666668,23695.842261904763,0,1673,28732,0.0582257334771865,-2181.0,8169.0,0.3479872204472843,0.0,0.0973801916932907,0,0,0.6531292170152412,0.2305149917912382,0,MODERATE,0.2573645984484298,36277.926999259704,36277.926999259704,36277.926999259704,36724.493804473306
2026-05-07,48,23474,29316,21800,1673,6606,0,22126,0,167,1006,991,-978,-452,-530,-787,demanddata_2026.csv,-469.0,997.0,-1445.0,-514.0,2286.0,2026-05-10 06:30:00,2026,5,10,6,30,6,Thursday,1,0.3676637120691854,0.0582257334771865,127,-0.2588190451025215,0.965925826289068,0.4999999999999999,-0.8660254037844387,39180.161159200485,39180.161159200485,39180.161159200485,28038.0,25313.291666666668,23695.842261904763,0,1673,28732,0.0582257334771865,-2181.0,8169.0,0.3479872204472843,0.0,0.0973801916932907,0,0,0.6531292170152412,0.2305149917912382,0,MODERATE,0.2573645984484298,39180.161159200485,39180.161159200485,39180.161159200485,39084.04296960448
2026-05-07,48,23474,29316,21800,1673,6606,0,22126,0,167,1006,991,-978,-452,-530,-787,demanddata_2026.csv,-469.0,997.0,-1445.0,-514.0,2286.0,2026-05-10 07:00:00,2026,5,10,7,30,6,Thursday,1,0.3676637120691854,0.0582257334771865,127,-0.2588190451025215,0.965925826289068,0.4999999999999999,-0.8660254037844387,42207.77152254765,42207.77152254765,42207.77152254765,28038.0,25313.291666666668,23695.842261904763,0,1673,28732,0.0582257334771865,-2181.0,8169.0,0.3479872204472843,0.0,0.0973801916932907,0,0,0.6531292170152412,0.2305149917912382,0,MODERATE,0.2573645984484298,42207.77152254765,42207.77152254765,42207.77152254765,40485.34217724867
2026-05-07,48,23474,29316,21800,1673,6606,0,22126,0,167,1006,991,-978,-452,-530,-787,demanddata_2026.csv,-469.0,997.0,-1445.0,-514.0,2286.0,2026-05-10 07:30:00,2026,5,10,7,30,6,Thursday,1,0.3676637120691854,0.0582257334771865,127,-0.2588190451025215,0.965925826289068,0.4999999999999999,-0.8660254037844387,45469.33764924661,45469.33764924661,45469.33764924661,28038.0,25313.291666666668,23695.842261904763,0,1673,28732,0.0582257334771865,-2181.0,8169.0,0.3479872204472843,0.0,0.0973801916932907,0,0,0.6531292170152412,0.2305149917912382,0,MODERATE,0.2573645984484298,45469.33764924661,45469.33764924661,45469.33764924661,40485.34217724867
2026-05-07,48,23474,29316,21800,1673,6606,0,22126,0,167,1006,991,-978,-452,-530,-787,demanddata_2026.csv,-469.0,997.0,-1445.0,-514.0,2286.0,2026-05-10 08:00:00,2026,5,10,8,30,6,Thursday,1,0.3676637120691854,0.0582257334771865,127,-0.2588190451025215,0.965925826289068,0.4999999999999999,-0.8660254037844387,48619.54576904659,48619.54576904659,48619.54576904659,28038.0,25313.291666666668,23695.842261904763,0,1673,28732,0.0582257334771865,-2181.0,8169.0,0.3479872204472843,0.0,0.0973801916932907,0,0,0.6531292170152412,0.2305149917912382,0,MODERATE,0.2573645984484298,48619.54576904659,48619.54576904659,48619.54576904659,40485.34217724867
2026-05-07,48,23474,29316,21800,1673,6606,0,22126,0,167,1006,991,-978,-452,-530,-787,demanddata_2026.csv,-469.0,997.0,-1445.0,-514.0,2286.0,2026-05-10 08:30:00,2026,5,10,8,30,6,Thursday,1,0.3676637120691854,0.0582257334771865,127,-0.2588190451025215,0.965925826289068,0.4999999999999999,-0.8660254037844387,51988.00670956295,51988.00670956295,51988.00670956295,28038.0,25313.291666666668,23695.842261904763,0,1673,28732,0.0582257334771865,-2181.0,8169.0,0.3479872204472843,0.0,0.0973801916932907,0,0,0.6531292170152412,0.2305149917912382,0,MODERATE,0.2573645984484298,51988.00670956295,51988.00670956295,51988.00670956295,40485.34217724867
2026-05-07,48,23474,29316,21800,1673,6606,0,22126,0,167,1006,991,-978,-452,-530,-787,demanddata_2026.csv,-469.0,997.0,-1445.0,-514.0,2286.0,2026-05-10 09:00:00,2026,5,10,9,30,6,Thursday,1,0.3676637120691854,0.0582257334771865,127,-0.2588190451025215,0.965925826289068,0.4999999999999999,-0.8660254037844387,54928.89247633924,54928.89247633924,54928.89247633924,28038.0,25313.291666666668,23695.842261904763,0,1673,28732,0.0582257334771865,-2181.0,8169.0,0.3479872204472843,0.0,0.0973801916932907,0,0,0.6531292170152412,0.2305149917912382,0,MODERATE,0.2573645984484298,54928.89247633924,54928.89247633924,54928.89247633924,40485.34217724867
2026-05-07,48,23474,29316,21800,1673,6606,0,22126,0,167,1006,991,-978,-452,-530,-787,demanddata_2026.csv,-469.0,997.0,-1445.0,-514.0,2286.0,2026-05-10 09:30:00,2026,5,10,9,30,6,Thursday,1,0.3676637120691854,0.0582257334771865,127,-0.2588190451025215,0.965925826289068,0.4999999999999999,-0.8660254037844387,58036.13986458614,58036.13986458614,58036.13986458614,28038.0,25313.291666666668,23695.842261904763,0,1673,28732,0.0582257334771865,-2181.0,8169.0,0.3479872204472843,0.0,0.0973801916932907,0,0,0.6531292170152412,0.2305149917912382,0,MODERATE,0.2573645984484298,58036.13986458614,58036.13986458614,58036.13986458614,40485.34217724867
2026-05-07,48,23474,29316,21800,1673,6606,0,22126,0,167,1006,991,-978,-452,-530,-787,demanddata_2026.csv,-469.0,997.0,-1445.0,-514.0,2286.0,2026-05-10 10:00:00,2026,5,10,10,30,6,Thursday,1,0.3676637120691854,0.0582257334771865,127,-0.2588190451025215,0.965925826289068,0.4999999999999999,-0.8660254037844387,60357.58545916959,60357.58545916959,60357.58545916959,28038.0,25313.291666666668,23695.842261904763,0,1673,28732,0.0582257334771865,-2181.0,8169.0,0.3479872204472843,0.0,0.0973801916932907,0,0,0.6531292170152412,0.2305149917912382,0,MODERATE,0.2573645984484298,60357.58545916959,60357.58545916959,60357.58545916959,40485.34217724867
2026-05-07,48,23474,29316,21800,1673,6606,0,22126,0,167,1006,991,-978,-452,-530,-787,demanddata_2026.csv,-469.0,997.0,-1445.0,-514.0,2286.0,2026-05-10 10:30:00,2026,5,10,10,30,6,Thursday,1,0.3676637120691854,0.0582257334771865,127,-0.2588190451025215,0.965925826289068,0.4999999999999999,-0.8660254037844387,62771.888877536374,62771.888877536374,62771.888877536374,28038.0,25313.291666666668,23695.842261904763,0,1673,28732,0.0582257334771865,-2181.0,8169.0,0.3479872204472843,0.0,0.0973801916932907,0,0,0.6531292170152412,0.2305149917912382,0,MODERATE,0.2573645984484298,62771.888877536374,62771.888877536374,62771.888877536374,40485.34217724867
2026-05-07,48,23474,29316,21800,1673,6606,0,22126,0,167,1006,991,-978,-452,-530,-787,demanddata_2026.csv,-469.0,997.0,-1445.0,-514.0,2286.0,2026-05-10 11:00:00,2026,5,10,11,30,6,Thursday,1,0.3676637120691854,0.0582257334771865,127,-0.2588190451025215,0.965925826289068,0.4999999999999999,-0.8660254037844387,64071.61370462162,64071.61370462162,64071.61370462162,28038.0,25313.291666666668,23695.842261904763,0,1673,28732,0.0582257334771865,-2181.0,8169.0,0.3479872204472843,0.0,0.0973801916932907,0,0,0.6531292170152412,0.2305149917912382,0,MODERATE,0.2573645984484298,64071.61370462162,64071.61370462162,64071.61370462162,40485.34217724867
2026-05-07,48,23474,29316,21800,1673,6606,0,22126,0,167,1006,991,-978,-452,-530,-787,demanddata_2026.csv,-469.0,997.0,-1445.0,-514.0,2286.0,2026-05-10 11:30:00,2026,5,10,11,30,6,Thursday,1,0.3676637120691854,0.0582257334771865,127,-0.2588190451025215,0.965925826289068,0.4999999999999999,-0.8660254037844387,65398.250014798235,65398.250014798235,65398.250014798235,28038.0,25313.291666666668,23695.842261904763,0,1673,28732,0.0582257334771865,-2181.0,8169.0,0.3479872204472843,0.0,0.0973801916932907,0,0,0.6531292170152412,0.2305149917912382,0,MODERATE,0.2573645984484298,65398.250014798235,65398.250014798235,65398.250014798235,40485.34217724867
2026-05-07,48,23474,29316,21800,1673,6606,0,22126,0,167,1006,991,-978,-452,-530,-787,demanddata_2026.csv,-469.0,997.0,-1445.0,-514.0,2286.0,2026-05-10 12:00:00,2026,5,10,12,30,6,Thursday,1,0.3676637120691854,0.0582257334771865,127,-0.2588190451025215,0.965925826289068,0.4999999999999999,-0.8660254037844387,65398.250014798235,65398.250014798235,65398.250014798235,28038.0,25313.291666666668,23695.842261904763,0,1673,28732,0.0582257334771865,-2181.0,8169.0,0.3479872204472843,0.0,0.0973801916932907,0,0,0.6531292170152412,0.2305149917912382,0,MODERATE,0.2573645984484298,65398.250014798235,65398.250014798235,65398.250014798235,40485.34217724867
2026-05-07,48,23474,29316,21800,1673,6606,0,22126,0,167,1006,991,-978,-452,-530,-787,demanddata_2026.csv,-469.0,997.0,-1445.0,-514.0,2286.0,2026-05-10 12:30:00,2026,5,10,12,30,6,Thursday,1,0.3676637120691854,0.0582257334771865,127,-0.2588190451025215,0.965925826289068,0.4999999999999999,-0.8660254037844387,65398.250014798235,65398.250014798235,65398.250014798235,28038.0,25313.291666666668,23695.842261904763,0,1673,28732,0.0582257334771865,-2181.0,8169.0,0.3479872204472843,0.0,0.0973801916932907,0,0,0.6531292170152412,0.2305149917912382,0,MODERATE,0.2573645984484298,65398.250014798235,65398.250014798235,65398.250014798235,40485.34217724867
2026-05-07,48,23474,29316,21800,1673,6606,0,22126,0,167,1006,991,-978,-452,-530,-787,demanddata_2026.csv,-469.0,997.0,-1445.0,-514.0,2286.0,2026-05-10 13:00:00,2026,5,10,13,30,6,Thursday,1,0.3676637120691854,0.0582257334771865,127,-0.2588190451025215,0.965925826289068,0.4999999999999999,-0.8660254037844387,64044.14500518176,64044.14500518176,64044.14500518176,28038.0,25313.291666666668,23695.842261904763,0,1673,28732,0.0582257334771865,-2181.0,8169.0,0.3479872204472843,0.0,0.0973801916932907,0,0,0.6531292170152412,0.2305149917912382,0,MODERATE,0.2573645984484298,64044.14500518176,64044.14500518176,64044.14500518176,40478.089478835966
2026-05-07,48,23474,29316,21800,1673,6606,0,22126,0,167,1006,991,-978,-452,-530,-787,demanddata_2026.csv,-469.0,997.0,-1445.0,-514.0,2286.0,2026-05-10 13:30:00,2026,5,10,13,30,6,Thursday,1,0.3676637120691854,0.0582257334771865,127,-0.2588190451025215,0.965925826289068,0.4999999999999999,-0.8660254037844387,62718.077448809876,62718.077448809876,62718.077448809876,28038.0,25313.291666666668,23695.842261904763,0,1673,28732,0.0582257334771865,-2181.0,8169.0,0.3479872204472843,0.0,0.0973801916932907,0,0,0.6531292170152412,0.2305149917912382,0,MODERATE,0.2573645984484298,62718.077448809876,62718.077448809876,62718.077448809876,40478.089478835966
2026-05-07,48,23474,29316,21800,1673,6606,0,22126,0,167,1006,991,-978,-452,-530,-787,demanddata_2026.csv,-469.0,997.0,-1445.0,-514.0,2286.0,2026-05-10 14:00:00,2026,5,10,14,30,6,Thursday,1,0.3676637120691854,0.0582257334771865,127,-0.2588190451025215,0.965925826289068,0.4999999999999999,-0.8660254037844387,60209.35435085748,60209.35435085748,60209.35435085748,28038.0,25313.291666666668,23695.842261904763,0,1673,28732,0.0582257334771865,-2181.0,8169.0,0.3479872204472843,0.0,0.0973801916932907,0,0,0.6531292170152412,0.2305149917912382,0,MODERATE,0.2573645984484298,60209.35435085748,60209.35435085748,60209.35435085748,40478.089478835966
2026-05-07,48,23474,29316,21800,1673,6606,0,22126,0,167,1006,991,-978,-452,-530,-787,demanddata_2026.csv,-469.0,997.0,-1445.0,-514.0,2286.0,2026-05-10 14:30:00,2026,5,10,14,30,6,Thursday,1,0.3676637120691854,0.0582257334771865,127,-0.2588190451025215,0.965925826289068,0.4999999999999999,-0.8660254037844387,57800.98017682318,57800.98017682318,57800.98017682318,28038.0,25313.291666666668,23695.842261904763,0,1673,28732,0.0582257334771865,-2181.0,8169.0,0.3479872204472843,0.0,0.0973801916932907,0,0,0.6531292170152412,0.2305149917912382,0,MODERATE,0.2573645984484298,57800.98017682318,57800.98017682318,57800.98017682318,40478.089478835966
2026-05-07,48,23474,29316,21800,1673,6606,0,22126,0,167,1006,991,-978,-452,-530,-787,demanddata_2026.csv,-469.0,997.0,-1445.0,-514.0,2286.0,2026-05-10 15:00:00,2026,5,10,15,30,6,Thursday,1,0.3676637120691854,0.0582257334771865,127,-0.2588190451025215,0.965925826289068,0.4999999999999999,-0.8660254037844387,54531.2629734423,54531.2629734423,54531.2629734423,28038.0,25313.291666666668,23695.842261904763,0,1673,28732,0.0582257334771865,-2181.0,8169.0,0.3479872204472843,0.0,0.0973801916932907,0,0,0.6531292170152412,0.2305149917912382,0,MODERATE,0.2573645984484298,54531.2629734423,54531.2629734423,54531.2629734423,40498.3455026455
2026-05-07,48,23474,29316,21800,1673,6606,0,22126,0,167,1006,991,-978,-452,-530,-787,demanddata_2026.csv,-469.0,997.0,-1445.0,-514.0,2286.0,2026-05-10 15:30:00,2026,5,10,15,30,6,Thursday,1,0.3676637120691854,0.0582257334771865,127,-0.2588190451025215,0.965925826289068,0.4999999999999999,-0.8660254037844387,51446.50890662726,51446.50890662726,51446.50890662726,28038.0,25313.291666666668,23695.842261904763,0,1673,28732,0.0582257334771865,-2181.0,8169.0,0.3479872204472843,0.0,0.0973801916932907,0,0,0.6531292170152412,0.2305149917912382,0,MODERATE,0.2573645984484298,51446.50890662726,51446.50890662726,51446.50890662726,40498.3455026455
2026-05-07,48,23474,29316,21800,1673,6606,0,22126,0,167,1006,991,-978,-452,-530,-787,demanddata_2026.csv,-469.0,997.0,-1445.0,-514.0,2286.0,2026-05-10 16:00:00,2026,5,10,16,30,6,Thursday,1,0.3676637120691854,0.0582257334771865,127,-0.2588190451025215,0.965925826289068,0.4999999999999999,-0.8660254037844387,47882.19021469433,47882.19021469433,47882.19021469433,28038.0,25313.291666666668,23695.842261904763,0,1673,28732,0.0582257334771865,-2181.0,8169.0,0.3479872204472843,0.0,0.0973801916932907,0,0,0.6531292170152412,0.2305149917912382,0,MODERATE,0.2573645984484298,47882.19021469433,47882.19021469433,47882.19021469433,40498.3455026455
2026-05-07,48,23474,29316,21800,1673,6606,0,22126,0,167,1006,991,-978,-452,-530,-787,demanddata_2026.csv,-469.0,997.0,-1445.0,-514.0,2286.0,2026-05-10 16:30:00,2026,5,10,16,30,6,Thursday,1,0.3676637120691854,0.0582257334771865,127,-0.2588190451025215,0.965925826289068,0.4999999999999999,-0.8660254037844387,44564.81476551321,44564.81476551321,44564.81476551321,28038.0,25313.291666666668,23695.842261904763,0,1673,28732,0.0582257334771865,-2181.0,8169.0,0.3479872204472843,0.0,0.0973801916932907,0,0,0.6531292170152412,0.2305149917912382,0,MODERATE,0.2573645984484298,44564.81476551321,44564.81476551321,44564.81476551321,40498.3455026455
2026-05-07,48,23474,29316,21800,1673,6606,0,22126,0,167,1006,991,-978,-452,-530,-787,demanddata_2026.csv,-469.0,997.0,-1445.0,-514.0,2286.0,2026-05-10 17:00:00,2026,5,10,17,30,6,Thursday,1,0.3676637120691854,0.0582257334771865,127,-0.2588190451025215,0.965925826289068,0.4999999999999999,-0.8660254037844387,41121.1103234494,41121.1103234494,41121.1103234494,28038.0,25313.291666666668,23695.842261904763,0,1673,28732,0.0582257334771865,-2181.0,8169.0,0.3479872204472843,0.0,0.0973801916932907,0,0,0.6531292170152412,0.2305149917912382,0,MODERATE,0.2573645984484298,41121.1103234494,41121.1103234494,41121.1103234494,40502.405502645495
2026-05-07,48,23474,29316,21800,1673,6606,0,22126,0,167,1006,991,-978,-452,-530,-787,demanddata_2026.csv,-469.0,997.0,-1445.0,-514.0,2286.0,2026-05-10 17:30:00,2026,5,10,17,30,6,Thursday,1,0.3676637120691854,0.0582257334771865,127,-0.2588190451025215,0.965925826289068,0.4999999999999999,-0.8660254037844387,37943.514926081254,37943.514926081254,37943.514926081254,28038.0,25313.291666666668,23695.842261904763,0,1673,28732,0.0582257334771865,-2181.0,8169.0,0.3479872204472843,0.0,0.0973801916932907,0,0,0.6531292170152412,0.2305149917912382,0,MODERATE,0.2573645984484298,37943.514926081254,37943.514926081254,37943.514926081254,37752.38387566139
2026-05-07,48,23474,29316,21800,1673,6606,0,22126,0,167,1006,991,-978,-452,-530,-787,demanddata_2026.csv,-469.0,997.0,-1445.0,-514.0,2286.0,2026-05-10 18:00:00,2026,5,10,18,30,6,Thursday,1,0.3676637120691854,0.0582257334771865,127,-0.2588190451025215,0.965925826289068,0.4999999999999999,-0.8660254037844387,34908.03373199476,34908.03373199476,34908.03373199476,28038.0,25313.291666666668,23695.842261904763,0,1673,28732,0.0582257334771865,-2181.0,8169.0,0.3479872204472843,0.0,0.0973801916932907,0,0,0.6531292170152412,0.2305149917912382,0,MODERATE,0.2573645984484298,34908.03373199476,34908.03373199476,34908.03373199476,35386.441510822515
2026-05-07,48,23474,29316,21800,1673,6606,0,22126,0,167,1006,991,-978,-452,-530,-787,demanddata_2026.csv,-469.0,997.0,-1445.0,-514.0,2286.0,2026-05-10 18:30:00,2026,5,10,18,30,6,Thursday,1,0.3676637120691854,0.0582257334771865,127,-0.2588190451025215,0.965925826289068,0.4999999999999999,-0.8660254037844387,32115.39103343518,32115.39103343518,32115.39103343518,28038.0,25313.291666666668,23695.842261904763,0,1673,28732,0.0582257334771865,-2181.0,8169.0,0.3479872204472843,0.0,0.0973801916932907,0,0,0.6531292170152412,0.2305149917912382,0,MODERATE,0.2573645984484298,32115.39103343518,32115.39103343518,32115.39103343518,29065.659653296818
2026-05-07,48,23474,29316,21800,1673,6606,0,22126,0,167,1006,991,-978,-452,-530,-787,demanddata_2026.csv,-469.0,997.0,-1445.0,-514.0,2286.0,2026-05-10 19:00:00,2026,5,10,19,30,6,Thursday,1,0.3676637120691854,0.0582257334771865,127,-0.2588190451025215,0.965925826289068,0.4999999999999999,-0.8660254037844387,29633.704183789785,29633.704183789785,29633.704183789785,28038.0,25313.291666666668,23695.842261904763,0,1673,28732,0.0582257334771865,-2181.0,8169.0,0.3479872204472843,0.0,0.0973801916932907,0,0,0.6531292170152412,0.2305149917912382,0,MODERATE,0.2573645984484298,29633.704183789785,29633.704183789785,29633.704183789785,28222.346676848065
2026-05-07,48,23474,29316,21800,1673,6606,0,22126,0,167,1006,991,-978,-452,-530,-787,demanddata_2026.csv,-469.0,997.0,-1445.0,-514.0,2286.0,2026-05-10 19:30:00,2026,5,10,19,30,6,Thursday,1,0.3676637120691854,0.0582257334771865,127,-0.2588190451025215,0.965925826289068,0.4999999999999999,-0.8660254037844387,27343.787367811146,27343.787367811146,27343.787367811146,28038.0,25313.291666666668,23695.842261904763,0,1673,28732,0.0582257334771865,-2181.0,8169.0,0.3479872204472843,0.0,0.0973801916932907,0,0,0.6531292170152412,0.2305149917912382,0,MODERATE,0.2573645984484298,27343.787367811146,27343.787367811146,27343.787367811146,26818.794782674246
2026-05-07,48,23474,29316,21800,1673,6606,0,22126,0,167,1006,991,-978,-452,-530,-787,demanddata_2026.csv,-469.0,997.0,-1445.0,-514.0,2286.0,2026-05-10 20:00:00,2026,5,10,20,30,6,Thursday,1,0.3676637120691854,0.0582257334771865,127,-0.2588190451025215,0.965925826289068,0.4999999999999999,-0.8660254037844387,25449.354208114786,25449.354208114786,25449.354208114786,28038.0,25313.291666666668,23695.842261904763,0,1673,28732,0.0582257334771865,-2181.0,8169.0,0.3479872204472843,0.0,0.0973801916932907,0,0,0.6531292170152412,0.2305149917912382,0,MODERATE,0.2573645984484298,25449.354208114786,25449.354208114786,25449.354208114786,25504.970279421334
2026-05-07,48,23474,29316,21800,1673,6606,0,22126,0,167,1006,991,-978,-452,-530,-787,demanddata_2026.csv,-469.0,997.0,-1445.0,-514.0,2286.0,2026-05-10 20:30:00,2026,5,10,20,30,6,Thursday,1,0.3676637120691854,0.0582257334771865,127,-0.2588190451025215,0.965925826289068,0.4999999999999999,-0.8660254037844387,23686.17122778392,23686.17122778392,23686.17122778392,28038.0,25313.291666666668,23695.842261904763,0,1673,28732,0.0582257334771865,-2181.0,8169.0,0.3479872204472843,0.0,0.0973801916932907,0,0,0.6531292170152412,0.2305149917912382,0,MODERATE,0.2573645984484298,23686.17122778392,23686.17122778392,23686.17122778392,23555.894526357803
2026-05-07,48,23474,29316,21800,1673,6606,0,22126,0,167,1006,991,-978,-452,-530,-787,demanddata_2026.csv,-469.0,997.0,-1445.0,-514.0,2286.0,2026-05-10 21:00:00,2026,5,10,21,30,6,Thursday,1,0.3676637120691854,0.0582257334771865,127,-0.2588190451025215,0.965925826289068,0.4999999999999999,-0.8660254037844387,22346.279044142986,22346.279044142986,22346.279044142986,28038.0,25313.291666666668,23695.842261904763,0,1673,28732,0.0582257334771865,-2181.0,8169.0,0.3479872204472843,0.0,0.0973801916932907,0,0,0.6531292170152412,0.2305149917912382,0,MODERATE,0.2573645984484298,22346.279044142986,22346.279044142986,22346.279044142986,21823.935233737946
2026-05-07,48,23474,29316,21800,1673,6606,0,22126,0,167,1006,991,-978,-452,-530,-787,demanddata_2026.csv,-469.0,997.0,-1445.0,-514.0,2286.0,2026-05-10 21:30:00,2026,5,10,21,30,6,Thursday,1,0.3676637120691854,0.0582257334771865,127,-0.2588190451025215,0.965925826289068,0.4999999999999999,-0.8660254037844387,21082.182608430958,21082.182608430958,21082.182608430958,28038.0,25313.291666666668,23695.842261904763,0,1673,28732,0.0582257334771865,-2181.0,8169.0,0.3479872204472843,0.0,0.0973801916932907,0,0,0.6531292170152412,0.2305149917912382,0,MODERATE,0.2573645984484298,21082.182608430958,21082.182608430958,21082.182608430958,20457.7569721083
2026-05-07,48,23474,29316,21800,1673,6606,0,22126,0,167,1006,991,-978,-452,-530,-787,demanddata_2026.csv,-469.0,997.0,-1445.0,-514.0,2286.0,2026-05-10 22:00:00,2026,5,10,22,30,6,Thursday,1,0.3676637120691854,0.0582257334771865,127,-0.2588190451025215,0.965925826289068,0.4999999999999999,-0.8660254037844387,20238.89530409372,20238.89530409372,20238.89530409372,28038.0,25313.291666666668,23695.842261904763,0,1673,28732,0.0582257334771865,-2181.0,8169.0,0.3479872204472843,0.0,0.0973801916932907,0,0,0.6531292170152412,0.2305149917912382,0,MODERATE,0.2573645984484298,20238.89530409372,20238.89530409372,20238.89530409372,19351.70868635264
2026-05-07,48,23474,29316,21800,1673,6606,0,22126,0,167,1006,991,-978,-452,-530,-787,demanddata_2026.csv,-469.0,997.0,-1445.0,-514.0,2286.0,2026-05-10 22:30:00,2026,5,10,22,30,6,Thursday,1,0.3676637120691854,0.0582257334771865,127,-0.2588190451025215,0.965925826289068,0.4999999999999999,-0.8660254037844387,19429.33949192997,19429.33949192997,19429.33949192997,28038.0,25313.291666666668,23695.842261904763,0,1673,28732,0.0582257334771865,-2181.0,8169.0,0.3479872204472843,0.0,0.0973801916932907,0,0,0.6531292170152412,0.2305149917912382,0,MODERATE,0.2573645984484298,19429.33949192997,19429.33949192997,19429.33949192997,18875.76244179895
2026-05-07,48,23474,29316,21800,1673,6606,0,22126,0,167,1006,991,-978,-452,-530,-787,demanddata_2026.csv,-469.0,997.0,-1445.0,-514.0,2286.0,2026-05-10 23:00:00,2026,5,10,23,30,6,Thursday,1,0.3676637120691854,0.0582257334771865,127,-0.2588190451025215,0.965925826289068,0.4999999999999999,-0.8660254037844387,19027.04484438805,19027.04484438805,19027.04484438805,28038.0,25313.291666666668,23695.842261904763,0,1673,28732,0.0582257334771865,-2181.0,8169.0,0.3479872204472843,0.0,0.0973801916932907,0,0,0.6531292170152412,0.2305149917912382,0,MODERATE,0.2573645984484298,19027.04484438805,19027.04484438805,19027.04484438805,18890.140696609433
2026-05-07,48,23474,29316,21800,1673,6606,0,22126,0,167,1006,991,-978,-452,-530,-787,demanddata_2026.csv,-469.0,997.0,-1445.0,-514.0,2286.0,2026-05-10 23:30:00,2026,5,10,23,30,6,Thursday,1,0.3676637120691854,0.0582257334771865,127,-0.2588190451025215,0.965925826289068,0.4999999999999999,-0.8660254037844387,18633.07991816826,18633.07991816826,18633.07991816826,28038.0,25313.291666666668,23695.842261904763,0,1673,28732,0.0582257334771865,-2181.0,8169.0,0.3479872204472843,0.0,0.0973801916932907,0,0,0.6531292170152412,0.2305149917912382,0,MODERATE,0.2573645984484298,18633.07991816826,18633.07991816826,18633.07991816826,18647.25124302549
2026-05-07,48,23474,29316,21800,1673,6606,0,22126,0,167,1006,991,-978,-452,-530,-787,demanddata_2026.csv,-469.0,997.0,-1445.0,-514.0,2286.0,2026-05-11 00:00:00,2026,5,11,0,30,0,Thursday,0,0.3676637120691854,0.0582257334771865,127,-0.2588190451025215,0.965925826289068,0.4999999999999999,-0.8660254037844387,18633.07991816826,18633.07991816826,18633.07991816826,28038.0,25313.291666666668,23695.842261904763,0,1673,28732,0.0582257334771865,-2181.0,8169.0,0.3479872204472843,0.0,0.0973801916932907,0,0,0.6531292170152412,0.2305149917912382,0,MODERATE,0.2573645984484298,18633.07991816826,18633.07991816826,18633.07991816826,18250.43431715384
2026-05-07,48,23474,29316,21800,1673,6606,0,22126,0,167,1006,991,-978,-452,-530,-787,demanddata_2026.csv,-469.0,997.0,-1445.0,-514.0,2286.0,2026-05-11 00:30:00,2026,5,11,0,30,0,Thursday,0,0.3676637120691854,0.0582257334771865,127,-0.2588190451025215,0.965925826289068,0.4999999999999999,-0.8660254037844387,18633.07991816826,18633.07991816826,18633.07991816826,28038.0,25313.291666666668,23695.842261904763,0,1673,28732,0.0582257334771865,-2181.0,8169.0,0.3479872204472843,0.0,0.0973801916932907,0,0,0.6531292170152412,0.2305149917912382,0,MODERATE,0.2573645984484298,18633.07991816826,18633.07991816826,18633.07991816826,18250.43431715384
2026-05-07,48,23474,29316,21800,1673,6606,0,22126,0,167,1006,991,-978,-452,-530,-787,demanddata_2026.csv,-469.0,997.0,-1445.0,-514.0,2286.0,2026-05-11 01:00:00,2026,5,11,1,30,0,Thursday,0,0.3676637120691854,0.0582257334771865,127,-0.2588190451025215,0.965925826289068,0.4999999999999999,-0.8660254037844387,19018.8875943074,19018.8875943074,19018.8875943074,28038.0,25313.291666666668,23695.842261904763,0,1673,28732,0.0582257334771865,-2181.0,8169.0,0.3479872204472843,0.0,0.0973801916932907,0,0,0.6531292170152412,0.2305149917912382,0,MODERATE,0.2573645984484298,19018.8875943074,19018.8875943074,19018.8875943074,18900.369641661182
2026-05-07,48,23474,29316,21800,1673,6606,0,22126,0,167,1006,991,-978,-452,-530,-787,demanddata_2026.csv,-469.0,997.0,-1445.0,-514.0,2286.0,2026-05-11 01:30:00,2026,5,11,1,30,0,Thursday,0,0.3676637120691854,0.0582257334771865,127,-0.2588190451025215,0.965925826289068,0.4999999999999999,-0.8660254037844387,19412.68362039307,19412.68362039307,19412.68362039307,28038.0,25313.291666666668,23695.842261904763,0,1673,28732,0.0582257334771865,-2181.0,8169.0,0.3479872204472843,0.0,0.0973801916932907,0,0,0.6531292170152412,0.2305149917912382,0,MODERATE,0.2573645984484298,19412.68362039307,19412.68362039307,19412.68362039307,19225.749051988154
2026-05-07,48,23474,29316,21800,1673,6606,0,22126,0,167,1006,991,-978,-452,-530,-787,demanddata_2026.csv,-469.0,997.0,-1445.0,-514.0,2286.0,2026-05-11 02:00:00,2026,5,11,2,30,0,Thursday,0,0.3676637120691854,0.0582257334771865,127,-0.2588190451025215,0.965925826289068,0.4999999999999999,-0.8660254037844387,20189.190965208792,20189.190965208792,20189.190965208792,28038.0,25313.291666666668,23695.842261904763,0,1673,28732,0.0582257334771865,-2181.0,8169.0,0.3479872204472843,0.0,0.0973801916932907,0,0,0.6531292170152412,0.2305149917912382,0,MODERATE,0.2573645984484298,20189.190965208792,20189.190965208792,20189.190965208792,20022.712262515466
2026-05-07,48,23474,29316,21800,1673,6606,0,22126,0,167,1006,991,-978,-452,-530,-787,demanddata_2026.csv,-469.0,997.0,-1445.0,-514.0,2286.0,2026-05-11 02:30:00,2026,5,11,2,30,0,Thursday,0,0.3676637120691854,0.0582257334771865,127,-0.2588190451025215,0.965925826289068,0.4999999999999999,-0.8660254037844387,20996.758603817147,20996.758603817147,20996.758603817147,28038.0,25313.291666666668,23695.842261904763,0,1673,28732,0.0582257334771865,-2181.0,8169.0,0.3479872204472843,0.0,0.0973801916932907,0,0,0.6531292170152412,0.2305149917912382,0,MODERATE,0.2573645984484298,20996.758603817147,20996.758603817147,20996.758603817147,20819.225490225424
2026-05-07,48,23474,29316,21800,1673,6606,0,22126,0,167,1006,991,-978,-452,-530,-787,demanddata_2026.csv,-469.0,997.0,-1445.0,-514.0,2286.0,2026-05-11 03:00:00,2026,5,11,3,30,0,Thursday,0,0.3676637120691854,0.0582257334771865,127,-0.2588190451025215,0.965925826289068,0.4999999999999999,-0.8660254037844387,22184.514635152835,22184.514635152835,22184.514635152835,28038.0,25313.291666666668,23695.842261904763,0,1673,28732,0.0582257334771865,-2181.0,8169.0,0.3479872204472843,0.0,0.0973801916932907,0,0,0.6531292170152412,0.2305149917912382,0,MODERATE,0.2573645984484298,22184.514635152835,22184.514635152835,22184.514635152835,21784.5468470277
2026-05-07,48,23474,29316,21800,1673,6606,0,22126,0,167,1006,991,-978,-452,-530,-787,demanddata_2026.csv,-469.0,997.0,-1445.0,-514.0,2286.0,2026-05-11 03:30:00,2026,5,11,3,30,0,Thursday,0,0.3676637120691854,0.0582257334771865,127,-0.2588190451025215,0.965925826289068,0.4999999999999999,-0.8660254037844387,23439.460294020737,23439.460294020737,23439.460294020737,28038.0,25313.291666666668,23695.842261904763,0,1673,28732,0.0582257334771865,-2181.0,8169.0,0.3479872204472843,0.0,0.0973801916932907,0,0,0.6531292170152412,0.2305149917912382,0,MODERATE,0.2573645984484298,23439.460294020737,23439.460294020737,23439.460294020737,22749.033788164234
2026-05-07,48,23474,29316,21800,1673,6606,0,22126,0,167,1006,991,-978,-452,-530,-787,demanddata_2026.csv,-469.0,997.0,-1445.0,-514.0,2286.0,2026-05-11 04:00:00,2026,5,11,4,30,0,Thursday,0,0.3676637120691854,0.0582257334771865,127,-0.2588190451025215,0.965925826289068,0.4999999999999999,-0.8660254037844387,25063.393739270225,25063.393739270225,25063.393739270225,28038.0,25313.291666666668,23695.842261904763,0,1673,28732,0.0582257334771865,-2181.0,8169.0,0.3479872204472843,0.0,0.0973801916932907,0,0,0.6531292170152412,0.2305149917912382,0,MODERATE,0.2573645984484298,25063.393739270225,25063.393739270225,25063.393739270225,24942.280313335683
2026-05-07,48,23474,29316,21800,1673,6606,0,22126,0,167,1006,991,-978,-452,-530,-787,demanddata_2026.csv,-469.0,997.0,-1445.0,-514.0,2286.0,2026-05-11 04:30:00,2026,5,11,4,30,0,Thursday,0,0.3676637120691854,0.0582257334771865,127,-0.2588190451025215,0.965925826289068,0.4999999999999999,-0.8660254037844387,26799.83659393101,26799.83659393101,26799.83659393101,28038.0,25313.291666666668,23695.842261904763,0,1673,28732,0.0582257334771865,-2181.0,8169.0,0.3479872204472843,0.0,0.0973801916932907,0,0,0.6531292170152412,0.2305149917912382,0,MODERATE,0.2573645984484298,26799.83659393101,26799.83659393101,26799.83659393101,26709.59109835935
2026-05-07,48,23474,29316,21800,1673,6606,0,22126,0,167,1006,991,-978,-452,-530,-787,demanddata_2026.csv,-469.0,997.0,-1445.0,-514.0,2286.0,2026-05-11 05:00:00,2026,5,11,5,30,0,Thursday,0,0.3676637120691854,0.0582257334771865,127,-0.2588190451025215,0.965925826289068,0.4999999999999999,-0.8660254037844387,28870.768938443394,28870.768938443394,28870.768938443394,28038.0,25313.291666666668,23695.842261904763,0,1673,28732,0.0582257334771865,-2181.0,8169.0,0.3479872204472843,0.0,0.0973801916932907,0,0,0.6531292170152412,0.2305149917912382,0,MODERATE,0.2573645984484298,28870.768938443394,28870.768938443394,28870.768938443394,28190.811061612367
2026-05-07,48,23474,29316,21800,1673,6606,0,22126,0,167,1006,991,-978,-452,-530,-787,demanddata_2026.csv,-469.0,997.0,-1445.0,-514.0,2286.0,2026-05-11 05:30:00,2026,5,11,5,30,0,Thursday,0,0.3676637120691854,0.0582257334771865,127,-0.2588190451025215,0.965925826289068,0.4999999999999999,-0.8660254037844387,31101.73064584073,31101.73064584073,31101.73064584073,28038.0,25313.291666666668,23695.842261904763,0,1673,28732,0.0582257334771865,-2181.0,8169.0,0.3479872204472843,0.0,0.0973801916932907,0,0,0.6531292170152412,0.2305149917912382,0,MODERATE,0.2573645984484298,31101.73064584073,31101.73064584073,31101.73064584073,28275.516253628757
2026-05-07,48,23474,29316,21800,1673,6606,0,22126,0,167,1006,991,-978,-452,-530,-787,demanddata_2026.csv,-469.0,997.0,-1445.0,-514.0,2286.0,2026-05-11 06:00:00,2026,5,11,6,30,0,Thursday,0,0.3676637120691854,0.0582257334771865,127,-0.2588190451025215,0.965925826289068,0.4999999999999999,-0.8660254037844387,33589.86909750799,33589.86909750799,33589.86909750799,28038.0,25313.291666666668,23695.842261904763,0,1673,28732,0.0582257334771865,-2181.0,8169.0,0.3479872204472843,0.0,0.0973801916932907,0,0,0.6531292170152412,0.2305149917912382,0,MODERATE,0.2573645984484298,33589.86909750799,33589.86909750799,33589.86909750799,30448.903794932972
2026-05-07,48,23474,29316,21800,1673,6606,0,22126,0,167,1006,991,-978,-452,-530,-787,demanddata_2026.csv,-469.0,997.0,-1445.0,-514.0,2286.0,2026-05-11 06:30:00,2026,5,11,6,30,0,Thursday,0,0.3676637120691854,0.0582257334771865,127,-0.2588190451025215,0.965925826289068,0.4999999999999999,-0.8660254037844387,36277.05862530863,36277.05862530863,36277.05862530863,28038.0,25313.291666666668,23695.842261904763,0,1673,28732,0.0582257334771865,-2181.0,8169.0,0.3479872204472843,0.0,0.0973801916932907,0,0,0.6531292170152412,0.2305149917912382,0,MODERATE,0.2573645984484298,36277.05862530863,36277.05862530863,36277.05862530863,36724.78897113997
2026-05-07,48,23474,29316,21800,1673,6606,0,22126,0,167,1006,991,-978,-452,-530,-787,demanddata_2026.csv,-469.0,997.0,-1445.0,-514.0,2286.0,2026-05-11 07:00:00,2026,5,11,7,30,0,Thursday,0,0.3676637120691854,0.0582257334771865,127,-0.2588190451025215,0.965925826289068,0.4999999999999999,-0.8660254037844387,39080.334451547686,39080.334451547686,39080.334451547686,28038.0,25313.291666666668,23695.842261904763,0,1673,28732,0.0582257334771865,-2181.0,8169.0,0.3479872204472843,0.0,0.0973801916932907,0,0,0.6531292170152412,0.2305149917912382,0,MODERATE,0.2573645984484298,39080.334451547686,39080.334451547686,39080.334451547686,38903.714312298805
2026-05-07,48,23474,29316,21800,1673,6606,0,22126,0,167,1006,991,-978,-452,-530,-787,demanddata_2026.csv,-469.0,997.0,-1445.0,-514.0,2286.0,2026-05-11 07:30:00,2026,5,11,7,30,0,Thursday,0,0.3676637120691854,0.0582257334771865,127,-0.2588190451025215,0.965925826289068,0.4999999999999999,-0.8660254037844387,42100.23079928883,42100.23079928883,42100.23079928883,28038.0,25313.291666666668,23695.842261904763,0,1673,28732,0.0582257334771865,-2181.0,8169.0,0.3479872204472843,0.0,0.0973801916932907,0,0,0.6531292170152412,0.2305149917912382,0,MODERATE,0.2573645984484298,42100.23079928883,42100.23079928883,42100.23079928883,40485.34217724867
2026-05-07,48,23474,29316,21800,1673,6606,0,22126,0,167,1006,991,-978,-452,-530,-787,demanddata_2026.csv,-469.0,997.0,-1445.0,-514.0,2286.0,2026-05-11 08:00:00,2026,5,11,8,30,0,Thursday,0,0.3676637120691854,0.0582257334771865,127,-0.2588190451025215,0.965925826289068,0.4999999999999999,-0.8660254037844387,45017.0203494786,45017.0203494786,45017.0203494786,28038.0,25313.291666666668,23695.842261904763,0,1673,28732,0.0582257334771865,-2181.0,8169.0,0.3479872204472843,0.0,0.0973801916932907,0,0,0.6531292170152412,0.2305149917912382,0,MODERATE,0.2573645984484298,45017.0203494786,45017.0203494786,45017.0203494786,40485.34217724867
2026-05-07,48,23474,29316,21800,1673,6606,0,22126,0,167,1006,991,-978,-452,-530,-787,demanddata_2026.csv,-469.0,997.0,-1445.0,-514.0,2286.0,2026-05-11 08:30:00,2026,5,11,8,30,0,Thursday,0,0.3676637120691854,0.0582257334771865,127,-0.2588190451025215,0.965925826289068,0.4999999999999999,-0.8660254037844387,48135.89100750495,48135.89100750495,48135.89100750495,28038.0,25313.291666666668,23695.842261904763,0,1673,28732,0.0582257334771865,-2181.0,8169.0,0.3479872204472843,0.0,0.0973801916932907,0,0,0.6531292170152412,0.2305149917912382,0,MODERATE,0.2573645984484298,48135.89100750495,48135.89100750495,48135.89100750495,40485.34217724867
2026-05-07,48,23474,29316,21800,1673,6606,0,22126,0,167,1006,991,-978,-452,-530,-787,demanddata_2026.csv,-469.0,997.0,-1445.0,-514.0,2286.0,2026-05-11 09:00:00,2026,5,11,9,30,0,Thursday,0,0.3676637120691854,0.0582257334771865,127,-0.2588190451025215,0.965925826289068,0.4999999999999999,-0.8660254037844387,50858.868203494014,50858.868203494014,50858.868203494014,28038.0,25313.291666666668,23695.842261904763,0,1673,28732,0.0582257334771865,-2181.0,8169.0,0.3479872204472843,0.0,0.0973801916932907,0,0,0.6531292170152412,0.2305149917912382,0,MODERATE,0.2573645984484298,50858.868203494014,50858.868203494014,50858.868203494014,40485.34217724867
2026-05-07,48,23474,29316,21800,1673,6606,0,22126,0,167,1006,991,-978,-452,-530,-787,demanddata_2026.csv,-469.0,997.0,-1445.0,-514.0,2286.0,2026-05-11 09:30:00,2026,5,11,9,30,0,Thursday,0,0.3676637120691854,0.0582257334771865,127,-0.2588190451025215,0.965925826289068,0.4999999999999999,-0.8660254037844387,53735.880250707094,53735.880250707094,53735.880250707094,28038.0,25313.291666666668,23695.842261904763,0,1673,28732,0.0582257334771865,-2181.0,8169.0,0.3479872204472843,0.0,0.0973801916932907,0,0,0.6531292170152412,0.2305149917912382,0,MODERATE,0.2573645984484298,53735.880250707094,53735.880250707094,53735.880250707094,40485.34217724867
2026-05-07,48,23474,29316,21800,1673,6606,0,22126,0,167,1006,991,-978,-452,-530,-787,demanddata_2026.csv,-469.0,997.0,-1445.0,-514.0,2286.0,2026-05-11 10:00:00,2026,5,11,10,30,0,Thursday,0,0.3676637120691854,0.0582257334771865,127,-0.2588190451025215,0.965925826289068,0.4999999999999999,-0.8660254037844387,55885.31546073538,55885.31546073538,55885.31546073538,28038.0,25313.291666666668,23695.842261904763,0,1673,28732,0.0582257334771865,-2181.0,8169.0,0.3479872204472843,0.0,0.0973801916932907,0,0,0.6531292170152412,0.2305149917912382,0,MODERATE,0.2573645984484298,55885.31546073538,55885.31546073538,55885.31546073538,40485.34217724867
2026-05-07,48,23474,29316,21800,1673,6606,0,22126,0,167,1006,991,-978,-452,-530,-787,demanddata_2026.csv,-469.0,997.0,-1445.0,-514.0,2286.0,2026-05-11 10:30:00,2026,5,11,10,30,0,Thursday,0,0.3676637120691854,0.0582257334771865,127,-0.2588190451025215,0.965925826289068,0.4999999999999999,-0.8660254037844387,58120.72807916479,58120.72807916479,58120.72807916479,28038.0,25313.291666666668,23695.842261904763,0,1673,28732,0.0582257334771865,-2181.0,8169.0,0.3479872204472843,0.0,0.0973801916932907,0,0,0.6531292170152412,0.2305149917912382,0,MODERATE,0.2573645984484298,58120.72807916479,58120.72807916479,58120.72807916479,40485.34217724867
2026-05-07,48,23474,29316,21800,1673,6606,0,22126,0,167,1006,991,-978,-452,-530,-787,demanddata_2026.csv,-469.0,997.0,-1445.0,-514.0,2286.0,2026-05-11 11:00:00,2026,5,11,11,30,0,Thursday,0,0.3676637120691854,0.0582257334771865,127,-0.2588190451025215,0.965925826289068,0.4999999999999999,-0.8660254037844387,59324.14818653381,59324.14818653381,59324.14818653381,28038.0,25313.291666666668,23695.842261904763,0,1673,28732,0.0582257334771865,-2181.0,8169.0,0.3479872204472843,0.0,0.0973801916932907,0,0,0.6531292170152412,0.2305149917912382,0,MODERATE,0.2573645984484298,59324.14818653381,59324.14818653381,59324.14818653381,40485.34217724867
2026-05-07,48,23474,29316,21800,1673,6606,0,22126,0,167,1006,991,-978,-452,-530,-787,demanddata_2026.csv,-469.0,997.0,-1445.0,-514.0,2286.0,2026-05-11 11:30:00,2026,5,11,11,30,0,Thursday,0,0.3676637120691854,0.0582257334771865,127,-0.2588190451025215,0.965925826289068,0.4999999999999999,-0.8660254037844387,60552.485737346535,60552.485737346535,60552.485737346535,28038.0,25313.291666666668,23695.842261904763,0,1673,28732,0.0582257334771865,-2181.0,8169.0,0.3479872204472843,0.0,0.0973801916932907,0,0,0.6531292170152412,0.2305149917912382,0,MODERATE,0.2573645984484298,60552.485737346535,60552.485737346535,60552.485737346535,40485.34217724867
2026-05-07,48,23474,29316,21800,1673,6606,0,22126,0,167,1006,991,-978,-452,-530,-787,demanddata_2026.csv,-469.0,997.0,-1445.0,-514.0,2286.0,2026-05-11 12:00:00,2026,5,11,12,30,0,Thursday,0,0.3676637120691854,0.0582257334771865,127,-0.2588190451025215,0.965925826289068,0.4999999999999999,-0.8660254037844387,60552.485737346535,60552.485737346535,60552.485737346535,28038.0,25313.291666666668,23695.842261904763,0,1673,28732,0.0582257334771865,-2181.0,8169.0,0.3479872204472843,0.0,0.0973801916932907,0,0,0.6531292170152412,0.2305149917912382,0,MODERATE,0.2573645984484298,60552.485737346535,60552.485737346535,60552.485737346535,40485.34217724867
2026-05-07,48,23474,29316,21800,1673,6606,0,22126,0,167,1006,991,-978,-452,-530,-787,demanddata_2026.csv,-469.0,997.0,-1445.0,-514.0,2286.0,2026-05-11 12:30:00,2026,5,11,12,30,0,Thursday,0,0.3676637120691854,0.0582257334771865,127,-0.2588190451025215,0.965925826289068,0.4999999999999999,-0.8660254037844387,60552.485737346535,60552.485737346535,60552.485737346535,28038.0,25313.291666666668,23695.842261904763,0,1673,28732,0.0582257334771865,-2181.0,8169.0,0.3479872204472843,0.0,0.0973801916932907,0,0,0.6531292170152412,0.2305149917912382,0,MODERATE,0.2573645984484298,60552.485737346535,60552.485737346535,60552.485737346535,40485.34217724867
2026-05-07,48,23474,29316,21800,1673,6606,0,22126,0,167,1006,991,-978,-452,-530,-787,demanddata_2026.csv,-469.0,997.0,-1445.0,-514.0,2286.0,2026-05-11 13:00:00,2026,5,11,13,30,0,Thursday,0,0.3676637120691854,0.0582257334771865,127,-0.2588190451025215,0.965925826289068,0.4999999999999999,-0.8660254037844387,59298.71481437661,59298.71481437661,59298.71481437661,28038.0,25313.291666666668,23695.842261904763,0,1673,28732,0.0582257334771865,-2181.0,8169.0,0.3479872204472843,0.0,0.0973801916932907,0,0,0.6531292170152412,0.2305149917912382,0,MODERATE,0.2573645984484298,59298.71481437661,59298.71481437661,59298.71481437661,40478.089478835966
2026-05-07,48,23474,29316,21800,1673,6606,0,22126,0,167,1006,991,-978,-452,-530,-787,demanddata_2026.csv,-469.0,997.0,-1445.0,-514.0,2286.0,2026-05-11 13:30:00,2026,5,11,13,30,0,Thursday,0,0.3676637120691854,0.0582257334771865,127,-0.2588190451025215,0.965925826289068,0.4999999999999999,-0.8660254037844387,58070.903874851516,58070.903874851516,58070.903874851516,28038.0,25313.291666666668,23695.842261904763,0,1673,28732,0.0582257334771865,-2181.0,8169.0,0.3479872204472843,0.0,0.0973801916932907,0,0,0.6531292170152412,0.2305149917912382,0,MODERATE,0.2573645984484298,58070.903874851516,58070.903874851516,58070.903874851516,40478.089478835966
2026-05-07,48,23474,29316,21800,1673,6606,0,22126,0,167,1006,991,-978,-452,-530,-787,demanddata_2026.csv,-469.0,997.0,-1445.0,-514.0,2286.0,2026-05-11 14:00:00,2026,5,11,14,30,0,Thursday,0,0.3676637120691854,0.0582257334771865,127,-0.2588190451025215,0.965925826289068,0.4999999999999999,-0.8660254037844387,55748.067719857456,55748.067719857456,55748.067719857456,28038.0,25313.291666666668,23695.842261904763,0,1673,28732,0.0582257334771865,-2181.0,8169.0,0.3479872204472843,0.0,0.0973801916932907,0,0,0.6531292170152412,0.2305149917912382,0,MODERATE,0.2573645984484298,55748.067719857456,55748.067719857456,55748.067719857456,40478.089478835966
2026-05-07,48,23474,29316,21800,1673,6606,0,22126,0,167,1006,991,-978,-452,-530,-787,demanddata_2026.csv,-469.0,997.0,-1445.0,-514.0,2286.0,2026-05-11 14:30:00,2026,5,11,14,30,0,Thursday,0,0.3676637120691854,0.0582257334771865,127,-0.2588190451025215,0.965925826289068,0.4999999999999999,-0.8660254037844387,53518.145011063156,53518.145011063156,53518.145011063156,28038.0,25313.291666666668,23695.842261904763,0,1673,28732,0.0582257334771865,-2181.0,8169.0,0.3479872204472843,0.0,0.0973801916932907,0,0,0.6531292170152412,0.2305149917912382,0,MODERATE,0.2573645984484298,53518.145011063156,53518.145011063156,53518.145011063156,40478.089478835966
2026-05-07,48,23474,29316,21800,1673,6606,0,22126,0,167,1006,991,-978,-452,-530,-787,demanddata_2026.csv,-469.0,997.0,-1445.0,-514.0,2286.0,2026-05-11 15:00:00,2026,5,11,15,30,0,Thursday,0,0.3676637120691854,0.0582257334771865,127,-0.2588190451025215,0.965925826289068,0.4999999999999999,-0.8660254037844387,50490.70155075534,50490.70155075534,50490.70155075534,28038.0,25313.291666666668,23695.842261904763,0,1673,28732,0.0582257334771865,-2181.0,8169.0,0.3479872204472843,0.0,0.0973801916932907,0,0,0.6531292170152412,0.2305149917912382,0,MODERATE,0.2573645984484298,50490.70155075534,50490.70155075534,50490.70155075534,40498.3455026455
2026-05-07,48,23474,29316,21800,1673,6606,0,22126,0,167,1006,991,-978,-452,-530,-787,demanddata_2026.csv,-469.0,997.0,-1445.0,-514.0,2286.0,2026-05-11 15:30:00,2026,5,11,15,30,0,Thursday,0,0.3676637120691854,0.0582257334771865,127,-0.2588190451025215,0.965925826289068,0.4999999999999999,-0.8660254037844387,47634.51615448292,47634.51615448292,47634.51615448292,28038.0,25313.291666666668,23695.842261904763,0,1673,28732,0.0582257334771865,-2181.0,8169.0,0.3479872204472843,0.0,0.0973801916932907,0,0,0.6531292170152412,0.2305149917912382,0,MODERATE,0.2573645984484298,47634.51615448292,47634.51615448292,47634.51615448292,40498.3455026455
2026-05-07,48,23474,29316,21800,1673,6606,0,22126,0,167,1006,991,-978,-452,-530,-787,demanddata_2026.csv,-469.0,997.0,-1445.0,-514.0,2286.0,2026-05-11 16:00:00,2026,5,11,16,30,0,Thursday,0,0.3676637120691854,0.0582257334771865,127,-0.2588190451025215,0.965925826289068,0.4999999999999999,-0.8660254037844387,44334.300067541924,44334.300067541924,44334.300067541924,28038.0,25313.291666666668,23695.842261904763,0,1673,28732,0.0582257334771865,-2181.0,8169.0,0.3479872204472843,0.0,0.0973801916932907,0,0,0.6531292170152412,0.2305149917912382,0,MODERATE,0.2573645984484298,44334.300067541924,44334.300067541924,44334.300067541924,40498.3455026455
2026-05-07,48,23474,29316,21800,1673,6606,0,22126,0,167,1006,991,-978,-452,-530,-787,demanddata_2026.csv,-469.0,997.0,-1445.0,-514.0,2286.0,2026-05-11 16:30:00,2026,5,11,16,30,0,Thursday,0,0.3676637120691854,0.0582257334771865,127,-0.2588190451025215,0.965925826289068,0.4999999999999999,-0.8660254037844387,41262.729658142445,41262.729658142445,41262.729658142445,28038.0,25313.291666666668,23695.842261904763,0,1673,28732,0.0582257334771865,-2181.0,8169.0,0.3479872204472843,0.0,0.0973801916932907,0,0,0.6531292170152412,0.2305149917912382,0,MODERATE,0.2573645984484298,41262.729658142445,41262.729658142445,41262.729658142445,40498.3455026455
2026-05-07,48,23474,29316,21800,1673,6606,0,22126,0,167,1006,991,-978,-452,-530,-787,demanddata_2026.csv,-469.0,997.0,-1445.0,-514.0,2286.0,2026-05-11 17:00:00,2026,5,11,17,30,0,Thursday,0,0.3676637120691854,0.0582257334771865,127,-0.2588190451025215,0.965925826289068,0.4999999999999999,-0.8660254037844387,38074.19075894375,38074.19075894375,38074.19075894375,28038.0,25313.291666666668,23695.842261904763,0,1673,28732,0.0582257334771865,-2181.0,8169.0,0.3479872204472843,0.0,0.0973801916932907,0,0,0.6531292170152412,0.2305149917912382,0,MODERATE,0.2573645984484298,38074.19075894375,38074.19075894375,38074.19075894375,38049.97231746033
2026-05-07,48,23474,29316,21800,1673,6606,0,22126,0,167,1006,991,-978,-452,-530,-787,demanddata_2026.csv,-469.0,997.0,-1445.0,-514.0,2286.0,2026-05-11 17:30:00,2026,5,11,17,30,0,Thursday,0,0.3676637120691854,0.0582257334771865,127,-0.2588190451025215,0.965925826289068,0.4999999999999999,-0.8660254037844387,35132.04322541412,35132.04322541412,35132.04322541412,28038.0,25313.291666666668,23695.842261904763,0,1673,28732,0.0582257334771865,-2181.0,8169.0,0.3479872204472843,0.0,0.0973801916932907,0,0,0.6531292170152412,0.2305149917912382,0,MODERATE,0.2573645984484298,35132.04322541412,35132.04322541412,35132.04322541412,35920.37732828284
2026-05-07,48,23474,29316,21800,1673,6606,0,22126,0,167,1006,991,-978,-452,-530,-787,demanddata_2026.csv,-469.0,997.0,-1445.0,-514.0,2286.0,2026-05-11 18:00:00,2026,5,11,18,30,0,Thursday,0,0.3676637120691854,0.0582257334771865,127,-0.2588190451025215,0.965925826289068,0.4999999999999999,-0.8660254037844387,32321.47976738099,32321.47976738099,32321.47976738099,28038.0,25313.291666666668,23695.842261904763,0,1673,28732,0.0582257334771865,-2181.0,8169.0,0.3479872204472843,0.0,0.0973801916932907,0,0,0.6531292170152412,0.2305149917912382,0,MODERATE,0.2573645984484298,32321.47976738099,32321.47976738099,32321.47976738099,29067.582290575258
2026-05-07,48,23474,29316,21800,1673,6606,0,22126,0,167,1006,991,-978,-452,-530,-787,demanddata_2026.csv,-469.0,997.0,-1445.0,-514.0,2286.0,2026-05-11 18:30:00,2026,5,11,18,30,0,Thursday,0,0.3676637120691854,0.0582257334771865,127,-0.2588190451025215,0.965925826289068,0.4999999999999999,-0.8660254037844387,29735.761385990514,29735.761385990514,29735.761385990514,28038.0,25313.291666666668,23695.842261904763,0,1673,28732,0.0582257334771865,-2181.0,8169.0,0.3479872204472843,0.0,0.0973801916932907,0,0,0.6531292170152412,0.2305149917912382,0,MODERATE,0.2573645984484298,29735.761385990514,29735.761385990514,29735.761385990514,28233.12793422666
2026-05-07,48,23474,29316,21800,1673,6606,0,22126,0,167,1006,991,-978,-452,-530,-787,demanddata_2026.csv,-469.0,997.0,-1445.0,-514.0,2286.0,2026-05-11 19:00:00,2026,5,11,19,30,0,Thursday,0,0.3676637120691854,0.0582257334771865,127,-0.2588190451025215,0.965925826289068,0.4999999999999999,-0.8660254037844387,27437.95819502272,27437.95819502272,27437.95819502272,28038.0,25313.291666666668,23695.842261904763,0,1673,28732,0.0582257334771865,-2181.0,8169.0,0.3479872204472843,0.0,0.0973801916932907,0,0,0.6531292170152412,0.2305149917912382,0,MODERATE,0.2573645984484298,27437.95819502272,27437.95819502272,27437.95819502272,26969.737265309584
2026-05-07,48,23474,29316,21800,1673,6606,0,22126,0,167,1006,991,-978,-452,-530,-787,demanddata_2026.csv,-469.0,997.0,-1445.0,-514.0,2286.0,2026-05-11 19:30:00,2026,5,11,19,30,0,Thursday,0,0.3676637120691854,0.0582257334771865,127,-0.2588190451025215,0.965925826289068,0.4999999999999999,-0.8660254037844387,25317.71559972574,25317.71559972574,25317.71559972574,28038.0,25313.291666666668,23695.842261904763,0,1673,28732,0.0582257334771865,-2181.0,8169.0,0.3479872204472843,0.0,0.0973801916932907,0,0,0.6531292170152412,0.2305149917912382,0,MODERATE,0.2573645984484298,25317.71559972574,25317.71559972574,25317.71559972574,25428.441209545803
2026-05-07,48,23474,29316,21800,1673,6606,0,22126,0,167,1006,991,-978,-452,-530,-787,demanddata_2026.csv,-469.0,997.0,-1445.0,-514.0,2286.0,2026-05-11 20:00:00,2026,5,11,20,30,0,Thursday,0,0.3676637120691854,0.0582257334771865,127,-0.2588190451025215,0.965925826289068,0.4999999999999999,-0.8660254037844387,23563.652809713574,23563.652809713574,23563.652809713574,28038.0,25313.291666666668,23695.842261904763,0,1673,28732,0.0582257334771865,-2181.0,8169.0,0.3479872204472843,0.0,0.0973801916932907,0,0,0.6531292170152412,0.2305149917912382,0,MODERATE,0.2573645984484298,23563.652809713574,23563.652809713574,23563.652809713574,23472.752996655934
2026-05-07,48,23474,29316,21800,1673,6606,0,22126,0,167,1006,991,-978,-452,-530,-787,demanddata_2026.csv,-469.0,997.0,-1445.0,-514.0,2286.0,2026-05-11 20:30:00,2026,5,11,20,30,0,Thursday,0,0.3676637120691854,0.0582257334771865,127,-0.2588190451025215,0.965925826289068,0.4999999999999999,-0.8660254037844387,21931.115054580092,21931.115054580092,21931.115054580092,28038.0,25313.291666666668,23695.842261904763,0,1673,28732,0.0582257334771865,-2181.0,8169.0,0.3479872204472843,0.0,0.0973801916932907,0,0,0.6531292170152412,0.2305149917912382,0,MODERATE,0.2573645984484298,21931.115054580092,21931.115054580092,21931.115054580092,21558.46459090909
2026-05-07,48,23474,29316,21800,1673,6606,0,22126,0,167,1006,991,-978,-452,-530,-787,demanddata_2026.csv,-469.0,997.0,-1445.0,-514.0,2286.0,2026-05-11 21:00:00,2026,5,11,21,30,0,Thursday,0,0.3676637120691854,0.0582257334771865,127,-0.2588190451025215,0.965925826289068,0.4999999999999999,-0.8660254037844387,20690.503840654015,20690.503840654015,20690.503840654015,28038.0,25313.291666666668,23695.842261904763,0,1673,28732,0.0582257334771865,-2181.0,8169.0,0.3479872204472843,0.0,0.0973801916932907,0,0,0.6531292170152412,0.2305149917912382,0,MODERATE,0.2573645984484298,20690.503840654015,20690.503840654015,20690.503840654015,20138.00992689625
2026-05-07,48,23474,29316,21800,1673,6606,0,22126,0,167,1006,991,-978,-452,-530,-787,demanddata_2026.csv,-469.0,997.0,-1445.0,-514.0,2286.0,2026-05-11 21:30:00,2026,5,11,21,30,0,Thursday,0,0.3676637120691854,0.0582257334771865,127,-0.2588190451025215,0.965925826289068,0.4999999999999999,-0.8660254037844387,19520.072194902594,19520.072194902594,19520.072194902594,28038.0,25313.291666666668,23695.842261904763,0,1673,28732,0.0582257334771865,-2181.0,8169.0,0.3479872204472843,0.0,0.0973801916932907,0,0,0.6531292170152412,0.2305149917912382,0,MODERATE,0.2573645984484298,19520.072194902594,19520.072194902594,19520.072194902594,19207.630887785635
2026-05-07,48,23474,29316,21800,1673,6606,0,22126,0,167,1006,991,-978,-452,-530,-787,demanddata_2026.csv,-469.0,997.0,-1445.0,-514.0,2286.0,2026-05-11 22:00:00,2026,5,11,22,30,0,Thursday,0,0.3676637120691854,0.0582257334771865,127,-0.2588190451025215,0.965925826289068,0.4999999999999999,-0.8660254037844387,18739.26930710649,18739.26930710649,18739.26930710649,28038.0,25313.291666666668,23695.842261904763,0,1673,28732,0.0582257334771865,-2181.0,8169.0,0.3479872204472843,0.0,0.0973801916932907,0,0,0.6531292170152412,0.2305149917912382,0,MODERATE,0.2573645984484298,18739.26930710649,18739.26930710649,18739.26930710649,19057.792139950107
2026-05-07,48,23474,29316,21800,1673,6606,0,22126,0,167,1006,991,-978,-452,-530,-787,demanddata_2026.csv,-469.0,997.0,-1445.0,-514.0,2286.0,2026-05-11 22:30:00,2026,5,11,22,30,0,Thursday,0,0.3676637120691854,0.0582257334771865,127,-0.2588190451025215,0.965925826289068,0.4999999999999999,-0.8660254037844387,17989.69853482223,17989.69853482223,17989.69853482223,28038.0,25313.291666666668,23695.842261904763,0,1673,28732,0.0582257334771865,-2181.0,8169.0,0.3479872204472843,0.0,0.0973801916932907,0,0,0.6531292170152412,0.2305149917912382,0,MODERATE,0.2573645984484298,17989.69853482223,17989.69853482223,17989.69853482223,18487.583955662463
2026-05-07,48,23474,29316,21800,1673,6606,0,22126,0,167,1006,991,-978,-452,-530,-787,demanddata_2026.csv,-469.0,997.0,-1445.0,-514.0,2286.0,2026-05-11 23:00:00,2026,5,11,23,30,0,Thursday,0,0.3676637120691854,0.0582257334771865,127,-0.2588190451025215,0.965925826289068,0.4999999999999999,-0.8660254037844387,17617.212407105035,17617.212407105035,17617.212407105035,28038.0,25313.291666666668,23695.842261904763,0,1673,28732,0.0582257334771865,-2181.0,8169.0,0.3479872204472843,0.0,0.0973801916932907,0,0,0.6531292170152412,0.2305149917912382,0,MODERATE,0.2573645984484298,17617.212407105035,17617.212407105035,17617.212407105035,18098.061424149928
2026-05-07,48,23474,29316,21800,1673,6606,0,22126,0,167,1006,991,-978,-452,-530,-787,demanddata_2026.csv,-469.0,997.0,-1445.0,-514.0,2286.0,2026-05-11 23:30:00,2026,5,11,23,30,0,Thursday,0,0.3676637120691854,0.0582257334771865,127,-0.2588190451025215,0.965925826289068,0.4999999999999999,-0.8660254037844387,17252.438799699015,17252.438799699015,17252.438799699015,28038.0,25313.291666666668,23695.842261904763,0,1673,28732,0.0582257334771865,-2181.0,8169.0,0.3479872204472843,0.0,0.0973801916932907,0,0,0.6531292170152412,0.2305149917912382,0,MODERATE,0.2573645984484298,17252.438799699015,17252.438799699015,17252.438799699015,17747.690245661746
2026-05-07,48,23474,29316,21800,1673,6606,0,22126,0,167,1006,991,-978,-452,-530,-787,demanddata_2026.csv,-469.0,997.0,-1445.0,-514.0,2286.0,2026-05-12 00:00:00,2026,5,12,0,30,1,Thursday,0,0.3676637120691854,0.0582257334771865,127,-0.2588190451025215,0.965925826289068,0.4999999999999999,-0.8660254037844387,17252.438799699015,17252.438799699015,17252.438799699015,28038.0,25313.291666666668,23695.842261904763,0,1673,28732,0.0582257334771865,-2181.0,8169.0,0.3479872204472843,0.0,0.0973801916932907,0,0,0.6531292170152412,0.2305149917912382,0,MODERATE,0.2573645984484298,17252.438799699015,17252.438799699015,17252.438799699015,17110.18094348244
2026-05-07,48,23474,29316,21800,1673,6606,0,22126,0,167,1006,991,-978,-452,-530,-787,demanddata_2026.csv,-469.0,997.0,-1445.0,-514.0,2286.0,2026-05-12 00:30:00,2026,5,12,0,30,1,Thursday,0,0.3676637120691854,0.0582257334771865,127,-0.2588190451025215,0.965925826289068,0.4999999999999999,-0.8660254037844387,17252.438799699015,17252.438799699015,17252.438799699015,28038.0,25313.291666666668,23695.842261904763,0,1673,28732,0.0582257334771865,-2181.0,8169.0,0.3479872204472843,0.0,0.0973801916932907,0,0,0.6531292170152412,0.2305149917912382,0,MODERATE,0.2573645984484298,17252.438799699015,17252.438799699015,17252.438799699015,17110.18094348244
2026-05-07,48,23474,29316,21800,1673,6606,0,22126,0,167,1006,991,-978,-452,-530,-787,demanddata_2026.csv,-469.0,997.0,-1445.0,-514.0,2286.0,2026-05-12 01:00:00,2026,5,12,1,30,1,Thursday,0,0.3676637120691854,0.0582257334771865,127,-0.2588190451025215,0.965925826289068,0.4999999999999999,-0.8660254037844387,17609.65957856524,17609.65957856524,17609.65957856524,28038.0,25313.291666666668,23695.842261904763,0,1673,28732,0.0582257334771865,-2181.0,8169.0,0.3479872204472843,0.0,0.0973801916932907,0,0,0.6531292170152412,0.2305149917912382,0,MODERATE,0.2573645984484298,17609.65957856524,17609.65957856524,17609.65957856524,17332.955131720126
2026-05-07,48,23474,29316,21800,1673,6606,0,22126,0,167,1006,991,-978,-452,-530,-787,demanddata_2026.csv,-469.0,997.0,-1445.0,-514.0,2286.0,2026-05-12 01:30:00,2026,5,12,1,30,1,Thursday,0,0.3676637120691854,0.0582257334771865,127,-0.2588190451025215,0.965925826289068,0.4999999999999999,-0.8660254037844387,17974.276800701617,17974.276800701617,17974.276800701617,28038.0,25313.291666666668,23695.842261904763,0,1673,28732,0.0582257334771865,-2181.0,8169.0,0.3479872204472843,0.0,0.0973801916932907,0,0,0.6531292170152412,0.2305149917912382,0,MODERATE,0.2573645984484298,17974.276800701617,17974.276800701617,17974.276800701617,17792.99017275103
2026-05-07,48,23474,29316,21800,1673,6606,0,22126,0,167,1006,991,-978,-452,-530,-787,demanddata_2026.csv,-469.0,997.0,-1445.0,-514.0,2286.0,2026-05-12 02:00:00,2026,5,12,2,30,1,Thursday,0,0.3676637120691854,0.0582257334771865,127,-0.2588190451025215,0.965925826289068,0.4999999999999999,-0.8660254037844387,18693.24787272968,18693.24787272968,18693.24787272968,28038.0,25313.291666666668,23695.842261904763,0,1673,28732,0.0582257334771865,-2181.0,8169.0,0.3479872204472843,0.0,0.0973801916932907,0,0,0.6531292170152412,0.2305149917912382,0,MODERATE,0.2573645984484298,18693.24787272968,18693.24787272968,18693.24787272968,18385.21920409315
2026-05-07,48,23474,29316,21800,1673,6606,0,22126,0,167,1006,991,-978,-452,-530,-787,demanddata_2026.csv,-469.0,997.0,-1445.0,-514.0,2286.0,2026-05-12 02:30:00,2026,5,12,2,30,1,Thursday,0,0.3676637120691854,0.0582257334771865,127,-0.2588190451025215,0.965925826289068,0.4999999999999999,-0.8660254037844387,19440.97778763887,19440.97778763887,19440.97778763887,28038.0,25313.291666666668,23695.842261904763,0,1673,28732,0.0582257334771865,-2181.0,8169.0,0.3479872204472843,0.0,0.0973801916932907,0,0,0.6531292170152412,0.2305149917912382,0,MODERATE,0.2573645984484298,19440.97778763887,19440.97778763887,19440.97778763887,19197.816641071004
2026-05-07,48,23474,29316,21800,1673,6606,0,22126,0,167,1006,991,-978,-452,-530,-787,demanddata_2026.csv,-469.0,997.0,-1445.0,-514.0,2286.0,2026-05-12 03:00:00,2026,5,12,3,30,1,Thursday,0,0.3676637120691854,0.0582257334771865,127,-0.2588190451025215,0.965925826289068,0.4999999999999999,-0.8660254037844387,20540.72556576179,20540.72556576179,20540.72556576179,28038.0,25313.291666666668,23695.842261904763,0,1673,28732,0.0582257334771865,-2181.0,8169.0,0.3479872204472843,0.0,0.0973801916932907,0,0,0.6531292170152412,0.2305149917912382,0,MODERATE,0.2573645984484298,20540.72556576179,20540.72556576179,20540.72556576179,20377.377040561434
2026-05-07,48,23474,29316,21800,1673,6606,0,22126,0,167,1006,991,-978,-452,-530,-787,demanddata_2026.csv,-469.0,997.0,-1445.0,-514.0,2286.0,2026-05-12 03:30:00,2026,5,12,3,30,1,Thursday,0,0.3676637120691854,0.0582257334771865,127,-0.2588190451025215,0.965925826289068,0.4999999999999999,-0.8660254037844387,21702.684472805155,21702.684472805155,21702.684472805155,28038.0,25313.291666666668,23695.842261904763,0,1673,28732,0.0582257334771865,-2181.0,8169.0,0.3479872204472843,0.0,0.0973801916932907,0,0,0.6531292170152412,0.2305149917912382,0,MODERATE,0.2573645984484298,21702.684472805155,21702.684472805155,21702.684472805155,21398.571658021323
2026-05-07,48,23474,29316,21800,1673,6606,0,22126,0,167,1006,991,-978,-452,-530,-787,demanddata_2026.csv,-469.0,997.0,-1445.0,-514.0,2286.0,2026-05-12 04:00:00,2026,5,12,4,30,1,Thursday,0,0.3676637120691854,0.0582257334771865,127,-0.2588190451025215,0.965925826289068,0.4999999999999999,-0.8660254037844387,23206.29055950654,23206.29055950654,23206.29055950654,28038.0,25313.291666666668,23695.842261904763,0,1673,28732,0.0582257334771865,-2181.0,8169.0,0.3479872204472843,0.0,0.0973801916932907,0,0,0.6531292170152412,0.2305149917912382,0,MODERATE,0.2573645984484298,23206.29055950654,23206.29055950654,23206.29055950654,22670.07924200969
2026-05-07,48,23474,29316,21800,1673,6606,0,22126,0,167,1006,991,-978,-452,-530,-787,demanddata_2026.csv,-469.0,997.0,-1445.0,-514.0,2286.0,2026-05-12 04:30:00,2026,5,12,4,30,1,Thursday,0,0.3676637120691854,0.0582257334771865,127,-0.2588190451025215,0.965925826289068,0.4999999999999999,-0.8660254037844387,24814.06953167739,24814.06953167739,24814.06953167739,28038.0,25313.291666666668,23695.842261904763,0,1673,28732,0.0582257334771865,-2181.0,8169.0,0.3479872204472843,0.0,0.0973801916932907,0,0,0.6531292170152412,0.2305149917912382,0,MODERATE,0.2573645984484298,24814.06953167739,24814.06953167739,24814.06953167739,24543.41010377329
2026-05-07,48,23474,29316,21800,1673,6606,0,22126,0,167,1006,991,-978,-452,-530,-787,demanddata_2026.csv,-469.0,997.0,-1445.0,-514.0,2286.0,2026-05-12 05:00:00,2026,5,12,5,30,1,Thursday,0,0.3676637120691854,0.0582257334771865,127,-0.2588190451025215,0.965925826289068,0.4999999999999999,-0.8660254037844387,26731.55358095578,26731.55358095578,26731.55358095578,28038.0,25313.291666666668,23695.842261904763,0,1673,28732,0.0582257334771865,-2181.0,8169.0,0.3479872204472843,0.0,0.0973801916932907,0,0,0.6531292170152412,0.2305149917912382,0,MODERATE,0.2573645984484298,26731.55358095578,26731.55358095578,26731.55358095578,26762.52559966305
2026-05-07,48,23474,29316,21800,1673,6606,0,22126,0,167,1006,991,-978,-452,-530,-787,demanddata_2026.csv,-469.0,997.0,-1445.0,-514.0,2286.0,2026-05-12 05:30:00,2026,5,12,5,30,1,Thursday,0,0.3676637120691854,0.0582257334771865,127,-0.2588190451025215,0.965925826289068,0.4999999999999999,-0.8660254037844387,28797.2094194098,28797.2094194098,28797.2094194098,28038.0,25313.291666666668,23695.842261904763,0,1673,28732,0.0582257334771865,-2181.0,8169.0,0.3479872204472843,0.0,0.0973801916932907,0,0,0.6531292170152412,0.2305149917912382,0,MODERATE,0.2573645984484298,28797.2094194098,28797.2094194098,28797.2094194098,28267.398112750154
2026-05-07,48,23474,29316,21800,1673,6606,0,22126,0,167,1006,991,-978,-452,-530,-787,demanddata_2026.csv,-469.0,997.0,-1445.0,-514.0,2286.0,2026-05-12 06:00:00,2026,5,12,6,30,1,Thursday,0,0.3676637120691854,0.0582257334771865,127,-0.2588190451025215,0.965925826289068,0.4999999999999999,-0.8660254037844387,31100.986172962585,31100.986172962585,31100.986172962585,28038.0,25313.291666666668,23695.842261904763,0,1673,28732,0.0582257334771865,-2181.0,8169.0,0.3479872204472843,0.0,0.0973801916932907,0,0,0.6531292170152412,0.2305149917912382,0,MODERATE,0.2573645984484298,31100.986172962585,31100.986172962585,31100.986172962585,28276.640925345924
2026-05-07,48,23474,29316,21800,1673,6606,0,22126,0,167,1006,991,-978,-452,-530,-787,demanddata_2026.csv,-469.0,997.0,-1445.0,-514.0,2286.0,2026-05-12 06:30:00,2026,5,12,6,30,1,Thursday,0,0.3676637120691854,0.0582257334771865,127,-0.2588190451025215,0.965925826289068,0.4999999999999999,-0.8660254037844387,33589.065066799594,33589.065066799594,33589.065066799594,28038.0,25313.291666666668,23695.842261904763,0,1673,28732,0.0582257334771865,-2181.0,8169.0,0.3479872204472843,0.0,0.0973801916932907,0,0,0.6531292170152412,0.2305149917912382,0,MODERATE,0.2573645984484298,33589.065066799594,33589.065066799594,33589.065066799594,30462.84779493297
2026-05-07,48,23474,29316,21800,1673,6606,0,22126,0,167,1006,991,-978,-452,-530,-787,demanddata_2026.csv,-469.0,997.0,-1445.0,-514.0,2286.0,2026-05-12 07:00:00,2026,5,12,7,30,1,Thursday,0,0.3676637120691854,0.0582257334771865,127,-0.2588190451025215,0.965925826289068,0.4999999999999999,-0.8660254037844387,36184.62870111365,36184.62870111365,36184.62870111365,28038.0,25313.291666666668,23695.842261904763,0,1673,28732,0.0582257334771865,-2181.0,8169.0,0.3479872204472843,0.0,0.0973801916932907,0,0,0.6531292170152412,0.2305149917912382,0,MODERATE,0.2573645984484298,36184.62870111365,36184.62870111365,36184.62870111365,36695.32073304474
2026-05-07,48,23474,29316,21800,1673,6606,0,22126,0,167,1006,991,-978,-452,-530,-787,demanddata_2026.csv,-469.0,997.0,-1445.0,-514.0,2286.0,2026-05-12 07:30:00,2026,5,12,7,30,1,Thursday,0,0.3676637120691854,0.0582257334771865,127,-0.2588190451025215,0.965925826289068,0.4999999999999999,-0.8660254037844387,38980.76209128056,38980.76209128056,38980.76209128056,28038.0,25313.291666666668,23695.842261904763,0,1673,28732,0.0582257334771865,-2181.0,8169.0,0.3479872204472843,0.0,0.0973801916932907,0,0,0.6531292170152412,0.2305149917912382,0,MODERATE,0.2573645984484298,38980.76209128056,38980.76209128056,38980.76209128056,38861.87065140414
2026-05-07,48,23474,29316,21800,1673,6606,0,22126,0,167,1006,991,-978,-452,-530,-787,demanddata_2026.csv,-469.0,997.0,-1445.0,-514.0,2286.0,2026-05-12 08:00:00,2026,5,12,8,30,1,Thursday,0,0.3676637120691854,0.0582257334771865,127,-0.2588190451025215,0.965925826289068,0.4999999999999999,-0.8660254037844387,41681.42850967466,41681.42850967466,41681.42850967466,28038.0,25313.291666666668,23695.842261904763,0,1673,28732,0.0582257334771865,-2181.0,8169.0,0.3479872204472843,0.0,0.0973801916932907,0,0,0.6531292170152412,0.2305149917912382,0,MODERATE,0.2573645984484298,41681.42850967466,41681.42850967466,41681.42850967466,40485.34217724867
2026-05-07,48,23474,29316,21800,1673,6606,0,22126,0,167,1006,991,-978,-452,-530,-787,demanddata_2026.csv,-469.0,997.0,-1445.0,-514.0,2286.0,2026-05-12 08:30:00,2026,5,12,8,30,1,Thursday,0,0.3676637120691854,0.0582257334771865,127,-0.2588190451025215,0.965925826289068,0.4999999999999999,-0.8660254037844387,44569.20258610691,44569.20258610691,44569.20258610691,28038.0,25313.291666666668,23695.842261904763,0,1673,28732,0.0582257334771865,-2181.0,8169.0,0.3479872204472843,0.0,0.0973801916932907,0,0,0.6531292170152412,0.2305149917912382,0,MODERATE,0.2573645984484298,44569.20258610691,44569.20258610691,44569.20258610691,40485.34217724867
2026-05-07,48,23474,29316,21800,1673,6606,0,22126,0,167,1006,991,-978,-452,-530,-787,demanddata_2026.csv,-469.0,997.0,-1445.0,-514.0,2286.0,2026-05-12 09:00:00,2026,5,12,9,30,1,Thursday,0,0.3676637120691854,0.0582257334771865,127,-0.2588190451025215,0.965925826289068,0.4999999999999999,-0.8660254037844387,47090.41741656397,47090.41741656397,47090.41741656397,28038.0,25313.291666666668,23695.842261904763,0,1673,28732,0.0582257334771865,-2181.0,8169.0,0.3479872204472843,0.0,0.0973801916932907,0,0,0.6531292170152412,0.2305149917912382,0,MODERATE,0.2573645984484298,47090.41741656397,47090.41741656397,47090.41741656397,40485.34217724867
2026-05-07,48,23474,29316,21800,1673,6606,0,22126,0,167,1006,991,-978,-452,-530,-787,demanddata_2026.csv,-469.0,997.0,-1445.0,-514.0,2286.0,2026-05-12 09:30:00,2026,5,12,9,30,1,Thursday,0,0.3676637120691854,0.0582257334771865,127,-0.2588190451025215,0.965925826289068,0.4999999999999999,-0.8660254037844387,49754.25369529657,49754.25369529657,49754.25369529657,28038.0,25313.291666666668,23695.842261904763,0,1673,28732,0.0582257334771865,-2181.0,8169.0,0.3479872204472843,0.0,0.0973801916932907,0,0,0.6531292170152412,0.2305149917912382,0,MODERATE,0.2573645984484298,49754.25369529657,49754.25369529657,49754.25369529657,40485.34217724867
2026-05-07,48,23474,29316,21800,1673,6606,0,22126,0,167,1006,991,-978,-452,-530,-787,demanddata_2026.csv,-469.0,997.0,-1445.0,-514.0,2286.0,2026-05-12 10:00:00,2026,5,12,10,30,1,Thursday,0,0.3676637120691854,0.0582257334771865,127,-0.2588190451025215,0.965925826289068,0.4999999999999999,-0.8660254037844387,51744.42384310843,51744.42384310843,51744.42384310843,28038.0,25313.291666666668,23695.842261904763,0,1673,28732,0.0582257334771865,-2181.0,8169.0,0.3479872204472843,0.0,0.0973801916932907,0,0,0.6531292170152412,0.2305149917912382,0,MODERATE,0.2573645984484298,51744.42384310843,51744.42384310843,51744.42384310843,40485.34217724867
2026-05-07,48,23474,29316,21800,1673,6606,0,22126,0,167,1006,991,-978,-452,-530,-787,demanddata_2026.csv,-469.0,997.0,-1445.0,-514.0,2286.0,2026-05-12 10:30:00,2026,5,12,10,30,1,Thursday,0,0.3676637120691854,0.0582257334771865,127,-0.2588190451025215,0.965925826289068,0.4999999999999999,-0.8660254037844387,53814.20079683277,53814.20079683277,53814.20079683277,28038.0,25313.291666666668,23695.842261904763,0,1673,28732,0.0582257334771865,-2181.0,8169.0,0.3479872204472843,0.0,0.0973801916932907,0,0,0.6531292170152412,0.2305149917912382,0,MODERATE,0.2573645984484298,53814.20079683277,53814.20079683277,53814.20079683277,40485.34217724867
2026-05-07,48,23474,29316,21800,1673,6606,0,22126,0,167,1006,991,-978,-452,-530,-787,demanddata_2026.csv,-469.0,997.0,-1445.0,-514.0,2286.0,2026-05-12 11:00:00,2026,5,12,11,30,1,Thursday,0,0.3676637120691854,0.0582257334771865,127,-0.2588190451025215,0.965925826289068,0.4999999999999999,-0.8660254037844387,54928.452001888094,54928.452001888094,54928.452001888094,28038.0,25313.291666666668,23695.842261904763,0,1673,28732,0.0582257334771865,-2181.0,8169.0,0.3479872204472843,0.0,0.0973801916932907,0,0,0.6531292170152412,0.2305149917912382,0,MODERATE,0.2573645984484298,54928.452001888094,54928.452001888094,54928.452001888094,40485.34217724867
2026-05-07,48,23474,29316,21800,1673,6606,0,22126,0,167,1006,991,-978,-452,-530,-787,demanddata_2026.csv,-469.0,997.0,-1445.0,-514.0,2286.0,2026-05-12 11:30:00,2026,5,12,11,30,1,Thursday,0,0.3676637120691854,0.0582257334771865,127,-0.2588190451025215,0.965925826289068,0.4999999999999999,-0.8660254037844387,56065.77436157516,56065.77436157516,56065.77436157516,28038.0,25313.291666666668,23695.842261904763,0,1673,28732,0.0582257334771865,-2181.0,8169.0,0.3479872204472843,0.0,0.0973801916932907,0,0,0.6531292170152412,0.2305149917912382,0,MODERATE,0.2573645984484298,56065.77436157516,56065.77436157516,56065.77436157516,40485.34217724867
2026-05-07,48,23474,29316,21800,1673,6606,0,22126,0,167,1006,991,-978,-452,-530,-787,demanddata_2026.csv,-469.0,997.0,-1445.0,-514.0,2286.0,2026-05-12 12:00:00,2026,5,12,12,30,1,Thursday,0,0.3676637120691854,0.0582257334771865,127,-0.2588190451025215,0.965925826289068,0.4999999999999999,-0.8660254037844387,56065.77436157516,56065.77436157516,56065.77436157516,28038.0,25313.291666666668,23695.842261904763,0,1673,28732,0.0582257334771865,-2181.0,8169.0,0.3479872204472843,0.0,0.0973801916932907,0,0,0.6531292170152412,0.2305149917912382,0,MODERATE,0.2573645984484298,56065.77436157516,56065.77436157516,56065.77436157516,40485.34217724867
2026-05-07,48,23474,29316,21800,1673,6606,0,22126,0,167,1006,991,-978,-452,-530,-787,demanddata_2026.csv,-469.0,997.0,-1445.0,-514.0,2286.0,2026-05-12 12:30:00,2026,5,12,12,30,1,Thursday,0,0.3676637120691854,0.0582257334771865,127,-0.2588190451025215,0.965925826289068,0.4999999999999999,-0.8660254037844387,56065.77436157516,56065.77436157516,56065.77436157516,28038.0,25313.291666666668,23695.842261904763,0,1673,28732,0.0582257334771865,-2181.0,8169.0,0.3479872204472843,0.0,0.0973801916932907,0,0,0.6531292170152412,0.2305149917912382,0,MODERATE,0.2573645984484298,56065.77436157516,56065.77436157516,56065.77436157516,40485.34217724867
2026-05-07,48,23474,29316,21800,1673,6606,0,22126,0,167,1006,991,-978,-452,-530,-787,demanddata_2026.csv,-469.0,997.0,-1445.0,-514.0,2286.0,2026-05-12 13:00:00,2026,5,12,13,30,1,Thursday,0,0.3676637120691854,0.0582257334771865,127,-0.2588190451025215,0.965925826289068,0.4999999999999999,-0.8660254037844387,54904.90314691946,54904.90314691946,54904.90314691946,28038.0,25313.291666666668,23695.842261904763,0,1673,28732,0.0582257334771865,-2181.0,8169.0,0.3479872204472843,0.0,0.0973801916932907,0,0,0.6531292170152412,0.2305149917912382,0,MODERATE,0.2573645984484298,54904.90314691946,54904.90314691946,54904.90314691946,40478.089478835966
2026-05-07,48,23474,29316,21800,1673,6606,0,22126,0,167,1006,991,-978,-452,-530,-787,demanddata_2026.csv,-469.0,997.0,-1445.0,-514.0,2286.0,2026-05-12 13:30:00,2026,5,12,13,30,1,Thursday,0,0.3676637120691854,0.0582257334771865,127,-0.2588190451025215,0.965925826289068,0.4999999999999999,-0.8660254037844387,53768.06837860489,53768.06837860489,53768.06837860489,28038.0,25313.291666666668,23695.842261904763,0,1673,28732,0.0582257334771865,-2181.0,8169.0,0.3479872204472843,0.0,0.0973801916932907,0,0,0.6531292170152412,0.2305149917912382,0,MODERATE,0.2573645984484298,53768.06837860489,53768.06837860489,53768.06837860489,40478.089478835966
2026-05-07,48,23474,29316,21800,1673,6606,0,22126,0,167,1006,991,-978,-452,-530,-787,demanddata_2026.csv,-469.0,997.0,-1445.0,-514.0,2286.0,2026-05-12 14:00:00,2026,5,12,14,30,1,Thursday,0,0.3676637120691854,0.0582257334771865,127,-0.2588190451025215,0.965925826289068,0.4999999999999999,-0.8660254037844387,51617.34564346069,51617.34564346069,51617.34564346069,28038.0,25313.291666666668,23695.842261904763,0,1673,28732,0.0582257334771865,-2181.0,8169.0,0.3479872204472843,0.0,0.0973801916932907,0,0,0.6531292170152412,0.2305149917912382,0,MODERATE,0.2573645984484298,51617.34564346069,51617.34564346069,51617.34564346069,40478.089478835966
2026-05-07,48,23474,29316,21800,1673,6606,0,22126,0,167,1006,991,-978,-452,-530,-787,demanddata_2026.csv,-469.0,997.0,-1445.0,-514.0,2286.0,2026-05-12 14:30:00,2026,5,12,14,30,1,Thursday,0,0.3676637120691854,0.0582257334771865,127,-0.2588190451025215,0.965925826289068,0.4999999999999999,-0.8660254037844387,49552.65181772226,49552.65181772226,49552.65181772226,28038.0,25313.291666666668,23695.842261904763,0,1673,28732,0.0582257334771865,-2181.0,8169.0,0.3479872204472843,0.0,0.0973801916932907,0,0,0.6531292170152412,0.2305149917912382,0,MODERATE,0.2573645984484298,49552.65181772226,49552.65181772226,49552.65181772226,40478.089478835966
2026-05-07,48,23474,29316,21800,1673,6606,0,22126,0,167,1006,991,-978,-452,-530,-787,demanddata_2026.csv,-469.0,997.0,-1445.0,-514.0,2286.0,2026-05-12 15:00:00,2026,5,12,15,30,1,Thursday,0,0.3676637120691854,0.0582257334771865,127,-0.2588190451025215,0.965925826289068,0.4999999999999999,-0.8660254037844387,46749.530527635274,46749.530527635274,46749.530527635274,28038.0,25313.291666666668,23695.842261904763,0,1673,28732,0.0582257334771865,-2181.0,8169.0,0.3479872204472843,0.0,0.0973801916932907,0,0,0.6531292170152412,0.2305149917912382,0,MODERATE,0.2573645984484298,46749.530527635274,46749.530527635274,46749.530527635274,40498.3455026455
2026-05-07,48,23474,29316,21800,1673,6606,0,22126,0,167,1006,991,-978,-452,-530,-787,demanddata_2026.csv,-469.0,997.0,-1445.0,-514.0,2286.0,2026-05-12 15:30:00,2026,5,12,15,30,1,Thursday,0,0.3676637120691854,0.0582257334771865,127,-0.2588190451025215,0.965925826289068,0.4999999999999999,-0.8660254037844387,44104.977723365,44104.977723365,44104.977723365,28038.0,25313.291666666668,23695.842261904763,0,1673,28732,0.0582257334771865,-2181.0,8169.0,0.3479872204472843,0.0,0.0973801916932907,0,0,0.6531292170152412,0.2305149917912382,0,MODERATE,0.2573645984484298,44104.977723365,44104.977723365,44104.977723365,40498.3455026455
2026-05-07,48,23474,29316,21800,1673,6606,0,22126,0,167,1006,991,-978,-452,-530,-787,demanddata_2026.csv,-469.0,997.0,-1445.0,-514.0,2286.0,2026-05-12 16:00:00,2026,5,12,16,30,1,Thursday,0,0.3676637120691854,0.0582257334771865,127,-0.2588190451025215,0.965925826289068,0.4999999999999999,-0.8660254037844387,41049.29523202254,41049.29523202254,41049.29523202254,28038.0,25313.291666666668,23695.842261904763,0,1673,28732,0.0582257334771865,-2181.0,8169.0,0.3479872204472843,0.0,0.0973801916932907,0,0,0.6531292170152412,0.2305149917912382,0,MODERATE,0.2573645984484298,41049.29523202254,41049.29523202254,41049.29523202254,40498.3455026455
2026-05-07,48,23474,29316,21800,1673,6606,0,22126,0,167,1006,991,-978,-452,-530,-787,demanddata_2026.csv,-469.0,997.0,-1445.0,-514.0,2286.0,2026-05-12 16:30:00,2026,5,12,16,30,1,Thursday,0,0.3676637120691854,0.0582257334771865,127,-0.2588190451025215,0.965925826289068,0.4999999999999999,-0.8660254037844387,38205.31663375222,38205.31663375222,38205.31663375222,28038.0,25313.291666666668,23695.842261904763,0,1673,28732,0.0582257334771865,-2181.0,8169.0,0.3479872204472843,0.0,0.0973801916932907,0,0,0.6531292170152412,0.2305149917912382,0,MODERATE,0.2573645984484298,38205.31663375222,38205.31663375222,38205.31663375222,38211.12876984128
2026-05-07,48,23474,29316,21800,1673,6606,0,22126,0,167,1006,991,-978,-452,-530,-787,demanddata_2026.csv,-469.0,997.0,-1445.0,-514.0,2286.0,2026-05-12 17:00:00,2026,5,12,17,30,1,Thursday,0,0.3676637120691854,0.0582257334771865,127,-0.2588190451025215,0.965925826289068,0.4999999999999999,-0.8660254037844387,35253.036470704814,35253.036470704814,35253.036470704814,28038.0,25313.291666666668,23695.842261904763,0,1673,28732,0.0582257334771865,-2181.0,8169.0,0.3479872204472843,0.0,0.0973801916932907,0,0,0.6531292170152412,0.2305149917912382,0,MODERATE,0.2573645984484298,35253.036470704814,35253.036470704814,35253.036470704814,36186.07703463204
2026-05-07,48,23474,29316,21800,1673,6606,0,22126,0,167,1006,991,-978,-452,-530,-787,demanddata_2026.csv,-469.0,997.0,-1445.0,-514.0,2286.0,2026-05-12 17:30:00,2026,5,12,17,30,1,Thursday,0,0.3676637120691854,0.0582257334771865,127,-0.2588190451025215,0.965925826289068,0.4999999999999999,-0.8660254037844387,32528.891000131676,32528.891000131676,32528.891000131676,28038.0,25313.291666666668,23695.842261904763,0,1673,28732,0.0582257334771865,-2181.0,8169.0,0.3479872204472843,0.0,0.0973801916932907,0,0,0.6531292170152412,0.2305149917912382,0,MODERATE,0.2573645984484298,32528.891000131676,32528.891000131676,32528.891000131676,29066.31835118131
2026-05-07,48,23474,29316,21800,1673,6606,0,22126,0,167,1006,991,-978,-452,-530,-787,demanddata_2026.csv,-469.0,997.0,-1445.0,-514.0,2286.0,2026-05-12 18:00:00,2026,5,12,18,30,1,Thursday,0,0.3676637120691854,0.0582257334771865,127,-0.2588190451025215,0.965925826289068,0.4999999999999999,-0.8660254037844387,29926.579720121143,29926.579720121143,29926.579720121143,28038.0,25313.291666666668,23695.842261904763,0,1673,28732,0.0582257334771865,-2181.0,8169.0,0.3479872204472843,0.0,0.0973801916932907,0,0,0.6531292170152412,0.2305149917912382,0,MODERATE,0.2573645984484298,29926.579720121143,29926.579720121143,29926.579720121143,28235.052820389315
2026-05-07,48,23474,29316,21800,1673,6606,0,22126,0,167,1006,991,-978,-452,-530,-787,demanddata_2026.csv,-469.0,997.0,-1445.0,-514.0,2286.0,2026-05-12 18:30:00,2026,5,12,18,30,1,Thursday,0,0.3676637120691854,0.0582257334771865,127,-0.2588190451025215,0.965925826289068,0.4999999999999999,-0.8660254037844387,27532.453342511453,27532.453342511453,27532.453342511453,28038.0,25313.291666666668,23695.842261904763,0,1673,28732,0.0582257334771865,-2181.0,8169.0,0.3479872204472843,0.0,0.0973801916932907,0,0,0.6531292170152412,0.2305149917912382,0,MODERATE,0.2573645984484298,27532.453342511453,27532.453342511453,27532.453342511453,27905.275075015266
2026-05-07,48,23474,29316,21800,1673,6606,0,22126,0,167,1006,991,-978,-452,-530,-787,demanddata_2026.csv,-469.0,997.0,-1445.0,-514.0,2286.0,2026-05-12 19:00:00,2026,5,12,19,30,1,Thursday,0,0.3676637120691854,0.0582257334771865,127,-0.2588190451025215,0.965925826289068,0.4999999999999999,-0.8660254037844387,25404.908722941003,25404.908722941003,25404.908722941003,28038.0,25313.291666666668,23695.842261904763,0,1673,28732,0.0582257334771865,-2181.0,8169.0,0.3479872204472843,0.0,0.0973801916932907,0,0,0.6531292170152412,0.2305149917912382,0,MODERATE,0.2573645984484298,25404.908722941003,25404.908722941003,25404.908722941003,25551.137531336448
2026-05-07,48,23474,29316,21800,1673,6606,0,22126,0,167,1006,991,-978,-452,-530,-787,demanddata_2026.csv,-469.0,997.0,-1445.0,-514.0,2286.0,2026-05-12 19:30:00,2026,5,12,19,30,1,Thursday,0,0.3676637120691854,0.0582257334771865,127,-0.2588190451025215,0.965925826289068,0.4999999999999999,-0.8660254037844387,23441.76812694059,23441.76812694059,23441.76812694059,28038.0,25313.291666666668,23695.842261904763,0,1673,28732,0.0582257334771865,-2181.0,8169.0,0.3479872204472843,0.0,0.0973801916932907,0,0,0.6531292170152412,0.2305149917912382,0,MODERATE,0.2573645984484298,23441.76812694059,23441.76812694059,23441.76812694059,23475.91293817186
2026-05-07,48,23474,29316,21800,1673,6606,0,22126,0,167,1006,991,-978,-452,-530,-787,demanddata_2026.csv,-469.0,997.0,-1445.0,-514.0,2286.0,2026-05-12 20:00:00,2026,5,12,20,30,1,Thursday,0,0.3676637120691854,0.0582257334771865,127,-0.2588190451025215,0.965925826289068,0.4999999999999999,-0.8660254037844387,21817.674790336197,21817.674790336197,21817.674790336197,28038.0,25313.291666666668,23695.842261904763,0,1673,28732,0.0582257334771865,-2181.0,8169.0,0.3479872204472843,0.0,0.0973801916932907,0,0,0.6531292170152412,0.2305149917912382,0,MODERATE,0.2573645984484298,21817.674790336197,21817.674790336197,21817.674790336197,21501.13271524772
2026-05-07,48,23474,29316,21800,1673,6606,0,22126,0,167,1006,991,-978,-452,-530,-787,demanddata_2026.csv,-469.0,997.0,-1445.0,-514.0,2286.0,2026-05-12 20:30:00,2026,5,12,20,30,1,Thursday,0,0.3676637120691854,0.0582257334771865,127,-0.2588190451025215,0.965925826289068,0.4999999999999999,-0.8660254037844387,20306.10194074112,20306.10194074112,20306.10194074112,28038.0,25313.291666666668,23695.842261904763,0,1673,28732,0.0582257334771865,-2181.0,8169.0,0.3479872204472843,0.0,0.0973801916932907,0,0,0.6531292170152412,0.2305149917912382,0,MODERATE,0.2573645984484298,20306.10194074112,20306.10194074112,20306.10194074112,19921.2476747567
2026-05-07,48,23474,29316,21800,1673,6606,0,22126,0,167,1006,991,-978,-452,-530,-787,demanddata_2026.csv,-469.0,997.0,-1445.0,-514.0,2286.0,2026-05-12 21:00:00,2026,5,12,21,30,1,Thursday,0,0.3676637120691854,0.0582257334771865,127,-0.2588190451025215,0.965925826289068,0.4999999999999999,-0.8660254037844387,19157.415350200048,19157.415350200048,19157.415350200048,28038.0,25313.291666666668,23695.842261904763,0,1673,28732,0.0582257334771865,-2181.0,8169.0,0.3479872204472843,0.0,0.0973801916932907,0,0,0.6531292170152412,0.2305149917912382,0,MODERATE,0.2573645984484298,19157.415350200048,19157.415350200048,19157.415350200048,19219.52055467555
2026-05-07,48,23474,29316,21800,1673,6606,0,22126,0,167,1006,991,-978,-452,-530,-787,demanddata_2026.csv,-469.0,997.0,-1445.0,-514.0,2286.0,2026-05-12 21:30:00,2026,5,12,21,30,1,Thursday,0,0.3676637120691854,0.0582257334771865,127,-0.2588190451025215,0.965925826289068,0.4999999999999999,-0.8660254037844387,18073.70828586935,18073.70828586935,18073.70828586935,28038.0,25313.291666666668,23695.842261904763,0,1673,28732,0.0582257334771865,-2181.0,8169.0,0.3479872204472843,0.0,0.0973801916932907,0,0,0.6531292170152412,0.2305149917912382,0,MODERATE,0.2573645984484298,18073.70828586935,18073.70828586935,18073.70828586935,18484.42951699002
2026-05-07,48,23474,29316,21800,1673,6606,0,22126,0,167,1006,991,-978,-452,-530,-787,demanddata_2026.csv,-469.0,997.0,-1445.0,-514.0,2286.0,2026-05-12 22:00:00,2026,5,12,22,30,1,Thursday,0,0.3676637120691854,0.0582257334771865,127,-0.2588190451025215,0.965925826289068,0.4999999999999999,-0.8660254037844387,17350.759954434576,17350.759954434576,17350.759954434576,28038.0,25313.291666666668,23695.842261904763,0,1673,28732,0.0582257334771865,-2181.0,8169.0,0.3479872204472843,0.0,0.0973801916932907,0,0,0.6531292170152412,0.2305149917912382,0,MODERATE,0.2573645984484298,17350.759954434576,17350.759954434576,17350.759954434576,17748.30055172605
2026-05-07,48,23474,29316,21800,1673,6606,0,22126,0,167,1006,991,-978,-452,-530,-787,demanddata_2026.csv,-469.0,997.0,-1445.0,-514.0,2286.0,2026-05-12 22:30:00,2026,5,12,22,30,1,Thursday,0,0.3676637120691854,0.0582257334771865,127,-0.2588190451025215,0.965925826289068,0.4999999999999999,-0.8660254037844387,16656.729556257193,16656.729556257193,16656.729556257193,28038.0,25313.291666666668,23695.842261904763,0,1673,28732,0.0582257334771865,-2181.0,8169.0,0.3479872204472843,0.0,0.0973801916932907,0,0,0.6531292170152412,0.2305149917912382,0,MODERATE,0.2573645984484298,16656.729556257193,16656.729556257193,16656.729556257193,17044.83374603174
2026-05-07,48,23474,29316,21800,1673,6606,0,22126,0,167,1006,991,-978,-452,-530,-787,demanddata_2026.csv,-469.0,997.0,-1445.0,-514.0,2286.0,2026-05-12 23:00:00,2026,5,12,23,30,1,Thursday,0,0.3676637120691854,0.0582257334771865,127,-0.2588190451025215,0.965925826289068,0.4999999999999999,-0.8660254037844387,16311.843249194677,16311.843249194677,16311.843249194677,28038.0,25313.291666666668,23695.842261904763,0,1673,28732,0.0582257334771865,-2181.0,8169.0,0.3479872204472843,0.0,0.0973801916932907,0,0,0.6531292170152412,0.2305149917912382,0,MODERATE,0.2573645984484298,16311.843249194677,16311.843249194677,16311.843249194677,16769.178675565174
2026-05-07,48,23474,29316,21800,1673,6606,0,22126,0,167,1006,991,-978,-452,-530,-787,demanddata_2026.csv,-469.0,997.0,-1445.0,-514.0,2286.0,2026-05-12 23:30:00,2026,5,12,23,30,1,Thursday,0,0.3676637120691854,0.0582257334771865,127,-0.2588190451025215,0.965925826289068,0.4999999999999999,-0.8660254037844387,15974.09799370519,15974.09799370519,15974.09799370519,28038.0,25313.291666666668,23695.842261904763,0,1673,28732,0.0582257334771865,-2181.0,8169.0,0.3479872204472843,0.0,0.0973801916932907,0,0,0.6531292170152412,0.2305149917912382,0,MODERATE,0.2573645984484298,15974.09799370519,15974.09799370519,15974.09799370519,16539.560416907167
2026-05-07,48,23474,29316,21800,1673,6606,0,22126,0,167,1006,991,-978,-452,-530,-787,demanddata_2026.csv,-469.0,997.0,-1445.0,-514.0,2286.0,2026-05-13 00:00:00,2026,5,13,0,30,2,Thursday,0,0.3676637120691854,0.0582257334771865,127,-0.2588190451025215,0.965925826289068,0.4999999999999999,-0.8660254037844387,15974.09799370519,15974.09799370519,15974.09799370519,28038.0,25313.291666666668,23695.842261904763,0,1673,28732,0.0582257334771865,-2181.0,8169.0,0.3479872204472843,0.0,0.0973801916932907,0,0,0.6531292170152412,0.2305149917912382,0,MODERATE,0.2573645984484298,15974.09799370519,15974.09799370519,15974.09799370519,15925.434613858362
2026-05-07,48,23474,29316,21800,1673,6606,0,22126,0,167,1006,991,-978,-452,-530,-787,demanddata_2026.csv,-469.0,997.0,-1445.0,-514.0,2286.0,2026-05-13 00:30:00,2026,5,13,0,30,2,Thursday,0,0.3676637120691854,0.0582257334771865,127,-0.2588190451025215,0.965925826289068,0.4999999999999999,-0.8660254037844387,15974.09799370519,15974.09799370519,15974.09799370519,28038.0,25313.291666666668,23695.842261904763,0,1673,28732,0.0582257334771865,-2181.0,8169.0,0.3479872204472843,0.0,0.0973801916932907,0,0,0.6531292170152412,0.2305149917912382,0,MODERATE,0.2573645984484298,15974.09799370519,15974.09799370519,15974.09799370519,15925.434613858362
2026-05-07,48,23474,29316,21800,1673,6606,0,22126,0,167,1006,991,-978,-452,-530,-787,demanddata_2026.csv,-469.0,997.0,-1445.0,-514.0,2286.0,2026-05-13 01:00:00,2026,5,13,1,30,2,Thursday,0,0.3676637120691854,0.0582257334771865,127,-0.2588190451025215,0.965925826289068,0.4999999999999999,-0.8660254037844387,16304.85005683358,16304.85005683358,16304.85005683358,28038.0,25313.291666666668,23695.842261904763,0,1673,28732,0.0582257334771865,-2181.0,8169.0,0.3479872204472843,0.0,0.0973801916932907,0,0,0.6531292170152412,0.2305149917912382,0,MODERATE,0.2573645984484298,16304.85005683358,16304.85005683358,16304.85005683358,16145.551916546417
2026-05-07,48,23474,29316,21800,1673,6606,0,22126,0,167,1006,991,-978,-452,-530,-787,demanddata_2026.csv,-469.0,997.0,-1445.0,-514.0,2286.0,2026-05-13 01:30:00,2026,5,13,1,30,2,Thursday,0,0.3676637120691854,0.0582257334771865,127,-0.2588190451025215,0.965925826289068,0.4999999999999999,-0.8660254037844387,16642.450514613538,16642.450514613538,16642.450514613538,28038.0,25313.291666666668,23695.842261904763,0,1673,28732,0.0582257334771865,-2181.0,8169.0,0.3479872204472843,0.0,0.0973801916932907,0,0,0.6531292170152412,0.2305149917912382,0,MODERATE,0.2573645984484298,16642.450514613538,16642.450514613538,16642.450514613538,16401.170560846564
2026-05-07,48,23474,29316,21800,1673,6606,0,22126,0,167,1006,991,-978,-452,-530,-787,demanddata_2026.csv,-469.0,997.0,-1445.0,-514.0,2286.0,2026-05-13 02:00:00,2026,5,13,2,30,2,Thursday,0,0.3676637120691854,0.0582257334771865,127,-0.2588190451025215,0.965925826289068,0.4999999999999999,-0.8660254037844387,17308.14853519808,17308.14853519808,17308.14853519808,28038.0,25313.291666666668,23695.842261904763,0,1673,28732,0.0582257334771865,-2181.0,8169.0,0.3479872204472843,0.0,0.0973801916932907,0,0,0.6531292170152412,0.2305149917912382,0,MODERATE,0.2573645984484298,17308.14853519808,17308.14853519808,17308.14853519808,17162.33338324638
2026-05-07,48,23474,29316,21800,1673,6606,0,22126,0,167,1006,991,-978,-452,-530,-787,demanddata_2026.csv,-469.0,997.0,-1445.0,-514.0,2286.0,2026-05-13 02:30:00,2026,5,13,2,30,2,Thursday,0,0.3676637120691854,0.0582257334771865,127,-0.2588190451025215,0.965925826289068,0.4999999999999999,-0.8660254037844387,18000.474476606003,18000.474476606003,18000.474476606003,28038.0,25313.291666666668,23695.842261904763,0,1673,28732,0.0582257334771865,-2181.0,8169.0,0.3479872204472843,0.0,0.0973801916932907,0,0,0.6531292170152412,0.2305149917912382,0,MODERATE,0.2573645984484298,18000.474476606003,18000.474476606003,18000.474476606003,17834.2475231938
2026-05-07,48,23474,29316,21800,1673,6606,0,22126,0,167,1006,991,-978,-452,-530,-787,demanddata_2026.csv,-469.0,997.0,-1445.0,-514.0,2286.0,2026-05-13 03:00:00,2026,5,13,3,30,2,Thursday,0,0.3676637120691854,0.0582257334771865,127,-0.2588190451025215,0.965925826289068,0.4999999999999999,-0.8660254037844387,19018.73508196468,19018.73508196468,19018.73508196468,28038.0,25313.291666666668,23695.842261904763,0,1673,28732,0.0582257334771865,-2181.0,8169.0,0.3479872204472843,0.0,0.0973801916932907,0,0,0.6531292170152412,0.2305149917912382,0,MODERATE,0.2573645984484298,19018.73508196468,19018.73508196468,19018.73508196468,18789.781686857063
2026-05-07,48,23474,29316,21800,1673,6606,0,22126,0,167,1006,991,-978,-452,-530,-787,demanddata_2026.csv,-469.0,997.0,-1445.0,-514.0,2286.0,2026-05-13 03:30:00,2026,5,13,3,30,2,Thursday,0,0.3676637120691854,0.0582257334771865,127,-0.2588190451025215,0.965925826289068,0.4999999999999999,-0.8660254037844387,20094.5972056485,20094.5972056485,20094.5972056485,28038.0,25313.291666666668,23695.842261904763,0,1673,28732,0.0582257334771865,-2181.0,8169.0,0.3479872204472843,0.0,0.0973801916932907,0,0,0.6531292170152412,0.2305149917912382,0,MODERATE,0.2573645984484298,20094.5972056485,20094.5972056485,20094.5972056485,19899.28616346627
2026-05-07,48,23474,29316,21800,1673,6606,0,22126,0,167,1006,991,-978,-452,-530,-787,demanddata_2026.csv,-469.0,997.0,-1445.0,-514.0,2286.0,2026-05-13 04:00:00,2026,5,13,4,30,2,Thursday,0,0.3676637120691854,0.0582257334771865,127,-0.2588190451025215,0.965925826289068,0.4999999999999999,-0.8660254037844387,21486.79173836109,21486.79173836109,21486.79173836109,28038.0,25313.291666666668,23695.842261904763,0,1673,28732,0.0582257334771865,-2181.0,8169.0,0.3479872204472843,0.0,0.0973801916932907,0,0,0.6531292170152412,0.2305149917912382,0,MODERATE,0.2573645984484298,21486.79173836109,21486.79173836109,21486.79173836109,21177.376657291647
2026-05-07,48,23474,29316,21800,1673,6606,0,22126,0,167,1006,991,-978,-452,-530,-787,demanddata_2026.csv,-469.0,997.0,-1445.0,-514.0,2286.0,2026-05-13 04:30:00,2026,5,13,4,30,2,Thursday,0,0.3676637120691854,0.0582257334771865,127,-0.2588190451025215,0.965925826289068,0.4999999999999999,-0.8660254037844387,22975.44033766079,22975.44033766079,22975.44033766079,28038.0,25313.291666666668,23695.842261904763,0,1673,28732,0.0582257334771865,-2181.0,8169.0,0.3479872204472843,0.0,0.0973801916932907,0,0,0.6531292170152412,0.2305149917912382,0,MODERATE,0.2573645984484298,22975.44033766079,22975.44033766079,22975.44033766079,22583.94508683473
2026-05-07,48,23474,29316,21800,1673,6606,0,22126,0,167,1006,991,-978,-452,-530,-787,demanddata_2026.csv,-469.0,997.0,-1445.0,-514.0,2286.0,2026-05-13 05:00:00,2026,5,13,5,30,2,Thursday,0,0.3676637120691854,0.0582257334771865,127,-0.2588190451025215,0.965925826289068,0.4999999999999999,-0.8660254037844387,24750.846033061607,24750.846033061607,24750.846033061607,28038.0,25313.291666666668,23695.842261904763,0,1673,28732,0.0582257334771865,-2181.0,8169.0,0.3479872204472843,0.0,0.0973801916932907,0,0,0.6531292170152412,0.2305149917912382,0,MODERATE,0.2573645984484298,24750.846033061607,24750.846033061607,24750.846033061607,24975.80715502722
2026-05-07,48,23474,29316,21800,1673,6606,0,22126,0,167,1006,991,-978,-452,-530,-787,demanddata_2026.csv,-469.0,997.0,-1445.0,-514.0,2286.0,2026-05-13 05:30:00,2026,5,13,5,30,2,Thursday,0,0.3676637120691854,0.0582257334771865,127,-0.2588190451025215,0.965925826289068,0.4999999999999999,-0.8660254037844387,26663.44454552869,26663.44454552869,26663.44454552869,28038.0,25313.291666666668,23695.842261904763,0,1673,28732,0.0582257334771865,-2181.0,8169.0,0.3479872204472843,0.0,0.0973801916932907,0,0,0.6531292170152412,0.2305149917912382,0,MODERATE,0.2573645984484298,26663.44454552869,26663.44454552869,26663.44454552869,26730.377551023885
2026-05-07,48,23474,29316,21800,1673,6606,0,22126,0,167,1006,991,-978,-452,-530,-787,demanddata_2026.csv,-469.0,997.0,-1445.0,-514.0,2286.0,2026-05-13 06:00:00,2026,5,13,6,30,2,Thursday,0,0.3676637120691854,0.0582257334771865,127,-0.2588190451025215,0.965925826289068,0.4999999999999999,-0.8660254037844387,28796.52010917099,28796.52010917099,28796.52010917099,28038.0,25313.291666666668,23695.842261904763,0,1673,28732,0.0582257334771865,-2181.0,8169.0,0.3479872204472843,0.0,0.0973801916932907,0,0,0.6531292170152412,0.2305149917912382,0,MODERATE,0.2573645984484298,28796.52010917099,28796.52010917099,28796.52010917099,28281.31966830571
2026-05-07,48,23474,29316,21800,1673,6606,0,22126,0,167,1006,991,-978,-452,-530,-787,demanddata_2026.csv,-469.0,997.0,-1445.0,-514.0,2286.0,2026-05-13 06:30:00,2026,5,13,6,30,2,Thursday,0,0.3676637120691854,0.0582257334771865,127,-0.2588190451025215,0.965925826289068,0.4999999999999999,-0.8660254037844387,31100.24171790467,31100.24171790467,31100.24171790467,28038.0,25313.291666666668,23695.842261904763,0,1673,28732,0.0582257334771865,-2181.0,8169.0,0.3479872204472843,0.0,0.0973801916932907,0,0,0.6531292170152412,0.2305149917912382,0,MODERATE,0.2573645984484298,31100.24171790467,31100.24171790467,31100.24171790467,28282.155147568148
2026-05-07,48,23474,29316,21800,1673,6606,0,22126,0,167,1006,991,-978,-452,-530,-787,demanddata_2026.csv,-469.0,997.0,-1445.0,-514.0,2286.0,2026-05-13 07:00:00,2026,5,13,7,30,2,Thursday,0,0.3676637120691854,0.0582257334771865,127,-0.2588190451025215,0.965925826289068,0.4999999999999999,-0.8660254037844387,33503.483852237216,33503.483852237216,33503.483852237216,28038.0,25313.291666666668,23695.842261904763,0,1673,28732,0.0582257334771865,-2181.0,8169.0,0.3479872204472843,0.0,0.0973801916932907,0,0,0.6531292170152412,0.2305149917912382,0,MODERATE,0.2573645984484298,33503.483852237216,33503.483852237216,33503.483852237216,30462.84779493297
2026-05-07,48,23474,29316,21800,1673,6606,0,22126,0,167,1006,991,-978,-452,-530,-787,demanddata_2026.csv,-469.0,997.0,-1445.0,-514.0,2286.0,2026-05-13 07:30:00,2026,5,13,7,30,2,Thursday,0,0.3676637120691854,0.0582257334771865,127,-0.2588190451025215,0.965925826289068,0.4999999999999999,-0.8660254037844387,36092.43427811999,36092.43427811999,36092.43427811999,28038.0,25313.291666666668,23695.842261904763,0,1673,28732,0.0582257334771865,-2181.0,8169.0,0.3479872204472843,0.0,0.0973801916932907,0,0,0.6531292170152412,0.2305149917912382,0,MODERATE,0.2573645984484298,36092.43427811999,36092.43427811999,36092.43427811999,36686.83134415585
2026-05-07,48,23474,29316,21800,1673,6606,0,22126,0,167,1006,991,-978,-452,-530,-787,demanddata_2026.csv,-469.0,997.0,-1445.0,-514.0,2286.0,2026-05-13 08:00:00,2026,5,13,8,30,2,Thursday,0,0.3676637120691854,0.0582257334771865,127,-0.2588190451025215,0.965925826289068,0.4999999999999999,-0.8660254037844387,38592.99147566176,38592.99147566176,38592.99147566176,28038.0,25313.291666666668,23695.842261904763,0,1673,28732,0.0582257334771865,-2181.0,8169.0,0.3479872204472843,0.0,0.0973801916932907,0,0,0.6531292170152412,0.2305149917912382,0,MODERATE,0.2573645984484298,38592.99147566176,38592.99147566176,38592.99147566176,38400.26448436749
2026-05-07,48,23474,29316,21800,1673,6606,0,22126,0,167,1006,991,-978,-452,-530,-787,demanddata_2026.csv,-469.0,997.0,-1445.0,-514.0,2286.0,2026-05-13 08:30:00,2026,5,13,8,30,2,Thursday,0,0.3676637120691854,0.0582257334771865,127,-0.2588190451025215,0.965925826289068,0.4999999999999999,-0.8660254037844387,41266.7923577385,41266.7923577385,41266.7923577385,28038.0,25313.291666666668,23695.842261904763,0,1673,28732,0.0582257334771865,-2181.0,8169.0,0.3479872204472843,0.0,0.0973801916932907,0,0,0.6531292170152412,0.2305149917912382,0,MODERATE,0.2573645984484298,41266.7923577385,41266.7923577385,41266.7923577385,40487.095510581996
2026-05-07,48,23474,29316,21800,1673,6606,0,22126,0,167,1006,991,-978,-452,-530,-787,demanddata_2026.csv,-469.0,997.0,-1445.0,-514.0,2286.0,2026-05-13 09:00:00,2026,5,13,9,30,2,Thursday,0,0.3676637120691854,0.0582257334771865,127,-0.2588190451025215,0.965925826289068,0.4999999999999999,-0.8660254037844387,43601.19465485643,43601.19465485643,43601.19465485643,28038.0,25313.291666666668,23695.842261904763,0,1673,28732,0.0582257334771865,-2181.0,8169.0,0.3479872204472843,0.0,0.0973801916932907,0,0,0.6531292170152412,0.2305149917912382,0,MODERATE,0.2573645984484298,43601.19465485643,43601.19465485643,43601.19465485643,40487.095510581996
2026-05-07,48,23474,29316,21800,1673,6606,0,22126,0,167,1006,991,-978,-452,-530,-787,demanddata_2026.csv,-469.0,997.0,-1445.0,-514.0,2286.0,2026-05-13 09:30:00,2026,5,13,9,30,2,Thursday,0,0.3676637120691854,0.0582257334771865,127,-0.2588190451025215,0.965925826289068,0.4999999999999999,-0.8660254037844387,46067.65068751912,46067.65068751912,46067.65068751912,28038.0,25313.291666666668,23695.842261904763,0,1673,28732,0.0582257334771865,-2181.0,8169.0,0.3479872204472843,0.0,0.0973801916932907,0,0,0.6531292170152412,0.2305149917912382,0,MODERATE,0.2573645984484298,46067.65068751912,46067.65068751912,46067.65068751912,40487.095510581996
2026-05-07,48,23474,29316,21800,1673,6606,0,22126,0,167,1006,991,-978,-452,-530,-787,demanddata_2026.csv,-469.0,997.0,-1445.0,-514.0,2286.0,2026-05-13 10:00:00,2026,5,13,10,30,2,Thursday,0,0.3676637120691854,0.0582257334771865,127,-0.2588190451025215,0.965925826289068,0.4999999999999999,-0.8660254037844387,47910.35671501989,47910.35671501989,47910.35671501989,28038.0,25313.291666666668,23695.842261904763,0,1673,28732,0.0582257334771865,-2181.0,8169.0,0.3479872204472843,0.0,0.0973801916932907,0,0,0.6531292170152412,0.2305149917912382,0,MODERATE,0.2573645984484298,47910.35671501989,47910.35671501989,47910.35671501989,40487.095510581996
2026-05-07,48,23474,29316,21800,1673,6606,0,22126,0,167,1006,991,-978,-452,-530,-787,demanddata_2026.csv,-469.0,997.0,-1445.0,-514.0,2286.0,2026-05-13 10:30:00,2026,5,13,10,30,2,Thursday,0,0.3676637120691854,0.0582257334771865,127,-0.2588190451025215,0.965925826289068,0.4999999999999999,-0.8660254037844387,49826.770983620685,49826.770983620685,49826.770983620685,28038.0,25313.291666666668,23695.842261904763,0,1673,28732,0.0582257334771865,-2181.0,8169.0,0.3479872204472843,0.0,0.0973801916932907,0,0,0.6531292170152412,0.2305149917912382,0,MODERATE,0.2573645984484298,49826.770983620685,49826.770983620685,49826.770983620685,40487.095510581996
2026-05-07,48,23474,29316,21800,1673,6606,0,22126,0,167,1006,991,-978,-452,-530,-787,demanddata_2026.csv,-469.0,997.0,-1445.0,-514.0,2286.0,2026-05-13 11:00:00,2026,5,13,11,30,2,Thursday,0,0.3676637120691854,0.0582257334771865,127,-0.2588190451025215,0.965925826289068,0.4999999999999999,-0.8660254037844387,50858.4603665425,50858.4603665425,50858.4603665425,28038.0,25313.291666666668,23695.842261904763,0,1673,28732,0.0582257334771865,-2181.0,8169.0,0.3479872204472843,0.0,0.0973801916932907,0,0,0.6531292170152412,0.2305149917912382,0,MODERATE,0.2573645984484298,50858.4603665425,50858.4603665425,50858.4603665425,40487.095510581996
2026-05-07,48,23474,29316,21800,1673,6606,0,22126,0,167,1006,991,-978,-452,-530,-787,demanddata_2026.csv,-469.0,997.0,-1445.0,-514.0,2286.0,2026-05-13 11:30:00,2026,5,13,11,30,2,Thursday,0,0.3676637120691854,0.0582257334771865,127,-0.2588190451025215,0.965925826289068,0.4999999999999999,-0.8660254037844387,51911.511418338734,51911.511418338734,51911.511418338734,28038.0,25313.291666666668,23695.842261904763,0,1673,28732,0.0582257334771865,-2181.0,8169.0,0.3479872204472843,0.0,0.0973801916932907,0,0,0.6531292170152412,0.2305149917912382,0,MODERATE,0.2573645984484298,51911.511418338734,51911.511418338734,51911.511418338734,40487.095510581996
2026-05-07,48,23474,29316,21800,1673,6606,0,22126,0,167,1006,991,-978,-452,-530,-787,demanddata_2026.csv,-469.0,997.0,-1445.0,-514.0,2286.0,2026-05-13 12:00:00,2026,5,13,12,30,2,Thursday,0,0.3676637120691854,0.0582257334771865,127,-0.2588190451025215,0.965925826289068,0.4999999999999999,-0.8660254037844387,51911.511418338734,51911.511418338734,51911.511418338734,28038.0,25313.291666666668,23695.842261904763,0,1673,28732,0.0582257334771865,-2181.0,8169.0,0.3479872204472843,0.0,0.0973801916932907,0,0,0.6531292170152412,0.2305149917912382,0,MODERATE,0.2573645984484298,51911.511418338734,51911.511418338734,51911.511418338734,40487.095510581996
2026-05-07,48,23474,29316,21800,1673,6606,0,22126,0,167,1006,991,-978,-452,-530,-787,demanddata_2026.csv,-469.0,997.0,-1445.0,-514.0,2286.0,2026-05-13 12:30:00,2026,5,13,12,30,2,Thursday,0,0.3676637120691854,0.0582257334771865,127,-0.2588190451025215,0.965925826289068,0.4999999999999999,-0.8660254037844387,51911.511418338734,51911.511418338734,51911.511418338734,28038.0,25313.291666666668,23695.842261904763,0,1673,28732,0.0582257334771865,-2181.0,8169.0,0.3479872204472843,0.0,0.0973801916932907,0,0,0.6531292170152412,0.2305149917912382,0,MODERATE,0.2573645984484298,51911.511418338734,51911.511418338734,51911.511418338734,40487.095510581996
2026-05-07,48,23474,29316,21800,1673,6606,0,22126,0,167,1006,991,-978,-452,-530,-787,demanddata_2026.csv,-469.0,997.0,-1445.0,-514.0,2286.0,2026-05-13 13:00:00,2026,5,13,13,30,2,Thursday,0,0.3676637120691854,0.0582257334771865,127,-0.2588190451025215,0.965925826289068,0.4999999999999999,-0.8660254037844387,50836.65639312889,50836.65639312889,50836.65639312889,28038.0,25313.291666666668,23695.842261904763,0,1673,28732,0.0582257334771865,-2181.0,8169.0,0.3479872204472843,0.0,0.0973801916932907,0,0,0.6531292170152412,0.2305149917912382,0,MODERATE,0.2573645984484298,50836.65639312889,50836.65639312889,50836.65639312889,40479.8428121693
2026-05-07,48,23474,29316,21800,1673,6606,0,22126,0,167,1006,991,-978,-452,-530,-787,demanddata_2026.csv,-469.0,997.0,-1445.0,-514.0,2286.0,2026-05-13 13:30:00,2026,5,13,13,30,2,Thursday,0,0.3676637120691854,0.0582257334771865,127,-0.2588190451025215,0.965925826289068,0.4999999999999999,-0.8660254037844387,49784.056804018925,49784.056804018925,49784.056804018925,28038.0,25313.291666666668,23695.842261904763,0,1673,28732,0.0582257334771865,-2181.0,8169.0,0.3479872204472843,0.0,0.0973801916932907,0,0,0.6531292170152412,0.2305149917912382,0,MODERATE,0.2573645984484298,49784.056804018925,49784.056804018925,49784.056804018925,40479.8428121693
2026-05-07,48,23474,29316,21800,1673,6606,0,22126,0,167,1006,991,-978,-452,-530,-787,demanddata_2026.csv,-469.0,997.0,-1445.0,-514.0,2286.0,2026-05-13 14:00:00,2026,5,13,14,30,2,Thursday,0,0.3676637120691854,0.0582257334771865,127,-0.2588190451025215,0.965925826289068,0.4999999999999999,-0.8660254037844387,47792.694531858164,47792.694531858164,47792.694531858164,28038.0,25313.291666666668,23695.842261904763,0,1673,28732,0.0582257334771865,-2181.0,8169.0,0.3479872204472843,0.0,0.0973801916932907,0,0,0.6531292170152412,0.2305149917912382,0,MODERATE,0.2573645984484298,47792.694531858164,47792.694531858164,47792.694531858164,40479.8428121693
2026-05-07,48,23474,29316,21800,1673,6606,0,22126,0,167,1006,991,-978,-452,-530,-787,demanddata_2026.csv,-469.0,997.0,-1445.0,-514.0,2286.0,2026-05-13 14:30:00,2026,5,13,14,30,2,Thursday,0,0.3676637120691854,0.0582257334771865,127,-0.2588190451025215,0.965925826289068,0.4999999999999999,-0.8660254037844387,45880.986750583834,45880.986750583834,45880.986750583834,28038.0,25313.291666666668,23695.842261904763,0,1673,28732,0.0582257334771865,-2181.0,8169.0,0.3479872204472843,0.0,0.0973801916932907,0,0,0.6531292170152412,0.2305149917912382,0,MODERATE,0.2573645984484298,45880.986750583834,45880.986750583834,45880.986750583834,40479.8428121693
2026-05-07,48,23474,29316,21800,1673,6606,0,22126,0,167,1006,991,-978,-452,-530,-787,demanddata_2026.csv,-469.0,997.0,-1445.0,-514.0,2286.0,2026-05-13 15:00:00,2026,5,13,15,30,2,Thursday,0,0.3676637120691854,0.0582257334771865,127,-0.2588190451025215,0.965925826289068,0.4999999999999999,-0.8660254037844387,43285.5662018744,43285.5662018744,43285.5662018744,28038.0,25313.291666666668,23695.842261904763,0,1673,28732,0.0582257334771865,-2181.0,8169.0,0.3479872204472843,0.0,0.0973801916932907,0,0,0.6531292170152412,0.2305149917912382,0,MODERATE,0.2573645984484298,43285.5662018744,43285.5662018744,43285.5662018744,40500.09883597883
2026-05-07,48,23474,29316,21800,1673,6606,0,22126,0,167,1006,991,-978,-452,-530,-787,demanddata_2026.csv,-469.0,997.0,-1445.0,-514.0,2286.0,2026-05-13 15:30:00,2026,5,13,15,30,2,Thursday,0,0.3676637120691854,0.0582257334771865,127,-0.2588190451025215,0.965925826289068,0.4999999999999999,-0.8660254037844387,40836.964810766825,40836.964810766825,40836.964810766825,28038.0,25313.291666666668,23695.842261904763,0,1673,28732,0.0582257334771865,-2181.0,8169.0,0.3479872204472843,0.0,0.0973801916932907,0,0,0.6531292170152412,0.2305149917912382,0,MODERATE,0.2573645984484298,40836.964810766825,40836.964810766825,40836.964810766825,40496.782169312166
2026-05-07,48,23474,29316,21800,1673,6606,0,22126,0,167,1006,991,-978,-452,-530,-787,demanddata_2026.csv,-469.0,997.0,-1445.0,-514.0,2286.0,2026-05-13 16:00:00,2026,5,13,16,30,2,Thursday,0,0.3676637120691854,0.0582257334771865,127,-0.2588190451025215,0.965925826289068,0.4999999999999999,-0.8660254037844387,38007.696895600806,38007.696895600806,38007.696895600806,28038.0,25313.291666666668,23695.842261904763,0,1673,28732,0.0582257334771865,-2181.0,8169.0,0.3479872204472843,0.0,0.0973801916932907,0,0,0.6531292170152412,0.2305149917912382,0,MODERATE,0.2573645984484298,38007.696895600806,38007.696895600806,38007.696895600806,37890.06353174604
2026-05-07,48,23474,29316,21800,1673,6606,0,22126,0,167,1006,991,-978,-452,-530,-787,demanddata_2026.csv,-469.0,997.0,-1445.0,-514.0,2286.0,2026-05-13 16:30:00,2026,5,13,16,30,2,Thursday,0,0.3676637120691854,0.0582257334771865,127,-0.2588190451025215,0.965925826289068,0.4999999999999999,-0.8660254037844387,35374.44641152646,35374.44641152646,35374.44641152646,28038.0,25313.291666666668,23695.842261904763,0,1673,28732,0.0582257334771865,-2181.0,8169.0,0.3479872204472843,0.0,0.0973801916932907,0,0,0.6531292170152412,0.2305149917912382,0,MODERATE,0.2573645984484298,35374.44641152646,35374.44641152646,35374.44641152646,36299.88652669553
2026-05-07,48,23474,29316,21800,1673,6606,0,22126,0,167,1006,991,-978,-452,-530,-787,demanddata_2026.csv,-469.0,997.0,-1445.0,-514.0,2286.0,2026-05-13 17:00:00,2026,5,13,17,30,2,Thursday,0,0.3676637120691854,0.0582257334771865,127,-0.2588190451025215,0.965925826289068,0.4999999999999999,-0.8660254037844387,32640.919101160696,32640.919101160696,32640.919101160696,28038.0,25313.291666666668,23695.842261904763,0,1673,28732,0.0582257334771865,-2181.0,8169.0,0.3479872204472843,0.0,0.0973801916932907,0,0,0.6531292170152412,0.2305149917912382,0,MODERATE,0.2573645984484298,32640.919101160696,32640.919101160696,32640.919101160696,29129.198089276557
2026-05-07,48,23474,29316,21800,1673,6606,0,22126,0,167,1006,991,-978,-452,-530,-787,demanddata_2026.csv,-469.0,997.0,-1445.0,-514.0,2286.0,2026-05-13 17:30:00,2026,5,13,17,30,2,Thursday,0,0.3676637120691854,0.0582257334771865,127,-0.2588190451025215,0.965925826289068,0.4999999999999999,-0.8660254037844387,30118.622560870834,30118.622560870834,30118.622560870834,28038.0,25313.291666666668,23695.842261904763,0,1673,28732,0.0582257334771865,-2181.0,8169.0,0.3479872204472843,0.0,0.0973801916932907,0,0,0.6531292170152412,0.2305149917912382,0,MODERATE,0.2573645984484298,30118.622560870834,30118.622560870834,30118.622560870834,28260.294047206353
2026-05-07,48,23474,29316,21800,1673,6606,0,22126,0,167,1006,991,-978,-452,-530,-787,demanddata_2026.csv,-469.0,997.0,-1445.0,-514.0,2286.0,2026-05-13 18:00:00,2026,5,13,18,30,2,Thursday,0,0.3676637120691854,0.0582257334771865,127,-0.2588190451025215,0.965925826289068,0.4999999999999999,-0.8660254037844387,27709.132756001167,27709.132756001167,27709.132756001167,28038.0,25313.291666666668,23695.842261904763,0,1673,28732,0.0582257334771865,-2181.0,8169.0,0.3479872204472843,0.0,0.0973801916932907,0,0,0.6531292170152412,0.2305149917912382,0,MODERATE,0.2573645984484298,27709.132756001167,27709.132756001167,27709.132756001167,28041.292530628827
2026-05-07,48,23474,29316,21800,1673,6606,0,22126,0,167,1006,991,-978,-452,-530,-787,demanddata_2026.csv,-469.0,997.0,-1445.0,-514.0,2286.0,2026-05-13 18:30:00,2026,5,13,18,30,2,Thursday,0,0.3676637120691854,0.0582257334771865,127,-0.2588190451025215,0.965925826289068,0.4999999999999999,-0.8660254037844387,25492.402135521075,25492.402135521075,25492.402135521075,28038.0,25313.291666666668,23695.842261904763,0,1673,28732,0.0582257334771865,-2181.0,8169.0,0.3479872204472843,0.0,0.0973801916932907,0,0,0.6531292170152412,0.2305149917912382,0,MODERATE,0.2573645984484298,25492.402135521075,25492.402135521075,25492.402135521075,25825.222799581363
2026-05-07,48,23474,29316,21800,1673,6606,0,22126,0,167,1006,991,-978,-452,-530,-787,demanddata_2026.csv,-469.0,997.0,-1445.0,-514.0,2286.0,2026-05-13 19:00:00,2026,5,13,19,30,2,Thursday,0,0.3676637120691854,0.0582257334771865,127,-0.2588190451025215,0.965925826289068,0.4999999999999999,-0.8660254037844387,23522.50056777336,23522.50056777336,23522.50056777336,28038.0,25313.291666666668,23695.842261904763,0,1673,28732,0.0582257334771865,-2181.0,8169.0,0.3479872204472843,0.0,0.0973801916932907,0,0,0.6531292170152412,0.2305149917912382,0,MODERATE,0.2573645984484298,23522.50056777336,23522.50056777336,23522.50056777336,23491.9506335104
2026-05-07,48,23474,29316,21800,1673,6606,0,22126,0,167,1006,991,-978,-452,-530,-787,demanddata_2026.csv,-469.0,997.0,-1445.0,-514.0,2286.0,2026-05-13 19:30:00,2026,5,13,19,30,2,Thursday,0,0.3676637120691854,0.0582257334771865,127,-0.2588190451025215,0.965925826289068,0.4999999999999999,-0.8660254037844387,21704.821303988436,21704.821303988436,21704.821303988436,28038.0,25313.291666666668,23695.842261904763,0,1673,28732,0.0582257334771865,-2181.0,8169.0,0.3479872204472843,0.0,0.0973801916932907,0,0,0.6531292170152412,0.2305149917912382,0,MODERATE,0.2573645984484298,21704.821303988436,21704.821303988436,21704.821303988436,21483.82851577468
2026-05-07,48,23474,29316,21800,1673,6606,0,22126,0,167,1006,991,-978,-452,-530,-787,demanddata_2026.csv,-469.0,997.0,-1445.0,-514.0,2286.0,2026-05-13 20:00:00,2026,5,13,20,30,2,Thursday,0,0.3676637120691854,0.0582257334771865,127,-0.2588190451025215,0.965925826289068,0.4999999999999999,-0.8660254037844387,20201.067173279982,20201.067173279982,20201.067173279982,28038.0,25313.291666666668,23695.842261904763,0,1673,28732,0.0582257334771865,-2181.0,8169.0,0.3479872204472843,0.0,0.0973801916932907,0,0,0.6531292170152412,0.2305149917912382,0,MODERATE,0.2573645984484298,20201.067173279982,20201.067173279982,20201.067173279982,19753.84209274612
2026-05-07,48,23474,29316,21800,1673,6606,0,22126,0,167,1006,991,-978,-452,-530,-787,demanddata_2026.csv,-469.0,997.0,-1445.0,-514.0,2286.0,2026-05-13 20:30:00,2026,5,13,20,30,2,Thursday,0,0.3676637120691854,0.0582257334771865,127,-0.2588190451025215,0.965925826289068,0.4999999999999999,-0.8660254037844387,18801.496184830674,18801.496184830674,18801.496184830674,28038.0,25313.291666666668,23695.842261904763,0,1673,28732,0.0582257334771865,-2181.0,8169.0,0.3479872204472843,0.0,0.0973801916932907,0,0,0.6531292170152412,0.2305149917912382,0,MODERATE,0.2573645984484298,18801.496184830674,18801.496184830674,18801.496184830674,19204.191512965976
2026-05-07,48,23474,29316,21800,1673,6606,0,22126,0,167,1006,991,-978,-452,-530,-787,demanddata_2026.csv,-469.0,997.0,-1445.0,-514.0,2286.0,2026-05-13 21:00:00,2026,5,13,21,30,2,Thursday,0,0.3676637120691854,0.0582257334771865,127,-0.2588190451025215,0.965925826289068,0.4999999999999999,-0.8660254037844387,17737.922948930933,17737.922948930933,17737.922948930933,28038.0,25313.291666666668,23695.842261904763,0,1673,28732,0.0582257334771865,-2181.0,8169.0,0.3479872204472843,0.0,0.0973801916932907,0,0,0.6531292170152412,0.2305149917912382,0,MODERATE,0.2573645984484298,17737.922948930933,17737.922948930933,17737.922948930933,18290.098281987022
2026-05-07,48,23474,29316,21800,1673,6606,0,22126,0,167,1006,991,-978,-452,-530,-787,demanddata_2026.csv,-469.0,997.0,-1445.0,-514.0,2286.0,2026-05-13 21:30:00,2026,5,13,21,30,2,Thursday,0,0.3676637120691854,0.0582257334771865,127,-0.2588190451025215,0.965925826289068,0.4999999999999999,-0.8660254037844387,16734.51450082265,16734.51450082265,16734.51450082265,28038.0,25313.291666666668,23695.842261904763,0,1673,28732,0.0582257334771865,-2181.0,8169.0,0.3479872204472843,0.0,0.0973801916932907,0,0,0.6531292170152412,0.2305149917912382,0,MODERATE,0.2573645984484298,16734.51450082265,16734.51450082265,16734.51450082265,17085.73566005291
2026-05-07,48,23474,29316,21800,1673,6606,0,22126,0,167,1006,991,-978,-452,-530,-787,demanddata_2026.csv,-469.0,997.0,-1445.0,-514.0,2286.0,2026-05-13 22:00:00,2026,5,13,22,30,2,Thursday,0,0.3676637120691854,0.0582257334771865,127,-0.2588190451025215,0.965925826289068,0.4999999999999999,-0.8660254037844387,16065.133920789744,16065.133920789744,16065.133920789744,28038.0,25313.291666666668,23695.842261904763,0,1673,28732,0.0582257334771865,-2181.0,8169.0,0.3479872204472843,0.0,0.0973801916932907,0,0,0.6531292170152412,0.2305149917912382,0,MODERATE,0.2573645984484298,16065.133920789744,16065.133920789744,16065.133920789744,16596.764477513225
2026-05-07,48,23474,29316,21800,1673,6606,0,22126,0,167,1006,991,-978,-452,-530,-787,demanddata_2026.csv,-469.0,997.0,-1445.0,-514.0,2286.0,2026-05-13 22:30:00,2026,5,13,22,30,2,Thursday,0,0.3676637120691854,0.0582257334771865,127,-0.2588190451025215,0.965925826289068,0.4999999999999999,-0.8660254037844387,15422.528563958153,15422.528563958153,15422.528563958153,28038.0,25313.291666666668,23695.842261904763,0,1673,28732,0.0582257334771865,-2181.0,8169.0,0.3479872204472843,0.0,0.0973801916932907,0,0,0.6531292170152412,0.2305149917912382,0,MODERATE,0.2573645984484298,15422.528563958153,15422.528563958153,15422.528563958153,15826.188723905723
2026-05-07,48,23474,29316,21800,1673,6606,0,22126,0,167,1006,991,-978,-452,-530,-787,demanddata_2026.csv,-469.0,997.0,-1445.0,-514.0,2286.0,2026-05-13 23:00:00,2026,5,13,23,30,2,Thursday,0,0.3676637120691854,0.0582257334771865,127,-0.2588190451025215,0.965925826289068,0.4999999999999999,-0.8660254037844387,15103.197034678951,15103.197034678951,15103.197034678951,28038.0,25313.291666666668,23695.842261904763,0,1673,28732,0.0582257334771865,-2181.0,8169.0,0.3479872204472843,0.0,0.0973801916932907,0,0,0.6531292170152412,0.2305149917912382,0,MODERATE,0.2573645984484298,15103.197034678951,15103.197034678951,15103.197034678951,15582.236563492066
2026-05-07,48,23474,29316,21800,1673,6606,0,22126,0,167,1006,991,-978,-452,-530,-787,demanddata_2026.csv,-469.0,997.0,-1445.0,-514.0,2286.0,2026-05-13 23:30:00,2026,5,13,23,30,2,Thursday,0,0.3676637120691854,0.0582257334771865,127,-0.2588190451025215,0.965925826289068,0.4999999999999999,-0.8660254037844387,14790.477431918083,14790.477431918083,14790.477431918083,28038.0,25313.291666666668,23695.842261904763,0,1673,28732,0.0582257334771865,-2181.0,8169.0,0.3479872204472843,0.0,0.0973801916932907,0,0,0.6531292170152412,0.2305149917912382,0,MODERATE,0.2573645984484298,14790.477431918083,14790.477431918083,14790.477431918083,15046.42754497354
2026-05-07,48,23474,29316,21800,1673,6606,0,22126,0,167,1006,991,-978,-452,-530,-787,demanddata_2026.csv,-469.0,997.0,-1445.0,-514.0,2286.0,2026-05-14 00:00:00,2026,5,14,0,30,3,Thursday,0,0.3676637120691854,0.0582257334771865,127,-0.2588190451025215,0.965925826289068,0.4999999999999999,-0.8660254037844387,14790.477431918083,14790.477431918083,14790.477431918083,28038.0,25313.291666666668,23695.842261904763,0,1673,28732,0.0582257334771865,-2181.0,8169.0,0.3479872204472843,0.0,0.0973801916932907,0,0,0.6531292170152412,0.2305149917912382,0,MODERATE,0.2573645984484298,14790.477431918083,14790.477431918083,14790.477431918083,14761.190605820104
2026-05-07,48,23474,29316,21800,1673,6606,0,22126,0,167,1006,991,-978,-452,-530,-787,demanddata_2026.csv,-469.0,997.0,-1445.0,-514.0,2286.0,2026-05-14 00:30:00,2026,5,14,0,30,3,Thursday,0,0.3676637120691854,0.0582257334771865,127,-0.2588190451025215,0.965925826289068,0.4999999999999999,-0.8660254037844387,14790.477431918083,14790.477431918083,14790.477431918083,28038.0,25313.291666666668,23695.842261904763,0,1673,28732,0.0582257334771865,-2181.0,8169.0,0.3479872204472843,0.0,0.0973801916932907,0,0,0.6531292170152412,0.2305149917912382,0,MODERATE,0.2573645984484298,14790.477431918083,14790.477431918083,14790.477431918083,14761.190605820104
2026-05-07,48,23474,29316,21800,1673,6606,0,22126,0,167,1006,991,-978,-452,-530,-787,demanddata_2026.csv,-469.0,997.0,-1445.0,-514.0,2286.0,2026-05-14 01:00:00,2026,5,14,1,30,3,Thursday,0,0.3676637120691854,0.0582257334771865,127,-0.2588190451025215,0.965925826289068,0.4999999999999999,-0.8660254037844387,15096.722011561236,15096.722011561236,15096.722011561236,28038.0,25313.291666666668,23695.842261904763,0,1673,28732,0.0582257334771865,-2181.0,8169.0,0.3479872204472843,0.0,0.0973801916932907,0,0,0.6531292170152412,0.2305149917912382,0,MODERATE,0.2573645984484298,15096.722011561236,15096.722011561236,15096.722011561236,15086.90175132275
2026-05-07,48,23474,29316,21800,1673,6606,0,22126,0,167,1006,991,-978,-452,-530,-787,demanddata_2026.csv,-469.0,997.0,-1445.0,-514.0,2286.0,2026-05-14 01:30:00,2026,5,14,1,30,3,Thursday,0,0.3676637120691854,0.0582257334771865,127,-0.2588190451025215,0.965925826289068,0.4999999999999999,-0.8660254037844387,15409.307545578074,15409.307545578074,15409.307545578074,28038.0,25313.291666666668,23695.842261904763,0,1673,28732,0.0582257334771865,-2181.0,8169.0,0.3479872204472843,0.0,0.0973801916932907,0,0,0.6531292170152412,0.2305149917912382,0,MODERATE,0.2573645984484298,15409.307545578074,15409.307545578074,15409.307545578074,15272.202376750702
2026-05-07,48,23474,29316,21800,1673,6606,0,22126,0,167,1006,991,-978,-452,-530,-787,demanddata_2026.csv,-469.0,997.0,-1445.0,-514.0,2286.0,2026-05-14 02:00:00,2026,5,14,2,30,3,Thursday,0,0.3676637120691854,0.0582257334771865,127,-0.2588190451025215,0.965925826289068,0.4999999999999999,-0.8660254037844387,16025.679847401198,16025.679847401198,16025.679847401198,28038.0,25313.291666666668,23695.842261904763,0,1673,28732,0.0582257334771865,-2181.0,8169.0,0.3479872204472843,0.0,0.0973801916932907,0,0,0.6531292170152412,0.2305149917912382,0,MODERATE,0.2573645984484298,16025.679847401198,16025.679847401198,16025.679847401198,15923.096470279721
2026-05-07,48,23474,29316,21800,1673,6606,0,22126,0,167,1006,991,-978,-452,-530,-787,demanddata_2026.csv,-469.0,997.0,-1445.0,-514.0,2286.0,2026-05-14 02:30:00,2026,5,14,2,30,3,Thursday,0,0.3676637120691854,0.0582257334771865,127,-0.2588190451025215,0.965925826289068,0.4999999999999999,-0.8660254037844387,16666.707041297246,16666.707041297246,16666.707041297246,28038.0,25313.291666666668,23695.842261904763,0,1673,28732,0.0582257334771865,-2181.0,8169.0,0.3479872204472843,0.0,0.0973801916932907,0,0,0.6531292170152412,0.2305149917912382,0,MODERATE,0.2573645984484298,16666.707041297246,16666.707041297246,16666.707041297246,16392.582076719573
2026-05-07,48,23474,29316,21800,1673,6606,0,22126,0,167,1006,991,-978,-452,-530,-787,demanddata_2026.csv,-469.0,997.0,-1445.0,-514.0,2286.0,2026-05-14 03:00:00,2026,5,14,3,30,3,Thursday,0,0.3676637120691854,0.0582257334771865,127,-0.2588190451025215,0.965925826289068,0.4999999999999999,-0.8660254037844387,17609.518366813314,17609.518366813314,17609.518366813314,28038.0,25313.291666666668,23695.842261904763,0,1673,28732,0.0582257334771865,-2181.0,8169.0,0.3479872204472843,0.0,0.0973801916932907,0,0,0.6531292170152412,0.2305149917912382,0,MODERATE,0.2573645984484298,17609.518366813314,17609.518366813314,17609.518366813314,17469.119572835687
2026-05-07,48,23474,29316,21800,1673,6606,0,22126,0,167,1006,991,-978,-452,-530,-787,demanddata_2026.csv,-469.0,997.0,-1445.0,-514.0,2286.0,2026-05-14 03:30:00,2026,5,14,3,30,3,Thursday,0,0.3676637120691854,0.0582257334771865,127,-0.2588190451025215,0.965925826289068,0.4999999999999999,-0.8660254037844387,18605.663154861533,18605.663154861533,18605.663154861533,28038.0,25313.291666666668,23695.842261904763,0,1673,28732,0.0582257334771865,-2181.0,8169.0,0.3479872204472843,0.0,0.0973801916932907,0,0,0.6531292170152412,0.2305149917912382,0,MODERATE,0.2573645984484298,18605.663154861533,18605.663154861533,18605.663154861533,18408.680176616046
2026-05-07,48,23474,29316,21800,1673,6606,0,22126,0,167,1006,991,-978,-452,-530,-787,demanddata_2026.csv,-469.0,997.0,-1445.0,-514.0,2286.0,2026-05-14 04:00:00,2026,5,14,4,30,3,Thursday,0,0.3676637120691854,0.0582257334771865,127,-0.2588190451025215,0.965925826289068,0.4999999999999999,-0.8660254037844387,19894.70131057083,19894.70131057083,19894.70131057083,28038.0,25313.291666666668,23695.842261904763,0,1673,28732,0.0582257334771865,-2181.0,8169.0,0.3479872204472843,0.0,0.0973801916932907,0,0,0.6531292170152412,0.2305149917912382,0,MODERATE,0.2573645984484298,19894.70131057083,19894.70131057083,19894.70131057083,19794.68021824953
2026-05-07,48,23474,29316,21800,1673,6606,0,22126,0,167,1006,991,-978,-452,-530,-787,demanddata_2026.csv,-469.0,997.0,-1445.0,-514.0,2286.0,2026-05-14 04:30:00,2026,5,14,4,30,3,Thursday,0,0.3676637120691854,0.0582257334771865,127,-0.2588190451025215,0.965925826289068,0.4999999999999999,-0.8660254037844387,21273.046649423457,21273.046649423457,21273.046649423457,28038.0,25313.291666666668,23695.842261904763,0,1673,28732,0.0582257334771865,-2181.0,8169.0,0.3479872204472843,0.0,0.0973801916932907,0,0,0.6531292170152412,0.2305149917912382,0,MODERATE,0.2573645984484298,21273.046649423457,21273.046649423457,21273.046649423457,21054.570109692857
2026-05-07,48,23474,29316,21800,1673,6606,0,22126,0,167,1006,991,-978,-452,-530,-787,demanddata_2026.csv,-469.0,997.0,-1445.0,-514.0,2286.0,2026-05-14 05:00:00,2026,5,14,5,30,3,Thursday,0,0.3676637120691854,0.0582257334771865,127,-0.2588190451025215,0.965925826289068,0.4999999999999999,-0.8660254037844387,22916.901462425878,22916.901462425878,22916.901462425878,28038.0,25313.291666666668,23695.842261904763,0,1673,28732,0.0582257334771865,-2181.0,8169.0,0.3479872204472843,0.0,0.0973801916932907,0,0,0.6531292170152412,0.2305149917912382,0,MODERATE,0.2573645984484298,22916.901462425878,22916.901462425878,22916.901462425878,23101.577038912637
2026-05-07,48,23474,29316,21800,1673,6606,0,22126,0,167,1006,991,-978,-452,-530,-787,demanddata_2026.csv,-469.0,997.0,-1445.0,-514.0,2286.0,2026-05-14 05:30:00,2026,5,14,5,30,3,Thursday,0,0.3676637120691854,0.0582257334771865,127,-0.2588190451025215,0.965925826289068,0.4999999999999999,-0.8660254037844387,24687.78362091219,24687.78362091219,24687.78362091219,28038.0,25313.291666666668,23695.842261904763,0,1673,28732,0.0582257334771865,-2181.0,8169.0,0.3479872204472843,0.0,0.0973801916932907,0,0,0.6531292170152412,0.2305149917912382,0,MODERATE,0.2573645984484298,24687.78362091219,24687.78362091219,24687.78362091219,24943.449716346502
2026-05-07,48,23474,29316,21800,1673,6606,0,22126,0,167,1006,991,-978,-452,-530,-787,demanddata_2026.csv,-469.0,997.0,-1445.0,-514.0,2286.0,2026-05-14 06:00:00,2026,5,14,6,30,3,Thursday,0,0.3676637120691854,0.0582257334771865,127,-0.2588190451025215,0.965925826289068,0.4999999999999999,-0.8660254037844387,26662.806310585165,26662.806310585165,26662.806310585165,28038.0,25313.291666666668,23695.842261904763,0,1673,28732,0.0582257334771865,-2181.0,8169.0,0.3479872204472843,0.0,0.0973801916932907,0,0,0.6531292170152412,0.2305149917912382,0,MODERATE,0.2573645984484298,26662.806310585165,26662.806310585165,26662.806310585165,26743.237832168667
2026-05-07,48,23474,29316,21800,1673,6606,0,22126,0,167,1006,991,-978,-452,-530,-787,demanddata_2026.csv,-469.0,997.0,-1445.0,-514.0,2286.0,2026-05-14 06:30:00,2026,5,14,6,30,3,Thursday,0,0.3676637120691854,0.0582257334771865,127,-0.2588190451025215,0.965925826289068,0.4999999999999999,-0.8660254037844387,28795.830815431982,28795.830815431982,28795.830815431982,28038.0,25313.291666666668,23695.842261904763,0,1673,28732,0.0582257334771865,-2181.0,8169.0,0.3479872204472843,0.0,0.0973801916932907,0,0,0.6531292170152412,0.2305149917912382,0,MODERATE,0.2573645984484298,28795.830815431982,28795.830815431982,28795.830815431982,28295.62711275015
2026-05-07,48,23474,29316,21800,1673,6606,0,22126,0,167,1006,991,-978,-452,-530,-787,demanddata_2026.csv,-469.0,997.0,-1445.0,-514.0,2286.0,2026-05-14 07:00:00,2026,5,14,7,30,3,Thursday,0,0.3676637120691854,0.0582257334771865,127,-0.2588190451025215,0.965925826289068,0.4999999999999999,-0.8660254037844387,31021.00174935809,31021.00174935809,31021.00174935809,28038.0,25313.291666666668,23695.842261904763,0,1673,28732,0.0582257334771865,-2181.0,8169.0,0.3479872204472843,0.0,0.0973801916932907,0,0,0.6531292170152412,0.2305149917912382,0,MODERATE,0.2573645984484298,31021.00174935809,31021.00174935809,31021.00174935809,28278.97014756815
2026-05-07,48,23474,29316,21800,1673,6606,0,22126,0,167,1006,991,-978,-452,-530,-787,demanddata_2026.csv,-469.0,997.0,-1445.0,-514.0,2286.0,2026-05-14 07:30:00,2026,5,14,7,30,3,Thursday,0,0.3676637120691854,0.0582257334771865,127,-0.2588190451025215,0.965925826289068,0.4999999999999999,-0.8660254037844387,33418.120689123156,33418.120689123156,33418.120689123156,28038.0,25313.291666666668,23695.842261904763,0,1673,28732,0.0582257334771865,-2181.0,8169.0,0.3479872204472843,0.0,0.0973801916932907,0,0,0.6531292170152412,0.2305149917912382,0,MODERATE,0.2573645984484298,33418.120689123156,33418.120689123156,33418.120689123156,30455.141683821865
2026-05-07,48,23474,29316,21800,1673,6606,0,22126,0,167,1006,991,-978,-452,-530,-787,demanddata_2026.csv,-469.0,997.0,-1445.0,-514.0,2286.0,2026-05-14 08:00:00,2026,5,14,8,30,3,Thursday,0,0.3676637120691854,0.0582257334771865,127,-0.2588190451025215,0.965925826289068,0.4999999999999999,-0.8660254037844387,35733.39600620435,35733.39600620435,35733.39600620435,28038.0,25313.291666666668,23695.842261904763,0,1673,28732,0.0582257334771865,-2181.0,8169.0,0.3479872204472843,0.0,0.0973801916932907,0,0,0.6531292170152412,0.2305149917912382,0,MODERATE,0.2573645984484298,35733.39600620435,35733.39600620435,35733.39600620435,36440.47835738337
2026-05-07,48,23474,29316,21800,1673,6606,0,22126,0,167,1006,991,-978,-452,-530,-787,demanddata_2026.csv,-469.0,997.0,-1445.0,-514.0,2286.0,2026-05-14 08:30:00,2026,5,14,8,30,3,Thursday,0,0.3676637120691854,0.0582257334771865,127,-0.2588190451025215,0.965925826289068,0.4999999999999999,-0.8660254037844387,38209.078302593334,38209.078302593334,38209.078302593334,28038.0,25313.291666666668,23695.842261904763,0,1673,28732,0.0582257334771865,-2181.0,8169.0,0.3479872204472843,0.0,0.0973801916932907,0,0,0.6531292170152412,0.2305149917912382,0,MODERATE,0.2573645984484298,38209.078302593334,38209.078302593334,38209.078302593334,38241.99005291006
2026-05-07,48,23474,29316,21800,1673,6606,0,22126,0,167,1006,991,-978,-452,-530,-787,demanddata_2026.csv,-469.0,997.0,-1445.0,-514.0,2286.0,2026-05-14 09:00:00,2026,5,14,9,30,3,Thursday,0,0.3676637120691854,0.0582257334771865,127,-0.2588190451025215,0.965925826289068,0.4999999999999999,-0.8660254037844387,40370.51017224546,40370.51017224546,40370.51017224546,28038.0,25313.291666666668,23695.842261904763,0,1673,28732,0.0582257334771865,-2181.0,8169.0,0.3479872204472843,0.0,0.0973801916932907,0,0,0.6531292170152412,0.2305149917912382,0,MODERATE,0.2573645984484298,40370.51017224546,40370.51017224546,40370.51017224546,40127.418142857154
2026-05-07,48,23474,29316,21800,1673,6606,0,22126,0,167,1006,991,-978,-452,-530,-787,demanddata_2026.csv,-469.0,997.0,-1445.0,-514.0,2286.0,2026-05-14 09:30:00,2026,5,14,9,30,3,Thursday,0,0.3676637120691854,0.0582257334771865,127,-0.2588190451025215,0.965925826289068,0.4999999999999999,-0.8660254037844387,42654.21109246588,42654.21109246588,42654.21109246588,28038.0,25313.291666666668,23695.842261904763,0,1673,28732,0.0582257334771865,-2181.0,8169.0,0.3479872204472843,0.0,0.0973801916932907,0,0,0.6531292170152412,0.2305149917912382,0,MODERATE,0.2573645984484298,42654.21109246588,42654.21109246588,42654.21109246588,40487.095510581996
2026-05-07,48,23474,29316,21800,1673,6606,0,22126,0,167,1006,991,-978,-452,-530,-787,demanddata_2026.csv,-469.0,997.0,-1445.0,-514.0,2286.0,2026-05-14 10:00:00,2026,5,14,10,30,3,Thursday,0,0.3676637120691854,0.0582257334771865,127,-0.2588190451025215,0.965925826289068,0.4999999999999999,-0.8660254037844387,44360.37953616452,44360.37953616452,44360.37953616452,28038.0,25313.291666666668,23695.842261904763,0,1673,28732,0.0582257334771865,-2181.0,8169.0,0.3479872204472843,0.0,0.0973801916932907,0,0,0.6531292170152412,0.2305149917912382,0,MODERATE,0.2573645984484298,44360.37953616452,44360.37953616452,44360.37953616452,40487.095510581996
2026-05-07,48,23474,29316,21800,1673,6606,0,22126,0,167,1006,991,-978,-452,-530,-787,demanddata_2026.csv,-469.0,997.0,-1445.0,-514.0,2286.0,2026-05-14 10:30:00,2026,5,14,10,30,3,Thursday,0,0.3676637120691854,0.0582257334771865,127,-0.2588190451025215,0.965925826289068,0.4999999999999999,-0.8660254037844387,46134.7947176111,46134.7947176111,46134.7947176111,28038.0,25313.291666666668,23695.842261904763,0,1673,28732,0.0582257334771865,-2181.0,8169.0,0.3479872204472843,0.0,0.0973801916932907,0,0,0.6531292170152412,0.2305149917912382,0,MODERATE,0.2573645984484298,46134.7947176111,46134.7947176111,46134.7947176111,40487.095510581996
2026-05-07,48,23474,29316,21800,1673,6606,0,22126,0,167,1006,991,-978,-452,-530,-787,demanddata_2026.csv,-469.0,997.0,-1445.0,-514.0,2286.0,2026-05-14 11:00:00,2026,5,14,11,30,3,Thursday,0,0.3676637120691854,0.0582257334771865,127,-0.2588190451025215,0.965925826289068,0.4999999999999999,-0.8660254037844387,47090.03979879613,47090.03979879613,47090.03979879613,28038.0,25313.291666666668,23695.842261904763,0,1673,28732,0.0582257334771865,-2181.0,8169.0,0.3479872204472843,0.0,0.0973801916932907,0,0,0.6531292170152412,0.2305149917912382,0,MODERATE,0.2573645984484298,47090.03979879613,47090.03979879613,47090.03979879613,40487.095510581996
2026-05-07,48,23474,29316,21800,1673,6606,0,22126,0,167,1006,991,-978,-452,-530,-787,demanddata_2026.csv,-469.0,997.0,-1445.0,-514.0,2286.0,2026-05-14 11:30:00,2026,5,14,11,30,3,Thursday,0,0.3676637120691854,0.0582257334771865,127,-0.2588190451025215,0.965925826289068,0.4999999999999999,-0.8660254037844387,48065.06372956126,48065.06372956126,48065.06372956126,28038.0,25313.291666666668,23695.842261904763,0,1673,28732,0.0582257334771865,-2181.0,8169.0,0.3479872204472843,0.0,0.0973801916932907,0,0,0.6531292170152412,0.2305149917912382,0,MODERATE,0.2573645984484298,48065.06372956126,48065.06372956126,48065.06372956126,40487.095510581996
2026-05-07,48,23474,29316,21800,1673,6606,0,22126,0,167,1006,991,-978,-452,-530,-787,demanddata_2026.csv,-469.0,997.0,-1445.0,-514.0,2286.0,2026-05-14 12:00:00,2026,5,14,12,30,3,Thursday,0,0.3676637120691854,0.0582257334771865,127,-0.2588190451025215,0.965925826289068,0.4999999999999999,-0.8660254037844387,48065.06372956126,48065.06372956126,48065.06372956126,28038.0,25313.291666666668,23695.842261904763,0,1673,28732,0.0582257334771865,-2181.0,8169.0,0.3479872204472843,0.0,0.0973801916932907,0,0,0.6531292170152412,0.2305149917912382,0,MODERATE,0.2573645984484298,48065.06372956126,48065.06372956126,48065.06372956126,40487.095510581996
2026-05-07,48,23474,29316,21800,1673,6606,0,22126,0,167,1006,991,-978,-452,-530,-787,demanddata_2026.csv,-469.0,997.0,-1445.0,-514.0,2286.0,2026-05-14 12:30:00,2026,5,14,12,30,3,Thursday,0,0.3676637120691854,0.0582257334771865,127,-0.2588190451025215,0.965925826289068,0.4999999999999999,-0.8660254037844387,48065.06372956126,48065.06372956126,48065.06372956126,28038.0,25313.291666666668,23695.842261904763,0,1673,28732,0.0582257334771865,-2181.0,8169.0,0.3479872204472843,0.0,0.0973801916932907,0,0,0.6531292170152412,0.2305149917912382,0,MODERATE,0.2573645984484298,48065.06372956126,48065.06372956126,48065.06372956126,40487.095510581996
2026-05-07,48,23474,29316,21800,1673,6606,0,22126,0,167,1006,991,-978,-452,-530,-787,demanddata_2026.csv,-469.0,997.0,-1445.0,-514.0,2286.0,2026-05-14 13:00:00,2026,5,14,13,30,3,Thursday,0,0.3676637120691854,0.0582257334771865,127,-0.2588190451025215,0.965925826289068,0.4999999999999999,-0.8660254037844387,47069.851417779115,47069.851417779115,47069.851417779115,28038.0,25313.291666666668,23695.842261904763,0,1673,28732,0.0582257334771865,-2181.0,8169.0,0.3479872204472843,0.0,0.0973801916932907,0,0,0.6531292170152412,0.2305149917912382,0,MODERATE,0.2573645984484298,47069.851417779115,47069.851417779115,47069.851417779115,40479.8428121693
2026-05-07,48,23474,29316,21800,1673,6606,0,22126,0,167,1006,991,-978,-452,-530,-787,demanddata_2026.csv,-469.0,997.0,-1445.0,-514.0,2286.0,2026-05-14 13:30:00,2026,5,14,13,30,3,Thursday,0,0.3676637120691854,0.0582257334771865,127,-0.2588190451025215,0.965925826289068,0.4999999999999999,-0.8660254037844387,46095.24549801375,46095.24549801375,46095.24549801375,28038.0,25313.291666666668,23695.842261904763,0,1673,28732,0.0582257334771865,-2181.0,8169.0,0.3479872204472843,0.0,0.0973801916932907,0,0,0.6531292170152412,0.2305149917912382,0,MODERATE,0.2573645984484298,46095.24549801375,46095.24549801375,46095.24549801375,40479.8428121693
2026-05-07,48,23474,29316,21800,1673,6606,0,22126,0,167,1006,991,-978,-452,-530,-787,demanddata_2026.csv,-469.0,997.0,-1445.0,-514.0,2286.0,2026-05-14 14:00:00,2026,5,14,14,30,3,Thursday,0,0.3676637120691854,0.0582257334771865,127,-0.2588190451025215,0.965925826289068,0.4999999999999999,-0.8660254037844387,44251.4356780932,44251.4356780932,44251.4356780932,28038.0,25313.291666666668,23695.842261904763,0,1673,28732,0.0582257334771865,-2181.0,8169.0,0.3479872204472843,0.0,0.0973801916932907,0,0,0.6531292170152412,0.2305149917912382,0,MODERATE,0.2573645984484298,44251.4356780932,44251.4356780932,44251.4356780932,40479.8428121693
2026-05-07,48,23474,29316,21800,1673,6606,0,22126,0,167,1006,991,-978,-452,-530,-787,demanddata_2026.csv,-469.0,997.0,-1445.0,-514.0,2286.0,2026-05-14 14:30:00,2026,5,14,14,30,3,Thursday,0,0.3676637120691854,0.0582257334771865,127,-0.2588190451025215,0.965925826289068,0.4999999999999999,-0.8660254037844387,42481.37825096947,42481.37825096947,42481.37825096947,28038.0,25313.291666666668,23695.842261904763,0,1673,28732,0.0582257334771865,-2181.0,8169.0,0.3479872204472843,0.0,0.0973801916932907,0,0,0.6531292170152412,0.2305149917912382,0,MODERATE,0.2573645984484298,42481.37825096947,42481.37825096947,42481.37825096947,40479.8428121693
2026-05-07,48,23474,29316,21800,1673,6606,0,22126,0,167,1006,991,-978,-452,-530,-787,demanddata_2026.csv,-469.0,997.0,-1445.0,-514.0,2286.0,2026-05-14 15:00:00,2026,5,14,15,30,3,Thursday,0,0.3676637120691854,0.0582257334771865,127,-0.2588190451025215,0.965925826289068,0.4999999999999999,-0.8660254037844387,40078.26860013657,40078.26860013657,40078.26860013657,28038.0,25313.291666666668,23695.842261904763,0,1673,28732,0.0582257334771865,-2181.0,8169.0,0.3479872204472843,0.0,0.0973801916932907,0,0,0.6531292170152412,0.2305149917912382,0,MODERATE,0.2573645984484298,40078.26860013657,40078.26860013657,40078.26860013657,39978.501835978845
2026-05-07,48,23474,29316,21800,1673,6606,0,22126,0,167,1006,991,-978,-452,-530,-787,demanddata_2026.csv,-469.0,997.0,-1445.0,-514.0,2286.0,2026-05-14 15:30:00,2026,5,14,15,30,3,Thursday,0,0.3676637120691854,0.0582257334771865,127,-0.2588190451025215,0.965925826289068,0.4999999999999999,-0.8660254037844387,37811.09935970678,37811.09935970678,37811.09935970678,28038.0,25313.291666666668,23695.842261904763,0,1673,28732,0.0582257334771865,-2181.0,8169.0,0.3479872204472843,0.0,0.0973801916932907,0,0,0.6531292170152412,0.2305149917912382,0,MODERATE,0.2573645984484298,37811.09935970678,37811.09935970678,37811.09935970678,37603.49735449737
2026-05-07,48,23474,29316,21800,1673,6606,0,22126,0,167,1006,991,-978,-452,-530,-787,demanddata_2026.csv,-469.0,997.0,-1445.0,-514.0,2286.0,2026-05-14 16:00:00,2026,5,14,16,30,3,Thursday,0,0.3676637120691854,0.0582257334771865,127,-0.2588190451025215,0.965925826289068,0.4999999999999999,-0.8660254037844387,35191.46955246489,35191.46955246489,35191.46955246489,28038.0,25313.291666666668,23695.842261904763,0,1673,28732,0.0582257334771865,-2181.0,8169.0,0.3479872204472843,0.0,0.0973801916932907,0,0,0.6531292170152412,0.2305149917912382,0,MODERATE,0.2573645984484298,35191.46955246489,35191.46955246489,35191.46955246489,36071.391733044744
2026-05-07,48,23474,29316,21800,1673,6606,0,22126,0,167,1006,991,-978,-452,-530,-787,demanddata_2026.csv,-469.0,997.0,-1445.0,-514.0,2286.0,2026-05-14 16:30:00,2026,5,14,16,30,3,Thursday,0,0.3676637120691854,0.0582257334771865,127,-0.2588190451025215,0.965925826289068,0.4999999999999999,-0.8660254037844387,32753.333022149596,32753.333022149596,32753.333022149596,28038.0,25313.291666666668,23695.842261904763,0,1673,28732,0.0582257334771865,-2181.0,8169.0,0.3479872204472843,0.0,0.0973801916932907,0,0,0.6531292170152412,0.2305149917912382,0,MODERATE,0.2573645984484298,32753.333022149596,32753.333022149596,32753.333022149596,29123.138089276552
2026-05-07,48,23474,29316,21800,1673,6606,0,22126,0,167,1006,991,-978,-452,-530,-787,demanddata_2026.csv,-469.0,997.0,-1445.0,-514.0,2286.0,2026-05-14 17:00:00,2026,5,14,17,30,3,Thursday,0,0.3676637120691854,0.0582257334771865,127,-0.2588190451025215,0.965925826289068,0.4999999999999999,-0.8660254037844387,30222.349801098324,30222.349801098324,30222.349801098324,28038.0,25313.291666666668,23695.842261904763,0,1673,28732,0.0582257334771865,-2181.0,8169.0,0.3479872204472843,0.0,0.0973801916932907,0,0,0.6531292170152412,0.2305149917912382,0,MODERATE,0.2573645984484298,30222.349801098324,30222.349801098324,30222.349801098324,28255.589580876385
2026-05-07,48,23474,29316,21800,1673,6606,0,22126,0,167,1006,991,-978,-452,-530,-787,demanddata_2026.csv,-469.0,997.0,-1445.0,-514.0,2286.0,2026-05-14 17:30:00,2026,5,14,17,30,3,Thursday,0,0.3676637120691854,0.0582257334771865,127,-0.2588190451025215,0.965925826289068,0.4999999999999999,-0.8660254037844387,27886.94594477647,27886.94594477647,27886.94594477647,28038.0,25313.291666666668,23695.842261904763,0,1673,28732,0.0582257334771865,-2181.0,8169.0,0.3479872204472843,0.0,0.0973801916932907,0,0,0.6531292170152412,0.2305149917912382,0,MODERATE,0.2573645984484298,27886.94594477647,27886.94594477647,27886.94594477647,28078.018203366602
2026-05-07,48,23474,29316,21800,1673,6606,0,22126,0,167,1006,991,-978,-452,-530,-787,demanddata_2026.csv,-469.0,997.0,-1445.0,-514.0,2286.0,2026-05-14 18:00:00,2026,5,14,18,30,3,Thursday,0,0.3676637120691854,0.0582257334771865,127,-0.2588190451025215,0.965925826289068,0.4999999999999999,-0.8660254037844387,25655.990269194353,25655.990269194353,25655.990269194353,28038.0,25313.291666666668,23695.842261904763,0,1673,28732,0.0582257334771865,-2181.0,8169.0,0.3479872204472843,0.0,0.0973801916932907,0,0,0.6531292170152412,0.2305149917912382,0,MODERATE,0.2573645984484298,25655.990269194353,25655.990269194353,25655.990269194353,25899.293120730068
2026-05-07,48,23474,29316,21800,1673,6606,0,22126,0,167,1006,991,-978,-452,-530,-787,demanddata_2026.csv,-469.0,997.0,-1445.0,-514.0,2286.0,2026-05-14 18:30:00,2026,5,14,18,30,3,Thursday,0,0.3676637120691854,0.0582257334771865,127,-0.2588190451025215,0.965925826289068,0.4999999999999999,-0.8660254037844387,23603.511047658805,23603.511047658805,23603.511047658805,28038.0,25313.291666666668,23695.842261904763,0,1673,28732,0.0582257334771865,-2181.0,8169.0,0.3479872204472843,0.0,0.0973801916932907,0,0,0.6531292170152412,0.2305149917912382,0,MODERATE,0.2573645984484298,23603.511047658805,23603.511047658805,23603.511047658805,23862.501122162448
2026-05-07,48,23474,29316,21800,1673,6606,0,22126,0,167,1006,991,-978,-452,-530,-787,demanddata_2026.csv,-469.0,997.0,-1445.0,-514.0,2286.0,2026-05-14 19:00:00,2026,5,14,19,30,3,Thursday,0,0.3676637120691854,0.0582257334771865,127,-0.2588190451025215,0.965925826289068,0.4999999999999999,-0.8660254037844387,21779.571774696167,21779.571774696167,21779.571774696167,28038.0,25313.291666666668,23695.842261904763,0,1673,28732,0.0582257334771865,-2181.0,8169.0,0.3479872204472843,0.0,0.0973801916932907,0,0,0.6531292170152412,0.2305149917912382,0,MODERATE,0.2573645984484298,21779.571774696167,21779.571774696167,21779.571774696167,21498.67062688579
2026-05-07,48,23474,29316,21800,1673,6606,0,22126,0,167,1006,991,-978,-452,-530,-787,demanddata_2026.csv,-469.0,997.0,-1445.0,-514.0,2286.0,2026-05-14 19:30:00,2026,5,14,19,30,3,Thursday,0,0.3676637120691854,0.0582257334771865,127,-0.2588190451025215,0.965925826289068,0.4999999999999999,-0.8660254037844387,20096.57570568053,20096.57570568053,20096.57570568053,28038.0,25313.291666666668,23695.842261904763,0,1673,28732,0.0582257334771865,-2181.0,8169.0,0.3479872204472843,0.0,0.0973801916932907,0,0,0.6531292170152412,0.2305149917912382,0,MODERATE,0.2573645984484298,20096.57570568053,20096.57570568053,20096.57570568053,20752.995293575
2026-05-07,48,23474,29316,21800,1673,6606,0,22126,0,167,1006,991,-978,-452,-530,-787,demanddata_2026.csv,-469.0,997.0,-1445.0,-514.0,2286.0,2026-05-14 20:00:00,2026,5,14,20,30,3,Thursday,0,0.3676637120691854,0.0582257334771865,127,-0.2588190451025215,0.965925826289068,0.4999999999999999,-0.8660254037844387,18704.24409846481,18704.24409846481,18704.24409846481,28038.0,25313.291666666668,23695.842261904763,0,1673,28732,0.0582257334771865,-2181.0,8169.0,0.3479872204472843,0.0,0.0973801916932907,0,0,0.6531292170152412,0.2305149917912382,0,MODERATE,0.2573645984484298,18704.24409846481,18704.24409846481,18704.24409846481,18883.596055989026
2026-05-07,48,23474,29316,21800,1673,6606,0,22126,0,167,1006,991,-978,-452,-530,-787,demanddata_2026.csv,-469.0,997.0,-1445.0,-514.0,2286.0,2026-05-14 20:30:00,2026,5,14,20,30,3,Thursday,0,0.3676637120691854,0.0582257334771865,127,-0.2588190451025215,0.965925826289068,0.4999999999999999,-0.8660254037844387,17408.376054636356,17408.376054636356,17408.376054636356,28038.0,25313.291666666668,23695.842261904763,0,1673,28732,0.0582257334771865,-2181.0,8169.0,0.3479872204472843,0.0,0.0973801916932907,0,0,0.6531292170152412,0.2305149917912382,0,MODERATE,0.2573645984484298,17408.376054636356,17408.376054636356,17408.376054636356,17801.853547711544
2026-05-07,48,23474,29316,21800,1673,6606,0,22126,0,167,1006,991,-978,-452,-530,-787,demanddata_2026.csv,-469.0,997.0,-1445.0,-514.0,2286.0,2026-05-14 21:00:00,2026,5,14,21,30,3,Thursday,0,0.3676637120691854,0.0582257334771865,127,-0.2588190451025215,0.965925826289068,0.4999999999999999,-0.8660254037844387,16423.609594022044,16423.609594022044,16423.609594022044,28038.0,25313.291666666668,23695.842261904763,0,1673,28732,0.0582257334771865,-2181.0,8169.0,0.3479872204472843,0.0,0.0973801916932907,0,0,0.6531292170152412,0.2305149917912382,0,MODERATE,0.2573645984484298,16423.609594022044,16423.609594022044,16423.609594022044,16867.704678210677
2026-05-07,48,23474,29316,21800,1673,6606,0,22126,0,167,1006,991,-978,-452,-530,-787,demanddata_2026.csv,-469.0,997.0,-1445.0,-514.0,2286.0,2026-05-14 21:30:00,2026,5,14,21,30,3,Thursday,0,0.3676637120691854,0.0582257334771865,127,-0.2588190451025215,0.965925826289068,0.4999999999999999,-0.8660254037844387,15494.549936782569,15494.549936782569,15494.549936782569,28038.0,25313.291666666668,23695.842261904763,0,1673,28732,0.0582257334771865,-2181.0,8169.0,0.3479872204472843,0.0,0.0973801916932907,0,0,0.6531292170152412,0.2305149917912382,0,MODERATE,0.2573645984484298,15494.549936782569,15494.549936782569,15494.549936782569,15813.196440355941
2026-05-07,48,23474,29316,21800,1673,6606,0,22126,0,167,1006,991,-978,-452,-530,-787,demanddata_2026.csv,-469.0,997.0,-1445.0,-514.0,2286.0,2026-05-14 22:00:00,2026,5,14,22,30,3,Thursday,0,0.3676637120691854,0.0582257334771865,127,-0.2588190451025215,0.965925826289068,0.4999999999999999,-0.8660254037844387,14874.767939311265,14874.767939311265,14874.767939311265,28038.0,25313.291666666668,23695.842261904763,0,1673,28732,0.0582257334771865,-2181.0,8169.0,0.3479872204472843,0.0,0.0973801916932907,0,0,0.6531292170152412,0.2305149917912382,0,MODERATE,0.2573645984484298,14874.767939311265,14874.767939311265,14874.767939311265,15385.751849206348
2026-05-07,48,23474,29316,21800,1673,6606,0,22126,0,167,1006,991,-978,-452,-530,-787,demanddata_2026.csv,-469.0,997.0,-1445.0,-514.0,2286.0,2026-05-14 22:30:00,2026,5,14,22,30,3,Thursday,0,0.3676637120691854,0.0582257334771865,127,-0.2588190451025215,0.965925826289068,0.4999999999999999,-0.8660254037844387,14279.777221738814,14279.777221738814,14279.777221738814,28038.0,25313.291666666668,23695.842261904763,0,1673,28732,0.0582257334771865,-2181.0,8169.0,0.3479872204472843,0.0,0.0973801916932907,0,0,0.6531292170152412,0.2305149917912382,0,MODERATE,0.2573645984484298,14279.777221738814,14279.777221738814,14279.777221738814,14454.286727513227
2026-05-07,48,23474,29316,21800,1673,6606,0,22126,0,167,1006,991,-978,-452,-530,-787,demanddata_2026.csv,-469.0,997.0,-1445.0,-514.0,2286.0,2026-05-14 23:00:00,2026,5,14,23,30,3,Thursday,0,0.3676637120691854,0.0582257334771865,127,-0.2588190451025215,0.965925826289068,0.4999999999999999,-0.8660254037844387,13984.106957354239,13984.106957354239,13984.106957354239,28038.0,25313.291666666668,23695.842261904763,0,1673,28732,0.0582257334771865,-2181.0,8169.0,0.3479872204472843,0.0,0.0973801916932907,0,0,0.6531292170152412,0.2305149917912382,0,MODERATE,0.2573645984484298,13984.106957354239,13984.106957354239,13984.106957354239,13996.770208994709
2026-05-07,48,23474,29316,21800,1673,6606,0,22126,0,167,1006,991,-978,-452,-530,-787,demanddata_2026.csv,-469.0,997.0,-1445.0,-514.0,2286.0,2026-05-14 23:30:00,2026,5,14,23,30,3,Thursday,0,0.3676637120691854,0.0582257334771865,127,-0.2588190451025215,0.965925826289068,0.4999999999999999,-0.8660254037844387,13694.558700609123,13694.558700609123,13694.558700609123,28038.0,25313.291666666668,23695.842261904763,0,1673,28732,0.0582257334771865,-2181.0,8169.0,0.3479872204472843,0.0,0.0973801916932907,0,0,0.6531292170152412,0.2305149917912382,0,MODERATE,0.2573645984484298,13694.558700609123,13694.558700609123,13694.558700609123,13793.639820105822
