SETTLEMENT_DATE,SETTLEMENT_PERIOD,ND,TSD,ENGLAND_WALES_DEMAND,EMBEDDED_WIND_GENERATION,EMBEDDED_WIND_CAPACITY,EMBEDDED_SOLAR_GENERATION,EMBEDDED_SOLAR_CAPACITY,NON_BM_STOR,PUMP_STORAGE_PUMPING,SCOTTISH_TRANSFER,IFA_FLOW,IFA2_FLOW,BRITNED_FLOW,MOYLE_FLOW,EAST_WEST_FLOW,NEMO_FLOW,NSL_FLOW,ELECLINK_FLOW,VIKING_FLOW,GREENLINK_FLOW
01/01/2026,1,25107,29668,23625,4252,6606,0,22126,0,455,2945,-1143,-610,989,-361,-527,209,677,-352,1021,-513
01/01/2026,2,25881,30361,24341,4332,6606,0,22126,0,455,2909,-1132,-606,1005,-361,-453,243,648,-359,994,-514
01/01/2026,3,25355,30681,23805,4361,6606,0,22126,0,546,3061,-1433,-594,844,-361,-524,343,667,-754,994,-514
01/01/2026,4,24762,30225,23226,4390,6606,0,22126,0,629,2980,-1469,-589,837,-361,-531,346,650,-770,990,-514
01/01/2026,5,24111,29092,22653,4351,6606,0,22126,0,834,3089,-1236,-431,949,-361,-531,146,413,-475,990,-513
01/01/2026,6,23637,28521,22147,4312,6606,0,22126,0,787,3323,-1208,-423,953,-361,-531,139,359,-460,990,-514
01/01/2026,7,22745,27909,21334,4306,6606,0,22126,0,1002,3649,-1030,-530,726,-361,-531,82,56,-596,990,-514
01/01/2026,8,22061,27224,20657,4300,6606,0,22126,0,997,3778,-1007,-540,716,-361,-531,80,7,-613,990,-514
01/01/2026,9,21715,27508,20229,4274,6606,0,22126,0,983,4063,-1174,-617,655,-361,-531,167,-126,-887,970,-514
01/01/2026,10,21429,27288,19981,4248,6606,0,22126,0,988,4103,-1195,-624,652,-361,-531,164,-143,-903,968,-514
01/01/2026,11,21099,27198,19657,4287,6606,0,22126,0,984,4180,-1032,-687,738,-361,-531,-387,-148,-855,985,-514
01/01/2026,12,21047,27136,19640,4325,6606,0,22126,0,966,4338,-1011,-683,741,-361,-531,-412,-162,-849,986,-514
01/01/2026,13,21525,27110,20093,4310,6606,0,22126,0,967,4176,-1047,-397,786,-361,-531,-45,-337,-786,976,-514
01/01/2026,14,21786,27310,20377,4294,6606,0,22126,0,941,4349,-1050,-378,787,-361,-531,-20,-350,-780,975,-513
01/01/2026,15,22674,27214,21229,4224,6606,0,22126,0,686,4344,-484,-406,799,-421,-531,641,-241,-658,985,-513
01/01/2026,16,22862,27553,21399,4154,6606,0,22126,0,928,4378,-415,-397,799,-452,-531,676,-221,-633,986,-514
01/01/2026,17,24036,27423,22496,4073,6606,2,22126,0,951,4390,-125,-30,665,-452,-531,833,-150,-35,986,-513
01/01/2026,18,24747,28009,23154,3991,6606,233,22126,0,947,4242,-85,1,660,-452,-531,838,-133,14,986,-514
01/01/2026,19,25425,28493,23709,3975,6606,928,22126,0,952,4078,597,210,599,-452,-531,726,-19,132,989,-514
01/01/2026,20,25987,29028,24198,3958,6606,1741,22126,0,940,4142,706,232,596,-452,-531,722,-5,148,990,-513
01/01/2026,21,26752,29799,24864,4013,6606,2370,22126,0,947,4259,970,532,405,-452,-531,739,-4,489,990,-513
01/01/2026,22,26959,29994,25003,4068,6606,2978,22126,0,927,4323,1002,556,384,-452,-531,741,-12,510,990,-513
01/01/2026,23,27178,30214,25172,4099,6606,3323,22126,0,832,4486,1003,687,3,-452,-531,1005,-107,515,991,-514
01/01/2026,24,27697,30767,25570,4130,6606,3368,22126,0,869,4482,1003,703,1,-452,-531,1014,-105,525,994,-513
01/01/2026,25,28878,31595,26716,4206,6606,3161,22126,0,620,4562,1416,970,306,-452,-531,1016,65,863,992,-514
01/01/2026,26,29308,32123,27142,4282,6606,2692,22126,0,718,4521,1466,988,342,-452,-531,1016,84,883,991,-514
01/01/2026,27,29551,32281,27378,4321,6606,2320,22126,0,634,4433,1496,982,834,-452,-531,1016,54,806,991,-513
01/01/2026,28,29977,32498,27726,4360,6606,1880,22126,0,424,4369,1499,983,852,-452,-531,1016,79,802,992,-514
01/01/2026,29,30357,32488,28131,4407,6606,1430,22126,0,34,4256,1482,992,317,-452,-531,981,451,834,992,-514
01/01/2026,30,30466,32586,28309,4453,6606,1026,22126,0,23,4216,1480,992,298,-452,-531,980,527,836,991,-514
01/01/2026,31,31184,33295,28959,4454,6606,529,22126,0,14,3752,1502,992,920,-452,-531,996,901,803,991,-514
01/01/2026,32,32188,34292,29797,4455,6606,107,22126,0,8,3366,1504,992,953,-452,-531,997,977,806,991,-513
01/01/2026,33,33178,35279,30580,4415,6606,0,22126,0,5,3159,1504,992,701,-452,-531,986,1350,986,991,-513
01/01/2026,34,34312,36409,31643,4375,6606,0,22126,0,1,3363,1504,992,692,-452,-531,985,1397,998,990,-513
01/01/2026,35,35082,37181,32333,4322,6606,0,22126,0,3,3128,1504,992,1009,-452,-531,996,1397,997,991,-513
01/01/2026,36,34820,36920,32231,4269,6606,0,22126,0,3,3237,1504,992,1021,-452,-531,997,1397,998,991,-514
01/01/2026,37,34342,36442,31848,4281,6606,0,22126,0,3,3385,1504,992,1051,-452,-531,997,1397,998,991,-514
01/01/2026,38,33772,35873,31268,4293,6606,0,22126,0,4,3416,1504,991,1052,-452,-531,997,1397,996,991,-514
01/01/2026,39,33088,35200,30593,4204,6606,0,22126,0,4,3529,1427,960,1051,-452,-531,988,1397,916,991,-525
01/01/2026,40,32298,34402,29801,4114,6606,0,22126,0,7,3604,1417,951,1051,-452,-531,988,1397,907,991,-514
01/01/2026,41,31002,33107,28581,4090,6606,0,22126,0,8,3374,1272,722,1048,-452,-531,996,1397,777,991,-514
01/01/2026,42,30312,32419,27842,4065,6606,0,22126,0,11,3099,1253,699,1048,-452,-531,996,1378,762,991,-513
01/01/2026,43,29074,31181,26677,3992,6606,0,22126,0,10,3665,853,462,807,-452,-531,687,1141,518,991,-514
01/01/2026,44,28250,30351,25900,3918,6606,0,22126,0,4,3721,803,444,797,-452,-531,668,1083,498,991,-514
01/01/2026,45,26740,28849,24560,3841,6606,0,22126,0,12,3892,641,397,730,-452,-531,102,710,345,991,-514
01/01/2026,46,25441,27804,23426,3763,6606,0,22126,0,266,4132,620,390,729,-452,-531,74,635,334,991,-514
01/01/2026,47,24509,27429,22504,3770,6606,0,22126,0,823,4206,823,271,793,-452,-531,214,262,291,991,-514
01/01/2026,48,23967,27298,22031,3776,6606,0,22126,0,1235,4329,851,276,795,-452,-531,219,186,298,986,-513
02/01/2026,1,24638,27929,22657,3836,6606,0,22126,0,1025,4132,1379,709,790,-429,-531,182,-192,665,814,-514
02/01/2026,2,25279,28783,23364,3895,6606,0,22126,0,1230,4328,1445,737,789,-361,-531,180,-268,688,800,-514
02/01/2026,3,24599,28450,22686,3928,6606,0,22126,0,1226,4384,1410,663,440,-361,-500,150,-650,632,767,-514
02/01/2026,4,24088,27936,22217,3960,6606,0,22126,0,1228,4269,1405,664,426,-361,-426,149,-719,626,768,-514
02/01/2026,5,23737,27767,21917,3927,6606,0,22126,0,1037,4359,1029,874,721,-361,-524,126,-994,556,908,-514
02/01/2026,6,23112,27261,21300,3893,6606,0,22126,0,1164,4174,984,875,729,-361,-473,125,-1028,559,913,-523
02/01/2026,7,22444,26684,20673,3858,6606,0,22126,0,1209,4399,1053,415,282,-361,-526,118,-1030,804,692,-514
02/01/2026,8,22201,26435,20388,3823,6606,0,22126,0,1209,4236,1062,381,260,-361,-531,118,-1019,816,667,-514
02/01/2026,9,21842,25748,20085,3798,6606,0,22126,0,1029,4388,873,306,116,-361,-508,-9,-885,667,383,-514
02/01/2026,10,21718,25581,19991,3772,6606,0,22126,0,1069,4507,850,307,110,-361,-467,-14,-838,649,361,-514
02/01/2026,11,21838,25433,20147,3721,6606,0,22126,0,927,4354,556,540,-142,-361,-330,-269,-452,348,298,-514
02/01/2026,12,22527,25784,20807,3669,6606,0,22126,0,636,4361,520,557,-153,-361,-340,-279,-375,329,295,-513
02/01/2026,13,24117,26322,22279,3600,6606,0,22126,0,15,4075,389,568,183,-361,-226,-489,3,322,372,-514
02/01/2026,14,25200,27435,23316,3530,6606,0,22126,0,12,3915,377,568,198,-361,-251,-497,80,332,392,-514
02/01/2026,15,27068,28952,24972,3428,6606,0,22126,0,12,3688,1221,541,149,-338,-130,-302,452,716,945,-502
02/01/2026,16,28028,30050,26023,3326,6606,0,22126,0,12,3764,1327,551,160,-430,-179,-288,527,746,985,-513
02/01/2026,17,30119,31943,28035,3283,6606,2,22126,0,12,4035,1444,964,941,-452,-246,280,901,944,985,-514
02/01/2026,18,31484,33269,29317,3240,6606,294,22126,0,8,4201,1458,992,997,-406,-257,313,977,958,985,-514
02/01/2026,19,32608,34586,30213,3248,6606,1527,22126,0,8,3880,1500,992,1045,-449,-407,812,1350,995,992,-514
02/01/2026,20,32481,34579,30010,3255,6606,3076,22126,0,9,3301,1505,992,1047,-452,-523,835,1398,998,992,-514
02/01/2026,21,32207,34255,29653,3293,6606,4659,22126,0,8,3556,1505,992,1047,-451,-475,844,1397,997,992,-514
02/01/2026,22,31536,33542,28923,3330,6606,5875,22126,0,9,3664,1505,989,1047,-452,-431,844,1397,996,992,-514
02/01/2026,23,31535,33319,28797,3266,6606,6718,22126,0,13,4029,1345,883,997,-406,-283,972,1397,939,992,-482
02/01/2026,24,31552,33301,28683,3202,6606,7118,22126,0,13,3658,1324,877,996,-450,-173,977,1397,934,992,-513
02/01/2026,25,31434,33214,28469,3176,6606,7142,22126,0,13,3525,1481,905,921,-452,-201,999,1397,910,992,-514
02/01/2026,26,30998,32783,28091,3150,6606,6961,22126,0,9,3054,1501,908,919,-452,-210,1000,1397,909,992,-514
02/01/2026,27,31849,33565,28878,3011,6606,6235,22126,0,9,3558,1467,935,1018,-452,-159,797,1397,951,985,-496
02/01/2026,28,32134,33779,29148,2872,6606,5261,22126,0,10,3837,1464,937,988,-452,-70,790,1397,954,985,-513
02/01/2026,29,32785,34478,29702,2773,6606,4165,22126,0,12,4165,1475,933,493,-452,-194,857,1397,995,985,-435
02/01/2026,30,34258,36027,31225,2674,6606,2716,22126,0,16,3995,1476,934,497,-427,-310,859,1397,994,985,-416
02/01/2026,31,35840,37685,32707,2707,6606,1040,22126,0,15,4305,1503,977,1020,-407,-460,730,1397,860,985,-363
02/01/2026,32,37053,39118,33989,2739,6606,150,22126,0,8,4283,1506,977,1046,-451,-531,726,1398,852,994,-475
02/01/2026,33,38278,40285,35140,2731,6606,0,22126,0,5,4270,1506,877,998,-451,-531,634,1397,870,1218,-420
02/01/2026,34,39928,42014,36680,2722,6606,0,22126,0,0,4322,1506,872,997,-452,-531,631,1397,872,1239,-503
02/01/2026,35,41154,43251,37783,2762,6606,0,22126,0,0,4176,1505,934,1045,-452,-531,804,1398,874,1412,-514
02/01/2026,36,41156,43252,37852,2802,6606,0,22126,0,0,4291,1506,938,1046,-451,-531,810,1397,878,1424,-514
02/01/2026,37,40524,42621,37439,2883,6606,0,22126,0,0,4309,1506,930,1046,-452,-531,705,1398,989,1425,-514
02/01/2026,38,39659,41755,36664,2963,6606,0,22126,0,0,4222,1506,928,1046,-451,-531,701,1397,996,1425,-514
02/01/2026,39,38839,40938,35980,2979,6606,0,22126,0,3,4158,1452,859,1046,-451,-531,753,1397,974,1425,-514
02/01/2026,40,37528,39633,34742,2994,6606,0,22126,0,8,4048,1446,853,1047,-452,-531,750,1398,970,1425,-514
02/01/2026,41,36462,38565,33788,3021,6606,0,22126,0,7,4074,1337,805,1040,-451,-531,231,1397,879,1424,-514
02/01/2026,42,35327,37430,32766,3047,6606,0,22126,0,12,3934,1323,789,1045,-452,-525,206,1397,860,1425,-514
02/01/2026,43,33661,35743,31251,3134,6606,0,22126,0,12,3856,725,338,1047,-452,-413,-91,1398,428,1425,-514
02/01/2026,44,32533,34369,30245,3221,6606,0,22126,0,10,3673,651,306,1047,-406,-262,-103,1397,399,1424,-455
02/01/2026,45,30540,32619,28412,3276,6606,0,22126,0,10,3485,633,273,926,-450,-121,-390,1397,370,1397,-508
02/01/2026,46,29364,31504,27366,3331,6606,0,22126,0,8,3540,631,265,918,-452,-191,-402,1397,366,1384,-487
02/01/2026,47,27671,29897,25644,3374,6606,0,22126,0,7,3500,445,51,441,-452,-316,-346,1397,327,944,-505
02/01/2026,48,26765,29146,24778,3417,6606,0,22126,0,7,3570,423,36,418,-452,-466,-342,1397,323,918,-514
03/01/2026,1,26819,28862,24824,3502,6606,0,22126,0,7,3690,592,0,352,-452,-470,27,1397,271,1099,-514
03/01/2026,2,27327,29214,25407,3587,6606,0,22126,0,16,3682,614,1,351,-429,-328,42,1385,269,1115,-514
03/01/2026,3,26780,29224,24982,3642,6606,0,22126,0,592,3750,702,128,705,-362,-376,167,1234,329,1224,-514
03/01/2026,4,26033,29069,24331,3697,6606,0,22126,0,1208,3824,713,137,719,-361,-354,172,1197,333,1225,-513
03/01/2026,5,25281,28467,23659,3742,6606,0,22126,0,1246,3939,684,164,659,-362,-464,193,971,331,884,-514
03/01/2026,6,24861,28087,23319,3787,6606,0,22126,0,1238,4132,680,167,655,-361,-514,194,932,330,855,-513
03/01/2026,7,24408,27612,22906,3753,6606,0,22126,0,1234,4002,516,220,399,-361,-496,202,790,325,712,-513
03/01/2026,8,23850,27071,22367,3719,6606,0,22126,0,1233,4062,495,218,389,-361,-513,202,751,323,696,-514
03/01/2026,9,23469,26605,21998,3630,6606,0,22126,0,1213,4235,341,27,264,-361,-448,122,480,259,549,-514
03/01/2026,10,23350,26413,21824,3541,6606,0,22126,0,1217,4208,322,18,259,-361,-371,119,417,255,535,-514
03/01/2026,11,22843,25766,21353,3598,6606,0,22126,0,1213,4483,233,155,105,-361,-220,-15,43,239,414,-514
03/01/2026,12,22942,25727,21519,3654,6606,0,22126,0,1194,4574,221,167,102,-361,-96,-20,14,239,402,-514
03/01/2026,13,23925,26272,22384,3694,6606,0,22126,0,858,4488,188,241,131,-372,-2,-1,236,253,272,-514
03/01/2026,14,24758,26796,23099,3733,6606,0,22126,0,529,4622,185,250,133,-395,0,0,293,256,258,-514
03/01/2026,15,25980,27426,24216,3755,6606,0,22126,0,74,4321,304,398,301,-258,0,119,665,319,75,-514
03/01/2026,16,27139,28407,25247,3777,6606,0,22126,0,16,4157,319,406,308,-138,0,124,724,323,65,-514
03/01/2026,17,28864,30188,26812,3754,6606,4,22126,0,11,3944,441,324,425,-199,0,412,874,335,157,-514
03/01/2026,18,30070,31526,27842,3730,6606,339,22126,0,9,3859,456,324,431,-333,0,423,915,344,171,-514
03/01/2026,19,31412,33037,28964,3653,6606,1614,22126,0,9,3627,851,550,816,-444,-58,586,1196,593,389,-514
03/01/2026,20,31534,33266,28975,3576,6606,3359,22126,0,9,3379,899,566,833,-450,-159,592,1214,610,408,-514
03/01/2026,21,31461,33153,28766,3502,6606,4848,22126,0,8,3755,839,591,652,-450,-120,704,999,638,505,-514
03/01/2026,22,31316,33069,28542,3427,6606,6048,22126,0,7,4037,832,592,645,-450,-183,708,965,642,509,-513
03/01/2026,23,30820,32613,28022,3388,6606,6885,22126,0,7,4071,891,567,762,-450,-222,744,876,695,407,-514
03/01/2026,24,30465,32295,27740,3349,6606,7274,22126,0,7,4316,898,568,766,-450,-259,746,856,698,399,-514
03/01/2026,25,30482,32285,27729,3456,6606,7118,22126,0,7,4406,1001,633,647,-450,-233,795,745,677,399,-513
03/01/2026,26,30531,32377,27941,3562,6606,6920,22126,0,7,4376,1014,637,642,-450,-275,797,723,677,398,-514
03/01/2026,27,30629,32445,28095,3510,6606,6528,22126,0,7,4349,994,600,422,-450,-246,623,619,730,338,-513
03/01/2026,28,31101,32960,28464,3457,6606,5629,22126,0,10,4344,991,594,413,-450,-285,617,616,725,329,-514
03/01/2026,29,31538,33417,28909,3353,6606,4407,22126,0,12,4277,817,458,362,-450,-303,578,745,438,162,-514
03/01/2026,30,32979,34989,30238,3249,6606,2954,22126,0,12,4119,795,449,360,-450,-434,577,758,421,161,-514
03/01/2026,31,34509,36561,31626,3139,6606,1193,22126,0,13,4148,754,444,300,-450,-476,417,720,465,577,-513
03/01/2026,32,35570,37680,32565,3029,6606,164,22126,0,16,4246,751,446,302,-450,-531,414,742,472,613,-513
03/01/2026,33,37413,39522,34200,3043,6606,0,22126,0,14,3941,1060,501,792,-450,-531,843,1080,596,889,-514
03/01/2026,34,39028,41126,35771,3057,6606,0,22126,0,3,4158,1098,510,816,-450,-531,861,1131,605,916,-514
03/01/2026,35,40635,42736,37357,3072,6606,0,22126,0,6,4130,1337,691,1040,-450,-531,864,1238,626,1220,-514
03/01/2026,36,40792,42893,37495,3087,6606,0,22126,0,6,4201,1365,707,1049,-450,-531,864,1261,632,1244,-514
03/01/2026,37,40315,42418,37057,3115,6606,0,22126,0,8,4015,1152,831,1059,-450,-531,744,1382,796,1333,-514
03/01/2026,38,39661,41764,36379,3143,6606,0,22126,0,8,3999,1126,836,1059,-450,-531,739,1397,801,1340,-514
03/01/2026,39,38560,40671,35425,3156,6606,0,22126,0,17,4022,1222,713,1054,-450,-531,644,1397,597,1369,-513
03/01/2026,40,37427,39542,34416,3168,6606,0,22126,0,20,4143,1233,700,1054,-450,-531,642,1397,581,1371,-514
03/01/2026,41,36426,38538,33478,3169,6606,0,22126,0,17,3960,769,507,1008,-450,-531,920,1397,488,1307,-514
03/01/2026,42,35483,37596,32577,3170,6606,0,22126,0,18,4024,710,491,1007,-450,-531,931,1398,485,1302,-514
03/01/2026,43,34174,36285,31348,3115,6606,0,22126,0,15,4000,835,401,862,-450,-531,839,1397,568,1276,-515
03/01/2026,44,33242,35358,30507,3060,6606,0,22126,0,21,3911,851,395,857,-450,-531,835,1397,572,1273,-514
03/01/2026,45,31861,33975,29264,3037,6606,0,22126,0,19,3948,967,414,891,-450,-531,592,1397,525,1240,-514
03/01/2026,46,30599,32711,28089,3014,6606,0,22126,0,18,3907,981,416,892,-450,-531,583,1374,520,1223,-513
03/01/2026,47,28647,30792,26212,2990,6606,0,22126,0,50,4024,887,434,884,-450,-531,418,1079,439,705,-514
03/01/2026,48,27984,30329,25587,2966,6606,0,22126,0,285,3922,876,431,883,-450,-497,412,1037,432,671,-513
04/01/2026,1,27899,30100,25502,2890,6606,0,22126,0,287,3798,808,302,820,-438,-362,318,973,408,751,-514
04/01/2026,2,28661,30760,26377,2813,6606,0,22126,0,301,4025,800,295,817,-352,-333,314,966,406,759,-513
04/01/2026,3,28415,30906,26140,2748,6606,0,22126,0,469,3942,827,393,787,-437,-471,444,976,397,826,-514
04/01/2026,4,27714,30277,25473,2682,6606,0,22126,0,586,4040,830,400,786,-451,-412,449,976,397,830,-514
04/01/2026,5,27136,29655,24853,2630,6606,0,22126,0,528,3989,1043,419,712,-451,-426,476,965,397,797,-514
04/01/2026,6,26686,29252,24439,2577,6606,0,22126,0,611,3996,1069,418,709,-451,-391,477,965,395,789,-513
04/01/2026,7,26338,28884,24128,2505,6606,0,22126,0,562,3935,1090,365,763,-451,-420,506,982,348,608,-513
04/01/2026,8,25673,28255,23440,2433,6606,0,22126,0,641,3927,1092,363,766,-451,-377,506,974,346,591,-513
04/01/2026,9,25302,28088,23099,2373,6606,0,22126,0,878,4090,875,399,709,-451,-344,522,843,382,420,-513
04/01/2026,10,25041,27757,22784,2313,6606,0,22126,0,882,4053,848,402,707,-451,-269,523,822,386,407,-514
04/01/2026,11,25008,27568,22712,2252,6606,0,22126,0,879,4149,653,420,443,-451,-117,476,768,423,365,-513
04/01/2026,12,24847,27304,22638,2190,6606,0,22126,0,831,4226,629,418,432,-451,-62,474,766,423,361,-513
04/01/2026,13,25496,27502,23251,2145,6606,0,22126,0,305,4135,465,303,451,-436,-151,302,833,306,355,-514
04/01/2026,14,26222,28365,23853,2099,6606,0,22126,0,277,3932,444,289,433,-450,-302,296,812,295,347,-514
04/01/2026,15,27262,29396,24824,2065,6606,0,22126,0,277,3888,301,91,2,-450,-293,382,439,173,89,-514
04/01/2026,16,28103,30187,25616,2031,6606,0,22126,0,237,3765,284,81,0,-450,-283,385,420,168,70,-514
04/01/2026,17,29561,31476,26832,1994,6606,5,22126,0,12,3676,573,197,140,-450,-339,283,769,294,43,-514
04/01/2026,18,30937,32962,28153,1956,6606,344,22126,0,9,3860,610,220,157,-450,-452,280,842,316,51,-514
04/01/2026,19,32574,34595,29649,1958,6606,1614,22126,0,8,3496,1211,726,772,-450,-449,623,1216,813,406,-514
04/01/2026,20,32700,34794,29643,1959,6606,3367,22126,0,6,3222,1287,763,806,-450,-524,636,1242,843,436,-514
04/01/2026,21,33028,35128,29876,1843,6606,4862,22126,0,5,3273,1375,863,1015,-450,-531,785,982,776,646,-514
04/01/2026,22,32950,35050,29707,1726,6606,5872,22126,0,5,3256,1386,867,1022,-450,-531,790,939,768,662,-514
04/01/2026,23,32905,35005,29636,1641,6606,6680,22126,0,5,3149,1377,795,1046,-450,-531,562,801,688,680,-514
04/01/2026,24,32905,35005,29560,1555,6606,6837,22126,0,5,3130,1375,795,1046,-450,-531,554,787,689,686,-514
04/01/2026,25,34083,36183,30631,1589,6606,6874,22126,0,5,3177,1482,980,1046,-450,-531,910,823,892,771,-514
04/01/2026,26,34406,36506,30908,1623,6606,6519,22126,0,5,2966,1495,990,1046,-450,-531,924,801,905,771,-514
04/01/2026,27,34673,36773,31170,1586,6606,5812,22126,0,5,3128,1476,923,902,-450,-531,857,481,901,536,-514
04/01/2026,28,35382,37482,31746,1548,6606,4988,22126,0,5,2861,1471,912,889,-450,-531,849,413,897,516,-514
04/01/2026,29,35725,37825,32131,1514,6606,3717,22126,0,5,3012,1129,649,296,-450,-531,333,50,745,372,-514
04/01/2026,30,36933,39035,33373,1479,6606,2338,22126,0,7,2945,1085,620,264,-450,-531,308,4,734,351,-514
04/01/2026,31,38169,40399,34646,1530,6606,1055,22126,0,9,2996,677,243,113,-450,-531,-81,-3,692,-42,-514
04/01/2026,32,39516,41789,35755,1581,6606,170,22126,0,14,2960,627,217,107,-450,-531,-96,-1,681,-67,-514
04/01/2026,33,41181,43289,37259,1674,6606,0,22126,0,12,2984,638,203,234,-450,-531,56,38,367,-1,-514
04/01/2026,34,42613,44719,38611,1767,6606,0,22126,0,11,2834,640,203,239,-450,-531,61,61,346,0,-514
04/01/2026,35,43213,45316,39252,1774,6606,0,22126,0,8,2625,517,221,183,-450,-531,204,289,291,41,-514
04/01/2026,36,43377,45477,39505,1781,6606,0,22126,0,5,2686,501,221,181,-450,-531,209,324,288,44,-514
04/01/2026,37,42781,44880,38983,1802,6606,0,22126,0,4,2774,435,181,150,-450,-531,84,397,273,0,-514
04/01/2026,38,41587,43687,37862,1822,6606,0,22126,0,5,2617,428,173,149,-450,-531,80,408,267,7,-514
04/01/2026,39,40613,42728,36982,1909,6606,0,22126,0,11,3083,231,0,103,-450,-531,-9,442,83,338,-514
04/01/2026,40,39889,42024,36278,1996,6606,0,22126,0,12,2896,207,-14,102,-450,-531,-14,417,68,363,-514
04/01/2026,41,38942,41301,35438,1941,6606,0,22126,0,12,2989,198,-38,102,-450,-531,-125,43,-89,406,-514
04/01/2026,42,37592,39982,34165,1885,6606,0,22126,0,12,2884,197,-50,102,-450,-531,-129,-4,-100,409,-514
04/01/2026,43,35837,38885,32579,1834,6606,0,22126,0,12,3174,-68,-400,2,-450,-531,-276,-4,-193,393,-514
04/01/2026,44,34628,37747,31618,1783,6606,0,22126,0,12,3287,-98,-428,0,-450,-531,-281,-4,-202,370,-513
04/01/2026,45,32813,36952,29958,1751,6606,0,22126,0,11,3371,-283,-538,-248,-450,-471,-272,-4,-342,-406,-514
04/01/2026,46,31098,35193,28320,1719,6606,0,22126,0,25,3487,-308,-541,-270,-448,-321,-272,-2,-342,-461,-505
04/01/2026,47,29311,33890,26633,1714,6606,0,22126,0,586,3628,-663,-372,-482,-380,-177,-268,12,-24,-515,-512
04/01/2026,48,28262,33323,25715,1709,6606,0,22126,0,1225,3483,-708,-357,-490,-298,-86,-268,24,-1,-517,-511
05/01/2026,1,28743,33869,26241,1710,6606,0,22126,0,1216,3533,-758,-221,-535,-422,-187,-236,152,70,-438,-513
05/01/2026,2,29345,34414,26899,1710,6606,0,22126,0,1205,3720,-764,-212,-536,-451,-120,-235,164,73,-432,-514
05/01/2026,3,28993,34138,26481,1696,6606,0,22126,0,1210,3782,-794,-202,-486,-451,-218,-252,111,30,-418,-514
05/01/2026,4,28692,33798,26211,1681,6606,0,22126,0,1193,3930,-798,-208,-484,-451,-189,-253,98,28,-416,-514
05/01/2026,5,28164,33531,25664,1679,6606,0,22126,0,1191,3679,-830,-449,-544,-451,-283,-143,7,39,-362,-514
05/01/2026,6,27767,33090,25285,1676,6606,0,22126,0,1193,3562,-834,-462,-547,-451,-216,-139,-4,39,-363,-514
05/01/2026,7,27386,32891,24914,1616,6606,0,22126,0,1183,3511,-909,-338,-573,-451,-265,-122,-4,37,-546,-514
05/01/2026,8,27053,32619,24517,1556,6606,0,22126,0,1173,3273,-918,-338,-574,-451,-288,-121,-31,26,-558,-514
05/01/2026,9,26844,33442,24319,1583,6606,0,22126,0,1171,3619,-1072,-623,-636,-451,-185,-120,-371,-368,-487,-514
05/01/2026,10,26823,33597,24266,1610,6606,0,22126,0,1164,3359,-1091,-652,-638,-433,-214,-135,-444,-407,-497,-499
05/01/2026,11,27166,35504,24639,1609,6606,0,22126,0,586,3699,-1126,-1003,-573,-303,-80,-883,-829,-922,-1037,-396
05/01/2026,12,28158,36062,25498,1607,6606,0,22126,0,80,4057,-1129,-1027,-571,-205,0,-917,-879,-951,-1074,-471
05/01/2026,13,30797,37367,27979,1648,6606,0,22126,0,18,4160,-867,-1027,-493,-99,0,-294,-904,-801,-1068,-399
05/01/2026,14,33362,40016,30362,1688,6606,0,22126,0,18,3972,-834,-1025,-477,-212,0,-263,-879,-793,-1065,-488
05/01/2026,15,36112,41459,32660,1759,6606,0,22126,0,18,3776,-379,-936,-107,-257,0,-168,-519,-868,-1051,-444
05/01/2026,16,38195,43559,34514,1829,6606,0,22126,0,16,3424,-322,-916,-104,-398,0,-165,-444,-855,-1036,-508
05/01/2026,17,40380,43608,36476,1771,6606,1,22126,0,14,3171,-215,-435,-2,-437,-62,-75,-67,-255,-553,-513
05/01/2026,18,41209,44305,37300,1713,6606,248,22126,0,14,3069,-203,-394,0,-343,-212,-72,-11,-208,-525,-514
05/01/2026,19,42771,45768,38710,1677,6606,1189,22126,0,14,3087,-158,-107,-99,-430,-364,-3,99,105,-708,-514
05/01/2026,20,42772,45920,38597,1641,6606,2670,22126,0,14,2981,-153,-104,-104,-451,-483,0,122,121,-725,-514
05/01/2026,21,42138,45955,37983,1574,6606,4305,22126,0,11,2623,-250,-717,135,-451,-393,110,240,8,-881,-514
05/01/2026,22,41328,45235,37359,1506,6606,5502,22126,0,12,1966,-261,-764,155,-450,-411,113,249,5,-895,-514
05/01/2026,23,40757,44941,36808,1443,6606,6497,22126,0,13,1640,298,-963,2,-450,-405,-211,176,164,-1028,-514
05/01/2026,24,40400,44690,36410,1380,6606,7100,22126,0,13,1294,390,-975,0,-451,-481,-221,156,169,-1035,-514
05/01/2026,25,40672,44760,36526,1413,6606,7337,22126,0,13,1273,-256,-935,0,-451,-388,230,14,10,-931,-514
05/01/2026,26,40513,44823,36409,1445,6606,7179,22126,0,13,1318,-355,-930,-38,-451,-479,250,-4,8,-926,-514
05/01/2026,27,40721,45149,36646,1412,6606,6690,22126,0,13,1298,215,-830,-546,-451,-461,344,-4,282,-1009,-514
05/01/2026,28,40684,44975,36557,1378,6606,5926,22126,0,13,1217,302,-826,-547,-450,-321,347,-4,297,-1016,-514
05/01/2026,29,40698,45102,36609,1380,6606,4747,22126,0,13,1259,142,-919,-475,-451,-365,197,-4,182,-1063,-514
05/01/2026,30,40915,45314,36830,1381,6606,3168,22126,0,13,1280,122,-901,-484,-451,-372,192,26,170,-1067,-511
05/01/2026,31,41732,45497,37555,1424,6606,1351,22126,0,12,1524,117,-16,-855,-450,-221,-27,400,10,-1089,-495
05/01/2026,32,43162,46821,38962,1466,6606,211,22126,0,1,1808,116,44,-769,-451,-206,-35,476,0,-1084,-513
05/01/2026,33,44967,47547,40568,1523,6606,0,22126,0,1,1937,115,-1,94,-450,-233,220,850,0,-781,-514
05/01/2026,34,46408,49053,41887,1580,6606,0,22126,0,4,2218,115,-4,102,-393,-372,231,926,0,-758,-514
05/01/2026,35,47382,50101,42669,1577,6606,0,22126,0,0,2271,9,-4,204,-446,-508,616,1299,0,-647,-514
05/01/2026,36,47172,49989,42559,1574,6606,0,22126,0,0,2532,-1,-3,203,-451,-531,628,1340,0,-650,-514
05/01/2026,37,46470,49769,42046,1550,6606,0,22126,0,0,2695,452,67,-102,-451,-531,200,1271,0,-1064,-514
05/01/2026,38,46324,49636,41965,1525,6606,0,22126,0,0,2575,498,77,-104,-450,-531,181,1254,0,-1093,-514
05/01/2026,39,45147,48449,40884,1501,6606,0,22126,0,0,2792,197,278,-2,-450,-531,-15,1146,46,-1093,-514
05/01/2026,40,43637,46877,39468,1476,6606,0,22126,0,4,2535,164,300,0,-450,-531,-21,1103,57,-1053,-514
05/01/2026,41,42275,44358,38190,1497,6606,0,22126,0,13,2098,500,578,0,-450,-493,289,748,305,1,-514
05/01/2026,42,41241,43301,37165,1517,6606,0,22126,0,17,1910,541,590,0,-450,-479,301,675,318,89,-514
05/01/2026,43,40318,42428,36389,1530,6606,0,22126,0,15,2247,195,304,196,-450,-531,529,299,224,326,-514
05/01/2026,44,37806,39931,34016,1543,6606,0,22126,0,17,1658,149,275,208,-450,-531,533,236,210,286,-527
05/01/2026,45,35424,39329,31919,1485,6606,0,22126,0,17,1801,-286,-80,-428,-450,-531,71,23,-64,-935,-514
05/01/2026,46,33726,37933,30422,1427,6606,0,22126,0,20,1514,-360,-121,-489,-450,-531,50,-5,-80,-1037,-514
05/01/2026,47,31773,37324,28596,1376,6606,0,22126,0,544,1140,-679,-715,-402,-441,-498,-288,-6,-7,-857,-514
05/01/2026,48,30683,36650,27768,1325,6606,0,22126,0,1114,891,-720,-742,-399,-356,-374,-301,-6,-1,-840,-514
06/01/2026,1,31394,36493,28419,1337,6606,0,22126,0,942,626,-674,-211,-447,-361,-403,-254,-6,35,-663,-538
06/01/2026,2,31579,36947,28671,1349,6606,0,22126,0,1392,663,-668,-187,-449,-361,-288,-252,-6,37,-651,-514
06/01/2026,3,31232,37161,28429,1254,6606,0,22126,0,1384,677,-530,-641,-484,-361,-316,-445,-6,14,-648,-514
06/01/2026,4,30689,36119,27915,1159,6606,0,22126,0,966,572,-513,-667,-485,-361,-218,-452,-7,11,-647,-514
06/01/2026,5,30158,35377,27371,1107,6606,0,22126,0,838,358,-600,-478,-498,-361,-166,-477,-7,-46,-634,-514
06/01/2026,6,29972,34920,27222,1055,6606,0,22126,0,598,131,-611,-470,-498,-335,-138,-478,-19,-51,-636,-514
06/01/2026,7,29441,34857,26750,1015,6606,0,22126,0,553,366,-614,-660,-579,-330,-33,-502,-173,-94,-764,-514
06/01/2026,8,29124,35267,26417,975,6606,0,22126,0,1257,151,-615,-674,-582,-330,0,-503,-221,-104,-768,-489
06/01/2026,9,28829,35832,26059,954,6606,0,22126,0,1162,532,-695,-710,-734,-295,-14,-844,-603,-360,-619,-367
06/01/2026,10,28925,36146,26127,933,6606,0,22126,0,1194,999,-705,-715,-741,-228,-111,-857,-681,-382,-618,-389
06/01/2026,11,29041,36754,26280,926,6606,0,22126,0,980,1400,-994,-807,-789,-83,-22,-558,-1069,-573,-974,-264
06/01/2026,12,29691,36994,26889,918,6606,0,22126,0,692,1710,-1031,-818,-751,0,-43,-547,-1136,-588,-982,-115
06/01/2026,13,32404,38051,29447,970,6606,0,22126,0,144,2045,-1028,-976,-112,68,-2,-351,-1367,-691,-376,27
06/01/2026,14,34593,40023,31573,1021,6606,0,22126,0,17,2698,-1024,-967,-105,137,0,-342,-1365,-677,-333,65
06/01/2026,15,37991,40476,34725,1094,6606,0,22126,0,7,2406,-153,-247,-209,18,0,60,-971,29,-236,-62
06/01/2026,16,39949,42294,36560,1167,6606,0,22126,0,0,2703,-58,-202,-213,0,0,77,-892,74,-216,-164
06/01/2026,17,41482,43150,37862,1212,6606,5,22126,0,0,2988,-26,-337,322,0,0,208,-506,32,237,-199
06/01/2026,18,42672,44302,38916,1256,6606,284,22126,0,0,3206,-21,-344,433,0,0,216,-428,34,268,-237
06/01/2026,19,43688,45092,39825,1278,6606,1026,22126,0,13,3035,127,-265,806,-64,-26,652,-51,176,268,-385
06/01/2026,20,43616,45058,39686,1300,6606,1797,22126,0,13,2835,177,-259,852,-112,0,671,-4,182,268,-454
06/01/2026,21,42957,44571,39118,1391,6606,2216,22126,0,15,2918,64,-230,839,-253,0,511,-4,83,245,-512
06/01/2026,22,41921,43628,38131,1482,6606,2847,22126,0,17,2668,48,-222,837,-350,0,504,-4,77,233,-514
06/01/2026,23,41764,43411,37987,1566,6606,3274,22126,0,17,2573,-77,-18,764,-359,26,124,-4,52,-126,-446
06/01/2026,24,41768,43155,38041,1650,6606,3579,22126,0,15,3056,-103,0,736,-211,-16,109,-4,50,-144,-294
06/01/2026,25,42223,43343,38573,1760,6606,3354,22126,0,13,3796,-15,101,339,-200,-145,201,-4,50,134,-143
06/01/2026,26,42691,43916,39120,1869,6606,2970,22126,0,12,4069,-1,105,338,-305,-294,204,-13,49,165,6
06/01/2026,27,42188,43721,38450,2065,6606,2725,22126,0,14,3762,-1,-35,353,-431,-324,283,-128,43,548,132
06/01/2026,28,42148,43817,38515,2260,6606,2204,22126,0,64,3883,-1,-44,347,-450,-356,286,-154,42,565,124
06/01/2026,29,41930,43688,38375,2415,6606,1646,22126,0,11,3851,-45,-10,140,-450,-327,130,-315,12,202,69
06/01/2026,30,41888,43539,38423,2570,6606,1110,22126,0,8,4131,-56,-8,121,-450,-192,125,-337,11,187,176
06/01/2026,31,42458,44453,39020,2853,6606,487,22126,0,11,4066,-215,-5,-233,-450,-120,75,-361,11,609,157
06/01/2026,32,43520,45415,39939,3135,6606,102,22126,0,12,4153,-258,-11,-233,-431,-10,74,-340,7,645,200
06/01/2026,33,44203,45919,40492,3290,6606,0,22126,0,12,4299,-293,-259,-112,-303,0,343,-41,-96,818,200
06/01/2026,34,45344,47091,41522,3444,6606,0,22126,0,98,4189,-308,-278,-104,-232,-12,353,-5,-110,826,200
06/01/2026,35,45444,47861,41627,3548,6606,0,22126,0,321,4150,-446,-335,414,-216,-108,265,-7,-384,664,147
06/01/2026,36,45234,47454,41399,3652,6606,0,22126,0,318,4300,-465,-342,496,-66,-20,262,-8,-401,642,17
06/01/2026,37,44580,47360,40902,3720,6606,0,22126,0,327,4315,-827,-460,589,-81,54,263,-17,-400,269,-68
06/01/2026,38,43768,46929,40240,3788,6606,0,22126,0,327,4376,-874,-474,595,-224,10,262,-44,-400,244,-218
06/01/2026,39,42473,46397,39053,3857,6606,0,22126,0,322,4480,-965,-689,814,-166,0,-45,-372,-400,412,-365
06/01/2026,40,41633,45528,38273,3925,6606,0,22126,0,320,4397,-978,-704,823,-112,0,-57,-386,-405,410,-333
06/01/2026,41,39798,43941,36556,3978,6606,0,22126,0,321,4317,-1404,-703,787,-155,0,170,-46,-606,-127,-181
06/01/2026,42,38446,42410,35260,4031,6606,0,22126,0,317,4502,-1465,-701,786,-23,0,178,-4,-610,-163,-81
06/01/2026,43,37213,40560,34028,4021,6606,0,22126,0,318,4550,-1188,-612,915,9,0,-152,-4,-310,-163,35
06/01/2026,44,35211,38516,32026,4011,6606,0,22126,0,321,4475,-1152,-610,919,49,0,-165,-5,-287,-165,175
06/01/2026,45,32931,36224,30098,3912,6606,0,22126,0,318,4404,-939,-748,842,0,0,-329,-8,-139,-212,146
06/01/2026,46,30954,34361,28339,3813,6606,0,22126,0,478,4323,-913,-741,796,0,0,-335,22,-129,-211,43
06/01/2026,47,28472,31773,26157,3832,6606,0,22126,0,1424,3807,-558,-163,112,-56,0,-258,397,-123,-51,-68
06/01/2026,48,27469,30807,25238,3851,6606,0,22126,0,1564,3684,-506,-125,102,-11,0,-255,464,-122,-39,-116
07/01/2026,1,27936,30653,25744,3848,6606,0,22126,0,1553,3402,3,-178,308,0,0,-55,730,-122,-1,-208
07/01/2026,2,28695,31339,26588,3844,6606,0,22126,0,1546,3645,40,-180,325,0,0,-48,759,-120,0,-150
07/01/2026,3,28287,31070,26290,3858,6606,0,22126,0,1549,3710,77,-123,344,-31,0,-172,701,-60,55,-248
07/01/2026,4,27394,30118,25497,3871,6606,0,22126,0,1534,3894,105,-119,345,-16,0,-176,704,-55,62,-224
07/01/2026,5,26863,29589,25075,3915,6606,0,22126,0,1526,3820,300,-113,262,-117,0,-20,846,17,42,-350
07/01/2026,6,26732,29512,24983,3959,6606,0,22126,0,1519,3872,324,-115,259,-45,0,-15,834,20,43,-486
07/01/2026,7,26463,29508,24722,3976,6606,0,22126,0,1452,3820,275,-195,488,-138,0,-54,462,-92,166,-514
07/01/2026,8,26098,29204,24449,3993,6606,0,22126,0,1508,3847,268,-203,497,-125,0,-56,391,-100,181,-514
07/01/2026,9,25526,29053,23856,3961,6606,0,22126,0,1505,3847,-189,-301,418,-171,0,-154,73,-136,410,-471
07/01/2026,10,25577,29005,23828,3929,6606,0,22126,0,1464,3959,-265,-315,415,-160,0,-158,53,-142,424,-324
07/01/2026,11,25934,29690,24109,3929,6606,0,22126,0,1060,4050,-564,-593,278,-29,0,-457,290,-250,345,-203
07/01/2026,12,26452,30776,24602,3928,6606,0,22126,0,1348,3844,-602,-620,273,-114,0,-468,299,-263,336,-309
07/01/2026,13,28777,33863,26781,3900,6606,0,22126,0,999,3794,-1172,-896,535,-188,-68,-243,29,-497,241,-423
07/01/2026,14,31732,36991,29482,3872,6606,0,22126,0,687,3451,-1235,-906,546,-322,-221,-235,-34,-507,232,-512
07/01/2026,15,35353,39201,32794,3967,6606,0,22126,0,73,3478,-265,-601,807,-301,-372,-391,-411,-323,193,-511
07/01/2026,16,37230,41138,34380,4061,6606,0,22126,0,22,3352,-134,-577,818,-417,-508,-397,-428,-312,194,-513
07/01/2026,17,38770,42195,35733,3997,6606,7,22126,0,209,3497,57,-483,698,-451,-531,-261,-51,-325,344,-514
07/01/2026,18,39380,42636,36326,3932,6606,388,22126,0,121,4204,67,-468,693,-451,-531,-255,7,-316,361,-514
07/01/2026,19,40454,42757,37189,3850,6606,1429,22126,0,15,4122,-26,-166,723,-451,-531,7,138,51,611,-514
07/01/2026,20,40164,42456,36775,3768,6606,2394,22126,0,14,4090,-36,-146,723,-451,-531,12,158,72,630,-514
07/01/2026,21,39425,42307,35963,3668,6606,3180,22126,0,14,3649,-100,-156,411,-451,-531,-480,210,-36,680,-514
07/01/2026,22,38497,41418,34968,3567,6606,4411,22126,0,14,3353,-105,-162,400,-451,-531,-496,220,-48,688,-514
07/01/2026,23,37658,40955,34086,3505,6606,5246,22126,0,9,2861,-666,-316,807,-451,-531,79,253,-210,859,-514
07/01/2026,24,37052,40439,33478,3443,6606,5867,22126,0,9,2367,-734,-324,824,-451,-531,107,270,-224,878,-514
07/01/2026,25,37149,40030,33522,3334,6606,5640,22126,0,9,1954,-230,-200,696,-451,-531,40,434,-346,1114,-514
07/01/2026,26,37108,39916,33410,3225,6606,5385,22126,0,8,1108,-165,-191,692,-451,-531,37,460,-348,1128,-514
07/01/2026,27,37520,40107,33795,3106,6606,4986,22126,0,145,520,-59,-137,919,-451,-531,32,524,-150,1007,-514
07/01/2026,28,37666,40243,33849,2986,6606,4391,22126,0,163,31,-46,-133,928,-451,-531,32,555,-139,991,-514
07/01/2026,29,38343,41116,34445,2842,6606,3234,22126,0,164,-261,-192,-126,687,-451,-531,86,844,-195,831,-514
07/01/2026,30,39175,41963,35212,2697,6606,2002,22126,0,164,-6,-213,-128,682,-451,-531,88,909,-187,823,-514
07/01/2026,31,40148,43013,36194,2516,6606,971,22126,0,165,-266,-402,-202,1046,-451,-531,331,1282,241,977,-514
07/01/2026,32,41270,44001,37249,2334,6606,162,22126,0,10,-318,-424,-201,1062,-451,-531,349,1333,266,984,-514
07/01/2026,33,43138,45242,38964,2156,6606,0,22126,0,8,-179,250,38,1043,-451,-531,965,1390,194,824,-514
07/01/2026,34,44539,46647,40183,1978,6606,0,22126,0,12,8,436,52,1043,-451,-531,997,1398,185,815,-514
07/01/2026,35,45035,47089,40611,1801,6606,0,22126,0,8,116,459,-9,1068,-451,-472,816,1397,21,924,-514
07/01/2026,36,45281,47256,40878,1623,6606,0,22126,0,7,252,474,-9,1069,-451,-394,810,1397,15,942,-514
07/01/2026,37,45238,47251,40782,1533,6606,0,22126,0,7,153,804,137,1066,-448,-444,967,1398,190,1332,-514
07/01/2026,38,44280,46132,39939,1442,6606,0,22126,0,9,193,841,157,1065,-378,-351,972,1397,202,1360,-514
07/01/2026,39,44047,46054,39807,1367,6606,0,22126,0,10,301,1264,532,1063,-446,-437,922,1397,246,1417,-514
07/01/2026,40,42795,44715,38642,1291,6606,0,22126,0,10,-152,1267,554,1063,-452,-344,920,1397,245,1425,-514
07/01/2026,41,41660,43498,37676,1184,6606,0,22126,0,9,-396,908,418,1018,-452,-263,852,1398,108,1425,-514
07/01/2026,42,40297,42109,36403,1077,6606,0,22126,0,12,-505,858,388,1016,-451,-236,849,1397,96,1424,-513
07/01/2026,43,37773,40081,33982,1015,6606,0,22126,0,14,-294,133,-356,945,-451,-345,737,1397,-28,1401,-514
07/01/2026,44,36367,38586,32725,953,6606,0,22126,0,12,-227,89,-407,943,-448,-232,732,1397,-36,1397,-484
07/01/2026,45,34433,36747,30968,925,6606,0,22126,0,13,-223,-222,-390,926,-451,-152,372,1397,19,1321,-486
07/01/2026,46,32822,34954,29582,896,6606,0,22126,0,16,-318,-213,-373,925,-451,-32,358,1368,36,1297,-447
07/01/2026,47,31312,33321,28141,877,6606,0,22126,0,413,-849,170,195,807,-451,-65,182,994,492,657,-480
07/01/2026,48,30020,32345,26847,858,6606,0,22126,0,544,-892,230,241,802,-451,-216,175,932,521,618,-514
08/01/2026,1,30015,32475,26888,850,6606,0,22126,0,594,-931,1029,483,842,-385,-367,360,736,556,835,-514
08/01/2026,2,30705,33248,27684,842,6606,0,22126,0,593,-634,1062,505,844,-331,-505,366,713,562,848,-514
08/01/2026,3,30315,32885,27374,855,6606,0,22126,0,593,-714,934,666,803,-332,-531,286,724,685,774,-514
08/01/2026,4,29377,32151,26519,868,6606,0,22126,0,797,-899,945,683,802,-332,-531,283,719,697,762,-514
08/01/2026,5,29062,31886,26226,875,6606,0,22126,0,848,-621,1172,890,720,-331,-531,270,643,826,514,-514
08/01/2026,6,28576,31404,25801,881,6606,0,22126,0,852,-544,1200,904,716,-331,-531,269,643,835,484,-514
08/01/2026,7,27894,30710,25160,874,6606,0,22126,0,839,-477,1429,868,446,-332,-531,292,766,843,31,-514
08/01/2026,8,27238,30050,24568,867,6606,0,22126,0,835,-507,1437,867,417,-331,-531,291,772,843,-1,-514
08/01/2026,9,26838,29459,24232,840,6606,0,22126,0,420,-297,1298,918,2,-332,-531,-114,660,831,-110,-514
08/01/2026,10,27030,29470,24358,812,6606,0,22126,0,211,-261,1249,899,0,-332,-531,-131,617,821,-121,-514
08/01/2026,11,27356,29827,24636,749,6606,0,22126,0,72,138,332,80,-110,-398,-531,15,243,476,-234,-526
08/01/2026,12,28232,30719,25473,685,6606,0,22126,0,19,-16,283,30,-139,-452,-510,17,187,453,-253,-514
08/01/2026,13,30769,34434,27810,552,6606,0,22126,0,19,295,88,233,-581,-452,-401,-444,65,403,-655,-513
08/01/2026,14,33039,36802,29852,418,6606,0,22126,0,19,666,113,258,-574,-452,-462,-464,80,402,-678,-514
08/01/2026,15,36830,39691,33290,388,6606,0,22126,0,20,717,818,636,-121,-436,-500,-152,453,500,-518,-514
08/01/2026,16,38343,41096,34664,358,6606,0,22126,0,14,916,863,668,-109,-340,-531,-136,529,518,-509,-514
08/01/2026,17,39752,42402,35894,356,6606,0,22126,0,14,603,1213,899,101,-429,-531,328,902,900,-562,-514
08/01/2026,18,40547,43208,36628,353,6606,75,22126,0,8,519,1236,917,127,-452,-531,353,977,926,-556,-514
08/01/2026,19,42293,44566,38230,364,6606,367,22126,0,7,663,1497,986,660,-452,-516,841,1351,993,-184,-514
08/01/2026,20,42672,44946,38631,375,6606,727,22126,0,7,809,1496,988,621,-451,-527,864,1397,997,-175,-514
08/01/2026,21,41890,45109,37943,395,6606,959,22126,0,3,1045,1378,900,-406,-385,-531,609,1397,977,-780,-514
08/01/2026,22,41804,45151,37828,414,6606,1134,22126,0,3,1112,1375,897,-441,-445,-531,600,1398,976,-813,-514
08/01/2026,23,41923,44538,37883,443,6606,1107,22126,0,2,726,1503,986,-3,-451,-531,926,1397,996,-514,-514
08/01/2026,24,42480,44969,38468,471,6606,1031,22126,0,1,722,1507,992,0,-396,-531,939,1396,998,-473,-488
08/01/2026,25,43132,44876,38922,518,6606,932,22126,0,4,667,1506,992,701,-247,-531,1011,1383,998,259,-362
08/01/2026,26,42785,44404,38597,565,6606,759,22126,0,5,655,1506,992,848,-108,-531,1014,1352,998,286,-375
08/01/2026,27,42746,44684,38495,657,6606,590,22126,0,5,970,1507,992,604,-4,-531,871,978,999,-547,-250
08/01/2026,28,42830,44862,38524,748,6606,420,22126,0,5,902,1506,992,603,0,-531,866,902,999,-603,-268
08/01/2026,29,42177,44122,37854,950,6606,253,22126,0,5,755,1507,992,669,0,-531,752,530,999,-616,-193
08/01/2026,30,41912,43852,37676,1151,6606,125,22126,0,5,748,1506,992,621,0,-531,748,458,1000,-623,-181
08/01/2026,31,41492,43619,37348,1372,6606,27,22126,0,0,833,1506,992,3,-35,-531,862,127,999,-840,-121
08/01/2026,32,42221,44217,38066,1593,6606,3,22126,0,0,908,1506,992,0,0,-531,866,116,998,-858,-7
08/01/2026,33,43708,45919,39429,1811,6606,0,22126,0,0,871,1506,992,156,-54,-531,650,489,998,-977,-49
08/01/2026,34,44233,46520,39785,2029,6606,0,22126,0,1,558,1506,992,167,-35,-531,642,549,998,-980,-140
08/01/2026,35,44440,46778,39908,2248,6606,0,22126,0,0,304,1507,992,104,-150,-531,438,706,997,-765,-292
08/01/2026,36,44525,47130,40026,2467,6606,0,22126,0,0,46,1506,992,102,-300,-531,417,697,996,-749,-425
08/01/2026,37,44228,47269,39771,2620,6606,0,22126,0,0,-118,1471,990,304,-433,-531,-297,323,997,-702,-478
08/01/2026,38,44006,47028,39321,2773,6606,0,22126,0,2,-243,1467,988,321,-386,-531,-308,287,996,-696,-499
08/01/2026,39,43345,45864,38682,2859,6606,0,22126,0,10,-437,1437,910,383,-391,-531,632,404,967,-617,-370
08/01/2026,40,41341,43672,37166,2945,6606,0,22126,0,11,-233,1435,907,394,-319,-531,697,448,966,-606,-264
08/01/2026,41,40225,42596,36067,3013,6606,0,22126,0,9,-585,1497,987,966,-424,-531,985,820,995,-423,-384
08/01/2026,42,37920,40409,33886,3080,6606,0,22126,0,8,-600,1505,992,996,-451,-531,996,896,997,-395,-504
08/01/2026,43,36204,38294,32303,3136,6606,0,22126,0,11,-398,1505,992,1054,-451,-531,997,1270,998,169,-497
08/01/2026,44,34582,36535,30878,3192,6606,0,22126,0,13,-218,1505,992,1056,-440,-531,997,1286,997,222,-369
08/01/2026,45,32600,34479,29043,3205,6606,0,22126,0,12,-121,1506,992,867,-450,-513,996,913,997,723,-304
08/01/2026,46,30577,32104,27184,3217,6606,0,22126,0,12,2,1505,992,860,-358,-381,997,896,997,764,-176
08/01/2026,47,28692,30994,25357,3223,6606,0,22126,0,791,110,1505,992,999,-370,-370,997,1270,998,1010,-171
08/01/2026,48,27473,30335,24246,3229,6606,0,22126,0,981,172,1504,992,1003,-452,-507,997,1322,997,1027,-322
09/01/2026,1,27908,30939,24710,3236,6606,0,22126,0,979,358,1504,992,1004,-452,-531,997,1389,998,994,-469
09/01/2026,2,28573,31486,25417,3242,6606,0,22126,0,865,376,1504,993,1003,-452,-483,997,1397,998,991,-513
09/01/2026,3,28475,31420,25383,3253,6606,0,22126,0,972,343,1504,993,1004,-452,-407,997,1398,998,991,-514
09/01/2026,4,27956,31004,24920,3263,6606,0,22126,0,975,453,1504,993,1004,-452,-507,997,1397,998,991,-514
09/01/2026,5,27445,30514,24487,3127,6606,0,22126,0,972,333,1504,992,1003,-452,-531,997,1398,998,991,-514
09/01/2026,6,27155,30212,24303,2991,6606,0,22126,0,961,316,1504,992,1004,-452,-531,997,1397,998,991,-513
09/01/2026,7,26777,29699,24000,3019,6606,0,22126,0,826,435,1505,992,1003,-452,-531,997,1397,998,991,-513
09/01/2026,8,25967,29018,23255,3047,6606,0,22126,0,954,495,1505,992,1004,-452,-531,997,1397,998,991,-514
09/01/2026,9,25987,28879,23235,3032,6606,0,22126,0,796,528,1505,992,1003,-452,-531,997,1397,998,991,-513
09/01/2026,10,25758,28777,22927,3017,6606,0,22126,0,943,-33,1505,992,1004,-452,-510,997,1397,998,991,-514
09/01/2026,11,26521,29507,23603,2988,6606,0,22126,0,946,-76,1505,992,1004,-452,-475,987,1397,998,991,-513
09/01/2026,12,27449,30363,24487,2959,6606,0,22126,0,945,2,1504,991,1004,-452,-404,987,1397,995,991,-513
09/01/2026,13,29598,31925,26524,2917,6606,0,22126,0,414,99,1393,965,1004,-328,-450,798,1398,906,1024,-535
09/01/2026,14,32231,34296,28955,2875,6606,0,22126,0,18,-13,1379,962,1003,-403,-530,791,1397,900,1030,-514
09/01/2026,15,35450,37560,31905,2830,6606,0,22126,0,13,4,1124,925,781,-452,-531,690,1397,886,1150,-514
09/01/2026,16,37356,39466,33598,2785,6606,0,22126,0,13,-118,1093,923,773,-452,-531,686,1397,885,1160,-514
09/01/2026,17,38507,40617,34575,2745,6606,0,22126,0,13,-372,988,947,731,-452,-531,712,1397,895,1179,-514
09/01/2026,18,39588,41698,35590,2704,6606,38,22126,0,13,-277,976,949,730,-452,-531,714,1397,899,1184,-514
09/01/2026,19,41200,43311,37076,2661,6606,241,22126,0,14,-3,1445,990,993,-452,-531,1005,1397,991,1318,-514
09/01/2026,20,41705,43815,37557,2617,6606,500,22126,0,13,-34,1505,992,1003,-452,-531,1017,1397,998,1325,-514
09/01/2026,21,41936,44046,37764,2617,6606,788,22126,0,13,-96,1505,992,1004,-452,-531,1017,1397,998,1249,-514
09/01/2026,22,41754,43865,37559,2616,6606,1063,22126,0,14,-158,1505,992,1002,-452,-531,1017,1397,998,1241,-514
09/01/2026,23,41934,44046,37779,2572,6606,1334,22126,0,15,111,1505,992,1003,-452,-531,1017,1397,998,1253,-514
09/01/2026,24,41718,43830,37563,2527,6606,1486,22126,0,15,103,1505,992,1003,-452,-531,1017,1397,998,1254,-514
09/01/2026,25,42126,44237,37971,2498,6606,1570,22126,0,15,226,1505,992,1003,-451,-531,1016,1397,997,1274,-514
09/01/2026,26,41828,43937,37695,2469,6606,1531,22126,0,12,73,1506,992,1004,-452,-531,1016,1397,998,1278,-514
09/01/2026,27,41586,43693,37451,2448,6606,1344,22126,0,11,80,1506,992,1003,-451,-531,1016,1397,998,1372,-514
09/01/2026,28,41178,43286,37010,2426,6606,1297,22126,0,11,-78,1506,992,1003,-452,-531,1016,1397,998,1379,-514
09/01/2026,29,41327,43435,37245,2400,6606,992,22126,0,11,350,1506,992,963,-452,-531,966,1397,998,1359,-514
09/01/2026,30,40788,42896,36725,2374,6606,735,22126,0,11,399,1506,992,961,-452,-531,963,1397,998,1354,-514
09/01/2026,31,40873,42978,36784,2313,6606,400,22126,0,9,644,1507,992,1002,-451,-531,644,1397,998,1371,-514
09/01/2026,32,41530,43637,37426,2251,6606,104,22126,0,11,837,1507,992,1004,-451,-531,632,1397,998,1373,-514
09/01/2026,33,42164,44252,38046,2269,6606,0,22126,0,8,750,1507,992,783,-452,-531,689,1397,998,1419,-497
09/01/2026,34,43589,45630,39443,2287,6606,0,22126,0,4,1169,1507,987,775,-452,-531,692,1397,999,1422,-454
09/01/2026,35,44353,46316,40169,2251,6606,0,22126,0,4,1412,1506,809,762,-452,-531,985,1397,998,1422,-376
09/01/2026,36,44295,46294,40002,2214,6606,0,22126,0,4,1507,1505,798,761,-452,-531,996,1398,998,1422,-412
09/01/2026,37,43596,45600,39337,2211,6606,0,22126,0,4,1474,1194,798,820,-451,-531,712,1397,998,1421,-418
09/01/2026,38,42331,44280,38079,2207,6606,0,22126,0,6,1128,1155,803,823,-452,-531,701,1397,999,1422,-360
09/01/2026,39,41749,43700,37686,2140,6606,0,22126,0,9,1199,1467,980,945,-450,-531,552,1397,999,1422,-361
09/01/2026,40,40842,42929,36905,2073,6606,0,22126,0,12,1556,1507,993,950,-451,-531,547,1397,998,1422,-493
09/01/2026,41,39683,41791,35847,2018,6606,0,22126,0,12,1632,1506,992,1007,-451,-531,455,1397,998,1422,-514
09/01/2026,42,38198,40245,34428,1962,6606,0,22126,0,8,1629,1507,992,1009,-452,-528,455,1397,998,1422,-459
09/01/2026,43,37310,39181,33615,1922,6606,0,22126,0,7,1819,1442,960,1003,-452,-432,880,1397,991,1422,-380
09/01/2026,44,35488,37159,31948,1882,6606,0,22126,0,7,2016,1433,957,1003,-413,-283,898,1397,991,1422,-368
09/01/2026,45,33891,35567,30538,1825,6606,0,22126,0,7,1985,1451,934,1008,-451,-209,897,1397,995,1405,-409
09/01/2026,46,31969,33400,28755,1768,6606,0,22126,0,7,2021,1455,935,1009,-430,-62,897,1397,996,1390,-332
09/01/2026,47,30632,32198,27600,1668,6606,0,22126,0,106,1977,1489,988,1027,-446,-61,992,1397,998,1029,-353
09/01/2026,48,29827,31532,26873,1568,6606,0,22126,0,125,1804,1493,992,1029,-452,-32,996,1397,998,1002,-496
10/01/2026,1,29832,31572,26876,1495,6606,0,22126,0,125,1834,1504,992,1056,-452,-49,997,1397,997,990,-514
10/01/2026,2,30226,31848,27374,1421,6606,0,22126,0,127,2129,1505,992,1058,-381,-1,997,1397,998,989,-513
10/01/2026,3,29746,31265,26991,1379,6606,0,22126,0,126,2345,1506,992,1056,-279,0,997,1398,998,989,-514
10/01/2026,4,29364,30974,26739,1336,6606,0,22126,0,124,2335,1505,992,1054,-355,0,997,1397,998,989,-531
10/01/2026,5,28870,30695,26290,1323,6606,0,22126,0,361,2398,1505,992,1054,-350,0,997,1397,998,989,-514
10/01/2026,6,28377,30283,25790,1309,6606,0,22126,0,347,2272,1505,992,1054,-445,0,997,1397,998,989,-514
10/01/2026,7,27841,29889,25308,1287,6606,0,22126,0,482,2251,1505,992,1052,-452,0,997,1397,998,989,-514
10/01/2026,8,27539,29745,24996,1264,6606,0,22126,0,689,2385,1505,992,1052,-403,0,997,1397,999,989,-514
10/01/2026,9,27183,29378,24668,1237,6606,0,22126,0,639,2337,1505,992,1051,-442,0,997,1397,998,989,-514
10/01/2026,10,26703,28937,24148,1209,6606,0,22126,0,636,2101,1505,992,1051,-452,-32,997,1397,998,989,-514
10/01/2026,11,26559,28742,24015,1181,6606,0,22126,0,679,2167,1505,992,1051,-391,0,997,1397,998,989,-513
10/01/2026,12,26920,29063,24368,1153,6606,0,22126,0,644,2341,1505,992,1051,-385,0,997,1398,998,989,-514
10/01/2026,13,27638,29435,25058,1146,6606,0,22126,0,305,2172,1505,992,1051,-310,-68,997,1397,997,989,-514
10/01/2026,14,29107,30951,26500,1139,6606,0,22126,0,180,2208,1499,986,1050,-330,-220,997,1385,997,991,-514
10/01/2026,15,30318,32310,27563,1173,6606,0,22126,0,144,2321,1399,776,1047,-362,-372,831,1228,997,1084,-514
10/01/2026,16,31251,33396,28483,1206,6606,0,22126,0,74,2256,1397,767,1046,-449,-508,825,1221,997,1100,-514
10/01/2026,17,33265,35518,30264,1207,6606,9,22126,0,157,2032,1474,963,799,-451,-531,939,1378,952,1400,-514
10/01/2026,18,34695,36965,31549,1207,6606,430,22126,0,173,2390,1481,976,789,-452,-531,943,1397,951,1409,-514
10/01/2026,19,35314,37581,32062,1182,6606,1601,22126,0,170,2519,1505,991,706,-452,-531,938,1397,995,942,-514
10/01/2026,20,35753,37912,32463,1157,6606,3068,22126,0,62,2459,1505,992,704,-452,-531,938,1396,998,910,-514
10/01/2026,21,35686,37795,32312,1144,6606,4341,22126,0,13,2523,1505,992,932,-451,-531,777,1372,997,909,-514
10/01/2026,22,35251,37361,31874,1131,6606,5152,22126,0,13,2455,1505,992,941,-452,-531,771,1365,998,900,-514
10/01/2026,23,34817,36924,31471,1100,6606,5954,22126,0,10,2603,1482,992,658,-452,-531,777,1304,998,422,-514
10/01/2026,24,34491,36602,31214,1069,6606,6379,22126,0,14,2696,1482,992,646,-452,-531,777,1278,997,384,-514
10/01/2026,25,34338,36447,31085,1067,6606,6030,22126,0,13,2820,1487,992,506,-451,-531,507,1050,989,261,-514
10/01/2026,26,34482,36594,31229,1065,6606,6215,22126,0,15,2952,1485,992,500,-452,-531,495,992,988,241,-514
10/01/2026,27,34422,36666,31144,1131,6606,5668,22126,0,6,3011,1426,991,238,-451,-531,146,618,997,-142,-514
10/01/2026,28,34682,36972,31370,1196,6606,4655,22126,0,14,3049,1428,991,225,-451,-531,133,542,998,-180,-514
10/01/2026,29,35098,37793,31798,1185,6606,3741,22126,0,11,3069,1505,992,3,-452,-531,72,169,998,-587,-514
10/01/2026,30,35953,38646,32691,1174,6606,2398,22126,0,13,3134,1507,992,0,-451,-531,70,114,999,-626,-472
10/01/2026,31,36607,39736,33408,1163,6606,1051,22126,0,16,3261,1507,992,-105,-451,-511,98,9,999,-1065,-381
10/01/2026,32,37435,40435,34190,1151,6606,238,22126,0,14,3331,1507,992,-110,-452,-377,99,0,998,-1095,-352
10/01/2026,33,39084,41684,35720,1203,6606,2,22126,0,9,3382,1507,992,95,-433,-226,27,51,999,-1088,-244
10/01/2026,34,40457,42957,36975,1255,6606,0,22126,0,0,3650,1494,988,102,-451,-93,24,87,998,-1062,-294
10/01/2026,35,42264,43748,38715,1298,6606,0,22126,0,7,3873,1189,858,572,-449,-1,82,458,999,-160,-267
10/01/2026,36,42619,43839,39163,1340,6606,0,22126,0,8,3999,1146,842,642,-347,0,84,524,988,-96,-169
10/01/2026,37,41963,42911,38641,1396,6606,0,22126,0,8,4310,539,592,381,-221,-45,146,771,584,-2,-72
10/01/2026,38,41395,42153,38176,1451,6606,0,22126,0,8,4266,533,570,359,-70,-78,148,775,550,-2,68
10/01/2026,39,39978,40778,36927,1604,6606,0,22126,0,16,4584,1029,397,2,68,62,198,436,266,-184,189
10/01/2026,40,39164,39973,36317,1756,6606,0,22126,0,14,4638,1043,379,0,189,159,200,368,243,-195,200
10/01/2026,41,37767,38493,35131,1890,6606,0,22126,0,71,4504,511,189,106,200,36,7,37,51,-55,200
10/01/2026,42,36953,37762,34448,2023,6606,0,22126,0,168,4503,440,174,112,200,0,0,-4,38,-37,200
10/01/2026,43,35682,36647,33396,2190,6606,0,22126,0,166,4266,203,78,522,200,50,-195,-4,48,257,200
10/01/2026,44,34181,35152,32159,2357,6606,0,22126,0,165,4327,173,71,546,200,182,-202,-4,48,282,200
10/01/2026,45,32051,33078,30180,2548,6606,0,22126,0,166,4426,-61,46,661,200,202,-196,-4,28,462,200
10/01/2026,46,30078,31142,28311,2738,6606,0,22126,0,165,4411,-103,51,615,200,202,-196,26,35,463,200
10/01/2026,47,28288,29052,26604,2907,6606,0,22126,0,164,4314,282,306,3,200,203,49,400,324,30,200
10/01/2026,48,27322,28088,25720,3075,6606,0,22126,0,166,4193,345,328,0,200,203,58,452,343,3,200
11/01/2026,1,27544,28574,26010,3196,6606,0,22126,0,430,4077,457,450,447,200,202,247,523,355,203,200
11/01/2026,2,27955,28996,26614,3317,6606,0,22126,0,441,4102,471,456,509,200,202,253,546,354,221,200
11/01/2026,3,27490,28532,26238,3472,6606,0,22126,0,442,3924,366,421,749,200,203,161,732,282,309,200
11/01/2026,4,26772,27819,25662,3627,6606,0,22126,0,447,3965,353,419,709,200,203,158,725,281,308,200
11/01/2026,5,25683,27053,24664,3824,6606,0,22126,0,712,4006,252,453,105,200,203,-58,353,410,18,200
11/01/2026,6,25498,26896,24555,4020,6606,0,22126,0,726,4097,239,452,102,200,203,-67,286,415,-5,200
11/01/2026,7,24578,26785,23706,4226,6606,0,22126,0,722,4085,254,336,-283,200,203,-418,28,297,-184,200
11/01/2026,8,24136,26482,23239,4431,6606,0,22126,0,785,4234,256,325,-316,200,202,-432,-4,287,-209,200
11/01/2026,9,23441,26794,22664,4516,6606,0,22126,0,775,4582,60,225,-783,200,203,-515,-4,220,-676,200
11/01/2026,10,23151,26599,22295,4600,6606,0,22126,0,781,4457,35,212,-806,200,203,-518,-34,214,-709,200
11/01/2026,11,22626,26678,21657,4671,6606,0,22126,0,786,4221,-146,-18,-734,200,202,-581,-411,154,-776,200
11/01/2026,12,22456,26605,21459,4741,6606,0,22126,0,786,4362,-171,-29,-732,200,203,-584,-467,152,-780,172
11/01/2026,13,23004,27236,22009,4812,6606,0,22126,0,775,4603,7,160,-899,200,203,-627,-578,216,-753,200
11/01/2026,14,23438,27415,22467,4882,6606,0,22126,0,514,4550,21,177,-906,200,202,-629,-576,219,-752,200
11/01/2026,15,24395,28184,23385,4974,6606,0,22126,0,191,4494,49,312,-939,200,203,-892,-389,172,-778,200
11/01/2026,16,24871,28631,23804,5066,6606,0,22126,0,173,4418,57,323,-939,200,203,-902,-359,169,-787,200
11/01/2026,17,27013,30799,25695,5133,6606,3,22126,0,172,4330,557,412,-910,200,203,-793,-270,202,-1041,200
11/01/2026,18,28184,31975,26600,5199,6606,88,22126,0,177,4213,623,430,-910,173,202,-786,-264,219,-1054,200
11/01/2026,19,30282,33334,28500,5277,6606,270,22126,0,177,4168,1399,854,-708,57,203,-338,-329,734,-900,200
11/01/2026,20,31503,34499,29580,5354,6606,405,22126,0,176,4184,1498,886,-700,0,203,-318,-319,774,-883,200
11/01/2026,21,32936,34970,30857,5363,6606,619,22126,0,177,4172,1507,985,-416,0,197,-93,-93,984,-655,200
11/01/2026,22,33722,35665,31527,5372,6606,755,22126,0,177,4102,1508,984,-391,0,83,-84,-61,996,-630,166
11/01/2026,23,34829,35934,32564,5396,6606,793,22126,0,173,4195,1459,696,100,-53,0,158,-11,911,-268,180
11/01/2026,24,34930,35947,32654,5419,6606,805,22126,0,175,4380,1453,684,108,-8,0,167,-4,908,-230,180
11/01/2026,25,35933,36705,33608,5411,6606,898,22126,0,168,4338,1501,972,672,0,0,254,-4,992,235,180
11/01/2026,26,36296,37067,34012,5402,6606,876,22126,0,170,4341,1507,992,731,10,0,258,-1,998,264,180
11/01/2026,27,36378,37154,34115,5385,6606,783,22126,0,176,4326,1506,992,315,20,0,576,32,999,91,180
11/01/2026,28,36637,37407,34297,5368,6606,513,22126,0,170,4322,1506,992,301,20,0,583,15,998,66,180
11/01/2026,29,36531,37938,34188,5393,6606,320,22126,0,170,4407,1507,992,307,20,0,73,-257,999,-380,180
11/01/2026,30,36621,38128,34359,5418,6606,182,22126,0,176,4512,1506,992,301,20,0,50,-307,998,-424,180
11/01/2026,31,36679,39003,34414,5415,6606,46,22126,0,172,4559,1507,992,-96,20,0,-40,-516,999,-900,180
11/01/2026,32,37253,39643,34947,5411,6606,3,22126,0,169,4313,1507,992,-104,18,0,-43,-545,999,-929,180
11/01/2026,33,38024,40639,35582,5513,6606,0,22126,0,173,4412,1507,992,-362,61,0,-114,-588,999,-778,180
11/01/2026,34,38774,41356,36139,5615,6606,0,22126,0,172,4330,1507,990,-374,21,0,-117,-563,998,-756,180
11/01/2026,35,39844,41129,37219,5649,6606,0,22126,0,166,4314,1437,924,583,15,0,-4,-183,975,-332,180
11/01/2026,36,39482,40688,36930,5683,6606,0,22126,0,173,4349,1428,918,692,27,0,0,-128,968,-305,180
11/01/2026,37,38596,39780,36226,5716,6606,0,22126,0,167,4414,1184,839,654,15,0,0,-18,766,-399,180
11/01/2026,38,37727,38934,35286,5748,6606,0,22126,0,169,4415,1153,822,651,-37,0,0,-4,750,-397,180
11/01/2026,39,36294,37147,34118,5794,6606,0,22126,0,169,4536,780,431,329,21,0,0,-4,651,-80,180
11/01/2026,40,35024,35858,33018,5839,6606,0,22126,0,171,4414,733,407,308,15,0,0,-4,645,-59,180
11/01/2026,41,33679,34576,31807,5874,6606,0,22126,0,64,4532,1111,524,-97,15,0,147,-4,637,-132,180
11/01/2026,42,31751,32594,29941,5908,6606,0,22126,0,14,4258,1158,530,-104,15,0,152,6,631,-125,180
11/01/2026,43,30656,31446,29004,5874,6606,0,22126,0,12,4417,832,455,523,18,0,-178,127,460,345,180
11/01/2026,44,29188,29989,27608,5840,6606,0,22126,0,10,3962,789,445,568,46,0,-191,111,444,369,180
11/01/2026,45,27102,28050,25765,5798,6606,0,22126,0,12,4381,511,260,3,159,67,-70,-266,274,22,180
11/01/2026,46,25580,26888,24413,5756,6606,0,22126,0,286,4255,474,244,0,56,176,-70,-343,258,-9,180
11/01/2026,47,23717,27128,22613,5704,6606,0,22126,0,511,4464,-128,124,-613,68,201,-545,-726,96,-288,199
11/01/2026,48,22982,27148,21909,5651,6606,0,22126,0,946,4066,-222,112,-728,189,203,-567,-797,83,-306,200
12/01/2026,1,23067,27185,21921,5588,6606,0,22126,0,748,4034,-197,-13,-703,200,203,-483,-1091,17,-283,200
12/01/2026,2,24012,27747,22935,5525,6606,0,22126,0,309,4479,-194,-16,-719,200,202,-480,-1134,13,-283,200
12/01/2026,3,23609,27374,22533,5472,6606,0,22126,0,340,4145,157,182,-703,200,203,-505,-1217,-19,-381,200
12/01/2026,4,23248,27593,22284,5419,6606,0,22126,0,894,4285,215,201,-702,191,203,-506,-1242,-22,-379,200
12/01/2026,5,23609,27635,22594,5386,6606,0,22126,0,927,4125,382,409,-364,76,202,-573,-1428,-69,-65,200
12/01/2026,6,22954,26728,21947,5353,6606,0,22126,0,676,3800,404,420,-352,0,203,-576,-1451,-71,-48,200
12/01/2026,7,22085,26443,21145,5314,6606,0,22126,0,670,4070,155,280,-773,41,134,-615,-1451,-27,-222,200
12/01/2026,8,21746,26119,20803,5275,6606,0,22126,0,670,4050,123,264,-792,1,10,-617,-1447,-20,-227,200
12/01/2026,9,21281,25818,20351,5186,6606,0,22126,0,723,3957,-145,29,-910,12,0,-765,-1384,97,-10,200
12/01/2026,10,21633,26450,20730,5097,6606,0,22126,0,993,4303,-197,0,-913,41,0,-770,-1344,99,7,200
12/01/2026,11,21902,27197,20983,5009,6606,0,22126,0,924,4248,-660,-449,-741,173,0,-864,-952,-105,159,200
12/01/2026,12,22924,28030,21931,4920,6606,0,22126,0,733,4045,-719,-470,-734,184,0,-865,-872,-113,171,200
12/01/2026,13,25736,29284,24531,4808,6606,0,22126,0,694,3954,-432,-80,-770,125,0,-486,-486,63,305,200
12/01/2026,14,28281,31500,26831,4695,6606,0,22126,0,471,3915,-396,-56,-771,82,0,-472,-453,76,312,152
12/01/2026,15,31296,34657,29537,4673,6606,0,22126,0,17,4196,-602,-139,-588,-8,0,-764,-643,116,231,20
12/01/2026,16,33222,36628,31281,4650,6606,0,22126,0,9,4246,-623,-132,-561,0,0,-776,-649,125,226,-56
12/01/2026,17,34986,36899,32875,4529,6606,4,22126,0,9,4275,227,354,-113,0,0,-751,-428,369,288,-12
12/01/2026,18,35407,37293,33250,4408,6606,166,22126,0,9,4383,367,402,-106,0,0,-750,-421,401,294,0
12/01/2026,19,36324,38832,34099,4312,6606,615,22126,0,9,4536,1370,954,-298,0,0,-873,-679,944,364,-49
12/01/2026,20,36728,39344,34527,4215,6606,918,22126,0,9,4343,1508,992,-306,0,0,-877,-703,980,365,-121
12/01/2026,21,37158,39298,34929,4198,6606,1163,22126,0,7,4300,1508,992,184,0,0,-749,-604,997,190,-180
12/01/2026,22,36967,39095,34652,4180,6606,1361,22126,0,9,4533,1508,992,201,0,0,-741,-611,999,162,-167
12/01/2026,23,36833,39167,34508,4173,6606,1493,22126,0,11,4126,1507,992,578,0,0,-276,-850,998,-401,-196
12/01/2026,24,36752,39154,34497,4166,6606,1808,22126,0,11,4470,1507,992,595,0,0,-255,-850,999,-442,-244
12/01/2026,25,36884,39165,34625,4109,6606,2177,22126,0,11,4374,1507,992,545,0,0,-416,-494,999,-565,-195
12/01/2026,26,36651,38934,34375,4051,6606,1974,22126,0,9,4285,1508,992,542,0,0,-422,-460,999,-586,-206
12/01/2026,27,36187,39009,33879,3978,6606,1816,22126,0,6,4266,1463,992,220,0,0,-554,-543,999,-1026,-93
12/01/2026,28,36011,38899,33635,3904,6606,1810,22126,0,9,4185,1458,992,205,0,0,-560,-580,999,-1054,-85
12/01/2026,29,36222,39818,33857,3817,6606,1751,22126,0,12,4216,1503,992,-117,0,0,-950,-746,999,-982,-189
12/01/2026,30,36015,39727,33606,3730,6606,1367,22126,0,13,3818,1508,992,-131,0,0,-965,-746,998,-979,-278
12/01/2026,31,36258,39852,33776,3634,6606,687,22126,0,15,3625,1509,992,-170,-16,-1,-940,-603,999,-1083,-166
12/01/2026,32,37082,40744,34510,3538,6606,208,22126,0,15,3522,1509,992,-171,-145,-91,-939,-525,997,-1091,-85
12/01/2026,33,38511,41380,35811,3490,6606,6,22126,0,9,3354,1455,992,190,-225,-242,-700,-84,914,-1009,2
12/01/2026,34,39743,42922,36833,3441,6606,0,22126,0,7,3514,1447,982,206,-372,-394,-689,-51,890,-1000,-66
12/01/2026,35,40517,43339,37533,3472,6606,0,22126,0,7,3670,811,608,188,-450,-513,-276,295,276,-930,-46
12/01/2026,36,40560,43338,37487,3502,6606,0,22126,0,7,3347,728,575,188,-450,-531,-259,367,232,-885,-46
12/01/2026,37,40770,42419,37626,3433,6606,0,22126,0,9,3259,525,286,306,-450,-531,36,741,88,176,-59
12/01/2026,38,39490,41080,36470,3363,6606,0,22126,0,9,3131,500,270,309,-450,-531,49,770,86,264,9
12/01/2026,39,38729,40340,35726,3245,6606,0,22126,0,14,3347,1066,412,105,-448,-531,401,543,323,440,-18
12/01/2026,40,37760,39349,34823,3126,6606,0,22126,0,14,3704,1139,432,102,-380,-531,415,500,348,446,-64
12/01/2026,41,36413,38203,33551,3103,6606,0,22126,0,11,3690,1250,809,356,-445,-531,120,312,715,212,-203
12/01/2026,42,34749,36515,31926,3079,6606,0,22126,0,14,3914,1264,826,381,-428,-531,108,318,734,196,-193
12/01/2026,43,32897,34798,30196,3017,6606,0,22126,0,12,3630,1151,500,737,-451,-531,149,692,597,265,-307
12/01/2026,44,31222,33083,28598,2955,6606,0,22126,0,13,3186,1136,477,752,-451,-531,150,748,586,272,-266
12/01/2026,45,29586,31520,27106,2958,6606,0,22126,0,12,3350,982,480,759,-450,-531,241,873,547,295,-341
12/01/2026,46,27872,29769,25524,2961,6606,0,22126,0,10,3305,962,491,760,-450,-464,244,918,551,288,-373
12/01/2026,47,26946,28924,24533,2900,6606,0,22126,0,65,2978,1269,863,624,-431,-352,456,1290,786,-61,-469
12/01/2026,48,26432,28350,24009,2839,6606,0,22126,0,65,2836,1309,888,619,-450,-212,466,1341,803,-77,-514
13/01/2026,1,26712,28600,24231,2772,6606,0,22126,0,70,2619,1403,845,684,-450,-254,859,1391,869,292,-514
13/01/2026,2,26702,28493,24260,2704,6606,0,22126,0,67,2415,1414,845,687,-402,-208,875,1397,876,309,-514
13/01/2026,3,26619,28584,24179,2621,6606,0,22126,0,73,2225,1475,961,1015,-447,-331,932,1397,990,17,-514
13/01/2026,4,26074,28075,23629,2538,6606,0,22126,0,73,1897,1484,969,1029,-450,-364,934,1397,998,0,-514
13/01/2026,5,25884,27990,23563,2377,6606,0,22126,0,74,1548,1503,991,1051,-450,-468,914,1397,997,0,-514
13/01/2026,6,25264,27339,22991,2215,6606,0,22126,0,75,1255,1506,992,1053,-450,-436,913,1394,998,1,-514
13/01/2026,7,24805,26834,22524,2078,6606,0,22126,0,74,967,1506,992,1052,-451,-390,947,1351,998,141,-514
13/01/2026,8,24630,26503,22324,1941,6606,0,22126,0,70,714,1506,992,1047,-451,-238,947,1316,998,151,-514
13/01/2026,9,24220,25927,21933,1792,6606,0,22126,0,17,595,1507,992,563,-451,-125,675,942,998,104,-514
13/01/2026,10,23963,25631,21624,1643,6606,0,22126,0,12,308,1507,992,539,-427,-135,633,866,998,93,-494
13/01/2026,11,23948,25817,21569,1521,6606,0,22126,0,11,604,1508,984,277,-301,-14,-351,492,994,-208,-384
13/01/2026,12,25351,27402,22863,1399,6606,0,22126,0,19,647,1508,978,262,-308,-28,-424,416,982,-247,-425
13/01/2026,13,27776,31124,25106,1342,6606,0,22126,0,17,797,1299,787,-378,-200,-48,-894,41,606,-900,-311
13/01/2026,14,30679,34474,27758,1285,6606,0,22126,0,15,481,1274,776,-431,-295,-198,-915,-36,590,-948,-357
13/01/2026,15,33579,38778,30430,1303,6606,0,22126,0,14,194,1446,910,-971,-429,-350,-850,-412,836,-1082,-491
13/01/2026,16,35356,40822,32126,1321,6606,0,22126,0,17,417,1469,921,-999,-452,-494,-848,-450,855,-1092,-514
13/01/2026,17,36826,42088,33463,1369,6606,0,22126,0,11,835,1504,987,-754,-451,-531,-974,-335,990,-1092,-514
13/01/2026,18,37320,42546,33973,1417,6606,15,22126,0,10,1330,1509,992,-744,-452,-531,-978,-305,999,-1092,-514
13/01/2026,19,37931,42455,34561,1517,6606,88,22126,0,10,1401,1508,992,-561,-451,-531,-665,-100,998,-1092,-514
13/01/2026,20,38266,42747,34881,1616,6606,217,22126,0,11,1486,1508,992,-554,-451,-531,-652,-76,999,-1092,-514
13/01/2026,21,38289,42289,34905,1686,6606,316,22126,0,10,1319,1508,992,-368,-452,-531,-343,-90,999,-1092,-514
13/01/2026,22,38761,42683,35199,1755,6606,404,22126,0,8,1088,1508,992,-360,-451,-472,-331,-97,998,-1089,-514
13/01/2026,23,38823,42456,35273,1761,6606,505,22126,0,6,1160,1508,992,-158,-452,-409,-375,-151,998,-968,-514
13/01/2026,24,38747,42336,35295,1767,6606,730,22126,0,6,1502,1508,992,-149,-451,-369,-377,-165,999,-958,-514
13/01/2026,25,39134,42511,35750,1780,6606,972,22126,0,6,2050,1507,992,193,-452,-322,-351,-254,999,-878,-514
13/01/2026,26,39139,42509,35784,1792,6606,1266,22126,0,6,2316,1507,992,211,-451,-319,-350,-253,998,-877,-514
13/01/2026,27,39296,42688,36023,1808,6606,1280,22126,0,7,2335,1507,992,545,-452,-320,-326,-96,999,-1077,-514
13/01/2026,28,38451,41824,35273,1823,6606,1304,22126,0,11,2214,1507,992,560,-452,-296,-325,-84,998,-1091,-514
13/01/2026,29,38292,41634,35073,1800,6606,1235,22126,0,10,2224,1507,992,375,-452,-190,-305,-180,997,-1091,-514
13/01/2026,30,38282,41813,35095,1776,6606,1007,22126,0,10,2697,1507,992,356,-452,-364,-304,-198,998,-1089,-514
13/01/2026,31,38125,41807,35037,1792,6606,591,22126,0,11,3009,1507,992,2,-452,-530,-279,-282,997,-1003,-525
13/01/2026,32,38881,42543,35817,1808,6606,187,22126,0,17,3506,1507,992,0,-451,-531,-278,-278,997,-993,-514
13/01/2026,33,40025,43335,36758,1850,6606,8,22126,0,13,3551,1487,992,446,-452,-531,-246,-95,999,-859,-514
13/01/2026,34,41384,44548,37994,1891,6606,0,22126,0,9,3644,1485,979,521,-452,-531,-245,-42,986,-771,-514
13/01/2026,35,42502,44646,39092,1965,6606,0,22126,0,10,3506,1077,515,1035,-452,-531,-37,332,532,599,-514
13/01/2026,36,42685,44799,39404,2039,6606,0,22126,0,9,3503,1024,481,1064,-452,-531,-8,408,503,750,-514
13/01/2026,37,42359,44472,39134,2082,6606,0,22126,0,17,3351,709,415,1063,-451,-531,830,780,461,1254,-514
13/01/2026,38,41380,43496,38225,2125,6606,0,22126,0,19,3518,669,421,1064,-452,-531,882,856,466,1291,-514
13/01/2026,39,41012,43125,37949,2106,6606,0,22126,0,16,3755,1309,792,1063,-452,-531,724,1229,742,1420,-514
13/01/2026,40,38932,41189,36075,2087,6606,0,22126,0,161,3718,1392,822,1062,-451,-531,719,1283,765,1426,-514
13/01/2026,41,37830,40263,35038,2060,6606,0,22126,0,324,3818,1491,981,1064,-451,-531,986,1384,983,1426,-527
13/01/2026,42,36259,38678,33423,2032,6606,0,22126,0,323,3862,1504,992,1064,-451,-531,997,1397,998,1426,-514
13/01/2026,43,34564,36985,31896,2011,6606,0,22126,0,324,3948,1504,992,1065,-452,-531,997,1397,998,1426,-514
13/01/2026,44,32963,35383,30387,1990,6606,0,22126,0,323,4130,1504,992,1064,-452,-531,997,1397,998,1424,-514
13/01/2026,45,31326,33742,28899,1959,6606,0,22126,0,319,4211,1496,992,1066,-452,-531,997,1397,998,1423,-514
13/01/2026,46,30064,32481,27839,1928,6606,0,22126,0,321,4212,1493,989,1065,-451,-531,997,1397,994,1423,-514
13/01/2026,47,28557,31071,26451,1902,6606,0,22126,0,419,4127,1208,894,1033,-451,-530,929,1397,845,1422,-514
13/01/2026,48,27698,30437,25640,1875,6606,0,22126,0,731,4170,1172,889,1033,-452,-442,927,1397,838,1423,-514
14/01/2026,1,28280,31057,26182,1844,6606,0,22126,0,921,4252,1258,915,1052,-452,-290,947,1397,918,1423,-514
14/01/2026,2,28579,31196,26602,1812,6606,0,22126,0,915,4304,1270,917,1057,-451,-137,948,1397,925,1423,-514
14/01/2026,3,28252,30796,26349,1772,6606,0,22126,0,917,4304,1371,922,1059,-451,-62,995,1397,988,1422,-514
14/01/2026,4,27598,30123,25667,1732,6606,0,22126,0,915,4191,1384,921,1058,-451,-45,997,1397,992,1422,-514
14/01/2026,5,27271,29728,25385,1699,6606,0,22126,0,926,4162,1251,866,1056,-417,0,997,1397,988,1395,-514
14/01/2026,6,26931,29377,25035,1666,6606,0,22126,0,1106,4255,1234,861,1056,-275,0,997,1397,986,1385,-465
14/01/2026,7,26425,28894,24612,1637,6606,0,22126,0,1259,4179,962,830,1053,-146,0,987,1397,912,1105,-464
14/01/2026,8,26003,28295,24205,1607,6606,0,22126,0,1259,4229,927,820,1053,-111,0,986,1397,891,1080,-322
14/01/2026,9,25567,27451,23838,1577,6606,0,22126,0,1093,4179,809,535,1000,-18,0,736,1397,363,880,-173
14/01/2026,10,25575,26837,23875,1546,6606,0,22126,0,630,3954,788,497,998,0,0,727,1397,314,857,-32
14/01/2026,11,25511,26923,23755,1526,6606,0,22126,0,317,3992,-118,-173,739,67,12,583,1397,-204,551,64
14/01/2026,12,26379,28022,24506,1506,6606,0,22126,0,324,3762,-260,-223,728,96,0,576,1367,-236,521,188
14/01/2026,13,28856,30678,26813,1502,6606,0,22126,0,313,4221,-378,-361,480,100,0,187,996,-170,217,200
14/01/2026,14,33082,34920,30741,1498,6606,0,22126,0,310,4377,-393,-369,469,56,0,170,931,-166,185,200
14/01/2026,15,35856,37949,33122,1507,6606,0,22126,0,316,4242,-397,-318,124,117,0,-79,683,-186,-197,134
14/01/2026,16,37283,39372,34446,1515,6606,0,22126,0,309,4159,-395,-303,111,14,0,-87,682,-178,-217,11
14/01/2026,17,39205,40134,36086,1557,6606,41,22126,0,316,3839,390,120,322,0,0,262,1056,147,38,-13
14/01/2026,18,39600,40521,36457,1599,6606,693,22126,0,321,3922,509,159,331,0,0,275,1084,173,60,68
14/01/2026,19,40406,41207,37130,1667,6606,1964,22126,0,201,3698,877,481,477,0,0,332,859,382,214,190
14/01/2026,20,39703,40319,36395,1734,6606,2961,22126,0,16,3821,926,500,482,0,0,334,843,397,220,200
14/01/2026,21,38778,39394,35503,1741,6606,3892,22126,0,16,4158,813,409,171,0,0,101,978,453,16,181
14/01/2026,22,38183,38795,34922,1748,6606,4906,22126,0,12,4382,797,401,163,60,0,92,1000,451,0,200
14/01/2026,23,37690,38302,34529,1691,6606,5322,22126,0,12,4554,306,335,687,40,0,41,1062,229,0,200
14/01/2026,24,37275,37891,34119,1634,6606,5439,22126,0,10,4572,242,330,712,162,0,39,1054,219,-6,200
14/01/2026,25,37651,38564,34520,1696,6606,5015,22126,0,10,4639,615,288,333,119,0,-70,871,370,-233,200
14/01/2026,26,38068,39013,34891,1758,6606,4426,22126,0,10,4621,664,299,309,182,0,-74,818,385,-261,200
14/01/2026,27,38171,40164,35086,1729,6606,3430,22126,0,8,4554,1320,806,-308,200,0,-348,446,597,-729,200
14/01/2026,28,38524,40615,35420,1699,6606,2830,22126,0,9,4800,1406,844,-346,200,0,-367,371,621,-769,200
14/01/2026,29,38101,41630,34965,1808,6606,1979,22126,0,14,5057,1465,983,-859,200,0,-979,-6,976,-1071,200
14/01/2026,30,38833,42507,35811,1917,6606,1292,22126,0,3,5228,1473,989,-891,200,12,-1000,-82,995,-1092,200
14/01/2026,31,39019,42326,36080,2063,6606,548,22126,0,8,5145,1410,867,-778,180,108,-337,-460,905,-1092,199
14/01/2026,32,39657,42929,36750,2209,6606,116,22126,0,5,5225,1402,858,-773,133,22,-303,-495,901,-1091,146
14/01/2026,33,40762,43401,37795,2351,6606,2,22126,0,7,4938,1385,837,-455,18,0,-135,-350,967,-1092,17
14/01/2026,34,42137,44760,39127,2492,6606,0,22126,0,4,5261,1379,824,-424,-9,0,-128,-305,957,-1085,-68
14/01/2026,35,42302,43965,39246,2626,6606,0,22126,0,7,5020,574,412,181,0,0,190,22,484,-852,-204
14/01/2026,36,42724,44598,39757,2760,6606,0,22126,0,6,4966,468,380,196,-79,0,202,59,446,-836,-353
14/01/2026,37,41870,44294,39078,2896,6606,0,22126,0,5,5285,365,254,-342,-150,0,99,3,129,-855,-472
14/01/2026,38,41145,43769,38340,3031,6606,0,22126,0,9,5332,353,249,-387,-296,-66,82,-9,120,-857,-400
14/01/2026,39,40109,44301,37402,3157,6606,0,22126,0,9,5289,652,349,-938,-430,-217,-634,-65,481,-810,-489
14/01/2026,40,38751,43155,36180,3282,6606,0,22126,0,12,5327,691,358,-960,-450,-329,-674,-64,506,-801,-514
14/01/2026,41,37168,40745,34735,3456,6606,0,22126,0,18,5003,850,409,-430,-450,-295,-659,43,580,-611,-514
14/01/2026,42,35243,38747,32952,3630,6606,0,22126,0,16,5134,871,414,-389,-450,-287,-654,61,582,-594,-514
14/01/2026,43,34587,37102,32548,3620,6606,0,22126,0,3,5162,741,456,558,-435,-361,-147,115,526,-455,-514
14/01/2026,44,32496,34727,30553,3609,6606,0,22126,0,15,5119,724,454,658,-337,-232,-124,134,520,-439,-484
14/01/2026,45,30555,32593,28763,3578,6606,0,22126,0,14,5099,733,298,546,-427,-168,-110,292,437,-206,-513
14/01/2026,46,28719,30454,27010,3547,6606,0,22126,0,12,5040,734,291,541,-368,-32,-109,341,428,-187,-427
14/01/2026,47,27310,28946,25649,3466,6606,0,22126,0,310,4788,677,420,524,-250,0,71,714,297,-107,-369
14/01/2026,48,26066,28065,24333,3384,6606,0,22126,0,713,4681,670,430,524,-100,0,78,773,289,-96,-490
15/01/2026,1,26657,28352,24782,3286,6606,0,22126,0,591,4568,900,461,546,-28,0,337,934,305,88,-476
15/01/2026,2,27143,28816,25320,3188,6606,0,22126,0,694,4624,930,468,548,-16,0,352,957,310,107,-363
15/01/2026,3,27155,29061,25301,3101,6606,0,22126,0,699,4331,1105,625,925,-145,0,843,998,465,257,-462
15/01/2026,4,26533,28548,24668,3014,6606,0,22126,0,708,4523,1129,641,942,-238,0,865,985,486,276,-469
15/01/2026,5,26166,28363,24245,2928,6606,0,22126,0,699,4197,1342,864,919,-385,0,797,757,890,583,-513
15/01/2026,6,25721,27928,23795,2842,6606,0,22126,0,694,4225,1370,876,918,-399,0,795,729,914,614,-514
15/01/2026,7,25226,27483,23261,2766,6606,0,22126,0,696,3954,1213,759,851,-447,0,695,725,872,947,-514
15/01/2026,8,24848,27057,22860,2690,6606,0,22126,0,700,3942,1192,745,848,-407,0,691,732,855,968,-502
15/01/2026,9,24600,26564,22776,2601,6606,0,22126,0,689,4287,972,549,932,-265,0,670,828,363,831,-410
15/01/2026,10,24376,26372,22529,2512,6606,0,22126,0,695,4294,943,532,936,-217,0,668,833,332,809,-484
15/01/2026,11,24552,26330,22668,2418,6606,0,22126,0,692,4712,666,379,1008,-75,0,417,751,350,369,-411
15/01/2026,12,25549,27358,23580,2323,6606,0,22126,0,689,4631,630,362,1010,-43,0,404,711,344,344,-477
15/01/2026,13,28257,29643,26119,2278,6606,0,22126,0,280,4791,257,131,892,-79,0,-33,337,68,643,-394
15/01/2026,14,31097,32643,28694,2233,6606,0,22126,0,130,4351,209,113,888,-227,-69,-54,271,52,673,-466
15/01/2026,15,34195,36166,31640,2186,6606,0,22126,0,36,4512,87,26,640,-268,-221,-451,26,97,978,-395
15/01/2026,16,35840,38182,33252,2138,6606,0,22126,0,13,4595,74,33,629,-405,-372,-464,26,109,998,-488
15/01/2026,17,37206,39308,34423,2148,6606,0,22126,0,11,4347,750,495,670,-450,-508,-19,400,417,924,-514
15/01/2026,18,37591,39697,34749,2157,6606,41,22126,0,11,4194,873,539,671,-450,-531,8,476,451,916,-514
15/01/2026,19,38876,40981,35936,2085,6606,263,22126,0,9,3939,1432,959,598,-451,-531,610,850,964,810,-514
15/01/2026,20,39053,41164,36099,2012,6606,764,22126,0,15,3671,1504,987,596,-451,-531,640,925,997,813,-514
15/01/2026,21,39221,41334,36207,1920,6606,1138,22126,0,16,3288,1503,992,780,-452,-531,997,1299,997,1252,-514
15/01/2026,22,39096,41208,36172,1828,6606,1439,22126,0,16,3310,1502,992,788,-451,-531,1011,1348,997,1285,-514
15/01/2026,23,39070,41182,36107,1694,6606,1354,22126,0,16,3099,1503,992,1026,-451,-531,1016,1392,998,1406,-514
15/01/2026,24,39226,41339,36241,1560,6606,1244,22126,0,16,3202,1503,992,1036,-452,-531,1017,1397,998,1414,-514
15/01/2026,25,39600,41712,36612,1463,6606,1229,22126,0,16,3243,1503,992,1045,-451,-531,1017,1397,997,1377,-514
15/01/2026,26,39915,42165,36942,1365,6606,1071,22126,0,153,3030,1503,992,1036,-452,-531,1017,1368,998,1364,-514
15/01/2026,27,39773,41937,36769,1252,6606,979,22126,0,68,2774,1502,992,1047,-451,-531,1016,994,998,1018,-514
15/01/2026,28,39843,42108,36723,1139,6606,839,22126,0,169,2654,1503,992,1047,-451,-531,1017,918,997,981,-514
15/01/2026,29,39497,41763,36285,1097,6606,589,22126,0,169,2500,1503,992,877,-452,-531,890,545,998,549,-514
15/01/2026,30,39203,41471,35965,1054,6606,400,22126,0,171,2480,1503,992,871,-452,-531,886,507,998,510,-514
15/01/2026,31,39118,41383,35790,1065,6606,221,22126,0,169,2223,1503,992,684,-451,-531,792,620,998,202,-514
15/01/2026,32,39785,42050,36305,1075,6606,95,22126,0,168,2011,1503,992,679,-452,-531,788,636,998,178,-514
15/01/2026,33,41190,43453,37583,1076,6606,10,22126,0,167,2105,1502,992,1044,-451,-531,989,659,998,77,-514
15/01/2026,34,42262,44527,38545,1076,6606,0,22126,0,168,2147,1502,992,1060,-452,-531,997,691,997,94,-514
15/01/2026,35,42851,45113,38929,1073,6606,0,22126,0,165,1764,1503,992,1060,-452,-531,987,1065,997,945,-514
15/01/2026,36,42939,45047,38964,1069,6606,0,22126,0,11,1653,1503,992,1060,-452,-531,987,1130,998,1013,-514
15/01/2026,37,42716,44824,38820,1076,6606,0,22126,0,11,1500,1503,992,1060,-452,-531,996,1367,998,1356,-514
15/01/2026,38,42240,44350,38406,1082,6606,0,22126,0,14,1588,1502,992,1060,-451,-531,997,1397,998,1381,-514
15/01/2026,39,41294,43405,37609,1118,6606,0,22126,0,15,1769,1503,992,1061,-451,-531,997,1397,997,1398,-514
15/01/2026,40,39800,41911,36260,1153,6606,0,22126,0,14,1698,1503,992,1061,-452,-531,997,1397,997,1401,-514
15/01/2026,41,38403,40514,34952,1140,6606,0,22126,0,14,1421,1503,992,1060,-452,-531,997,1397,998,1419,-514
15/01/2026,42,36966,39067,33582,1127,6606,0,22126,0,14,1268,1502,992,1060,-451,-522,996,1397,998,1420,-514
15/01/2026,43,35309,37293,32078,1086,6606,0,22126,0,14,1301,1503,992,1057,-449,-407,997,1397,998,1423,-514
15/01/2026,44,33824,35570,30747,1045,6606,0,22126,0,14,1281,1502,992,1057,-380,-257,997,1397,998,1424,-495
15/01/2026,45,32373,34080,29475,1012,6606,0,22126,0,7,945,1503,992,1049,-446,-188,997,1397,998,1424,-466
15/01/2026,46,30461,32069,27705,978,6606,0,22126,0,11,809,1502,992,1050,-445,-46,997,1397,998,1424,-506
15/01/2026,47,28999,30535,26304,936,6606,0,22126,0,118,899,1502,992,1029,-371,0,997,1397,997,1403,-447
15/01/2026,48,27867,29527,25179,894,6606,0,22126,0,520,844,1502,992,1029,-222,0,997,1397,997,1402,-318
16/01/2026,1,28538,30016,25797,892,6606,0,22126,0,541,847,1503,992,1056,-158,0,997,1397,997,1418,-179
16/01/2026,2,29009,29725,26369,890,6606,0,22126,0,41,1069,1502,992,1056,-26,0,997,1397,997,1419,-49
16/01/2026,3,28753,29505,26166,898,6606,0,22126,0,18,976,1503,992,1057,0,0,997,1397,997,1422,-134
16/01/2026,4,27849,28835,25305,906,6606,0,22126,0,76,837,1502,992,1056,-26,0,997,1397,997,1423,-284
16/01/2026,5,27723,28819,25207,902,6606,0,22126,0,134,783,1502,992,1056,0,0,997,1397,998,1423,-362
16/01/2026,6,27300,28805,24778,897,6606,0,22126,0,512,769,1503,992,1057,0,0,997,1397,998,1423,-393
16/01/2026,7,26946,28666,24520,894,6606,0,22126,0,685,886,1503,992,1056,0,0,997,1397,998,1423,-435
16/01/2026,8,26328,28087,23938,890,6606,0,22126,0,690,1048,1503,992,1056,-31,0,997,1397,998,1423,-438
16/01/2026,9,26047,27818,23696,891,6606,0,22126,0,683,1072,1503,992,1056,-167,-12,997,1397,997,1423,-309
16/01/2026,10,25931,27637,23564,892,6606,0,22126,0,683,1096,1502,984,1056,-160,-106,997,1397,986,1423,-157
16/01/2026,11,25936,27280,23608,947,6606,0,22126,0,680,1327,891,702,1054,-23,-19,997,1397,596,1424,-22
16/01/2026,12,26579,27753,24188,1001,6606,0,22126,0,545,1398,808,667,1055,0,0,986,1397,561,1424,-29
16/01/2026,13,28991,29738,26387,1038,6606,0,22126,0,147,1712,137,97,1049,56,54,321,1397,198,1423,38
16/01/2026,14,31847,32531,28936,1075,6606,0,22126,0,16,1297,51,57,1053,11,10,285,1397,171,1424,-68
16/01/2026,15,34828,36228,31686,1150,6606,0,22126,0,15,1458,-431,21,1056,-69,-65,82,1397,38,1424,-220
16/01/2026,16,36272,38180,32945,1225,6606,0,22126,0,12,1228,-487,25,1056,-221,-216,83,1397,42,1424,-372
16/01/2026,17,37895,39746,34380,1269,6606,23,22126,0,13,964,754,242,1055,-372,-367,713,1397,511,1424,-499
16/01/2026,18,38030,40112,34481,1313,6606,461,22126,0,12,962,974,264,1055,-451,-505,745,1397,546,1424,-514
16/01/2026,19,38591,40698,34884,1340,6606,1263,22126,0,11,701,1054,518,1054,-451,-531,747,1397,723,1424,-514
16/01/2026,20,38699,40806,34963,1366,6606,2133,22126,0,11,376,1065,531,1055,-451,-531,747,1397,732,1413,-514
16/01/2026,21,38363,40470,34660,1377,6606,3008,22126,0,11,388,940,365,1055,-451,-531,896,1397,623,1020,-514
16/01/2026,22,37670,39777,33960,1388,6606,3998,22126,0,11,555,924,349,1054,-451,-531,900,1397,611,990,-514
16/01/2026,23,36652,38759,33034,1430,6606,4845,22126,0,11,499,776,207,1001,-451,-531,631,1397,417,989,-514
16/01/2026,24,36126,38233,32469,1471,6606,5164,22126,0,11,515,757,189,998,-451,-531,620,1397,401,989,-514
16/01/2026,25,36010,38214,32353,1467,6606,5683,22126,0,10,557,509,-98,1002,-451,-531,257,1397,305,989,-514
16/01/2026,26,35820,38041,32156,1462,6606,5329,22126,0,9,404,476,-116,983,-451,-531,238,1397,291,988,-514
16/01/2026,27,35449,37854,31878,1403,6606,4907,22126,0,9,945,45,-62,192,-451,-531,-238,1397,39,929,-514
16/01/2026,28,35453,37885,31871,1344,6606,4538,22126,0,9,956,-9,-52,144,-451,-531,-273,1397,32,910,-507
16/01/2026,29,35575,39433,32070,1361,6606,3811,22126,0,12,1042,562,172,-829,-451,-531,-982,1397,334,391,-453
16/01/2026,30,35759,39919,32295,1378,6606,2756,22126,0,12,1096,634,196,-1058,-451,-531,-1021,1397,345,343,-487
16/01/2026,31,36301,40594,32827,1450,6606,1584,22126,0,12,1111,1121,509,-1068,-451,-531,-1007,1397,77,-119,-505
16/01/2026,32,37051,41391,33557,1522,6606,488,22126,0,12,1271,1185,538,-1068,-451,-531,-1006,1397,75,-159,-513
16/01/2026,33,38385,42973,34764,1648,6606,27,22126,0,12,1462,1202,791,-1003,-451,-531,-984,1397,575,-493,-514
16/01/2026,34,39507,44103,35761,1774,6606,0,22126,0,11,1724,1204,798,-997,-451,-531,-977,1397,595,-515,-514
16/01/2026,35,40474,43929,36556,1862,6606,0,22126,0,10,2046,743,430,-505,-451,-531,-403,1397,196,-441,-514
16/01/2026,36,40697,44092,36712,1949,6606,0,22126,0,10,2208,682,406,-481,-451,-531,-373,1397,158,-435,-514
16/01/2026,37,40488,43587,36541,2006,6606,0,22126,0,10,2370,298,445,-314,-451,-531,46,1397,-298,-381,-514
16/01/2026,38,40014,43119,36100,2062,6606,0,22126,0,10,2548,248,443,-308,-451,-531,64,1397,-321,-370,-514
16/01/2026,39,38658,41252,35187,2032,6606,0,22126,0,10,2969,267,276,-308,-451,-531,79,1397,-57,-123,-514
16/01/2026,40,37582,40129,34203,2001,6606,0,22126,0,10,2923,270,264,-302,-451,-531,81,1397,-37,-102,-514
16/01/2026,41,36528,38634,33276,1962,6606,0,22126,0,10,3122,496,209,94,-451,-531,389,1397,75,33,-514
16/01/2026,42,34660,36765,31467,1922,6606,0,22126,0,10,3145,526,206,103,-450,-531,401,1397,81,43,-514
16/01/2026,43,33214,35320,30060,1856,6606,0,22126,0,10,2940,285,243,488,-451,-531,216,1397,25,113,-514
16/01/2026,44,31585,33697,28654,1790,6606,0,22126,0,10,3055,254,246,536,-451,-531,209,1397,24,116,-520
16/01/2026,45,30470,32574,27733,1791,6606,0,22126,0,10,3257,301,270,385,-450,-530,351,1397,149,53,-514
16/01/2026,46,29591,31599,27033,1791,6606,0,22126,0,10,3435,309,273,380,-450,-443,356,1397,158,61,-505
16/01/2026,47,28190,30222,25643,1780,6606,0,22126,0,13,3417,819,301,657,-450,-457,217,1397,197,507,-512
16/01/2026,48,26757,29073,24285,1768,6606,0,22126,0,236,3482,887,311,668,-450,-516,213,1397,202,540,-514
17/01/2026,1,26904,29508,24172,1715,6606,0,22126,0,509,3399,1053,595,724,-450,-531,468,1397,295,605,-514
17/01/2026,2,27715,30321,25020,1661,6606,0,22126,0,511,3533,1074,612,727,-450,-531,478,1397,304,612,-514
17/01/2026,3,27339,29978,24744,1613,6606,0,22126,0,544,3513,1003,514,962,-450,-531,646,1397,387,665,-514
17/01/2026,4,26549,29326,24194,1565,6606,0,22126,0,682,3349,993,510,971,-450,-531,652,1397,389,667,-514
17/01/2026,5,26102,28762,23844,1578,6606,0,22126,0,564,3666,1044,601,739,-451,-531,426,1397,255,573,-514
17/01/2026,6,25511,28280,23297,1591,6606,0,22126,0,673,3691,1051,606,729,-451,-531,417,1397,245,564,-514
17/01/2026,7,24596,27451,22413,1617,6606,0,22126,0,759,3556,1051,547,696,-451,-531,191,1397,222,508,-514
17/01/2026,8,24266,27195,22129,1643,6606,0,22126,0,833,3376,1051,537,695,-451,-531,182,1397,220,506,-514
17/01/2026,9,24066,26993,21991,1627,6606,0,22126,0,832,3514,1091,302,891,-450,-531,37,1397,223,590,-514
17/01/2026,10,23773,26695,21617,1610,6606,0,22126,0,827,3220,1095,289,898,-450,-531,32,1397,231,596,-514
17/01/2026,11,24117,27033,21982,1599,6606,0,22126,0,820,3394,792,404,730,-451,-531,282,1397,508,573,-514
17/01/2026,12,23822,26843,21634,1587,6606,0,22126,0,952,3103,752,404,724,-450,-505,291,1397,522,571,-514
17/01/2026,13,24722,27471,22495,1534,6606,0,22126,0,858,3236,442,112,567,-396,-381,247,1397,381,603,-514
17/01/2026,14,25903,28458,23611,1481,6606,0,22126,0,613,2941,398,80,556,-429,-399,242,1397,361,599,-514
17/01/2026,15,26898,29818,24612,1430,6606,0,22126,0,347,3057,-281,-364,122,-329,-273,-205,1397,-8,257,-513
17/01/2026,16,28256,31299,25911,1379,6606,0,22126,0,168,2922,-391,-386,110,-419,-311,-225,1397,-29,231,-514
17/01/2026,17,29793,32079,27284,1343,6606,13,22126,0,79,2811,-77,-103,399,-451,-462,9,1397,41,181,-514
17/01/2026,18,30609,32832,27911,1307,6606,186,22126,0,9,2434,-43,-75,420,-451,-531,21,1397,52,187,-514
17/01/2026,19,32357,34465,29490,1254,6606,652,22126,0,12,1745,800,201,1028,-451,-531,480,1397,272,565,-514
17/01/2026,20,32480,34588,29562,1200,6606,1191,22126,0,12,1764,938,227,1059,-451,-531,501,1397,291,596,-514
17/01/2026,21,32671,34803,29637,1168,6606,2094,22126,0,12,1486,1001,464,1055,-451,-531,779,1397,465,753,-538
17/01/2026,22,32674,34780,29605,1135,6606,2722,22126,0,10,1543,1010,485,1055,-451,-531,790,1397,481,768,-514
17/01/2026,23,32744,34848,29568,1034,6606,3148,22126,0,8,1337,1141,658,1059,-451,-531,911,1397,671,804,-514
17/01/2026,24,32804,34907,29515,932,6606,3311,22126,0,8,1323,1158,674,1059,-450,-531,912,1397,685,805,-514
17/01/2026,25,32748,34851,29406,925,6606,3794,22126,0,8,1256,1217,815,1058,-450,-531,489,1397,727,748,-514
17/01/2026,26,32644,34746,29341,918,6606,3617,22126,0,7,1089,1224,826,1059,-450,-531,470,1397,730,727,-514
17/01/2026,27,32480,34583,29242,867,6606,3421,22126,0,7,965,1324,881,1047,-451,-531,157,1397,740,207,-514
17/01/2026,28,32483,34587,29178,815,6606,3118,22126,0,8,635,1337,882,1036,-451,-531,144,1397,742,153,-514
17/01/2026,29,32260,34866,29016,785,6606,2562,22126,0,8,981,1311,777,391,-450,-531,160,1397,774,-503,-514
17/01/2026,30,32620,35272,29419,754,6606,1969,22126,0,8,1045,1308,772,354,-451,-531,161,1397,779,-548,-514
17/01/2026,31,33323,35933,30107,777,6606,1238,22126,0,7,1091,1462,836,451,-450,-531,6,1397,894,-508,-514
17/01/2026,32,34193,36801,30964,799,6606,470,22126,0,7,1006,1483,845,455,-451,-531,0,1397,903,-505,-514
17/01/2026,33,35292,37893,31991,833,6606,43,22126,0,7,1080,1505,983,476,-451,-531,156,1397,993,-498,-514
17/01/2026,34,36121,38699,32728,867,6606,0,22126,0,9,1077,1507,987,479,-451,-531,165,1397,990,-473,-514
17/01/2026,35,38000,40102,34504,894,6606,0,22126,0,6,1198,1225,797,846,-451,-531,642,1397,699,394,-514
17/01/2026,36,38145,40246,34658,920,6606,0,22126,0,5,1263,1188,787,862,-451,-531,663,1397,680,458,-514
17/01/2026,37,37979,40080,34572,913,6606,0,22126,0,5,1383,1081,892,1007,-451,-531,755,1397,650,645,-514
17/01/2026,38,37318,39423,34000,906,6606,0,22126,0,9,1159,1068,893,1013,-451,-531,758,1397,646,664,-514
17/01/2026,39,36148,38259,33033,915,6606,0,22126,0,15,1227,1343,670,1012,-451,-531,705,1397,601,877,-514
17/01/2026,40,35190,37301,32133,924,6606,0,22126,0,15,1143,1379,662,1012,-451,-531,703,1397,607,893,-514
17/01/2026,41,34690,36801,31674,913,6606,0,22126,0,15,1063,1492,921,1050,-451,-531,897,1397,911,947,-514
17/01/2026,42,33719,35830,30606,901,6606,0,22126,0,15,1120,1506,932,1051,-451,-531,904,1397,928,951,-514
17/01/2026,43,32415,34526,29465,871,6606,0,22126,0,15,1245,1424,684,1051,-451,-531,884,1397,852,973,-514
17/01/2026,44,31389,33503,28466,841,6606,0,22126,0,15,1215,1413,668,1052,-451,-531,883,1397,843,975,-517
17/01/2026,45,30123,32234,27381,796,6606,0,22126,0,15,1070,1380,720,1050,-451,-531,993,1397,711,933,-514
17/01/2026,46,28724,30834,26095,750,6606,0,22126,0,14,1067,1376,729,1050,-451,-531,997,1397,709,930,-514
17/01/2026,47,27152,29193,24614,752,6606,0,22126,0,13,1330,1422,931,1027,-451,-463,997,1397,930,983,-514
17/01/2026,48,26438,28256,23964,753,6606,0,22126,0,12,1446,1428,946,1026,-381,-311,997,1397,945,987,-514
18/01/2026,1,26485,28032,23971,768,6606,0,22126,0,12,1291,1497,984,1055,-261,-160,997,1397,994,987,-514
18/01/2026,2,27134,28693,24732,782,6606,0,22126,0,9,1531,1506,986,1056,-251,-193,997,1397,998,987,-506
18/01/2026,3,26699,28410,24371,765,6606,0,22126,0,9,1593,1506,992,1056,-250,-339,997,1397,998,987,-513
18/01/2026,4,26012,27713,23783,748,6606,0,22126,0,10,1584,1506,992,1056,-251,-326,997,1397,998,987,-514
18/01/2026,5,25539,27349,23336,759,6606,0,22126,0,16,1751,1506,992,1052,-251,-429,997,1397,998,987,-514
18/01/2026,6,25236,27292,23020,770,6606,0,22126,0,272,1830,1506,990,1052,-251,-419,997,1397,997,987,-514
18/01/2026,7,24491,26841,22272,744,6606,0,22126,0,560,1774,1506,919,1047,-250,-426,997,1397,970,987,-514
18/01/2026,8,24400,26595,22221,718,6606,0,22126,0,551,1708,1506,916,1046,-251,-279,997,1397,969,987,-514
18/01/2026,9,24287,26409,22113,713,6606,0,22126,0,608,1742,1506,987,1048,-251,-149,997,1397,996,987,-514
18/01/2026,10,23820,25858,21585,707,6606,0,22126,0,616,1911,1506,992,1047,-251,-57,997,1397,994,981,-514
18/01/2026,11,23303,25317,21159,750,6606,0,22126,0,613,2081,1475,987,884,-250,-37,878,1397,858,740,-514
18/01/2026,12,22956,24922,20870,792,6606,0,22126,0,612,2062,1472,981,878,-249,0,874,1397,845,717,-505
18/01/2026,13,23340,25318,21271,838,6606,0,22126,0,605,2032,1342,774,759,-260,0,893,1397,690,611,-513
18/01/2026,14,24057,25982,21957,884,6606,0,22126,0,567,1994,1324,753,754,-264,0,893,1397,678,597,-494
18/01/2026,15,24838,25960,22590,910,6606,0,22126,0,31,2278,820,518,543,-113,0,536,1397,585,339,-378
18/01/2026,16,26039,27112,23703,935,6606,0,22126,0,12,2455,752,504,538,-5,0,521,1397,573,323,-456
18/01/2026,17,27873,29058,25394,929,6606,0,22126,0,8,2279,868,578,998,-93,0,596,1397,392,417,-484
18/01/2026,18,29074,30315,26586,922,6606,46,22126,0,9,2346,884,594,1015,-245,0,599,1397,398,434,-387
18/01/2026,19,30645,32142,28003,920,6606,225,22126,0,13,1806,1434,967,495,-394,0,777,1397,962,850,-490
18/01/2026,20,31945,33534,29140,917,6606,441,22126,0,13,1555,1506,992,474,-450,0,783,1397,998,880,-526
18/01/2026,21,33178,34739,30254,886,6606,822,22126,0,13,1364,1505,992,982,-434,0,974,1397,998,930,-514
18/01/2026,22,33580,35150,30589,854,6606,1254,22126,0,13,1237,1506,992,1007,-443,0,981,1397,998,935,-514
18/01/2026,23,34512,35985,31474,826,6606,1383,22126,0,13,1280,1506,992,1046,-346,0,1015,1397,998,984,-514
18/01/2026,24,34908,36301,31816,798,6606,1561,22126,0,9,1357,1506,992,1048,-270,0,1017,1397,999,988,-514
18/01/2026,25,35492,36897,32354,709,6606,1581,22126,0,8,1434,1506,992,1048,-283,0,1017,1397,998,988,-514
18/01/2026,26,35790,37218,32596,620,6606,1466,22126,0,8,1478,1505,991,1049,-306,0,1017,1397,998,987,-514
18/01/2026,27,35883,37258,32706,631,6606,1176,22126,0,8,1600,1331,942,1026,-308,0,825,1397,999,936,-459
18/01/2026,28,35819,37189,32573,642,6606,962,22126,0,52,1649,1307,939,1024,-242,3,817,1397,998,934,-476
18/01/2026,29,35618,37014,32365,652,6606,709,22126,0,165,1629,1457,962,939,-232,0,533,1397,998,934,-399
18/01/2026,30,35930,37302,32742,662,6606,437,22126,0,164,1762,1477,964,935,-206,0,522,1397,999,929,-402
18/01/2026,31,36489,37910,33277,690,6606,239,22126,0,164,1886,1504,991,1030,-153,0,529,1397,998,722,-504
18/01/2026,32,36999,38511,33802,718,6606,73,22126,0,213,1910,1507,991,1034,-185,0,529,1397,999,711,-514
18/01/2026,33,37361,38857,34042,747,6606,4,22126,0,321,1865,1506,965,957,-61,0,738,1397,998,858,-514
18/01/2026,34,38756,40193,35216,776,6606,0,22126,0,250,2040,1507,960,956,-53,0,746,1397,997,869,-534
18/01/2026,35,39955,41141,36333,798,6606,0,22126,0,158,2371,1408,857,1050,0,0,941,1397,969,916,-428
18/01/2026,36,39778,40912,36200,819,6606,0,22126,0,158,2262,1395,851,1053,0,0,948,1397,967,929,-376
18/01/2026,37,39516,40609,36004,849,6606,0,22126,0,159,2131,1391,910,1053,0,0,900,1397,969,1280,-334
18/01/2026,38,38741,39733,35309,878,6606,0,22126,0,164,2055,1390,909,1052,0,0,894,1397,964,1305,-228
18/01/2026,39,37498,38419,34222,847,6606,0,22126,0,170,2195,1187,727,1051,-72,0,421,1397,802,1353,-79
18/01/2026,40,36704,37545,33563,816,6606,0,22126,0,171,2169,1160,707,1052,-70,0,399,1397,782,1357,68
18/01/2026,41,35369,36139,32394,816,6606,0,22126,0,170,2314,795,426,1051,38,0,601,1397,464,1393,170
18/01/2026,42,34449,35366,31419,816,6606,0,22126,0,317,2302,748,401,1052,79,0,608,1397,440,1393,197
18/01/2026,43,33036,34219,30157,819,6606,0,22126,0,583,2715,605,194,1050,140,0,617,1397,264,1245,199
18/01/2026,44,31159,32594,28414,821,6606,0,22126,0,835,2590,587,187,1050,179,0,618,1397,255,1225,200
18/01/2026,45,29746,30994,27100,783,6606,0,22126,0,648,2645,765,428,965,116,0,593,1397,332,879,200
18/01/2026,46,28573,29722,26101,745,6606,0,22126,0,549,2854,790,437,958,16,0,592,1397,338,843,200
18/01/2026,47,27104,28360,24686,762,6606,0,22126,0,603,3036,1013,150,467,0,-53,342,1397,393,412,200
18/01/2026,48,26325,27601,23950,778,6606,0,22126,0,666,2950,1042,142,443,0,-10,333,1397,399,382,200
19/01/2026,1,26613,27880,24260,764,6606,0,22126,0,667,2803,821,565,433,0,0,600,1397,491,415,136
19/01/2026,2,27344,28612,25067,750,6606,0,22126,0,656,3137,792,589,433,0,0,610,1397,494,423,-12
19/01/2026,3,26955,28320,24732,750,6606,0,22126,0,605,2736,915,429,698,0,0,527,1397,411,607,-160
19/01/2026,4,26147,27656,23951,750,6606,0,22126,0,599,2471,931,421,709,0,0,524,1397,411,620,-310
19/01/2026,5,26206,27838,24001,777,6606,0,22126,0,592,2660,986,528,589,0,0,747,1397,582,623,-440
19/01/2026,6,25514,27098,23323,804,6606,0,22126,0,597,2390,993,533,583,0,0,755,1397,590,612,-387
19/01/2026,7,24947,26625,22850,807,6606,0,22126,0,595,2668,900,441,328,0,0,543,1397,467,190,-483
19/01/2026,8,24502,26189,22395,809,6606,0,22126,0,593,2641,886,426,318,0,0,535,1369,451,159,-494
19/01/2026,9,24120,25682,22007,815,6606,0,22126,0,591,2720,433,108,261,0,-11,501,1010,162,123,-360
19/01/2026,10,24217,25708,22075,820,6606,0,22126,0,585,2670,373,81,254,0,-98,463,936,137,96,-208
19/01/2026,11,24456,27600,22271,817,6606,0,22126,0,120,2905,-17,-79,-750,0,-14,-576,562,-129,-783,-76
19/01/2026,12,25434,28922,23202,814,6606,0,22126,0,8,2889,-69,-99,-932,0,0,-655,486,-149,-846,-130
19/01/2026,13,27683,32655,25300,844,6606,0,22126,0,8,3188,-593,-461,-1052,38,56,-983,114,-224,-1006,-45
19/01/2026,14,30238,35490,27638,873,6606,0,22126,0,8,3057,-662,-477,-1057,-66,11,-996,63,-224,-1019,-143
19/01/2026,15,33425,37607,30470,879,6606,0,22126,0,8,2910,-42,-162,-1061,-60,0,-839,3,-32,-1086,-292
19/01/2026,16,34886,39139,31712,885,6606,0,22126,0,9,2932,20,-126,-1051,-109,0,-818,16,-12,-1086,-442
19/01/2026,17,36845,39314,33505,921,6606,4,22126,0,12,2479,754,393,-379,-142,-19,-44,266,242,-772,-501
19/01/2026,18,37491,39970,34120,956,6606,114,22126,0,12,2393,852,427,-330,-285,-151,2,326,265,-694,-407
19/01/2026,19,39073,40901,35670,920,6606,395,22126,0,12,1831,1201,359,384,-424,-301,401,689,492,493,-491
19/01/2026,20,39006,41036,35581,884,6606,789,22126,0,12,2120,1249,363,437,-451,-453,419,729,508,607,-514
19/01/2026,21,39244,41351,35887,838,6606,1332,22126,0,11,2061,1477,672,908,-451,-531,776,645,584,854,-514
19/01/2026,22,39449,41555,35944,792,6606,1721,22126,0,10,1929,1507,692,929,-451,-531,791,664,590,871,-514
19/01/2026,23,39362,41469,35865,760,6606,1998,22126,0,11,1693,1507,633,1054,-451,-531,879,1038,590,851,-514
19/01/2026,24,39195,41300,35799,728,6606,2120,22126,0,10,1613,1507,627,1057,-450,-531,882,1094,593,849,-514
19/01/2026,25,39053,41160,35697,719,6606,2184,22126,0,11,1540,1369,557,663,-451,-531,840,1212,688,862,-514
19/01/2026,26,39033,41139,35681,710,6606,2073,22126,0,11,1654,1351,563,645,-450,-531,837,1197,696,843,-514
19/01/2026,27,38774,40881,35461,719,6606,1702,22126,0,11,1685,1232,929,671,-451,-531,468,824,767,57,-514
19/01/2026,28,38494,40610,35162,727,6606,1530,22126,0,11,1504,1217,955,620,-451,-531,455,760,777,-9,-514
19/01/2026,29,38264,41126,34862,756,6606,1319,22126,0,6,1726,1473,990,-323,-451,-531,808,537,984,-437,-514
19/01/2026,30,37780,40729,34371,784,6606,851,22126,0,10,1800,1507,992,-360,-451,-531,822,507,998,-483,-514
19/01/2026,31,37816,41113,34337,833,6606,416,22126,0,10,1844,1507,992,-138,-450,-531,972,475,998,-1054,-514
19/01/2026,32,38787,42113,35198,882,6606,210,22126,0,9,1910,1507,992,-129,-451,-531,977,466,998,-1092,-514
19/01/2026,33,39550,43139,35871,945,6606,26,22126,0,9,2146,1507,992,-405,-450,-519,930,408,997,-1092,-514
19/01/2026,34,40823,44435,36908,1008,6606,0,22126,0,9,2228,1507,992,-402,-450,-531,928,412,997,-1084,-536
19/01/2026,35,42017,44910,37935,1077,6606,0,22126,0,9,2134,1507,992,321,-451,-531,701,556,998,-788,-514
19/01/2026,36,41993,44866,37831,1145,6606,0,22126,0,10,2181,1507,990,358,-451,-531,692,586,984,-767,-514
19/01/2026,37,41547,44424,37495,1200,6606,0,22126,0,10,2171,1387,923,345,-451,-531,351,740,541,-771,-514
19/01/2026,38,41051,43910,37084,1254,6606,0,22126,0,10,2140,1371,899,344,-451,-531,338,742,512,-753,-514
19/01/2026,39,40016,42225,36257,1354,6606,0,22126,0,12,2259,1045,234,366,-451,-531,574,526,502,-101,-514
19/01/2026,40,38755,40897,35298,1454,6606,0,22126,0,10,2555,1001,199,356,-450,-504,583,470,502,-64,-514
19/01/2026,41,37885,39875,34536,1553,6606,0,22126,0,11,2553,732,576,2,-387,-367,450,96,533,-111,-514
19/01/2026,42,35954,37872,32743,1652,6606,0,22126,0,11,2685,657,597,0,-438,-240,445,46,524,-115,-514
19/01/2026,43,33943,36067,30935,1662,6606,0,22126,0,11,3062,112,391,-122,-437,-298,171,1,146,-142,-514
19/01/2026,44,32681,34608,29834,1672,6606,0,22126,0,11,3207,85,376,-130,-342,-184,160,-2,123,-144,-514
19/01/2026,45,31083,32997,28377,1703,6606,0,22126,0,9,3210,75,312,-156,-410,-107,179,51,131,-118,-514
19/01/2026,46,29184,30894,26704,1733,6606,0,22126,0,9,3585,80,304,-156,-300,-5,174,72,131,-136,-504
19/01/2026,47,27331,29956,24914,1764,6606,0,22126,0,9,2918,395,168,96,-293,0,-382,260,105,-845,-496
19/01/2026,48,26465,29072,24171,1794,6606,0,22126,0,9,3100,423,166,103,-295,0,-409,265,104,-895,-399
20/01/2026,1,26500,29467,24222,1868,6606,0,22126,0,17,3367,953,453,-140,-145,0,-603,25,139,-974,-488
20/01/2026,2,27290,30396,25046,1942,6606,0,22126,0,164,3676,1001,484,-155,-78,0,-610,-5,149,-980,-514
20/01/2026,3,26897,30855,24748,1974,6606,0,22126,0,229,3600,1113,910,-666,-219,0,-722,-5,402,-1003,-514
20/01/2026,4,26167,30270,24074,2005,6606,0,22126,0,283,3710,1127,937,-693,-249,0,-726,-32,424,-1006,-514
20/01/2026,5,25422,30073,23367,2052,6606,0,22126,0,283,3989,1240,893,-1015,-139,0,-754,-375,613,-1039,-446
20/01/2026,6,25139,29604,23025,2099,6606,0,22126,0,282,4026,1254,885,-1028,-43,0,-755,-421,627,-1042,-294
20/01/2026,7,24330,28846,22353,2157,6606,0,22126,0,282,3823,1210,707,-1016,-155,0,-805,-453,696,-1063,-142
20/01/2026,8,23888,28249,21862,2215,6606,0,22126,0,285,3872,1203,682,-1015,-138,0,-806,-487,690,-1030,7
20/01/2026,9,23627,27439,21580,2303,6606,0,22126,0,283,3872,663,256,-1069,-14,0,-901,-872,327,-73,151
20/01/2026,10,23513,27429,21379,2391,6606,0,22126,0,382,3671,589,221,-1070,0,0,-904,-942,297,-18,200
20/01/2026,11,23678,28673,21594,2490,6606,0,22126,0,389,3666,-28,19,-1070,56,40,-1018,-1210,41,-680,200
20/01/2026,12,24372,29499,22243,2588,6606,0,22126,0,317,3536,-130,-10,-1069,11,1,-1022,-1257,24,-722,200
20/01/2026,13,26582,32719,24333,2709,6606,0,22126,0,317,3313,-433,-565,-1074,76,0,-996,-1430,13,-722,200
20/01/2026,14,29569,35812,27064,2829,6606,0,22126,0,323,3415,-473,-602,-1074,192,0,-995,-1452,25,-724,200
20/01/2026,15,32555,38474,29847,2973,6606,0,22126,0,325,3432,-191,-531,-1075,127,0,-1021,-1452,480,-724,166
20/01/2026,16,34059,40010,31298,3117,6606,0,22126,0,421,3489,-152,-504,-1075,9,0,-1022,-1453,512,-724,33
20/01/2026,17,34862,40191,31982,3314,6606,19,22126,0,332,3701,255,322,-1075,-55,0,-1022,-1453,585,-724,-68
20/01/2026,18,35270,40686,32394,3511,6606,387,22126,0,316,3823,325,383,-1074,-10,0,-1021,-1453,588,-724,-218
20/01/2026,19,35886,40713,32847,3638,6606,1117,22126,0,211,3510,803,514,-822,0,0,-720,-1453,512,-724,-297
20/01/2026,20,35351,39934,32324,3765,6606,1798,22126,0,163,3701,881,529,-786,0,0,-703,-1441,508,-724,-166
20/01/2026,21,35059,38272,32056,3857,6606,2681,22126,0,168,3862,1158,753,-162,0,0,-211,-1294,501,-724,-54
20/01/2026,22,34334,37416,31427,3949,6606,3018,22126,0,167,4098,1166,768,-134,0,0,-190,-1267,501,-724,58
20/01/2026,23,34198,37325,31285,4081,6606,3612,22126,0,168,4093,992,781,110,0,0,-473,-1162,495,-724,123
20/01/2026,24,33611,36754,30806,4213,6606,4081,22126,0,166,4407,985,786,118,23,0,-484,-1169,494,-724,200
20/01/2026,25,33845,37956,31112,4314,6606,3726,22126,0,165,4792,1232,956,-620,0,0,-581,-1421,465,-724,173
20/01/2026,26,33761,38034,31019,4415,6606,3641,22126,0,166,4942,1264,969,-743,0,0,-587,-1453,467,-724,156
20/01/2026,27,33645,38652,31025,4530,6606,3438,22126,0,164,5041,1466,991,-1062,0,0,-1004,-1453,584,-724,100
20/01/2026,28,33774,38814,31094,4644,6606,3078,22126,0,166,4819,1492,992,-1076,19,0,-1021,-1453,590,-724,176
20/01/2026,29,34029,38960,31378,4704,6606,2366,22126,0,165,5170,1415,992,-1067,0,0,-922,-1453,537,-724,126
20/01/2026,30,34404,39313,31906,4764,6606,1458,22126,0,166,5214,1405,983,-1066,0,0,-919,-1453,533,-705,125
20/01/2026,31,34751,38932,32328,4787,6606,672,22126,0,164,5227,1341,646,-1075,40,0,-846,-1453,520,-43,131
20/01/2026,32,35907,40011,33433,4810,6606,190,22126,0,99,5287,1333,632,-1075,81,0,-842,-1453,527,-35,26
20/01/2026,33,36626,41330,34083,4760,6606,12,22126,0,10,5157,1478,969,-1076,4,0,-479,-1453,771,-1019,-67
20/01/2026,34,37972,42931,35334,4710,6606,0,22126,0,10,5033,1497,980,-1075,-68,0,-466,-1453,786,-1096,-191
20/01/2026,35,38925,44384,36227,4643,6606,0,22126,0,7,5272,1069,579,-1075,-59,0,-831,-1453,742,-1096,-338
20/01/2026,36,39417,44974,36738,4575,6606,0,22126,0,7,5438,1012,547,-1072,-5,0,-845,-1453,732,-1096,-479
20/01/2026,37,39100,43902,36561,4572,6606,0,22126,0,7,5474,655,378,-606,-34,0,-568,-1453,451,-1096,-438
20/01/2026,38,38332,42958,35826,4569,6606,0,22126,0,9,5422,606,354,-584,-6,0,-558,-1453,431,-1096,-320
20/01/2026,39,37575,42034,35184,4574,6606,0,22126,0,8,5464,564,-107,-413,-59,-12,-539,-1453,351,-1096,-172
20/01/2026,40,36556,40802,34284,4578,6606,0,22126,0,7,5516,562,-132,-407,17,0,-538,-1437,345,-1092,-33
20/01/2026,41,35652,39310,33498,4546,6606,0,22126,0,7,5579,1268,86,-273,5,0,-576,-1237,299,-965,67
20/01/2026,42,34358,37940,32254,4513,6606,0,22126,0,7,5607,1363,107,-263,79,0,-577,-1187,293,-948,187
20/01/2026,43,32633,35086,30670,4475,6606,0,22126,0,7,5521,730,348,-2,7,0,-332,-865,180,-647,200
20/01/2026,44,30922,33457,29166,4436,6606,0,22126,0,143,5365,646,369,0,0,0,-323,-843,175,-626,200
20/01/2026,45,29082,32183,27481,4450,6606,0,22126,0,161,5651,854,533,-336,0,0,-301,-1066,289,-637,200
20/01/2026,46,27675,30845,26143,4463,6606,0,22126,0,161,5624,882,555,-381,0,0,-300,-1081,305,-647,200
20/01/2026,47,26199,30370,24800,4418,6606,0,22126,0,161,5573,1413,950,-1002,-67,-54,-460,-932,596,-895,200
20/01/2026,48,25124,29431,23755,4372,6606,0,22126,0,162,5343,1506,978,-1035,-220,-10,-465,-902,624,-913,120
21/01/2026,1,25317,29398,23947,4262,6606,0,22126,0,35,5267,1502,973,-1021,-333,0,-344,-763,956,-955,-30
21/01/2026,2,25756,29795,24428,4152,6606,0,22126,0,30,5500,1502,973,-1020,-248,0,-339,-734,978,-958,-110
21/01/2026,3,25533,29332,24263,4015,6606,0,22126,0,164,5327,1504,991,-833,-315,0,-173,-587,996,-884,-243
21/01/2026,4,24992,28829,23803,3877,6606,0,22126,0,163,5561,1505,992,-825,-241,0,-167,-573,997,-875,-393
21/01/2026,5,24780,28414,23608,3771,6606,0,22126,0,163,5517,1505,992,-697,-293,0,44,-623,996,-752,-506
21/01/2026,6,24395,27925,23247,3664,6606,0,22126,0,159,5513,1505,992,-692,-191,0,52,-633,996,-741,-514
21/01/2026,7,23771,26929,22655,3569,6606,0,22126,0,161,5405,1505,992,-467,-44,0,-15,-676,996,-681,-514
21/01/2026,8,23583,26659,22412,3473,6606,0,22126,0,164,5091,1505,992,-459,0,0,-18,-674,996,-673,-488
21/01/2026,9,23347,26061,22103,3338,6606,0,22126,0,165,4703,1505,992,-241,-5,0,-188,-578,996,-519,-418
21/01/2026,10,23509,26185,22166,3203,6606,0,22126,0,165,4230,1506,992,-232,-94,0,-194,-570,996,-512,-309
21/01/2026,11,23925,26751,22543,3133,6606,0,22126,0,165,4072,1506,992,-240,-49,0,-389,-621,997,-605,-157
21/01/2026,12,24898,27563,23337,3063,6606,0,22126,0,166,3669,1507,990,-237,0,0,-397,-639,994,-604,-22
21/01/2026,13,27551,30034,25711,3044,6606,0,22126,0,164,3710,1477,896,95,69,44,-648,-785,849,-286,68
21/01/2026,14,30018,32441,27943,3025,6606,0,22126,0,166,3420,1472,892,102,118,1,-657,-772,844,-228,163
21/01/2026,15,32731,34215,30402,3043,6606,0,22126,0,103,2901,1502,968,232,8,0,-394,-387,988,732,159
21/01/2026,16,34508,35799,31924,3061,6606,0,22126,0,13,2815,1505,973,240,0,0,-368,-310,997,813,29
21/01/2026,17,35986,36668,33155,3152,6606,3,22126,0,14,2756,1503,991,384,0,0,399,67,997,1003,-68
21/01/2026,18,36404,37130,33527,3243,6606,67,22126,0,16,2867,1504,992,397,0,0,448,143,997,1026,-110
21/01/2026,19,38081,38759,35084,3432,6606,202,22126,0,12,2774,1502,992,999,0,0,963,516,997,1399,-66
21/01/2026,20,38241,39007,35195,3620,6606,380,22126,0,17,2934,1502,992,1031,0,0,987,592,997,1414,-149
21/01/2026,21,38277,39049,35230,3784,6606,533,22126,0,14,3274,1502,992,1058,0,0,1016,966,997,1019,-158
21/01/2026,22,38477,39271,35493,3948,6606,742,22126,0,15,3803,1502,992,1060,0,0,1016,1037,997,991,-179
21/01/2026,23,38217,39043,35324,4154,6606,858,22126,0,16,3798,1503,992,1060,0,0,1017,1357,997,992,-210
21/01/2026,24,37954,38740,35069,4360,6606,986,22126,0,16,3991,1502,992,1060,0,0,1016,1382,997,991,-170
21/01/2026,25,38009,38991,35131,4528,6606,1014,22126,0,16,4066,1502,992,1060,-75,0,1017,1195,998,968,-291
21/01/2026,26,37817,39025,35053,4696,6606,939,22126,0,16,4537,1502,992,1060,-170,0,1016,1143,997,972,-422
21/01/2026,27,37965,39330,35287,4861,6606,821,22126,0,13,4907,1503,992,1059,-240,0,1017,770,997,1195,-512
21/01/2026,28,37472,38989,34895,5025,6606,677,22126,0,14,5021,1503,992,1053,-389,0,1017,695,997,1204,-514
21/01/2026,29,36675,38252,34183,4932,6606,555,22126,0,9,5179,1503,992,377,-436,-18,909,321,997,823,-514
21/01/2026,30,36217,37855,33694,4839,6606,460,22126,0,8,4944,1503,992,319,-411,-122,896,256,997,808,-497
21/01/2026,31,36403,37852,33971,4919,6606,221,22126,0,7,5142,1505,992,-97,-296,-49,279,25,998,1250,-400
21/01/2026,32,37079,38787,34622,4999,6606,65,22126,0,6,5088,1505,992,-104,-354,-149,247,-5,998,1282,-490
21/01/2026,33,37741,39697,35176,4954,6606,9,22126,0,6,4835,1504,993,-104,-426,-301,481,-5,998,1315,-514
21/01/2026,34,38938,41063,36303,4909,6606,0,22126,0,6,4909,1504,992,-104,-450,-452,483,26,997,1320,-513
21/01/2026,35,40109,42294,37173,4843,6606,0,22126,0,4,4601,1505,992,621,-450,-531,-86,400,998,1416,-514
21/01/2026,36,40056,42273,37104,4776,6606,0,22126,0,6,4634,1504,992,742,-451,-531,-115,462,998,1422,-514
21/01/2026,37,39765,41868,36956,4700,6606,0,22126,0,7,4789,1504,992,714,-451,-531,7,669,998,1422,-514
21/01/2026,38,39090,41192,36402,4623,6606,0,22126,0,6,4840,1504,992,712,-451,-531,13,712,998,1422,-514
21/01/2026,39,38259,40360,35696,4635,6606,0,22126,0,5,4873,1504,992,833,-451,-531,379,931,998,1423,-514
21/01/2026,40,37170,39268,34733,4646,6606,0,22126,0,2,4627,1503,992,837,-451,-531,392,953,998,1425,-514
21/01/2026,41,35708,37813,33400,4585,6606,0,22126,0,7,4835,1504,992,620,-451,-531,-2,882,998,1426,-514
21/01/2026,42,34614,36738,32420,4524,6606,0,22126,0,9,5095,1504,992,573,-451,-531,-19,844,998,1425,-514
21/01/2026,43,32844,35477,30824,4426,6606,0,22126,0,0,5269,1505,992,-151,-451,-531,-386,471,998,1395,-514
21/01/2026,44,31525,34192,29700,4327,6606,0,22126,0,5,5587,1505,984,-166,-451,-531,-400,396,986,1393,-514
21/01/2026,45,29207,32483,27540,4294,6606,0,22126,0,5,5599,1393,687,-579,-451,-531,-596,22,561,1420,-514
21/01/2026,46,27784,31159,26217,4261,6606,0,22126,0,11,5607,1378,675,-611,-451,-531,-603,-55,546,1402,-513
21/01/2026,47,25972,30472,24491,4195,6606,0,22126,0,663,5644,1491,972,-971,-451,-531,-337,-433,969,668,-514
21/01/2026,48,24899,29683,23456,4129,6606,0,22126,0,907,5487,1506,992,-974,-451,-531,-327,-480,997,619,-514
22/01/2026,1,25283,30078,23864,4015,6606,0,22126,0,759,5686,1506,992,-1074,-391,-531,-439,-487,996,760,-514
22/01/2026,2,25703,30174,24285,3901,6606,0,22126,0,485,5623,1506,992,-1077,-356,-531,-443,-465,997,776,-514
22/01/2026,3,25468,30110,24124,3828,6606,0,22126,0,921,5674,1506,992,-1075,-356,-531,-462,-183,997,996,-514
22/01/2026,4,24865,29503,23559,3755,6606,0,22126,0,950,5803,1507,992,-1074,-356,-531,-462,-151,997,1005,-514
22/01/2026,5,24528,28602,23306,3720,6606,0,22126,0,685,5834,1506,992,-970,-356,-531,-242,-177,998,762,-513
22/01/2026,6,24135,28177,22933,3684,6606,0,22126,0,629,5794,1506,992,-966,-356,-531,-235,-211,998,752,-514
22/01/2026,7,23702,28571,22537,3613,6606,0,22126,0,777,5812,1507,992,-902,-356,-531,-598,-591,997,1019,-514
22/01/2026,8,23180,28283,22060,3542,6606,0,22126,0,939,5551,1507,992,-900,-356,-531,-613,-650,997,1038,-514
22/01/2026,9,23091,28553,22047,3496,6606,0,22126,0,884,5767,1507,992,-926,-356,-531,-854,-798,996,995,-513
22/01/2026,10,22910,28394,21836,3449,6606,0,22126,0,928,5643,1507,985,-927,-356,-504,-863,-793,988,992,-513
22/01/2026,11,23542,27847,22420,3457,6606,0,22126,0,145,5661,1128,717,-863,-356,-377,-955,-495,711,1040,-514
22/01/2026,12,24262,28377,23029,3464,6606,0,22126,0,13,5577,1077,693,-861,-356,-385,-959,-428,686,1047,-513
22/01/2026,13,26766,30094,25275,3466,6606,0,22126,0,9,5466,751,504,-710,-304,-265,-959,-52,451,1107,-429
22/01/2026,14,28772,32044,27083,3468,6606,0,22126,0,8,5408,707,499,-704,-295,-339,-959,26,444,1113,-367
22/01/2026,15,31832,35085,29900,3443,6606,0,22126,0,8,5016,1102,785,-442,-429,-486,-797,400,711,1168,-491
22/01/2026,16,33586,36885,31610,3418,6606,0,22126,0,12,5072,1155,802,-417,-450,-531,-775,475,729,1166,-514
22/01/2026,17,34757,37480,32552,3414,6606,7,22126,0,17,4894,1239,737,-597,-450,-531,-14,849,765,939,-514
22/01/2026,18,35337,38023,33039,3409,6606,112,22126,0,16,4834,1263,739,-564,-450,-531,54,925,773,927,-525
22/01/2026,19,36907,39015,34527,3410,6606,260,22126,0,13,4584,1475,951,826,-450,-531,936,1299,980,1073,-514
22/01/2026,20,37084,39193,34572,3410,6606,544,22126,0,13,4001,1503,966,1056,-451,-531,994,1348,994,1089,-514
22/01/2026,21,36744,38853,34278,3474,6606,778,22126,0,13,4065,1503,990,1053,-451,-531,873,1391,997,1282,-514
22/01/2026,22,37053,39162,34530,3537,6606,963,22126,0,13,3963,1503,992,1053,-451,-531,869,1397,998,1292,-514
22/01/2026,23,37404,39512,34865,3597,6606,1053,22126,0,13,3846,1502,992,1048,-451,-531,1012,1397,997,1143,-513
22/01/2026,24,37241,39351,34639,3656,6606,1030,22126,0,15,3665,1503,992,1048,-450,-531,1017,1397,998,1133,-514
22/01/2026,25,37624,39734,35041,3680,6606,1151,22126,0,15,4055,1502,992,1048,-450,-531,983,1397,997,1264,-514
22/01/2026,26,37534,39644,34930,3704,6606,1098,22126,0,15,4275,1503,992,1049,-450,-531,982,1389,997,1270,-514
22/01/2026,27,37428,39642,34942,3670,6606,886,22126,0,120,4331,1503,992,1045,-450,-531,1013,1296,998,1134,-513
22/01/2026,28,37448,39605,34949,3636,6606,698,22126,0,62,4407,1503,992,1045,-450,-531,979,1255,998,1128,-514
22/01/2026,29,37092,39240,34667,3669,6606,653,22126,0,9,4652,1504,992,891,-450,-531,-44,881,998,1311,-514
22/01/2026,30,36891,39118,34520,3702,6606,586,22126,0,13,4730,1504,992,871,-450,-531,-119,806,998,1321,-514
22/01/2026,31,36960,39357,34546,3755,6606,340,22126,0,9,4941,1504,992,185,-450,-531,-293,433,998,1193,-514
22/01/2026,32,38008,40409,35511,3808,6606,149,22126,0,7,5117,1504,992,150,-450,-531,-299,395,997,1186,-514
22/01/2026,33,38721,41199,36106,3836,6606,15,22126,0,6,5073,1326,992,103,-450,-531,-377,487,971,1232,-514
22/01/2026,34,39559,42038,36884,3863,6606,0,22126,0,5,5028,1296,974,122,-450,-531,-379,527,934,1240,-514
22/01/2026,35,40378,42578,37603,3902,6606,0,22126,0,8,5050,320,340,948,-450,-531,-35,901,-62,1410,-514
22/01/2026,36,40195,42436,37516,3940,6606,0,22126,0,8,5200,181,295,1002,-450,-531,-11,977,-127,1423,-514
22/01/2026,37,40008,42112,37422,3946,6606,0,22126,0,9,5307,157,254,1017,-450,-531,628,1351,45,1426,-514
22/01/2026,38,39268,41372,36747,3952,6606,0,22126,0,9,5227,155,256,1018,-450,-531,654,1397,66,1425,-514
22/01/2026,39,38349,40454,35940,3922,6606,0,22126,0,10,5223,592,415,950,-450,-531,68,1397,401,1406,-514
22/01/2026,40,37334,39438,34973,3891,6606,0,22126,0,9,5207,651,429,939,-450,-531,39,1397,429,1404,-514
22/01/2026,41,36454,38557,34188,3875,6606,0,22126,0,9,5141,840,520,320,-450,-531,193,1397,625,1421,-513
22/01/2026,42,34706,36810,32504,3858,6606,0,22126,0,9,4979,865,522,280,-450,-531,198,1397,632,1422,-514
22/01/2026,43,33139,35574,31119,3878,6606,0,22126,0,7,5086,972,362,-333,-450,-531,43,1397,436,1425,-514
22/01/2026,44,31587,34056,29739,3898,6606,0,22126,0,7,4967,986,350,-367,-450,-531,37,1367,418,1426,-514
22/01/2026,45,29633,32024,27888,3894,6606,0,22126,0,7,5150,566,327,-106,-450,-531,-183,993,244,1426,-514
22/01/2026,46,28308,30706,26727,3890,6606,0,22126,0,8,5294,510,324,-104,-450,-531,-191,918,234,1420,-514
22/01/2026,47,26860,29183,25312,3917,6606,0,22126,0,8,5346,310,279,-107,-404,-511,-179,544,296,1223,-514
22/01/2026,48,25700,27962,24232,3944,6606,0,22126,0,116,5432,288,290,-108,-304,-441,-179,468,315,1209,-514
23/01/2026,1,26049,29240,24574,3932,6606,0,22126,0,258,5320,1194,781,-720,-301,-409,-389,96,825,1248,-514
23/01/2026,2,26493,29809,25068,3919,6606,0,22126,0,408,5496,1288,818,-800,-301,-296,-397,46,861,1252,-514
23/01/2026,3,26136,29332,24780,3894,6606,0,22126,0,541,5580,1003,952,-642,-301,-390,-209,2,988,1252,-513
23/01/2026,4,25536,28949,24191,3868,6606,0,22126,0,789,5789,1036,963,-636,-301,-366,-202,-5,996,1254,-514
23/01/2026,5,25173,28714,23906,3854,6606,0,22126,0,971,5721,1505,990,-602,-301,-491,-57,-5,998,1327,-514
23/01/2026,6,24626,28160,23425,3840,6606,0,22126,0,965,5541,1506,992,-600,-301,-491,-52,-11,997,1334,-514
23/01/2026,7,24303,27717,23175,3818,6606,0,22126,0,961,5647,1505,992,-552,-301,-394,11,-92,998,1414,-514
23/01/2026,8,23685,27220,22575,3796,6606,0,22126,0,962,5678,1506,992,-552,-301,-494,13,-112,997,1422,-514
23/01/2026,9,23434,27782,22287,3754,6606,0,22126,0,899,5797,1506,992,-909,-301,-505,-379,-241,998,1423,-514
23/01/2026,10,23305,27631,22077,3711,6606,0,22126,0,862,5828,1506,984,-924,-301,-484,-401,-240,984,1423,-514
23/01/2026,11,23488,27549,22259,3772,6606,0,22126,0,398,5813,1050,674,-927,-301,-337,-954,-30,495,1423,-514
23/01/2026,12,24216,27794,22952,3833,6606,0,22126,0,87,5596,988,648,-926,-301,-192,-980,-2,465,1423,-490
23/01/2026,13,26426,29600,24933,3873,6606,0,22126,0,14,5468,947,466,-964,-268,-196,-767,24,504,1383,-365
23/01/2026,14,28581,31931,26908,3912,6606,0,22126,0,11,5436,941,461,-938,-295,-348,-759,51,516,1380,-399
23/01/2026,15,31097,34055,29245,3993,6606,0,22126,0,77,4848,830,708,-152,-429,-492,-700,358,864,1417,-508
23/01/2026,16,32918,35945,30876,4073,6606,0,22126,0,116,4790,815,732,-118,-450,-531,-698,426,888,1420,-514
23/01/2026,17,34471,37024,32109,4175,6606,18,22126,0,8,4290,1087,975,240,-450,-531,-450,800,964,1420,-514
23/01/2026,18,35102,37666,32669,4276,6606,184,22126,0,54,4101,1124,991,287,-450,-531,-415,876,970,1420,-514
23/01/2026,19,35947,38091,33419,4372,6606,464,22126,0,76,3808,1405,965,1026,-450,-504,491,1249,969,1420,-514
23/01/2026,20,36013,37952,33459,4467,6606,945,22126,0,9,3758,1443,963,1058,-450,-366,551,1302,969,1420,-514
23/01/2026,21,35886,37673,33335,4471,6606,1652,22126,0,9,3692,1430,968,1058,-450,-214,369,1386,957,1420,-514
23/01/2026,22,35995,37542,33440,4474,6606,1658,22126,0,9,3859,1428,968,1059,-362,-62,360,1397,956,1410,-514
23/01/2026,23,35653,37022,33181,4544,6606,1638,22126,0,10,4026,1453,954,1047,-259,65,-55,1397,967,1018,-445
23/01/2026,24,35464,36546,33031,4613,6606,1706,22126,0,10,4232,1456,955,1047,-112,46,-66,1397,970,991,-294
23/01/2026,25,35793,36642,33393,4601,6606,1680,22126,0,9,4268,1498,990,1058,-98,0,505,1397,996,991,-142
23/01/2026,26,35875,36558,33427,4589,6606,1933,22126,0,9,4202,1504,992,1058,-10,0,533,1397,998,998,-64
23/01/2026,27,35644,36256,33178,4550,6606,2031,22126,0,9,4090,1503,991,1049,0,0,713,1397,998,1278,-3
23/01/2026,28,35485,36097,32926,4511,6606,1631,22126,0,12,4019,1503,992,1049,0,0,713,1394,998,1301,44
23/01/2026,29,35291,35900,32716,4485,6606,1232,22126,0,9,4043,1503,992,806,0,0,130,1357,999,1413,88
23/01/2026,30,35316,35926,32772,4459,6606,902,22126,0,10,4407,1504,992,792,0,0,100,1346,998,1421,214
23/01/2026,31,35446,36198,32857,4467,6606,534,22126,0,9,4844,1444,978,292,0,0,-143,1261,984,1421,188
23/01/2026,32,35960,36725,33320,4475,6606,316,22126,0,13,5026,1435,977,263,37,0,-152,1240,983,1421,179
23/01/2026,33,36639,37560,33902,4495,6606,86,22126,0,9,5041,1381,964,-119,-23,0,-170,1108,971,1421,38
23/01/2026,34,37762,38875,34967,4514,6606,0,22126,0,9,5242,1372,955,-129,-141,0,-166,1112,962,1421,-68
23/01/2026,35,38909,39764,35999,4543,6606,0,22126,0,9,5327,866,646,631,-95,0,346,1366,709,1421,-151
23/01/2026,36,38967,39857,36105,4572,6606,0,22126,0,9,5281,797,619,759,-139,0,369,1397,689,1421,-142
23/01/2026,37,38508,39400,35726,4567,6606,0,22126,0,9,5492,951,403,999,-123,0,593,1397,516,1421,-160
23/01/2026,38,37834,38531,35173,4561,6606,0,22126,0,9,5470,972,393,1009,-61,0,601,1397,506,1421,-27
23/01/2026,39,36942,37602,34464,4534,6606,0,22126,0,13,5378,1025,546,1006,-47,0,798,1397,578,1421,68
23/01/2026,40,36024,36634,33624,4507,6606,0,22126,0,10,5457,1032,553,1007,41,0,801,1397,581,1421,189
23/01/2026,41,34774,35384,32500,4518,6606,0,22126,0,10,5412,771,449,722,1,0,338,1397,521,1421,200
23/01/2026,42,33407,34055,31189,4528,6606,0,22126,0,10,5387,736,435,710,-38,0,317,1392,506,1421,181
23/01/2026,43,31842,32533,29792,4471,6606,0,22126,0,91,5388,331,185,476,56,0,341,1329,125,1421,200
23/01/2026,44,30526,31292,28615,4414,6606,0,22126,0,166,5384,277,164,467,11,0,342,1291,101,1421,200
23/01/2026,45,28610,29410,26933,4417,6606,0,22126,0,200,5333,37,6,252,0,0,79,919,77,1421,200
23/01/2026,46,27698,28596,26163,4420,6606,0,22126,0,295,5497,6,-3,240,0,0,69,843,77,1420,200
23/01/2026,47,25985,27690,24509,4352,6606,0,22126,0,659,5466,145,38,-217,68,-52,-177,469,98,1360,200
23/01/2026,48,25232,27422,23736,4283,6606,0,22126,0,1157,5308,164,48,-238,189,-9,-186,395,105,1354,200
24/01/2026,1,25649,27972,24123,4227,6606,0,22126,0,1176,5086,604,312,-365,200,0,-182,40,318,1318,200
24/01/2026,2,25919,28162,24387,4170,6606,0,22126,0,1088,4850,663,334,-369,200,0,-182,-4,337,1314,200
24/01/2026,3,25785,28233,24221,4134,6606,0,22126,0,1229,4686,905,486,-494,200,0,-121,-4,541,1246,200
24/01/2026,4,25054,27500,23522,4098,6606,0,22126,0,1190,4753,938,508,-501,200,0,-120,-35,564,1237,195
24/01/2026,5,24531,28019,23065,4112,6606,0,22126,0,1177,4794,1391,927,-853,200,0,-446,-412,923,1186,89
24/01/2026,6,23899,27417,22571,4126,6606,0,22126,0,1108,4834,1452,956,-868,200,0,-458,-484,947,1176,87
24/01/2026,7,23348,27331,22165,4130,6606,0,22126,0,1093,5296,1502,990,-1066,200,0,-420,-804,995,1017,12
24/01/2026,8,22598,26617,21435,4134,6606,0,22126,0,1108,5307,1508,985,-1074,200,0,-419,-818,989,1004,97
24/01/2026,9,22019,25979,20908,4100,6606,0,22126,0,1097,5445,1060,726,-1054,200,0,-711,-498,681,1003,129
24/01/2026,10,21854,25746,20748,4066,6606,0,22126,0,1088,5576,1000,695,-1054,200,0,-722,-428,650,997,182
24/01/2026,11,21725,25405,20587,4074,6606,0,22126,0,1081,5493,721,272,-1074,200,0,-874,-51,266,874,200
24/01/2026,12,21744,25378,20536,4082,6606,0,22126,0,1077,5208,683,241,-1074,200,0,-879,-4,240,866,200
24/01/2026,13,22862,26193,21454,4126,6606,0,22126,0,768,4915,533,178,-1044,200,0,-914,-5,206,913,200
24/01/2026,14,23827,26698,22393,4169,6606,0,22126,0,326,4897,512,173,-1030,200,0,-915,13,207,911,190
24/01/2026,15,25129,27058,23728,4157,6606,0,22126,0,173,4893,564,141,-269,200,0,-887,224,328,690,193
24/01/2026,16,26182,28050,24748,4144,6606,0,22126,0,169,5049,571,147,-216,199,0,-883,266,338,687,82
24/01/2026,17,27668,28928,26059,4092,6606,96,22126,0,169,4799,648,409,95,109,0,-458,464,413,1123,-33
24/01/2026,18,28613,30028,26856,4039,6606,643,22126,0,169,4851,661,438,102,-40,0,-431,477,426,1141,-175
24/01/2026,19,29388,30564,27392,4074,6606,1687,22126,0,16,4569,1174,822,639,-190,-45,187,335,692,660,-325
24/01/2026,20,29584,30929,27433,4109,6606,2757,22126,0,13,4781,1245,848,729,-260,-2,217,330,714,628,-470
24/01/2026,21,29921,31393,27664,4115,6606,3387,22126,0,13,4645,1313,839,692,-345,0,417,493,878,741,-514
24/01/2026,22,29717,31301,27417,4120,6606,3999,22126,0,10,4713,1322,837,691,-448,0,424,530,875,750,-526
24/01/2026,23,29542,31182,27231,4116,6606,4321,22126,0,10,4758,1151,786,909,-452,-64,578,736,428,771,-514
24/01/2026,24,29270,30993,26961,4111,6606,4413,22126,0,10,5000,1128,788,918,-383,-216,583,740,416,766,-514
24/01/2026,25,29446,31200,27123,4126,6606,4600,22126,0,10,5165,1461,978,1010,-263,-367,767,478,962,433,-514
24/01/2026,26,29273,31154,26926,4140,6606,4938,22126,0,10,5200,1507,992,1013,-252,-505,774,416,998,415,-514
24/01/2026,27,29283,31189,26964,4106,6606,4385,22126,0,10,5119,1507,992,1054,-251,-531,1007,42,997,648,-514
24/01/2026,28,29726,31641,27322,4071,6606,3679,22126,0,13,4832,1507,992,1047,-252,-531,1015,-5,997,657,-514
24/01/2026,29,29848,31683,27454,4089,6606,2924,22126,0,15,4863,1505,992,420,-251,-451,690,-4,998,385,-514
24/01/2026,30,30498,32202,28147,4107,6606,2209,22126,0,15,4950,1506,992,370,-251,-311,654,-13,997,354,-514
24/01/2026,31,30968,33471,28630,4119,6606,1098,22126,0,15,5263,1507,992,-549,-251,-201,-210,-124,998,-39,-514
24/01/2026,32,31595,34337,29209,4131,6606,364,22126,0,15,5072,1507,992,-644,-251,-262,-264,-129,998,-63,-514
24/01/2026,33,33197,35374,30769,4166,6606,47,22126,0,13,5099,1507,992,-587,-300,-144,51,-19,998,29,-514
24/01/2026,34,34744,37061,32215,4200,6606,0,22126,0,13,5113,1507,992,-548,-431,-206,63,-5,998,47,-514
24/01/2026,35,36107,38035,33383,4290,6606,0,22126,0,13,5117,1507,983,324,-452,-345,2,-5,998,468,-513
24/01/2026,36,36221,38282,33489,4379,6606,0,22126,0,13,5326,1508,979,363,-452,-482,0,26,994,504,-514
24/01/2026,37,36153,38221,33545,4447,6606,0,22126,0,11,5393,1265,859,678,-452,-491,29,400,815,780,-514
24/01/2026,38,35458,37568,33004,4515,6606,0,22126,0,13,5357,1233,852,691,-452,-531,31,432,808,801,-514
24/01/2026,39,34452,36564,32171,4544,6606,0,22126,0,15,5429,1406,894,666,-452,-531,332,259,927,876,-514
24/01/2026,40,33304,35367,31089,4572,6606,0,22126,0,13,5399,1428,896,665,-452,-485,343,237,933,882,-513
24/01/2026,41,32388,34318,30239,4601,6606,0,22126,0,9,5480,1364,865,462,-452,-355,13,233,895,902,-514
24/01/2026,42,31310,33202,29186,4630,6606,0,22126,0,9,5484,1354,847,454,-451,-312,-6,247,878,902,-514
24/01/2026,43,29992,32308,28005,4652,6606,0,22126,0,26,5236,724,292,264,-451,-173,-535,424,406,863,-531
24/01/2026,44,29081,31555,27189,4674,6606,0,22126,0,130,5243,637,249,256,-452,-218,-560,416,370,853,-514
24/01/2026,45,27345,30201,25650,4683,6606,0,22126,0,130,5439,291,64,158,-452,-300,-861,42,140,595,-513
24/01/2026,46,25944,28823,24356,4692,6606,0,22126,0,130,5495,243,49,153,-451,-301,-873,-11,123,556,-513
24/01/2026,47,24788,28385,23265,4611,6606,0,22126,0,129,5545,181,-14,-646,-383,-368,-610,-98,55,-235,-514
24/01/2026,48,24507,28227,23025,4530,6606,0,22126,0,130,5517,172,-17,-778,-302,-363,-600,-101,57,-303,-526
25/01/2026,1,24567,28370,22993,4430,6606,0,22126,0,130,5418,301,46,-648,-301,-337,-506,-15,252,-753,-513
25/01/2026,2,25349,29080,23769,4330,6606,0,22126,0,133,5444,318,53,-643,-302,-252,-502,-5,267,-780,-514
25/01/2026,3,24904,28682,23422,4260,6606,0,22126,0,131,5223,876,157,-641,-302,-368,-579,-12,341,-631,-514
25/01/2026,4,24367,28525,23078,4189,6606,0,22126,0,397,5301,951,174,-641,-302,-453,-582,-43,347,-627,-513
25/01/2026,5,23492,28898,22393,4129,6606,0,22126,0,698,5412,1049,523,-793,-301,-501,-691,-420,380,-888,-514
25/01/2026,6,23070,28620,22047,4069,6606,0,22126,0,714,5517,1062,550,-799,-302,-531,-695,-488,386,-907,-514
25/01/2026,7,22451,28181,21399,4022,6606,0,22126,0,725,5460,1124,672,-794,-302,-531,-563,-748,503,-954,-513
25/01/2026,8,22145,27933,21126,3974,6606,0,22126,0,749,5316,1133,677,-794,-302,-531,-558,-784,518,-956,-514
25/01/2026,9,21661,27796,20611,3944,6606,0,22126,0,942,5651,1155,579,-868,-301,-531,-669,-829,789,-882,-513
25/01/2026,10,21352,27464,20379,3913,6606,0,22126,0,912,5847,1159,573,-870,-302,-531,-673,-838,799,-872,-514
25/01/2026,11,20904,27032,19959,3833,6606,0,22126,0,910,5892,1017,599,-901,-301,-531,-787,-887,564,-698,-513
25/01/2026,12,21041,26947,20138,3752,6606,0,22126,0,715,5902,999,596,-903,-301,-515,-790,-891,544,-677,-514
25/01/2026,13,21547,26424,20587,3705,6606,0,22126,0,645,5920,630,413,-671,-302,-387,-560,-869,389,-330,-513
25/01/2026,14,22310,26660,21260,3657,6606,0,22126,0,348,5885,581,399,-662,-302,-235,-551,-848,373,-305,-499
25/01/2026,15,23407,26965,22190,3656,6606,0,22126,0,134,5779,730,338,-587,-286,-84,-552,-631,190,-285,-399
25/01/2026,16,24269,27658,22955,3654,6606,0,22126,0,15,5838,750,337,-584,-295,0,-552,-574,187,-279,-490
25/01/2026,17,25616,27981,24103,3611,6606,22,22126,0,13,5667,835,461,-414,-195,0,-310,-193,519,-144,-496
25/01/2026,18,26843,29222,25165,3567,6606,201,22126,0,15,5359,847,471,-393,-303,-3,-300,-120,545,-132,-513
25/01/2026,19,28420,30096,26496,3490,6606,552,22126,0,17,4841,1288,537,225,-433,-104,17,226,684,-8,-514
25/01/2026,20,29475,31266,27440,3412,6606,920,22126,0,16,5111,1345,546,253,-450,-211,30,298,697,6,-514
25/01/2026,21,30792,32439,28624,3351,6606,1194,22126,0,16,4936,1323,715,837,-411,-106,75,671,846,290,-514
25/01/2026,22,31196,32890,28983,3290,6606,1394,22126,0,16,4919,1320,732,868,-432,-132,77,720,854,329,-514
25/01/2026,23,31994,33395,29710,3218,6606,1628,22126,0,16,5043,1333,947,1048,-318,-22,139,748,839,995,-445
25/01/2026,24,32648,33970,30324,3146,6606,1578,22126,0,16,4967,1336,963,1056,-357,0,142,749,843,1042,-349
25/01/2026,25,33335,34782,30949,3002,6606,1533,22126,0,16,5069,1481,990,1021,-449,-15,144,717,986,1061,-367
25/01/2026,26,33794,35341,31359,2857,6606,1469,22126,0,16,5128,1501,992,1019,-451,-111,150,696,996,1061,-369
25/01/2026,27,34476,36078,32033,2746,6606,1453,22126,0,16,5066,1500,992,1031,-451,-176,693,473,996,957,-359
25/01/2026,28,34649,36281,32071,2634,6606,1133,22126,0,19,4832,1500,992,1020,-451,-138,711,416,996,931,-424
25/01/2026,29,34281,35925,31676,2562,6606,855,22126,0,13,4776,1502,992,254,-451,-176,110,42,997,240,-404
25/01/2026,30,34825,36586,32251,2489,6606,597,22126,0,16,4714,1504,992,200,-451,-184,80,-31,998,185,-479
25/01/2026,31,35501,37760,32816,2436,6606,366,22126,0,16,4725,1505,992,122,-451,-291,118,-367,998,-66,-468
25/01/2026,32,36379,38829,33596,2383,6606,196,22126,0,16,4559,1505,992,119,-451,-442,120,-395,998,-81,-465
25/01/2026,33,37544,39805,34608,2293,6606,47,22126,0,14,4215,1504,992,151,-451,-530,227,-220,998,-3,-443
25/01/2026,34,38398,40672,35336,2202,6606,0,22126,0,13,4053,1504,990,152,-451,-530,231,-168,995,14,-512
25/01/2026,35,39605,41617,36405,2118,6606,0,22126,0,7,4194,1493,942,103,-450,-468,167,208,900,501,-487
25/01/2026,36,39465,41492,36251,2034,6606,0,22126,0,5,4192,1491,933,103,-451,-519,164,260,890,543,-452
25/01/2026,37,38911,40932,35768,1991,6606,0,22126,0,8,4283,1178,722,435,-450,-527,378,319,733,871,-436
25/01/2026,38,38102,40105,35044,1947,6606,0,22126,0,8,4099,1136,705,472,-451,-498,386,340,722,893,-446
25/01/2026,39,37208,39246,34279,1896,6606,0,22126,0,10,4116,1133,618,320,-451,-529,163,506,671,887,-448
25/01/2026,40,36296,38349,33491,1844,6606,0,22126,0,12,4192,1133,611,315,-451,-521,155,521,673,880,-469
25/01/2026,41,35261,37160,32583,1783,6606,0,22126,0,12,4261,1131,567,188,-451,-399,130,452,835,630,-437
25/01/2026,42,34108,35747,31472,1722,6606,0,22126,0,13,3919,1129,559,183,-412,-248,129,419,837,608,-366
25/01/2026,43,32867,34306,30342,1655,6606,0,22126,0,10,3942,639,382,285,-408,-96,60,125,548,444,-325
25/01/2026,44,31251,32344,28865,1588,6606,0,22126,0,12,3933,571,369,283,-264,-1,58,83,529,435,-216
25/01/2026,45,29763,30650,27510,1519,6606,0,22126,0,12,4099,621,333,-97,-113,0,2,5,554,541,-65
25/01/2026,46,28494,29215,26374,1449,6606,0,22126,0,12,4190,628,338,-104,-5,0,0,26,555,543,68
25/01/2026,47,27501,28522,25394,1377,6606,0,22126,0,11,3965,1061,613,-341,-55,0,-14,400,524,321,84
25/01/2026,48,26694,27772,24596,1304,6606,0,22126,0,21,4077,1120,633,-362,-16,0,-15,459,526,304,-64
26/01/2026,1,26989,28251,24905,1297,6606,0,22126,0,256,4071,1198,704,-213,-60,0,-90,617,668,493,-43
26/01/2026,2,27598,28767,25506,1290,6606,0,22126,0,276,4113,1208,708,-200,38,0,-93,630,678,509,68
26/01/2026,3,27299,28393,25227,1312,6606,0,22126,0,279,4063,1273,698,-106,33,0,-109,543,706,610,189
26/01/2026,4,26605,27702,24602,1334,6606,0,22126,0,283,4086,1283,699,-104,0,0,-110,526,708,614,200
26/01/2026,5,26256,27723,24296,1297,6606,0,22126,0,535,4192,1452,770,-104,0,0,-228,455,718,508,198
26/01/2026,6,25776,27253,23870,1260,6606,0,22126,0,541,4142,1475,772,-104,26,0,-232,416,719,506,200
26/01/2026,7,25650,26901,23803,1265,6606,0,22126,0,539,4362,1428,665,95,27,0,-112,42,659,738,200
26/01/2026,8,25203,26468,23346,1269,6606,0,22126,0,538,4243,1420,655,102,159,0,-108,-19,654,749,200
26/01/2026,9,24682,26521,22856,1241,6606,0,22126,0,537,4360,1079,553,-166,200,44,-342,-194,609,532,200
26/01/2026,10,24696,26628,22745,1213,6606,0,22126,0,542,4430,1025,530,-192,200,177,-352,-246,592,525,200
26/01/2026,11,24959,27974,22985,1219,6606,0,22126,0,106,4285,80,-63,-905,200,203,-715,-626,100,907,200
26/01/2026,12,26101,29145,24043,1225,6606,0,22126,0,19,4254,-48,-106,-837,200,202,-730,-704,57,930,200
26/01/2026,13,28687,32948,26460,1262,6606,0,22126,0,20,4270,-1026,-218,474,200,202,-985,-1094,-318,699,200
26/01/2026,14,31332,35836,28878,1298,6606,0,22126,0,23,4256,-1166,-232,547,200,203,-985,-1156,-342,681,200
26/01/2026,15,33861,38168,31154,1342,6606,0,22126,0,17,4123,-1193,-424,682,200,202,-355,-1330,-388,619,200
26/01/2026,16,35751,40003,32945,1385,6606,0,22126,0,10,4269,-1194,-426,679,200,203,-319,-1321,-382,622,200
26/01/2026,17,37429,39664,34423,1404,6606,6,22126,0,13,4000,-348,-39,447,200,203,-246,-929,-60,929,200
26/01/2026,18,38528,40502,35438,1423,6606,89,22126,0,12,4219,-228,2,429,200,202,-245,-865,-24,950,200
26/01/2026,19,40045,42284,36927,1481,6606,283,22126,0,13,4092,648,506,-336,200,203,-624,-666,512,944,200
26/01/2026,20,40544,42820,37398,1538,6606,507,22126,0,12,3858,793,544,-379,200,202,-640,-645,549,936,201
26/01/2026,21,39904,43098,36778,1696,6606,843,22126,0,15,3817,1199,674,-887,200,203,-993,-699,641,676,200
26/01/2026,22,39596,42855,36556,1853,6606,1067,22126,0,14,4020,1253,688,-911,200,203,-1007,-727,655,656,200
26/01/2026,23,39510,42734,36625,2010,6606,1239,22126,0,18,4184,1329,845,-597,200,161,-1021,-988,934,576,200
26/01/2026,24,39407,42677,36502,2167,6606,1409,22126,0,15,4276,1339,857,-585,200,24,-1021,-1049,953,580,200
26/01/2026,25,40157,44189,37141,2290,6606,1385,22126,0,9,4190,1491,905,-996,199,0,-1021,-1406,997,967,200
26/01/2026,26,39899,44001,36893,2412,6606,1423,22126,0,13,4328,1512,910,-1016,115,0,-1022,-1451,999,990,167
26/01/2026,27,39967,44129,37077,2475,6606,1446,22126,0,13,4231,1512,940,-1077,5,0,-1021,-1451,980,831,34
26/01/2026,28,39660,43963,36752,2538,6606,1221,22126,0,19,3939,1511,941,-1080,-55,0,-1021,-1452,979,801,-67
26/01/2026,29,39303,43741,36528,2653,6606,894,22126,0,19,4128,1429,905,-1066,-28,0,-1022,-1452,972,121,-218
26/01/2026,30,39112,43784,36321,2767,6606,601,22126,0,12,4030,1417,904,-1065,-148,0,-1022,-1453,972,56,-367
26/01/2026,31,39024,44632,36264,2771,6606,361,22126,0,54,4161,1471,933,-1064,-268,-66,-1021,-1452,972,-587,-496
26/01/2026,32,39588,45432,36795,2774,6606,143,22126,0,6,4372,1478,932,-1062,-346,-216,-1021,-1453,967,-626,-514
26/01/2026,33,40400,46211,37493,2795,6606,12,22126,0,5,4464,1373,829,-1061,-448,-367,-911,-1453,799,-452,-514
26/01/2026,34,41475,47390,38408,2815,6606,0,22126,0,2,4624,1358,808,-1061,-451,-505,-899,-1453,773,-430,-514
26/01/2026,35,41981,46866,38788,2865,6606,0,22126,0,3,4794,802,317,-970,-451,-531,-284,-1453,231,-79,-514
26/01/2026,36,41820,46657,38773,2915,6606,0,22126,0,0,5173,727,280,-967,-451,-531,-253,-1453,201,-68,-514
26/01/2026,37,41386,46705,38406,3039,6606,0,22126,0,3,5357,716,198,-1058,-451,-531,-181,-1453,364,-528,-514
26/01/2026,38,40834,46208,37810,3162,6606,0,22126,0,2,5242,716,199,-1060,-451,-531,-195,-1453,382,-568,-514
26/01/2026,39,39811,46253,36968,3344,6606,0,22126,0,3,5061,1040,429,-1041,-451,-531,-975,-1451,662,-876,-514
26/01/2026,40,39087,45603,36344,3526,6606,0,22126,0,5,4771,1085,455,-1040,-451,-531,-1022,-1451,685,-902,-514
26/01/2026,41,37907,44449,35300,3665,6606,0,22126,0,14,4700,1369,830,-1059,-451,-531,-841,-1453,864,-1079,-514
26/01/2026,42,35665,42159,33226,3804,6606,0,22126,0,12,5048,1407,850,-1061,-451,-531,-834,-1421,874,-1080,-504
26/01/2026,43,34399,39839,32151,3871,6606,0,22126,0,12,5256,1256,636,-1008,-433,-511,-861,-1027,824,-604,-384
26/01/2026,44,31984,36938,29818,3938,6606,0,22126,0,12,5292,1235,621,-1006,-307,-377,-862,-980,816,-577,-233
26/01/2026,45,29792,34355,27817,4049,6606,0,22126,0,12,5446,1129,601,-888,-210,-225,-719,-996,647,-783,-130
26/01/2026,46,27762,32069,25901,4160,6606,0,22126,0,96,5366,1116,610,-883,-63,-73,-715,-993,646,-804,-80
26/01/2026,47,26158,31434,24304,4286,6606,0,22126,0,372,5334,1461,967,-1067,-66,-50,-1010,-924,977,-1073,-114
26/01/2026,48,25205,30689,23428,4411,6606,0,22126,0,657,5401,1509,992,-1074,-33,-9,-1022,-918,998,-1089,-82
27/01/2026,1,25563,30878,23801,4533,6606,0,22126,0,985,5563,1509,992,-941,115,0,-848,-944,998,-997,0
27/01/2026,2,26091,31417,24398,4654,6606,0,22126,0,981,5608,1509,992,-937,195,57,-842,-978,998,-988,67
27/01/2026,3,25349,31290,23755,4783,6606,0,22126,0,1201,5818,1509,992,-1020,195,11,-845,-1373,998,-902,189
27/01/2026,4,24950,30943,23437,4912,6606,0,22126,0,1199,5940,1509,992,-1024,195,0,-845,-1425,998,-900,200
27/01/2026,5,24313,30444,22929,5035,6606,0,22126,0,1108,6138,1509,992,-1037,195,0,-856,-1449,997,-1081,200
27/01/2026,6,23714,29941,22363,5158,6606,0,22126,0,1188,6081,1509,992,-1038,195,0,-856,-1452,997,-1093,200
27/01/2026,7,23123,29543,21839,5263,6606,0,22126,0,1183,6164,1509,992,-1076,195,0,-1016,-1452,998,-1093,200
27/01/2026,8,22896,29049,21692,5367,6606,0,22126,0,909,6076,1509,992,-1077,195,0,-1021,-1453,998,-1093,200
27/01/2026,9,22738,29064,21560,5449,6606,0,22126,0,1083,5985,1509,992,-1077,195,0,-1022,-1453,998,-1091,200
27/01/2026,10,22984,29398,21733,5531,6606,0,22126,0,1172,5736,1509,990,-1077,195,0,-1022,-1453,994,-1090,200
27/01/2026,11,23274,29677,22039,5578,6606,0,22126,0,1161,5732,1509,901,-1077,195,0,-1022,-1453,858,-1090,200
27/01/2026,12,23831,30056,22535,5624,6606,0,22126,0,983,5682,1509,889,-1077,195,0,-1022,-1453,853,-1090,200
27/01/2026,13,26235,31679,24790,5631,6606,0,22126,0,279,5619,1506,661,-1003,195,0,-1022,-1453,942,-1087,200
27/01/2026,14,29016,34409,27338,5638,6606,0,22126,0,235,5622,1504,650,-999,197,54,-1022,-1453,949,-1084,200
27/01/2026,15,32332,37345,30304,5617,6606,0,22126,0,28,5571,1150,790,-915,151,4,-1022,-1453,981,-995,169
27/01/2026,16,33949,38923,31712,5596,6606,0,22126,0,6,5815,1099,803,-908,21,0,-1022,-1453,983,-985,35
27/01/2026,17,35451,39739,33050,5571,6606,0,22126,0,10,5608,1370,953,-437,0,0,-883,-1453,997,-837,-68
27/01/2026,18,35951,40322,33614,5545,6606,47,22126,0,13,5548,1408,964,-413,0,0,-878,-1453,998,-820,-194
27/01/2026,19,37380,41102,35090,5630,6606,185,22126,0,9,5993,1407,990,-152,0,0,-637,-1453,998,-553,-318
27/01/2026,20,37912,41623,35577,5714,6606,341,22126,0,10,5947,1408,992,-133,0,0,-626,-1445,998,-522,-375
27/01/2026,21,38049,40825,35603,5712,6606,687,22126,0,25,5647,1495,992,139,0,0,-266,-1352,999,-36,-497
27/01/2026,22,38072,40795,35519,5709,6606,1067,22126,0,40,5624,1507,991,155,0,0,-252,-1334,998,0,-497
27/01/2026,23,38417,40999,35769,5676,6606,1305,22126,0,39,4933,1418,944,637,-18,0,-213,-1252,999,96,-460
27/01/2026,24,37967,40546,35262,5643,6606,1333,22126,0,55,4816,1406,937,661,0,0,-212,-1210,999,107,-502
27/01/2026,25,38243,40272,35464,5599,6606,1419,22126,0,30,4830,1186,784,923,0,0,-42,-820,999,187,-537
27/01/2026,26,38272,40214,35520,5554,6606,1422,22126,0,5,4984,1156,774,933,0,0,-35,-789,996,184,-513
27/01/2026,27,38235,40487,35436,5471,6606,1413,22126,0,5,4960,1166,772,1022,0,0,337,-1007,896,-138,-502
27/01/2026,28,37556,39806,34750,5388,6606,1387,22126,0,14,4968,1167,772,1026,0,0,339,-1061,888,-156,-419
27/01/2026,29,37398,40123,34588,5293,6606,1618,22126,0,8,4974,1186,770,1017,0,0,-371,-1399,829,-8,-339
27/01/2026,30,36906,39690,34139,5197,6606,1551,22126,0,17,5127,1188,767,1017,0,0,-411,-1442,827,5,-314
27/01/2026,31,36702,39905,33903,5113,6606,1327,22126,0,6,5135,1060,651,976,0,0,-725,-1451,878,190,-421
27/01/2026,32,37485,40560,34695,5028,6606,796,22126,0,5,5283,1043,651,970,0,0,-737,-1446,884,203,-287
27/01/2026,33,38453,41451,35598,5013,6606,262,22126,0,5,5302,1426,944,392,0,0,-862,-1364,991,237,-167
27/01/2026,34,39600,42627,36734,4998,6606,3,22126,0,5,5602,1477,948,365,0,0,-864,-1323,986,249,-235
27/01/2026,35,40787,42909,37846,4961,6606,0,22126,0,8,5579,1305,390,831,0,0,-435,-930,539,588,-149
27/01/2026,36,40708,42752,37761,4924,6606,0,22126,0,11,5453,1281,351,852,0,0,-417,-851,507,614,-165
27/01/2026,37,40458,42108,37583,4809,6606,0,22126,0,11,5417,1066,344,1016,0,0,-349,-466,386,714,-224
27/01/2026,38,40129,41564,37321,4693,6606,0,22126,0,11,5393,1037,350,1023,0,0,-347,-391,393,734,-86
27/01/2026,39,39574,40378,36879,4656,6606,0,22126,0,10,4951,985,582,787,0,0,-107,-47,878,1203,-40
27/01/2026,40,38223,38933,35673,4619,6606,0,22126,0,8,5008,978,603,776,0,0,-98,-4,907,1228,8
27/01/2026,41,37282,37939,34779,4527,6606,0,22126,0,8,5225,1050,793,365,0,0,-3,-5,861,943,-41
27/01/2026,42,36105,36796,33723,4435,6606,0,22126,0,8,5129,1060,793,347,0,0,0,-4,851,926,-79
27/01/2026,43,34519,35131,32290,4260,6606,0,22126,0,7,5030,700,336,245,0,0,75,-5,601,1045,5
27/01/2026,44,32706,33316,30607,4084,6606,0,22126,0,5,5050,652,300,241,0,0,77,-5,582,1054,68
27/01/2026,45,30795,31484,28945,3865,6606,0,22126,0,7,4987,537,121,240,0,0,-77,-5,446,1054,173
27/01/2026,46,29452,30143,27747,3645,6606,0,22126,0,4,4732,522,111,236,0,0,-82,-5,435,1059,200
27/01/2026,47,27786,29130,26116,3439,6606,0,22126,0,4,4319,788,202,-362,0,-52,-322,-4,365,1243,200
27/01/2026,48,26811,28157,25227,3233,6606,0,22126,0,7,4739,825,211,-393,0,-15,-331,23,358,1259,173
28/01/2026,1,27642,28564,25873,2957,6606,0,22126,0,4,4592,772,304,96,0,-82,-236,355,277,1315,35
28/01/2026,2,27920,28828,26099,2680,6606,0,22126,0,4,4761,765,316,105,0,-7,-232,426,279,1322,-65
28/01/2026,3,28050,28858,26125,2502,6606,0,22126,0,6,4488,1006,501,348,0,0,55,798,547,1415,-202
28/01/2026,4,27369,28216,25557,2323,6606,0,22126,0,8,4456,1039,522,360,0,0,66,833,572,1421,-239
28/01/2026,5,27173,28125,25323,2189,6606,0,22126,0,73,4071,1425,825,437,0,0,313,695,833,1421,-279
28/01/2026,6,26728,27604,24846,2055,6606,0,22126,0,70,3584,1477,849,439,0,0,322,682,854,1421,-206
28/01/2026,7,26504,27322,24643,1947,6606,0,22126,0,69,3500,1504,954,627,0,0,326,740,989,1421,-149
28/01/2026,8,25850,26732,24095,1839,6606,0,22126,0,213,3295,1507,957,634,0,0,324,743,998,1419,-69
28/01/2026,9,25370,26436,23660,1744,6606,0,22126,0,286,3219,1476,805,540,0,0,-102,693,999,1316,-78
28/01/2026,10,25766,26772,23912,1649,6606,0,22126,0,284,2875,1469,780,506,0,0,-120,657,980,1297,-2
28/01/2026,11,25938,27499,24009,1577,6606,0,22126,0,177,2939,780,243,-400,0,56,-384,285,350,913,68
28/01/2026,12,27440,29082,25307,1504,6606,0,22126,0,187,2590,682,183,-454,0,11,-401,209,296,884,177
28/01/2026,13,30045,33205,27633,1438,6606,0,22126,0,19,2772,-27,-641,-517,0,0,-978,-168,-210,801,195
28/01/2026,14,32559,35981,29904,1372,6606,0,22126,0,15,2629,-139,-699,-493,0,18,-1005,-230,-241,789,195
28/01/2026,15,36117,38773,33193,1244,6606,0,22126,0,8,2497,194,-748,-3,0,122,-693,-434,-170,568,195
28/01/2026,16,37373,39991,34230,1116,6606,0,22126,0,6,2378,263,-743,0,0,32,-681,-429,-159,549,195
28/01/2026,17,38777,40473,35433,1044,6606,112,22126,0,9,2175,288,-450,267,0,1,-585,-52,79,420,195
28/01/2026,18,38908,40514,35550,971,6606,979,22126,0,7,1997,291,-412,286,0,64,-582,-5,107,421,152
28/01/2026,19,38950,40402,35605,911,6606,2303,22126,0,10,1792,513,218,-97,0,5,-739,-6,528,819,23
28/01/2026,20,38063,39531,34693,851,6606,3513,22126,0,13,1714,544,273,-104,0,0,-745,-6,559,842,0
28/01/2026,21,37136,39100,33732,798,6606,4559,22126,0,13,1580,1000,710,-596,0,0,-749,-6,701,613,55
28/01/2026,22,36492,38551,33157,745,6606,5417,22126,0,12,1453,1062,737,-672,0,0,-749,-26,710,591,104
28/01/2026,23,35900,38532,32495,694,6606,5984,22126,0,9,1276,1260,668,-869,0,0,-877,-277,683,371,138
28/01/2026,24,35425,38128,31951,642,6606,6538,22126,0,9,1380,1287,667,-876,0,0,-882,-336,686,358,181
28/01/2026,25,35432,38608,31873,636,6606,6684,22126,0,9,1195,1361,823,-952,0,0,-923,-692,883,464,195
28/01/2026,26,35156,38367,31619,629,6606,6695,22126,0,9,1247,1372,824,-956,0,0,-925,-721,890,463,200
28/01/2026,27,35287,38188,31815,643,6606,5990,22126,0,9,1231,1230,481,-803,0,0,-954,-535,732,124,200
28/01/2026,28,35217,38071,31741,657,6606,5373,22126,0,9,1301,1211,460,-798,0,0,-956,-491,719,107,200
28/01/2026,29,35276,37705,31762,671,6606,4311,22126,0,9,1150,1260,556,-645,0,0,-949,-226,633,349,200
28/01/2026,30,35519,37926,32055,684,6606,3130,22126,0,9,1273,1266,573,-639,0,51,-948,-211,637,366,169
28/01/2026,31,36621,38825,33161,686,6606,2331,22126,0,9,1455,1303,966,-472,0,20,-692,-431,931,390,37
28/01/2026,32,38001,40203,34484,687,6606,1376,22126,0,5,1536,1308,986,-455,0,14,-682,-429,951,400,-31
28/01/2026,33,39364,40724,35736,752,6606,325,22126,0,5,1366,982,761,-107,0,112,-589,-51,996,717,-8
28/01/2026,34,40627,42018,36895,817,6606,6,22126,0,3,1628,936,728,-104,0,22,-584,21,978,745,-100
28/01/2026,35,41854,42758,37920,913,6606,0,22126,0,8,1402,531,91,555,0,0,-221,327,255,958,-75
28/01/2026,36,42173,43170,38269,1009,6606,0,22126,0,8,1508,476,42,654,0,0,-207,383,209,977,-182
28/01/2026,37,41957,42975,38195,1078,6606,0,22126,0,13,1573,271,-144,868,0,0,-39,609,200,1134,-222
28/01/2026,38,41586,42519,37917,1146,6606,0,22126,0,12,1759,243,-151,876,0,0,-32,637,199,1142,-138
28/01/2026,39,40979,41888,37414,1147,6606,0,22126,0,9,1692,687,45,1013,0,-53,376,639,203,1035,-247
28/01/2026,40,40460,41363,36942,1147,6606,0,22126,0,10,1709,748,58,1018,0,-10,393,644,204,1029,-283
28/01/2026,41,39131,39936,35703,1155,6606,0,22126,0,9,1630,938,54,1056,0,-32,138,711,197,1088,-164
28/01/2026,42,37394,38030,34063,1163,6606,0,22126,0,9,2064,964,55,1057,0,0,128,731,194,1095,-27
28/01/2026,43,35720,36334,32600,1158,6606,0,22126,0,9,2101,817,91,1058,0,0,168,882,120,1165,-5
28/01/2026,44,33880,34490,30872,1152,6606,0,22126,0,10,2064,797,93,1058,0,0,170,909,123,1167,67
28/01/2026,45,32223,32838,29502,1201,6606,0,22126,0,15,2032,733,84,935,0,0,271,1019,377,1031,56
28/01/2026,46,30218,30831,27658,1250,6606,0,22126,0,13,2298,724,94,930,0,0,274,1026,395,1018,62
28/01/2026,47,28681,29292,26203,1284,6606,0,22126,0,11,2184,955,476,871,0,17,82,942,455,958,139
28/01/2026,48,28145,28863,25695,1318,6606,0,22126,0,118,2326,986,505,868,0,0,75,937,457,955,200
29/01/2026,1,28173,28938,25804,1344,6606,0,22126,0,165,2484,986,615,653,0,0,124,1006,395,1054,200
29/01/2026,2,28754,29578,26433,1370,6606,0,22126,0,224,2665,986,619,645,0,62,126,1008,391,1067,200
29/01/2026,3,28482,29502,26238,1379,6606,0,22126,0,420,2764,625,496,716,0,5,118,915,395,1244,200
29/01/2026,4,27608,28907,25472,1387,6606,0,22126,0,699,2922,576,486,718,0,35,118,883,392,1257,194
29/01/2026,5,26744,28326,24709,1453,6606,0,22126,0,982,2939,526,447,758,0,0,56,623,256,1280,84
29/01/2026,6,26115,27693,24160,1518,6606,0,22126,0,978,2744,520,444,759,0,0,54,561,248,1278,79
29/01/2026,7,25942,27305,23980,1597,6606,0,22126,0,763,2867,553,457,572,0,0,71,188,300,1125,56
29/01/2026,8,25513,26988,23613,1676,6606,0,22126,0,875,2806,558,449,554,0,0,72,112,298,1110,67
29/01/2026,9,24975,26709,23101,1742,6606,0,22126,0,728,3156,338,116,111,0,0,-140,-266,111,980,145
29/01/2026,10,25083,26864,23111,1807,6606,0,22126,0,685,2897,309,91,104,0,47,-153,-343,97,954,173
29/01/2026,11,25183,27547,23158,1957,6606,0,22126,0,85,3124,35,1,-266,0,180,-680,-727,-6,330,200
29/01/2026,12,26403,28915,24274,2107,6606,0,22126,0,51,2908,-12,-26,-287,0,203,-704,-805,-27,282,200
29/01/2026,13,28947,33725,26672,2186,6606,0,22126,0,99,3283,-1156,-807,215,0,203,-439,-1195,-482,64,200
29/01/2026,14,31282,36294,28836,2264,6606,0,22126,0,22,3284,-1330,-858,203,0,203,-429,-1258,-515,32,200
29/01/2026,15,34331,39536,31615,2228,6606,0,22126,0,13,3563,-921,-766,765,0,202,-262,-1429,-644,-570,200
29/01/2026,16,35994,40821,33172,2191,6606,0,22126,0,10,3916,-510,-746,793,0,202,-266,-1451,-635,-609,200
29/01/2026,17,37387,41632,34404,2192,6606,39,22126,0,10,3704,-371,-280,600,0,203,-934,-1452,-68,-530,200
29/01/2026,18,37498,41781,34528,2193,6606,275,22126,0,10,3734,-458,-242,557,0,140,-970,-1452,-32,-519,200
29/01/2026,19,38081,41999,35128,2244,6606,558,22126,0,3,3737,-52,-20,-473,0,30,-1020,-1452,-6,-292,200
29/01/2026,20,37826,41739,34807,2295,6606,876,22126,0,6,3660,2,-5,-546,0,145,-1022,-1452,-3,-279,200
29/01/2026,21,37892,42152,34853,2323,6606,1237,22126,0,3,3385,2,-5,-814,0,203,-1022,-1453,-4,-359,191
29/01/2026,22,37540,41819,34486,2350,6606,1564,22126,0,5,3308,2,-5,-824,0,200,-1022,-1453,-4,-366,190
29/01/2026,23,37374,41826,34423,2448,6606,1783,22126,0,5,3208,2,-5,-923,0,194,-1022,-1453,-4,-440,190
29/01/2026,24,37342,41797,34444,2546,6606,1763,22126,0,10,3430,2,15,-926,0,194,-1022,-1453,13,-444,190
29/01/2026,25,37895,42273,35037,2573,6606,2159,22126,0,10,3438,383,706,-882,0,193,-1022,-1453,566,-411,190
29/01/2026,26,37618,41993,34787,2599,6606,2214,22126,0,10,3506,437,748,-880,0,194,-1022,-1453,604,-410,190
29/01/2026,27,37607,42263,34709,2594,6606,1716,22126,0,6,3528,627,559,-1068,12,193,-1022,-1453,685,-507,190
29/01/2026,28,37495,42156,34497,2589,6606,1375,22126,0,5,3454,652,552,-1075,150,193,-1022,-1453,689,-506,190
29/01/2026,29,37712,42096,34699,2653,6606,1024,22126,0,11,3635,627,760,-1076,201,194,-1022,-1453,630,-222,190
29/01/2026,30,37798,42161,34884,2717,6606,676,22126,0,14,3642,624,775,-1070,197,129,-1022,-1453,625,-204,190
29/01/2026,31,37853,41445,34935,2745,6606,425,22126,0,15,3507,956,805,-322,131,55,-922,-1453,592,-271,190
29/01/2026,32,38703,42278,35787,2773,6606,171,22126,0,16,3853,1001,802,-254,58,16,-919,-1453,577,-270,190
29/01/2026,33,39305,42638,36362,2791,6606,22,22126,0,16,4192,829,635,-303,1,114,-872,-1453,128,-83,190
29/01/2026,34,40927,44203,37820,2809,6606,0,22126,0,14,4252,804,611,-305,71,23,-870,-1439,106,-48,147
29/01/2026,35,42129,45349,38816,2891,6606,0,22126,0,14,4444,270,149,-320,49,0,-1017,-1269,346,752,19
29/01/2026,36,42235,45431,38888,2973,6606,0,22126,0,14,4431,197,115,-321,19,0,-1022,-1217,353,812,-22
29/01/2026,37,42090,45281,38761,3011,6606,0,22126,0,14,4623,23,26,-521,0,-54,-1022,-824,81,1006,-156
29/01/2026,38,41543,44756,38308,3048,6606,0,22126,0,14,4738,2,20,-529,0,-10,-1021,-755,62,1009,-284
29/01/2026,39,40828,43304,37697,3105,6606,0,22126,0,14,4769,2,12,-303,0,0,-765,-491,14,595,-303
29/01/2026,40,39383,41665,36373,3162,6606,0,22126,0,10,4972,4,28,-293,0,0,-754,-428,21,565,-197
29/01/2026,41,38773,40050,35892,3167,6606,0,22126,0,6,4941,850,616,-106,-15,0,-415,-51,345,571,-84
29/01/2026,42,37425,38541,34629,3171,6606,0,22126,0,6,4943,973,649,-104,0,54,-401,-5,361,577,24
29/01/2026,43,35347,36787,32708,3237,6606,0,22126,0,6,5033,703,395,-271,0,10,-504,-5,138,777,-54
29/01/2026,44,33935,35418,31482,3303,6606,0,22126,0,9,5075,666,371,-278,-9,0,-509,-5,124,791,-73
29/01/2026,45,31873,33079,29588,3274,6606,0,22126,0,86,5101,563,182,141,-90,0,-377,-5,89,781,-48
29/01/2026,46,30217,31208,28086,3244,6606,0,22126,0,11,5304,548,171,152,-9,4,-371,26,91,785,68
29/01/2026,47,28193,29157,26243,3289,6606,0,22126,0,293,5109,906,253,104,0,1,-71,400,202,990,82
29/01/2026,48,26709,27676,24927,3334,6606,0,22126,0,307,4896,954,260,102,0,0,-60,450,215,1009,39
30/01/2026,1,27224,28199,25350,3340,6606,0,22126,0,340,4814,955,318,2,0,0,40,505,416,1176,-35
30/01/2026,2,27990,29022,26125,3345,6606,0,22126,0,432,4663,955,325,0,0,0,44,482,434,1187,84
30/01/2026,3,27933,29345,26116,3337,6606,0,22126,0,812,4739,984,458,0,0,0,65,109,615,1123,82
30/01/2026,4,27150,28892,25396,3328,6606,0,22126,0,1112,5132,988,476,0,-1,0,62,47,636,1116,-29
30/01/2026,5,26545,29244,24901,3295,6606,0,22126,0,1017,5276,994,833,-283,-64,0,-417,-150,952,1018,-168
30/01/2026,6,26405,29311,24858,3261,6606,0,22126,0,1103,5435,995,859,-310,-5,0,-439,-203,971,1006,-246
30/01/2026,7,25514,29118,23953,3237,6606,0,22126,0,1114,5294,995,918,-447,0,0,-645,-580,944,807,-218
30/01/2026,8,25154,28787,23654,3213,6606,0,22126,0,1107,5376,995,913,-452,-13,0,-653,-630,940,791,-178
30/01/2026,9,24836,28854,23375,3225,6606,0,22126,0,991,5519,900,611,-567,-120,0,-840,-673,830,831,-227
30/01/2026,10,24769,28822,23319,3237,6606,0,22126,0,1221,5405,886,575,-571,-81,0,-847,-649,802,841,-84
30/01/2026,11,25064,28622,23638,3310,6606,0,22126,0,1113,5184,307,32,-562,56,0,-1016,-267,63,1105,16
30/01/2026,12,25952,29267,24449,3382,6606,0,22126,0,912,5060,228,-5,-562,36,13,-1021,-215,16,1121,143
30/01/2026,13,28423,31028,26716,3453,6606,0,22126,0,309,5140,27,-5,-524,145,112,-1021,-146,44,1002,200
30/01/2026,14,30723,33282,28839,3524,6606,0,22126,0,266,4993,4,-4,-522,108,22,-1021,-146,46,989,200
30/01/2026,15,33494,36006,31381,3543,6606,0,22126,0,246,5257,509,22,-557,196,43,-853,-256,21,804,197
30/01/2026,16,34823,37107,32580,3561,6606,0,22126,0,28,5650,583,30,-556,90,2,-847,-253,32,792,200
30/01/2026,17,36222,37669,33812,3564,6606,51,22126,0,18,5613,712,287,-162,1,0,-635,-32,448,832,176
30/01/2026,18,36908,38286,34372,3566,6606,362,22126,0,14,5607,730,320,-144,0,0,-620,10,488,840,43
30/01/2026,19,38077,38849,35433,3485,6606,932,22126,0,17,5197,963,858,113,-59,0,-29,178,925,995,-67
30/01/2026,20,37837,38688,35163,3403,6606,1637,22126,0,17,4894,994,896,122,-16,0,0,221,954,1004,-218
30/01/2026,21,37596,38575,34828,3376,6606,2074,22126,0,17,4847,994,941,151,0,0,242,504,995,961,-362
30/01/2026,22,37390,38385,34599,3349,6606,2584,22126,0,17,5010,994,945,152,0,0,251,569,998,958,-378
30/01/2026,23,37232,38225,34432,3298,6606,2768,22126,0,17,4788,995,975,212,-1,0,80,936,998,987,-375
30/01/2026,24,36605,37569,33813,3246,6606,3127,22126,0,9,4812,994,977,212,-89,0,74,1005,999,989,-266
30/01/2026,25,36556,37759,33729,3284,6606,3027,22126,0,9,4611,994,991,2,-241,0,218,1295,999,926,-353
30/01/2026,26,36423,37674,33647,3322,6606,3281,22126,0,9,4493,994,992,0,-280,0,223,1325,999,923,-362
30/01/2026,27,36494,37855,33712,3255,6606,2777,22126,0,9,4364,995,992,214,-379,-1,172,1237,999,1012,-372
30/01/2026,28,36084,37624,33235,3187,6606,2405,22126,0,9,4140,994,992,231,-431,-61,170,1196,999,1024,-439
30/01/2026,29,36079,37422,33188,3187,6606,2082,22126,0,9,4170,995,992,392,-319,-4,73,824,999,1235,-411
30/01/2026,30,35983,37529,33157,3187,6606,1236,22126,0,8,4128,994,992,398,-400,-35,69,769,999,1254,-503
30/01/2026,31,36115,37864,33258,3173,6606,723,22126,0,8,4031,994,992,552,-450,-177,67,671,999,1347,-514
30/01/2026,32,36558,38459,33740,3158,6606,420,22126,0,8,4140,994,992,559,-451,-328,67,689,998,1350,-514
30/01/2026,33,37375,39394,34510,3242,6606,85,22126,0,8,4019,993,992,887,-450,-447,161,1061,998,1170,-514
30/01/2026,34,38340,40442,35398,3326,6606,3,22126,0,8,4086,993,993,901,-450,-531,164,1127,998,1162,-513
30/01/2026,35,39931,42035,36826,3479,6606,0,22126,0,8,4199,992,992,1055,-451,-531,340,1367,987,1351,-514
30/01/2026,36,40040,42145,36923,3632,6606,0,22126,0,8,4162,993,984,1061,-452,-531,352,1397,982,1367,-514
30/01/2026,37,39511,41614,36449,3665,6606,0,22126,0,8,3939,992,679,1061,-451,-531,900,1397,829,1419,-513
30/01/2026,38,38483,40587,35501,3698,6606,0,22126,0,8,3941,992,667,1061,-451,-531,926,1397,824,1422,-514
30/01/2026,39,37647,39751,34736,3808,6606,0,22126,0,8,3962,992,969,1061,-451,-531,834,1397,987,1359,-514
30/01/2026,40,36368,38471,33516,3917,6606,0,22126,0,8,3942,992,990,1054,-451,-531,831,1397,998,1356,-513
30/01/2026,41,35422,37526,32687,3934,6606,0,22126,0,8,4179,992,992,1062,-451,-531,934,1397,997,1418,-514
30/01/2026,42,34211,36315,31586,3950,6606,0,22126,0,8,3912,992,990,1061,-451,-531,938,1397,992,1422,-514
30/01/2026,43,32454,34558,30002,3899,6606,0,22126,0,8,3867,992,901,1061,-451,-531,804,1397,807,1359,-514
30/01/2026,44,30865,32969,28571,3847,6606,0,22126,0,8,3894,991,883,1062,-451,-531,800,1370,783,1354,-514
30/01/2026,45,29123,31221,26944,3832,6606,0,22126,0,7,4045,664,469,1061,-446,-531,791,1026,380,1418,-514
30/01/2026,46,27730,29738,25707,3817,6606,0,22126,0,10,4180,618,434,1060,-354,-531,790,981,353,1423,-513
30/01/2026,47,26853,29144,24740,3766,6606,0,22126,0,315,4378,203,216,1063,-332,-531,530,943,301,1423,-513
30/01/2026,48,25983,28371,23923,3715,6606,0,22126,0,412,4267,147,206,1064,-332,-531,520,945,303,1423,-513
31/01/2026,1,26015,28464,23970,3710,6606,0,22126,0,472,4309,139,400,932,-332,-531,297,1025,528,1423,-514
31/01/2026,2,26760,29206,24710,3704,6606,0,22126,0,470,4302,138,410,929,-332,-531,288,1035,536,1422,-513
31/01/2026,3,26072,28704,24225,3670,6606,0,22126,0,655,4218,374,267,980,-332,-531,474,1029,334,1382,-514
31/01/2026,4,25570,28230,23805,3636,6606,0,22126,0,735,4312,406,262,983,-332,-479,481,1028,325,1380,-514
31/01/2026,5,25029,27793,23321,3552,6606,0,22126,0,796,4298,343,418,942,-332,-522,467,1019,445,1416,-514
31/01/2026,6,24682,27450,23039,3467,6606,0,22126,0,792,4343,335,423,940,-332,-531,465,1022,449,1421,-513
31/01/2026,7,24120,26787,22548,3397,6606,0,22126,0,730,4360,515,222,912,-332,-491,137,1079,344,1379,-514
31/01/2026,8,22948,25752,21529,3327,6606,0,22126,0,928,4255,540,209,912,-332,-431,124,1087,338,1376,-513
31/01/2026,9,22917,25849,21619,3256,6606,0,22126,0,1027,4255,459,277,884,-332,-459,181,1088,378,1421,-514
31/01/2026,10,22839,25797,21499,3184,6606,0,22126,0,1068,4203,448,277,883,-332,-445,183,1104,379,1426,-513
31/01/2026,11,22705,25443,21335,3153,6606,0,22126,0,1018,4042,232,96,842,-329,-294,326,1303,299,1426,-497
31/01/2026,12,22851,25512,21520,3122,6606,0,22126,0,1009,4217,203,85,840,-397,-142,333,1332,292,1426,-513
31/01/2026,13,24001,26021,22582,3073,6606,0,22126,0,546,4169,187,118,675,-346,-14,678,1390,257,1426,-514
31/01/2026,14,24945,26863,23500,3023,6606,0,22126,0,395,4156,184,125,669,-409,0,692,1397,257,1424,-514
31/01/2026,15,26220,27898,24663,2963,6606,0,22126,0,289,4641,373,299,474,-301,-1,620,1397,367,1357,-487
31/01/2026,16,27315,29168,25583,2903,6606,0,22126,0,275,4537,399,319,466,-369,-96,617,1397,376,1353,-513
31/01/2026,17,28885,30816,26941,2831,6606,251,22126,0,119,4813,785,617,392,-450,-248,433,1397,451,1368,-514
31/01/2026,18,30003,31975,27880,2758,6606,1035,22126,0,13,4678,837,644,389,-451,-394,426,1397,462,1372,-514
31/01/2026,19,30674,32771,28331,2644,6606,1980,22126,0,13,4232,804,882,557,-451,-519,487,1397,660,1416,-514
31/01/2026,20,30661,32770,28175,2530,6606,2793,22126,0,13,3845,800,897,564,-451,-531,489,1397,679,1419,-514
31/01/2026,21,30936,33045,28378,2417,6606,3820,22126,0,13,3599,927,870,849,-451,-531,613,1397,912,1419,-514
31/01/2026,22,30921,33030,28267,2303,6606,4347,22126,0,13,3526,944,870,862,-451,-531,618,1398,927,1419,-514
31/01/2026,23,30454,32562,27760,2231,6606,4633,22126,0,12,3331,853,930,705,-451,-531,667,1397,931,1419,-514
31/01/2026,24,30274,32382,27532,2159,6606,5060,22126,0,12,3202,841,935,700,-451,-531,669,1397,933,1419,-514
31/01/2026,25,30606,32714,27852,2079,6606,4563,22126,0,12,3158,975,989,991,-451,-531,851,1397,994,1419,-514
31/01/2026,26,30714,32822,27949,1998,6606,4350,22126,0,12,2964,993,992,1003,-451,-531,857,1397,998,1419,-514
31/01/2026,27,30997,33105,28179,1962,6606,4220,22126,0,12,2866,993,992,1041,-451,-531,1011,1397,998,1419,-514
31/01/2026,28,31197,33306,28261,1926,6606,3528,22126,0,13,2703,993,992,1043,-451,-531,1017,1397,999,1419,-514
31/01/2026,29,31427,33537,28493,1845,6606,2813,22126,0,14,2270,993,992,1043,-451,-531,998,1397,998,1405,-514
31/01/2026,30,31904,34014,28979,1763,6606,2197,22126,0,14,1964,992,989,1042,-451,-531,989,1397,996,1403,-514
31/01/2026,31,32721,34834,29780,1756,6606,1200,22126,0,17,2146,912,863,683,-451,-531,388,1397,924,1389,-514
31/01/2026,32,33534,35646,30539,1749,6606,530,22126,0,16,1923,900,858,665,-451,-531,358,1397,921,1389,-514
31/01/2026,33,34395,36509,31399,1794,6606,189,22126,0,18,1969,982,984,223,-451,-531,395,1397,994,1419,-514
31/01/2026,34,35657,37765,32624,1839,6606,12,22126,0,12,2123,994,991,205,-451,-531,398,1397,998,1425,-514
31/01/2026,35,37262,39367,34102,1862,6606,0,22126,0,10,2174,993,944,647,-450,-531,707,1397,984,1425,-514
31/01/2026,36,37329,39434,34209,1884,6606,0,22126,0,10,2265,993,942,667,-450,-531,719,1397,984,1425,-514
31/01/2026,37,37350,39453,34270,1871,6606,0,22126,0,8,2238,967,962,853,-450,-531,894,1397,983,1425,-514
31/01/2026,38,36381,38488,33292,1858,6606,0,22126,0,11,1864,963,964,861,-451,-531,900,1397,983,1425,-514
31/01/2026,39,35731,37836,32700,1871,6606,0,22126,0,9,1677,985,990,1005,-451,-531,993,1397,997,1425,-514
31/01/2026,40,35076,37180,32091,1883,6606,0,22126,0,8,1867,989,992,1011,-451,-531,997,1397,998,1425,-514
31/01/2026,41,34250,36354,31371,1848,6606,0,22126,0,8,2095,992,992,1010,-451,-531,987,1397,998,1425,-514
31/01/2026,42,33042,35144,30199,1812,6606,0,22126,0,6,2267,992,992,1010,-451,-531,987,1397,997,1425,-514
31/01/2026,43,31962,34064,29208,1775,6606,0,22126,0,6,2323,992,991,950,-451,-531,997,1397,984,1425,-514
31/01/2026,44,30762,32851,28069,1738,6606,0,22126,0,6,2364,992,986,947,-451,-518,997,1397,979,1423,-514
31/01/2026,45,29547,31511,27010,1698,6606,0,22126,0,6,2366,992,805,893,-451,-393,997,1397,812,1424,-514
31/01/2026,46,28354,30145,26007,1657,6606,0,22126,0,6,2357,992,793,890,-430,-241,997,1397,804,1425,-514
31/01/2026,47,27099,28892,24875,1600,6606,0,22126,0,6,2218,829,833,612,-446,-227,799,1397,885,1425,-514
31/01/2026,48,26002,27810,23863,1542,6606,0,22126,0,6,2107,806,837,600,-451,-238,792,1397,891,1425,-513
01/02/2026,1,26646,28354,24441,1491,6606,0,22126,0,6,2328,915,891,734,-451,-137,871,1397,926,1425,-514
01/02/2026,2,27044,28631,24834,1440,6606,0,22126,0,6,2354,930,897,739,-451,-16,873,1397,930,1425,-514
01/02/2026,3,26561,28167,24417,1365,6606,0,22126,0,6,2441,986,959,827,-451,-35,850,1397,994,1425,-514
01/02/2026,4,26043,27621,23924,1289,6606,0,22126,0,6,2279,993,963,831,-451,-7,850,1397,998,1425,-514
01/02/2026,5,25708,27364,23610,1248,6606,0,22126,0,6,2242,993,945,865,-451,-86,859,1397,998,1425,-513
01/02/2026,6,25235,26813,23190,1206,6606,0,22126,0,6,2163,994,944,866,-451,-7,860,1397,998,1425,-514
01/02/2026,7,24708,26372,22667,1165,6606,0,22126,0,117,2070,994,962,824,-433,0,827,1397,998,1425,-514
01/02/2026,8,24171,26066,22081,1123,6606,0,22126,0,540,2251,993,964,820,-304,0,826,1397,997,1425,-451
01/02/2026,9,23829,25613,21817,1075,6606,0,22126,0,546,2489,995,990,450,-189,0,680,1397,952,1425,-449
01/02/2026,10,23589,25213,21607,1027,6606,0,22126,0,543,2402,994,992,426,-167,0,675,1397,949,1424,-314
01/02/2026,11,23261,24598,21308,1000,6606,0,22126,0,545,2450,995,992,105,-28,0,519,1397,949,1377,-164
01/02/2026,12,23044,24144,21091,972,6606,0,22126,0,474,2498,995,992,102,0,0,514,1397,950,1374,-26
01/02/2026,13,23612,24522,21602,954,6606,0,22126,0,142,2313,986,992,-168,0,0,527,1397,950,1403,56
01/02/2026,14,24097,24888,22101,936,6606,0,22126,0,10,2225,985,989,-181,0,0,527,1397,948,1406,118
01/02/2026,15,25128,25737,23072,966,6606,0,22126,0,9,2247,912,901,359,56,0,264,1397,889,1420,200
01/02/2026,16,26070,26679,23922,996,6606,0,22126,0,9,2062,901,896,403,25,0,253,1397,888,1420,177
01/02/2026,17,27738,28347,25436,957,6606,31,22126,0,9,1983,983,940,534,109,0,395,1397,992,1420,152
01/02/2026,18,28936,29546,26487,918,6606,275,22126,0,10,1669,994,945,540,21,0,400,1397,999,1420,26
01/02/2026,19,30407,31180,27779,879,6606,687,22126,0,12,1523,993,989,750,-68,0,644,1397,998,1420,-93
01/02/2026,20,31389,32352,28592,839,6606,1102,22126,0,12,1390,993,992,758,-154,0,654,1397,998,1420,-197
01/02/2026,21,32306,33086,29271,791,6606,1638,22126,0,12,1223,992,992,1017,-31,0,1003,1397,998,1420,-137
01/02/2026,22,32769,33621,29668,743,6606,1966,22126,0,10,1215,992,992,1027,0,0,1017,1397,998,1420,-242
01/02/2026,23,33088,34145,29945,757,6606,2275,22126,0,10,1104,992,992,1052,-68,0,1017,1397,998,1420,-379
01/02/2026,24,33629,34907,30441,770,6606,2313,22126,0,10,950,992,992,1053,-166,0,1017,1397,998,1420,-502
01/02/2026,25,33802,35121,30618,765,6606,2209,22126,0,11,938,992,992,1055,-194,0,1017,1397,999,1419,-514
01/02/2026,26,34466,35876,31222,760,6606,1870,22126,0,10,848,992,992,1056,-286,0,1017,1397,998,1417,-514
01/02/2026,27,34682,36231,31405,739,6606,1749,22126,0,10,542,992,992,1056,-425,0,1017,1397,998,1420,-514
01/02/2026,28,34724,36329,31316,717,6606,1677,22126,0,10,499,992,992,1056,-451,-30,1017,1397,998,1420,-514
01/02/2026,29,34560,36309,31200,705,6606,1310,22126,0,12,467,992,992,1059,-451,-172,997,1397,999,1420,-514
01/02/2026,30,34415,36273,31055,692,6606,1119,22126,0,11,383,992,992,1060,-451,-282,997,1397,999,1420,-514
01/02/2026,31,35015,36993,31658,636,6606,846,22126,0,12,682,992,992,1060,-451,-401,997,1397,999,1420,-514
01/02/2026,32,36144,38237,32763,579,6606,454,22126,0,7,774,992,992,1061,-451,-521,997,1397,999,1421,-514
01/02/2026,33,36688,38790,33164,553,6606,151,22126,0,6,538,992,992,1059,-451,-531,997,1397,999,1420,-514
01/02/2026,34,38039,40141,34438,526,6606,7,22126,0,6,707,992,992,1060,-451,-531,997,1397,999,1420,-514
01/02/2026,35,39287,41389,35601,526,6606,0,22126,0,6,837,992,992,1058,-451,-531,997,1397,999,1420,-514
01/02/2026,36,40064,42166,36319,525,6606,0,22126,0,6,938,992,992,1058,-451,-531,997,1397,999,1420,-514
01/02/2026,37,39636,41738,35909,524,6606,0,22126,0,6,785,992,992,1061,-451,-531,997,1397,999,1424,-514
01/02/2026,38,38454,40556,34824,522,6606,0,22126,0,6,764,992,992,1059,-451,-531,997,1397,999,1424,-514
01/02/2026,39,37752,39860,34161,529,6606,0,22126,0,12,798,992,992,1060,-451,-531,997,1397,999,1424,-514
01/02/2026,40,36451,38558,32951,535,6606,0,22126,0,11,637,992,992,1059,-451,-531,997,1397,999,1424,-514
01/02/2026,41,35152,37256,31780,532,6606,0,22126,0,8,478,992,992,1057,-451,-531,996,1397,999,1424,-514
01/02/2026,42,34440,36542,31200,529,6606,0,22126,0,6,482,992,992,1058,-451,-531,996,1397,999,1424,-514
01/02/2026,43,32909,35011,29888,527,6606,0,22126,0,6,471,992,992,1058,-451,-531,913,1397,999,1424,-514
01/02/2026,44,31743,33845,28771,524,6606,0,22126,0,6,416,992,992,1056,-451,-531,910,1397,999,1424,-514
01/02/2026,45,30181,32283,27394,530,6606,0,22126,0,6,549,992,992,1055,-451,-531,981,1397,1000,1424,-514
01/02/2026,46,28794,30898,26213,535,6606,0,22126,0,8,679,992,992,1056,-451,-531,984,1397,999,1424,-514
01/02/2026,47,26999,29083,24500,552,6606,0,22126,0,8,750,992,992,1056,-451,-511,898,1397,999,1424,-514
01/02/2026,48,25702,27594,23354,569,6606,0,22126,0,8,978,992,992,1056,-394,-376,895,1397,999,1423,-514
02/02/2026,1,26130,27762,23779,621,6606,0,22126,0,8,1087,992,991,1052,-286,-224,936,1397,999,1359,-514
02/02/2026,2,26908,28264,24610,673,6606,0,22126,0,8,1454,992,991,1051,-214,-71,937,1397,998,1356,-463
02/02/2026,3,26665,28122,24436,733,6606,0,22126,0,8,1401,989,991,1050,-339,0,899,1397,984,1418,-510
02/02/2026,4,26086,27523,23931,792,6606,0,22126,0,8,1410,988,990,1050,-315,0,896,1381,982,1420,-514
02/02/2026,5,25591,27146,23493,868,6606,0,22126,0,8,1369,965,965,1049,-421,0,628,1178,947,1322,-526
02/02/2026,6,25349,26869,23072,943,6606,0,22126,0,11,1218,961,963,1048,-395,0,618,1126,943,1313,-514
02/02/2026,7,24559,26179,22407,1011,6606,0,22126,0,271,1536,800,943,1044,-247,0,543,793,880,1313,-502
02/02/2026,8,24128,25495,22005,1079,6606,0,22126,0,285,1695,777,941,1043,-100,0,533,722,876,1312,-382
02/02/2026,9,23728,25007,21614,1152,6606,0,22126,0,281,2076,470,905,716,-107,66,-61,350,924,1292,-230
02/02/2026,10,23880,24951,21728,1225,6606,0,22126,0,283,2229,427,883,648,-19,144,-90,302,911,1286,-79
02/02/2026,11,23926,25097,21809,1307,6606,0,22126,0,24,2554,-99,166,-159,56,144,-289,279,319,1216,67
02/02/2026,12,24961,26226,22780,1388,6606,0,22126,0,7,2502,-189,122,-173,11,144,-296,258,280,1207,171
02/02/2026,13,27164,28719,24818,1494,6606,0,22126,0,7,2465,-411,328,-116,0,144,-421,24,220,1077,153
02/02/2026,14,30022,31616,27394,1599,6606,0,22126,0,7,2617,-441,339,-114,0,144,-426,-6,218,1065,197
02/02/2026,15,33119,34173,30310,1640,6606,0,22126,0,8,2968,197,256,-160,0,81,-281,-5,252,982,197
02/02/2026,16,34649,35696,31866,1680,6606,0,22126,0,10,3171,309,255,-161,0,0,-276,26,256,977,197
02/02/2026,17,36324,37234,33341,1815,6606,15,22126,0,10,3163,398,414,199,0,0,-300,400,306,1030,197
02/02/2026,18,36753,37663,33724,1950,6606,133,22126,0,10,3291,411,426,221,0,0,-300,475,319,1035,197
02/02/2026,19,37776,38386,34662,2023,6606,398,22126,0,10,3035,560,458,715,0,0,19,849,659,1071,197
02/02/2026,20,37860,38472,34727,2095,6606,644,22126,0,12,2795,580,469,739,0,0,32,890,678,1080,198
02/02/2026,21,38014,38626,34834,2177,6606,860,22126,0,12,2827,513,774,944,1,0,38,825,593,1295,200
02/02/2026,22,37644,38301,34500,2258,6606,1150,22126,0,57,2883,504,793,952,90,0,38,830,591,1303,200
02/02/2026,23,37579,38348,34438,2442,6606,1370,22126,0,169,3127,809,723,1056,196,8,201,996,742,1072,200
02/02/2026,24,37625,38392,34457,2625,6606,1412,22126,0,167,3533,852,724,1062,200,0,207,1009,755,1055,200
02/02/2026,25,37816,38583,34636,2758,6606,1293,22126,0,167,3361,954,950,1062,149,0,221,908,874,1036,200
02/02/2026,26,37784,38548,34665,2891,6606,1330,22126,0,164,3437,969,963,1062,191,0,221,866,880,1034,200
02/02/2026,27,37532,38296,34484,3070,6606,1443,22126,0,164,3666,872,863,1060,200,0,201,492,793,994,200
02/02/2026,28,37459,38223,34411,3248,6606,1286,22126,0,164,3722,859,852,1060,200,0,200,417,787,990,200
02/02/2026,29,37725,38487,34662,3389,6606,785,22126,0,162,4079,828,712,1056,200,0,167,42,784,997,200
02/02/2026,30,37986,38756,34979,3529,6606,635,22126,0,165,4223,824,708,913,200,0,165,-5,788,994,200
02/02/2026,31,37496,38739,34544,3579,6606,364,22126,0,167,4345,910,901,-379,200,1,-92,-5,951,811,200
02/02/2026,32,38308,39612,35292,3629,6606,174,22126,0,169,4549,922,916,-428,200,89,-102,-5,962,787,200
02/02/2026,33,39149,40409,36171,3711,6606,47,22126,0,169,4739,985,987,-411,200,198,-75,-5,987,457,200
02/02/2026,34,39888,41124,36853,3793,6606,3,22126,0,166,4857,994,985,-396,200,143,-74,16,983,447,200
02/02/2026,35,41485,42253,38171,3793,6606,0,22126,0,166,4883,889,742,352,200,23,-2,261,787,1040,200
02/02/2026,36,41660,42427,38226,3792,6606,0,22126,0,167,4759,874,722,395,200,0,1,289,773,1085,200
02/02/2026,37,41258,42166,37977,3806,6606,0,22126,0,308,4638,843,620,740,200,0,265,266,723,1225,200
02/02/2026,38,40362,41299,37280,3820,6606,0,22126,0,337,4614,838,622,754,200,0,275,266,726,1224,200
02/02/2026,39,38883,39999,35978,3823,6606,0,22126,0,516,4007,974,951,532,200,63,10,296,967,801,200
02/02/2026,40,37366,38537,34574,3826,6606,0,22126,0,571,3036,993,973,523,200,165,5,324,983,761,200
02/02/2026,41,36619,37792,33957,3822,6606,0,22126,0,573,2568,981,953,805,200,203,502,638,969,614,200
02/02/2026,42,34999,36174,32442,3817,6606,0,22126,0,575,2378,978,943,816,200,202,521,662,965,605,200
02/02/2026,43,32750,33918,30457,3805,6606,0,22126,0,568,2425,853,686,775,200,203,82,470,870,686,200
02/02/2026,44,31218,32387,29083,3793,6606,0,22126,0,569,2512,836,664,723,200,203,63,417,857,697,200
02/02/2026,45,29269,30435,27212,3784,6606,0,22126,0,566,2507,719,537,105,200,202,271,42,605,797,200
02/02/2026,46,28082,29736,26097,3775,6606,0,22126,0,1018,2635,703,524,102,200,148,277,-36,585,791,200
02/02/2026,47,25832,28878,23985,3793,6606,0,22126,0,1348,3157,659,349,-608,200,41,-110,-380,452,290,200
02/02/2026,48,25059,28449,23262,3811,6606,0,22126,0,1490,3221,653,342,-725,200,0,-126,-449,447,257,200
03/02/2026,1,25068,28511,23254,3852,6606,0,22126,0,1435,2893,952,535,-723,200,34,116,-685,580,388,200
03/02/2026,2,25942,29347,24138,3893,6606,0,22126,0,1336,3283,994,558,-723,200,147,126,-746,593,390,200
03/02/2026,3,25922,29165,24085,3875,6606,0,22126,0,1347,3448,993,914,-564,200,96,196,-732,758,118,200
03/02/2026,4,25257,27874,23420,3857,6606,0,22126,0,1352,2953,994,940,-560,200,147,199,-105,775,104,179
03/02/2026,5,24466,28281,22790,3900,6606,0,22126,0,1318,3445,994,988,-954,200,25,123,-943,985,325,200
03/02/2026,6,24123,28471,22417,3942,6606,0,22126,0,1327,3697,994,992,-971,200,0,120,-1450,997,347,200
03/02/2026,7,23956,28211,22196,3966,6606,0,22126,0,1336,3744,994,992,-868,199,0,122,-1451,993,574,200
03/02/2026,8,23459,27692,21807,3990,6606,0,22126,0,1317,3988,994,984,-865,197,0,116,-1451,982,585,200
03/02/2026,9,23009,27449,21505,4006,6606,0,22126,0,1302,4131,995,700,-643,200,70,-443,-1452,615,377,200
03/02/2026,10,22829,27275,21231,4022,6606,0,22126,0,1319,4056,990,669,-634,200,137,-470,-1423,580,362,200
03/02/2026,11,22663,26704,21204,4097,6606,0,22126,0,1195,3835,61,242,-718,200,127,-477,-1051,181,382,200
03/02/2026,12,23534,27437,21930,4172,6606,0,22126,0,1059,3426,-75,207,-717,200,81,-478,-974,155,382,200
03/02/2026,13,26222,28548,24473,4210,6606,0,22126,0,511,3393,146,10,-240,200,81,-387,-588,130,313,200
03/02/2026,14,28855,30996,26911,4248,6606,0,22126,0,414,3276,194,-6,-217,200,104,-385,-519,129,317,200
03/02/2026,15,32092,34522,29824,4240,6606,0,22126,0,405,3150,197,-82,-400,200,146,-686,-257,179,675,200
03/02/2026,16,34435,36815,31857,4232,6606,0,22126,0,407,3056,199,-71,-393,158,19,-698,-211,193,707,200
03/02/2026,17,36638,38031,33847,4170,6606,4,22126,0,259,3076,704,523,206,25,0,-507,-27,571,903,191
03/02/2026,18,36935,38297,34160,4108,6606,69,22126,0,261,3149,777,574,228,0,0,-496,-5,605,920,82
03/02/2026,19,38443,39350,35526,4060,6606,213,22126,0,261,3251,966,939,587,0,0,4,-5,973,1064,-41
03/02/2026,20,38743,39689,35680,4011,6606,383,22126,0,261,3308,992,964,605,0,0,27,-5,998,1072,-80
03/02/2026,21,39092,39955,35952,3934,6606,491,22126,0,258,3351,993,990,1035,0,0,26,-5,998,1115,12
03/02/2026,22,39450,40271,36313,3857,6606,575,22126,0,221,3304,993,992,1055,0,0,37,3,998,1125,22
03/02/2026,23,39914,40794,36723,3745,6606,677,22126,0,89,3250,992,992,1058,-69,-54,701,84,998,1336,-68
03/02/2026,24,40030,41084,36760,3632,6606,738,22126,0,12,3258,992,992,1059,-212,-10,734,103,998,1353,-220
03/02/2026,25,40389,41521,37080,3504,6606,814,22126,0,11,3400,992,992,1059,-150,0,351,216,998,1369,-371
03/02/2026,26,40516,41630,37191,3376,6606,806,22126,0,13,3439,993,992,1058,-19,0,336,240,998,1372,-482
03/02/2026,27,40675,41703,37371,3256,6606,714,22126,0,17,3334,992,992,1050,0,0,666,367,998,1420,-411
03/02/2026,28,40568,41564,37329,3135,6606,618,22126,0,136,3154,992,992,1050,56,0,673,373,998,1425,-260
03/02/2026,29,40957,41960,37723,3042,6606,504,22126,0,241,3125,993,992,1036,11,0,140,248,998,1425,-162
03/02/2026,30,40810,41864,37634,2948,6606,363,22126,0,254,3221,993,992,1033,0,0,113,256,998,1424,-200
03/02/2026,31,41115,42419,37954,2862,6606,225,22126,0,254,3013,993,992,624,-69,0,-289,560,998,1415,-92
03/02/2026,32,41932,43380,38722,2775,6606,111,22126,0,253,2976,995,992,566,-211,0,-307,616,999,1410,-77
03/02/2026,33,42165,44046,38899,2665,6606,42,22126,0,246,2747,995,992,-96,-215,0,-724,832,998,1263,7
03/02/2026,34,42851,44950,39449,2555,6606,4,22126,0,245,2398,996,981,-104,-350,0,-740,889,992,1254,-60
03/02/2026,35,43503,45541,39982,2426,6606,0,22126,0,247,2406,995,595,-348,-449,0,-332,1261,782,1411,-62
03/02/2026,36,43643,45763,40162,2296,6606,0,22126,0,246,2463,995,567,-359,-451,-79,-315,1313,766,1423,-70
03/02/2026,37,43677,45551,40185,2216,6606,0,22126,0,249,2288,947,526,787,-451,-170,-339,1388,658,1423,-65
03/02/2026,38,43066,44872,39604,2136,6606,0,22126,0,245,2313,940,526,991,-451,-155,-340,1395,651,1421,-15
03/02/2026,39,42349,44147,38995,2117,6606,0,22126,0,244,2281,988,639,1052,-451,-242,-261,1376,681,1362,67
03/02/2026,40,41301,43000,38012,2098,6606,0,22126,0,246,2219,994,655,1024,-451,-146,-256,1346,691,1344,67
03/02/2026,41,39880,41309,36728,2045,6606,0,22126,0,251,2100,993,971,587,-451,-127,131,973,980,926,119
03/02/2026,42,38816,40160,35749,1991,6606,0,22126,0,167,2492,993,988,586,-451,-126,146,903,997,897,115
03/02/2026,43,36906,38277,34096,1958,6606,0,22126,0,14,2683,995,829,226,-451,-126,-180,601,952,913,189
03/02/2026,44,35003,36385,32415,1924,6606,0,22126,0,8,2843,995,818,211,-451,-126,-197,538,944,917,190
03/02/2026,45,33161,34915,30782,1935,6606,0,22126,0,7,2955,996,826,373,-383,-65,-699,222,738,996,190
03/02/2026,46,31388,32944,29088,1946,6606,0,22126,0,7,2929,995,827,367,-233,0,-716,153,728,1000,192
03/02/2026,47,29516,31314,27355,1944,6606,0,22126,0,7,3177,822,821,-686,-124,0,-155,-226,843,921,153
03/02/2026,48,28916,30904,26856,1942,6606,0,22126,0,7,3260,797,821,-836,-119,0,-129,-297,848,922,3
04/02/2026,1,28970,31175,26789,1902,6606,0,22126,0,7,3153,780,817,-706,-119,0,-54,-592,759,1198,-127
04/02/2026,2,29174,31361,27106,1861,6606,0,22126,0,5,3446,777,822,-701,-119,0,-51,-635,759,1219,-76
04/02/2026,3,29098,31752,27073,1893,6606,0,22126,0,60,3453,955,981,-870,-119,0,-111,-702,983,1138,-192
04/02/2026,4,28469,31283,26455,1924,6606,0,22126,0,65,3583,980,992,-876,-95,0,-114,-722,998,1133,-342
04/02/2026,5,28045,31228,26132,1882,6606,0,22126,0,171,3695,993,992,-867,-145,0,-55,-863,998,1160,-482
04/02/2026,6,27763,31039,25847,1839,6606,0,22126,0,222,3750,995,992,-860,-124,0,-53,-903,998,1162,-514
04/02/2026,7,27266,30236,25381,1834,6606,0,22126,0,222,3757,995,992,-248,-171,0,-31,-1184,998,1162,-514
04/02/2026,8,26682,29715,24701,1828,6606,0,22126,0,221,3764,995,992,-225,-207,0,-32,-1234,998,1160,-514
04/02/2026,9,26121,30189,24230,1814,6606,0,22126,0,221,4232,993,992,-873,-60,0,-386,-1427,998,1066,-501
04/02/2026,10,25710,29825,23833,1800,6606,0,22126,0,221,4244,992,983,-909,-35,0,-407,-1430,992,1056,-513
04/02/2026,11,25811,30249,23940,1813,6606,0,22126,0,164,4198,562,642,-1075,-16,0,-993,-1158,772,929,-432
04/02/2026,12,26688,31084,24756,1825,6606,0,22126,0,159,3890,502,609,-1082,-117,0,-1022,-1135,741,919,-281
04/02/2026,13,28871,33208,26653,1822,6606,0,22126,0,160,3974,565,265,-1085,-42,39,-1022,-1268,198,852,-160
04/02/2026,14,31408,35944,28976,1818,6606,0,22126,0,161,3825,574,254,-1085,-144,0,-1022,-1257,169,858,-267
04/02/2026,15,34861,39382,32135,1837,6606,0,22126,0,160,3574,506,689,-1058,-296,-53,-1022,-913,316,1299,-419
04/02/2026,16,36095,40707,33225,1855,6606,3,22126,0,161,3419,497,725,-1058,-416,-12,-1013,-840,343,1330,-512
04/02/2026,17,37275,40748,34269,1853,6606,126,22126,0,160,3189,934,944,-812,-451,-91,-390,-455,941,1331,-514
04/02/2026,18,37632,40947,34664,1851,6606,497,22126,0,160,3138,995,960,-729,-450,-149,-336,-377,980,1327,-514
04/02/2026,19,38525,40534,35362,1834,6606,1123,22126,0,153,2707,993,990,539,-450,-293,523,0,997,1190,-513
04/02/2026,20,38251,40239,34993,1817,6606,1794,22126,0,5,2673,992,992,634,-450,-419,579,44,998,1180,-514
04/02/2026,21,37882,39944,34556,1783,6606,2489,22126,0,3,2526,992,992,922,-450,-495,925,1,998,1196,-514
04/02/2026,22,37229,39306,33932,1749,6606,3355,22126,0,3,2357,992,992,936,-450,-505,934,-5,998,1193,-514
04/02/2026,23,36837,38925,33566,1756,6606,4041,22126,0,3,2451,992,992,1045,-450,-516,424,-5,998,1007,-514
04/02/2026,24,36507,38610,33189,1763,6606,4667,22126,0,4,2293,993,992,1047,-450,-531,400,-4,999,991,-514
04/02/2026,25,36422,38467,32980,1740,6606,5019,22126,0,5,2082,993,992,1025,-449,-473,448,-4,999,910,-514
04/02/2026,26,36305,38310,32842,1717,6606,5071,22126,0,5,1936,993,992,1022,-450,-432,450,-4,998,904,-514
04/02/2026,27,35298,37236,31898,1710,6606,4924,22126,0,5,1706,993,992,607,-450,-365,216,-4,998,957,-514
04/02/2026,28,35058,36872,31550,1702,6606,4843,22126,0,7,1284,993,992,550,-450,-213,201,-30,998,955,-514
04/02/2026,29,34614,36964,31142,1715,6606,4419,22126,0,9,1210,995,992,3,-450,-68,-356,-353,998,617,-514
04/02/2026,30,34877,37327,31466,1728,6606,3450,22126,0,9,1146,995,992,0,-450,-81,-387,-409,999,595,-514
04/02/2026,31,34658,38504,31225,1734,6606,2994,22126,0,6,1288,563,992,-554,-450,-223,-896,-603,998,666,-514
04/02/2026,32,35822,39864,32312,1739,6606,1717,22126,0,6,1663,501,992,-648,-450,-273,-915,-637,998,683,-513
04/02/2026,33,37449,41124,33874,1866,6606,574,22126,0,6,1694,501,991,-570,-450,-350,-429,-756,998,1053,-514
04/02/2026,34,39192,42867,35514,1992,6606,50,22126,0,4,1499,502,991,-536,-450,-422,-408,-741,999,1081,-514
04/02/2026,35,41411,44303,37618,2149,6606,0,22126,0,4,1330,1251,992,426,-450,-526,-440,-358,998,1167,-514
04/02/2026,36,41979,44808,38138,2305,6606,0,22126,0,4,1316,1356,985,486,-450,-531,-440,-290,995,1168,-514
04/02/2026,37,41461,43669,37657,2419,6606,0,22126,0,5,1446,1050,712,214,-450,-505,-98,-36,896,975,-514
04/02/2026,38,41089,43108,37334,2532,6606,0,22126,0,6,1658,1006,702,203,-442,-367,-85,-5,893,953,-514
04/02/2026,39,39940,42009,36330,2677,6606,0,22126,0,6,1720,1017,974,434,-405,-216,-324,-4,992,637,-514
04/02/2026,40,38764,40879,35295,2821,6606,0,22126,0,6,1950,1019,992,444,-450,-226,-315,-4,998,617,-514
04/02/2026,41,37639,39472,34308,2892,6606,0,22126,0,6,2301,1445,992,770,-450,-258,477,-5,997,715,-514
04/02/2026,42,35987,37659,32715,2962,6606,0,22126,0,6,2447,1505,992,783,-433,-107,524,-19,996,721,-507
04/02/2026,43,33854,35470,30813,3161,6606,0,22126,0,6,2577,1505,992,486,-382,-41,292,-192,997,593,-395
04/02/2026,44,31983,33309,29205,3359,6606,0,22126,0,5,2610,1505,992,452,-234,0,282,-244,997,576,-243
04/02/2026,45,29513,31083,27101,3527,6606,0,22126,0,113,2892,1506,992,3,-83,0,-59,-624,997,262,-91
04/02/2026,46,27880,29414,25664,3695,6606,0,22126,0,189,2931,1506,992,0,23,0,-71,-674,997,247,55
04/02/2026,47,26239,28544,24149,3769,6606,0,22126,0,522,2736,1223,992,-471,-15,0,221,-697,996,487,69
04/02/2026,48,25188,27940,23262,3843,6606,0,22126,0,814,2699,1183,991,-543,-13,0,232,-717,996,505,-65
05/02/2026,1,25232,29005,23260,3970,6606,0,22126,0,1185,2728,1096,960,-980,-60,0,325,-935,983,491,-13
05/02/2026,2,25710,29502,23814,4096,6606,0,22126,0,1207,3067,1083,959,-1000,0,0,328,-985,982,484,68
05/02/2026,3,25316,29494,23512,4193,6606,0,22126,0,1210,3150,1454,990,-1089,0,0,483,-1279,995,269,188
05/02/2026,4,24694,28917,23011,4289,6606,0,22126,0,1207,3404,1505,992,-1092,0,0,487,-1324,996,254,192
05/02/2026,5,24268,28591,22707,4353,6606,0,22126,0,1196,3524,1506,992,-1090,8,0,175,-1437,996,271,199
05/02/2026,6,24004,28344,22450,4417,6606,0,22126,0,1199,3400,1506,992,-1090,87,0,162,-1451,996,287,156
05/02/2026,7,23529,28024,22002,4492,6606,0,22126,0,1205,3762,1507,992,-1090,9,0,-147,-1453,996,826,25
05/02/2026,8,22964,27477,21483,4566,6606,0,22126,0,1197,3702,1506,992,-1092,0,0,-171,-1453,995,848,0
05/02/2026,9,22662,27854,21154,4652,6606,0,22126,0,1179,3946,1356,992,-1092,0,0,-868,-1453,995,251,4
05/02/2026,10,22632,27868,21060,4738,6606,0,22126,0,1185,3777,1333,984,-1091,0,0,-907,-1453,991,221,87
05/02/2026,11,22841,28342,21299,4808,6606,0,22126,0,1339,3791,752,702,-1091,0,0,-1018,-1453,844,645,152
05/02/2026,12,23635,29079,22051,4877,6606,0,22126,0,1280,3765,668,675,-1090,23,0,-1021,-1453,830,669,188
05/02/2026,13,25728,30354,24022,4934,6606,0,22126,0,595,3557,493,388,-1073,143,0,-905,-1453,630,379,175
05/02/2026,14,28126,32569,26218,4991,6606,0,22126,0,417,3522,467,373,-1072,92,0,-901,-1453,621,368,200
05/02/2026,15,31617,35948,29479,5002,6606,0,22126,0,358,3632,560,546,-1059,141,28,-861,-1453,751,755,193
05/02/2026,16,33129,37359,30811,5013,6606,0,22126,0,259,3840,574,567,-1058,31,0,-860,-1453,766,779,81
05/02/2026,17,34532,38784,32184,5018,6606,24,22126,0,254,3832,952,913,-1029,0,0,-916,-1453,984,665,121
05/02/2026,18,35346,39546,32934,5023,6606,151,22126,0,255,3976,1006,938,-1011,0,0,-906,-1428,998,656,113
05/02/2026,19,36984,39388,34509,5034,6606,294,22126,0,255,4281,1444,989,-224,0,0,-213,-1112,997,614,6
05/02/2026,20,37215,39482,34736,5045,6606,498,22126,0,256,4310,1507,992,-173,0,0,-174,-1064,997,608,24
05/02/2026,21,37515,39344,34971,5051,6606,726,22126,0,258,4188,1506,992,520,0,0,185,-960,997,548,-11
05/02/2026,22,37612,39398,35033,5056,6606,799,22126,0,256,4236,1506,992,605,0,0,200,-921,997,536,-9
05/02/2026,23,37739,39222,35079,5000,6606,894,22126,0,259,4089,1290,992,323,0,0,74,-602,997,371,-22
05/02/2026,24,37553,38998,34932,4944,6606,1075,22126,0,254,4060,1261,987,309,0,0,69,-540,997,357,-51
05/02/2026,25,37530,38713,34833,4890,6606,1131,22126,0,254,3759,1024,807,105,0,0,140,-256,997,298,-73
05/02/2026,26,37576,38780,34824,4836,6606,1166,22126,0,251,3731,990,796,102,0,0,139,-251,998,299,-102
05/02/2026,27,37588,39478,34859,4784,6606,1075,22126,0,248,3954,896,853,102,0,0,-307,-633,998,500,-102
05/02/2026,28,37740,39714,34933,4731,6606,833,22126,0,246,4012,883,854,102,0,0,-326,-700,998,512,-102
05/02/2026,29,37466,40059,34647,4682,6606,706,22126,0,252,3956,751,749,-427,0,0,-269,-943,998,401,-102
05/02/2026,30,37752,40518,34998,4632,6606,572,22126,0,254,4256,733,748,-492,0,0,-271,-980,998,391,-169
05/02/2026,31,38027,42080,35298,4614,6606,422,22126,0,268,4337,1086,938,-1053,0,0,-759,-1064,998,341,-309
05/02/2026,32,38866,43140,36093,4596,6606,217,22126,0,397,4126,1137,953,-1081,0,0,-782,-1087,998,332,-327
05/02/2026,33,39186,43731,36340,4600,6606,73,22126,0,409,3981,1225,990,-1089,0,0,-837,-1240,998,149,-370
05/02/2026,34,39905,44391,37067,4604,6606,5,22126,0,229,4235,1237,986,-1088,-16,0,-839,-1229,998,129,-485
05/02/2026,35,40782,45163,37728,4629,6606,0,22126,0,161,3846,924,772,-1051,-146,0,-963,-838,987,-138,-484
05/02/2026,36,40833,45211,37705,4653,6606,0,22126,0,26,3770,879,753,-1050,-298,0,-968,-767,972,-157,-512
05/02/2026,37,40379,44433,37252,4618,6606,0,22126,0,3,3550,698,618,-1046,-365,0,-899,-480,507,-147,-514
05/02/2026,38,39645,43647,36560,4583,6606,0,22126,0,5,3344,672,614,-1042,-354,0,-889,-444,484,-154,-514
05/02/2026,39,39410,42692,36562,4464,6606,0,22126,0,15,3305,691,821,-617,-377,0,-279,-437,728,-444,-513
05/02/2026,40,38465,41561,35751,4345,6606,0,22126,0,13,3381,695,838,-598,-232,0,-248,-456,749,-467,-482
05/02/2026,41,36762,40300,34214,4296,6606,0,22126,0,11,3481,1186,958,-560,-117,0,-445,-714,918,-578,-513
05/02/2026,42,35177,38885,32750,4247,6606,0,22126,0,11,3410,1257,965,-558,-223,0,-452,-761,930,-589,-514
05/02/2026,43,33350,37300,31078,4154,6606,0,22126,0,9,3430,1175,942,-540,-245,0,-403,-954,915,-709,-490
05/02/2026,44,31722,35865,29573,4060,6606,0,22126,0,9,3338,1163,941,-539,-350,0,-402,-1009,916,-721,-513
05/02/2026,45,29789,34642,27806,4041,6606,0,22126,0,8,3678,1193,970,-684,-245,0,-569,-1401,981,-833,-513
05/02/2026,46,28176,32860,26316,4021,6606,0,22126,0,9,3811,1198,973,-690,-95,0,-574,-1446,986,-842,-428
05/02/2026,47,26442,30383,24703,3945,6606,0,22126,0,9,3780,1469,990,-544,15,0,-254,-1390,997,-841,-303
05/02/2026,48,25802,29587,24081,3869,6606,0,22126,0,9,3743,1507,992,-542,1,0,-242,-1368,998,-835,-189
06/02/2026,1,25995,29379,24314,3750,6606,0,22126,0,9,3518,1507,992,-542,-55,0,-139,-1183,998,-590,-266
06/02/2026,2,26679,29866,25135,3630,6606,0,22126,0,9,3682,1507,992,-542,-10,0,-135,-1150,998,-578,-163
06/02/2026,3,26220,29394,24678,3603,6606,0,22126,0,366,3480,1507,992,-314,0,0,37,-1017,998,-773,-104
06/02/2026,4,25692,28948,24153,3575,6606,0,22126,0,480,3306,1507,992,-305,0,0,43,-1030,998,-789,-52
06/02/2026,5,25306,29070,23785,3583,6606,0,22126,0,491,3518,1507,992,-319,0,0,167,-1405,998,-897,-52
06/02/2026,6,25172,28911,23631,3590,6606,0,22126,0,467,3858,1507,992,-320,0,0,170,-1451,997,-892,-9
06/02/2026,7,24705,28350,23242,3614,6606,0,22126,0,625,3783,1507,992,-357,0,0,-134,-1451,998,-434,-44
06/02/2026,8,24153,27836,22694,3637,6606,0,22126,0,624,3779,1507,992,-359,0,0,-147,-1452,997,-410,-91
06/02/2026,9,23756,28231,22330,3654,6606,0,22126,0,622,3767,1508,992,-578,0,0,-507,-1453,998,-684,-31
06/02/2026,10,23635,28460,22110,3671,6606,0,22126,0,881,3646,1507,992,-590,0,0,-525,-1453,998,-705,-71
06/02/2026,11,24216,29944,22674,3635,6606,0,22126,0,803,3489,1508,992,-1068,0,0,-1000,-1453,998,-804,23
06/02/2026,12,25118,31056,23500,3599,6606,0,22126,0,888,3704,1508,992,-1091,0,0,-1022,-1453,996,-816,-68
06/02/2026,13,27383,33128,25588,3558,6606,0,22126,0,367,3710,1365,974,-1092,-15,-19,-1022,-1453,941,-982,-195
06/02/2026,14,29680,35702,27715,3516,6606,0,22126,0,246,3971,1344,971,-1091,-144,-129,-1022,-1453,936,-995,-342
06/02/2026,15,32920,38989,30750,3391,6606,0,22126,0,18,4051,1100,921,-1069,-285,-64,-1022,-1453,912,-1076,-482
06/02/2026,16,34230,40396,31900,3265,6606,0,22126,0,17,3944,1065,919,-1067,-282,-129,-1022,-1453,912,-1082,-514
06/02/2026,17,35703,42176,33194,3228,6606,31,22126,0,20,3878,1453,987,-1092,-410,-280,-1022,-1453,993,-1082,-514
06/02/2026,18,36417,43055,33839,3190,6606,171,22126,0,19,4238,1509,992,-1092,-451,-407,-1020,-1453,998,-1082,-514
06/02/2026,19,37299,43542,34640,3114,6606,369,22126,0,14,4427,1508,992,-1092,-451,-354,-675,-1453,998,-1090,-514
06/02/2026,20,37717,44114,34839,3038,6606,612,22126,0,67,4339,1508,992,-1092,-451,-467,-661,-1453,998,-1092,-514
06/02/2026,21,37771,44092,34947,3004,6606,866,22126,0,169,4338,1507,992,-1093,-451,-526,-423,-1453,997,-1092,-514
06/02/2026,22,37821,44097,34936,2970,6606,1023,22126,0,167,4302,1507,992,-1093,-451,-497,-411,-1451,998,-1092,-514
06/02/2026,23,37830,43519,34974,2914,6606,1175,22126,0,166,4023,1507,992,-922,-451,-531,12,-1422,998,-1092,-505
06/02/2026,24,37688,43371,34860,2857,6606,1276,22126,0,166,4027,1507,992,-916,-451,-531,25,-1414,998,-1092,-513
06/02/2026,25,37535,43471,34619,2790,6606,1346,22126,0,165,3900,1508,992,-688,-451,-531,-553,-1355,999,-1079,-514
06/02/2026,26,37286,43237,34337,2722,6606,1601,22126,0,166,3894,1508,992,-678,-451,-531,-581,-1354,998,-1076,-514
06/02/2026,27,37369,43458,34432,2640,6606,1599,22126,0,165,3812,1508,992,-669,-392,-531,-749,-1442,999,-1027,-514
06/02/2026,28,37267,43325,34263,2558,6606,1490,22126,0,165,3748,1509,992,-670,-361,-531,-755,-1453,998,-1009,-514
06/02/2026,29,37125,42982,34027,2535,6606,1274,22126,0,164,3746,1508,992,-1053,-361,-531,-706,-1453,998,-475,-514
06/02/2026,30,36795,42641,33763,2512,6606,1129,22126,0,168,3832,1508,992,-1064,-361,-531,-705,-1453,998,-450,-514
06/02/2026,31,36446,42062,33453,2494,6606,813,22126,0,169,3889,1508,992,-462,-361,-531,-635,-1453,998,-891,-514
06/02/2026,32,36963,42582,33964,2475,6606,471,22126,0,166,3903,1507,992,-429,-385,-531,-631,-1448,998,-916,-513
06/02/2026,33,37833,42794,34800,2495,6606,215,22126,0,168,3911,1507,992,-216,-451,-531,-325,-1397,998,-759,-514
06/02/2026,34,38953,43840,35852,2514,6606,46,22126,0,168,4136,1507,992,-208,-452,-531,-313,-1362,998,-739,-514
06/02/2026,35,39859,44243,36680,2485,6606,0,22126,0,21,4026,1507,992,-304,-451,-531,-534,-1006,998,-423,-514
06/02/2026,36,40281,44557,37101,2456,6606,0,22126,0,11,4055,1507,992,-306,-452,-531,-542,-942,997,-378,-514
06/02/2026,37,40629,44083,37491,2430,6606,0,22126,0,11,3914,1357,974,-106,-452,-531,-556,-684,972,456,-514
06/02/2026,38,39998,43414,36910,2404,6606,0,22126,0,12,3912,1336,973,-104,-451,-531,-555,-649,970,511,-514
06/02/2026,39,39692,42553,36701,2393,6606,0,22126,0,11,3939,1485,991,247,-451,-531,-136,-618,995,397,-514
06/02/2026,40,37718,40553,34792,2382,6606,0,22126,0,10,3774,1507,992,271,-451,-531,-118,-611,997,390,-514
06/02/2026,41,36380,39068,33654,2357,6606,0,22126,0,12,3604,1506,992,223,-451,-531,8,-580,997,443,-514
06/02/2026,42,35407,38080,32794,2331,6606,0,22126,0,11,3510,1506,992,221,-452,-531,13,-565,997,430,-514
06/02/2026,43,33833,36552,31353,2322,6606,0,22126,0,11,3470,1506,992,104,-452,-531,52,-414,997,-197,-514
06/02/2026,44,31955,34854,29623,2313,6606,0,22126,0,139,3313,1507,992,102,-452,-531,53,-426,998,-237,-514
06/02/2026,45,30303,33730,28049,2245,6606,0,22126,0,244,3185,1506,992,-162,-451,-531,98,-809,998,-117,-513
06/02/2026,46,28921,32463,26756,2177,6606,0,22126,0,410,2937,1506,992,-176,-452,-531,100,-830,997,-108,-435
06/02/2026,47,27854,31041,25707,2116,6606,0,22126,0,407,3107,1506,992,-189,-452,-531,78,-471,997,-88,-449
06/02/2026,48,27004,30190,24874,2055,6606,0,22126,0,410,2895,1506,992,-189,-452,-531,80,-408,997,-82,-514
07/02/2026,1,27374,30042,25269,2001,6606,0,22126,0,409,2733,1504,992,344,-451,-531,507,-163,997,46,-514
07/02/2026,2,27935,30582,25905,1947,6606,0,22126,0,409,2732,1504,992,385,-451,-531,525,-143,997,54,-513
07/02/2026,3,27305,30092,25325,1917,6606,0,22126,0,411,2725,1504,992,520,-451,-531,718,-280,997,2,-514
07/02/2026,4,26715,29532,24833,1887,6606,0,22126,0,409,2897,1504,992,524,-452,-531,725,-311,996,0,-514
07/02/2026,5,25718,28909,23888,1877,6606,0,22126,0,612,3128,1504,992,145,-452,-531,870,-482,996,0,-514
07/02/2026,6,25248,28310,23424,1867,6606,0,22126,0,440,3169,1504,992,129,-452,-531,876,-525,997,0,-514
07/02/2026,7,24833,28167,23058,1852,6606,0,22126,0,441,3577,1504,992,103,-452,-531,993,-796,997,0,-514
07/02/2026,8,24381,27764,22636,1836,6606,0,22126,0,439,3709,1504,992,103,-451,-531,997,-848,996,0,-514
07/02/2026,9,24108,27823,22332,1818,6606,0,22126,0,436,3751,1505,992,-97,-452,-531,779,-1085,996,0,-514
07/02/2026,10,23850,27606,22012,1799,6606,0,22126,0,436,3634,1504,992,-104,-451,-531,770,-1113,997,-7,-514
07/02/2026,11,23600,27942,21712,1806,6606,0,22126,0,211,3554,1506,992,-608,-452,-531,435,-1097,996,-329,-514
07/02/2026,12,23649,28024,21740,1812,6606,0,22126,0,171,3485,1505,992,-688,-452,-531,415,-1065,997,-354,-514
07/02/2026,13,24413,28836,22438,1833,6606,0,22126,0,169,3356,1507,992,-932,-452,-475,-154,-677,997,-450,-514
07/02/2026,14,25446,29672,23368,1854,6606,0,22126,0,15,3243,1506,992,-942,-426,-468,-182,-637,997,-454,-502
07/02/2026,15,27086,31224,24875,1816,6606,0,22126,0,15,3217,1507,992,-1003,-303,-328,-370,-751,996,-351,-417
07/02/2026,16,27750,31865,25448,1777,6606,15,22126,0,15,3064,1506,992,-986,-300,-239,-365,-768,996,-341,-501
07/02/2026,17,29474,32689,27031,1781,6606,172,22126,0,15,2661,1504,992,-203,-432,-372,311,-817,997,-262,-514
07/02/2026,18,30770,34059,28148,1785,6606,382,22126,0,15,2437,1504,992,-161,-450,-508,350,-795,997,-247,-513
07/02/2026,19,32275,34825,29473,1798,6606,763,22126,0,15,2142,1503,992,445,-450,-531,711,-440,996,83,-514
07/02/2026,20,32754,35270,29895,1811,6606,1225,22126,0,15,2137,1503,992,512,-450,-531,726,-406,997,110,-514
07/02/2026,21,33241,35869,30279,1828,6606,1320,22126,0,15,1744,1502,992,950,-450,-510,1006,-539,997,256,-514
07/02/2026,22,33355,36020,30305,1845,6606,1533,22126,0,15,1531,1503,992,970,-450,-531,1017,-555,997,265,-514
07/02/2026,23,33937,36591,30854,1854,6606,1848,22126,0,14,1479,1502,992,1006,-450,-531,1016,-545,997,212,-514
07/02/2026,24,34112,36773,30931,1863,6606,1902,22126,0,13,1353,1502,992,1008,-450,-531,1017,-553,997,208,-514
07/02/2026,25,34291,37061,31012,1889,6606,1946,22126,0,10,1134,1503,992,1076,-450,-531,1017,-665,996,195,-514
07/02/2026,26,34220,37031,30937,1914,6606,1981,22126,0,8,1035,1503,992,1079,-450,-531,1017,-708,997,187,-514
07/02/2026,27,33940,37161,30639,1910,6606,1884,22126,0,8,943,1503,992,936,-450,-531,892,-1068,997,-50,-514
07/02/2026,28,33789,37076,30426,1906,6606,1528,22126,0,8,805,1503,992,900,-450,-531,886,-1114,997,-70,-514
07/02/2026,29,33330,36783,29969,1898,6606,1551,22126,0,10,1095,1504,992,130,-450,-531,596,-1118,997,-230,-514
07/02/2026,30,33198,36693,29882,1890,6606,1426,22126,0,14,947,1504,992,102,-450,-531,570,-1117,997,-257,-526
07/02/2026,31,33231,38105,29975,1933,6606,1073,22126,0,12,1297,1507,992,-634,-450,-531,-189,-1099,998,-845,-514
07/02/2026,32,33375,38430,30144,1976,6606,635,22126,0,13,1243,1506,992,-762,-450,-531,-234,-1066,997,-885,-514
07/02/2026,33,33792,38552,30562,1994,6606,306,22126,0,18,1234,1505,992,-1047,-450,-531,-30,-678,997,-892,-514
07/02/2026,34,34933,39613,31654,2012,6606,48,22126,0,19,1471,1506,992,-1058,-450,-531,-22,-599,997,-887,-514
07/02/2026,35,36348,39938,33011,2070,6606,0,22126,0,16,1611,1505,992,-637,-450,-531,64,-220,997,-622,-514
07/02/2026,36,36779,40254,33423,2128,6606,0,22126,0,14,1758,1506,992,-618,-450,-531,67,-162,996,-586,-514
07/02/2026,37,36912,39594,33641,2154,6606,0,22126,0,14,1805,1506,992,-509,-450,-531,-42,-22,996,35,-514
07/02/2026,38,36550,39232,33371,2180,6606,0,22126,0,14,1749,1506,992,-505,-450,-531,-47,-21,998,67,-514
07/02/2026,39,35651,39063,32597,2204,6606,0,22126,0,16,1991,1506,992,-766,-450,-531,18,-224,997,-311,-514
07/02/2026,40,34577,38086,31644,2228,6606,0,22126,0,17,1886,1506,992,-777,-450,-531,20,-280,997,-340,-514
07/02/2026,41,33593,37508,30808,2273,6606,0,22126,0,18,2040,1506,992,-637,-450,-531,-57,-662,997,-446,-514
07/02/2026,42,32453,36423,29726,2317,6606,0,22126,0,16,1941,1506,992,-631,-450,-531,-60,-723,996,-445,-514
07/02/2026,43,31324,35028,28687,2364,6606,0,22126,0,16,1793,1507,992,-301,-450,-531,-254,-889,978,-150,-513
07/02/2026,44,30082,33826,27590,2410,6606,0,22126,0,16,1993,1507,992,-287,-450,-531,-261,-937,977,-129,-533
07/02/2026,45,28410,32555,26019,2430,6606,0,22126,0,16,2010,1507,992,-261,-450,-531,-360,-1277,996,-136,-514
07/02/2026,46,27325,31481,24986,2450,6606,0,22126,0,13,2311,1507,992,-260,-450,-531,-360,-1289,997,-140,-513
07/02/2026,47,26049,29733,23833,2432,6606,0,22126,0,262,2302,1507,992,-150,-450,-531,105,-897,980,-280,-514
07/02/2026,48,25660,29283,23485,2413,6606,0,22126,0,280,2305,1507,992,-146,-450,-531,126,-817,979,-285,-514
08/02/2026,1,26297,29343,24156,2355,6606,0,22126,0,286,2177,1506,992,-106,-450,-531,375,-434,996,-125,-514
08/02/2026,2,26688,29658,24666,2296,6606,0,22126,0,284,2210,1506,992,-104,-450,-531,385,-362,997,-125,-514
08/02/2026,3,26385,29717,24509,2219,6606,0,22126,0,537,2097,1506,992,-106,-450,-531,687,-62,997,-532,-514
08/02/2026,4,25381,28732,23600,2142,6606,0,22126,0,555,1895,1506,992,-106,-450,-531,699,-30,996,-566,-513
08/02/2026,5,24784,28303,23056,2065,6606,0,22126,0,550,1879,1506,992,-2,-450,-531,835,-93,997,-779,-514
08/02/2026,6,24227,27770,22500,1987,6606,0,22126,0,550,1830,1506,992,0,-450,-531,840,-103,997,-795,-514
08/02/2026,7,23245,26839,21609,1916,6606,0,22126,0,544,1857,1506,992,0,-450,-531,572,-118,997,-837,-514
08/02/2026,8,22850,26446,21198,1844,6606,0,22126,0,544,1927,1507,992,0,-450,-531,561,-124,998,-833,-514
08/02/2026,9,22435,25574,20762,1782,6606,0,22126,0,294,1821,1507,992,0,-450,-531,431,-185,998,-565,-514
08/02/2026,10,22223,25330,20511,1719,6606,0,22126,0,279,1812,1507,992,0,-450,-531,410,-189,998,-544,-514
08/02/2026,11,22054,25802,20334,1675,6606,0,22126,0,277,1953,1509,992,-398,-450,-531,-369,-159,998,-461,-503
08/02/2026,12,21898,25605,20222,1631,6606,0,22126,0,279,2099,1509,992,-448,-450,-531,-415,-146,998,-456,-382
08/02/2026,13,22453,26075,20743,1602,6606,0,22126,0,277,2073,1509,992,-497,-450,-531,-488,-22,998,-527,-230
08/02/2026,14,23344,26841,21622,1573,6606,0,22126,0,277,2229,1508,992,-499,-450,-531,-491,-34,998,-536,-79
08/02/2026,15,24319,27895,22560,1557,6606,0,22126,0,21,2265,1500,992,-592,-450,-531,-331,-387,997,-663,-1
08/02/2026,16,25120,28721,23315,1541,6606,20,22126,0,11,2385,1499,992,-595,-450,-531,-324,-418,997,-672,0
08/02/2026,17,26442,29663,24518,1544,6606,326,22126,0,11,2277,1506,992,-671,-450,-531,43,-253,998,-705,0
08/02/2026,18,27400,30532,25369,1547,6606,806,22126,0,13,2133,1283,992,-625,-450,-531,59,-217,998,-696,0
08/02/2026,19,28777,30655,26505,1497,6606,1284,22126,0,13,2084,1002,992,94,-451,-531,337,-30,998,-253,0
08/02/2026,20,29484,31299,27040,1447,6606,1755,22126,0,13,1974,1340,992,105,-451,-531,349,-7,998,-213,0
08/02/2026,21,30320,31919,27734,1415,6606,2339,22126,0,12,1832,1502,992,826,-451,-531,631,-5,998,110,0
08/02/2026,22,30464,32062,27877,1382,6606,2582,22126,0,11,1832,1502,992,906,-451,-531,642,-5,998,133,0
08/02/2026,23,30803,32400,28150,1370,6606,2813,22126,0,9,1880,1502,992,903,-451,-531,704,-5,998,173,-1
08/02/2026,24,31394,32989,28700,1357,6606,3071,22126,0,6,1741,1502,992,903,-451,-531,706,-6,998,184,-1
08/02/2026,25,31962,33556,29225,1350,6606,2968,22126,0,6,1747,1502,992,749,-451,-531,694,-5,998,469,-1
08/02/2026,26,32287,33876,29580,1342,6606,2731,22126,0,6,1739,1503,992,743,-451,-531,693,16,998,481,-1
08/02/2026,27,32363,33952,29668,1294,6606,2966,22126,0,6,1759,1502,992,906,-451,-531,825,270,998,197,-1
08/02/2026,28,32605,34194,29845,1246,6606,2391,22126,0,7,1590,1502,992,911,-451,-531,825,282,997,165,0
08/02/2026,29,32534,34291,29744,1260,6606,2099,22126,0,11,1658,1503,992,687,-451,-531,303,28,997,-164,0
08/02/2026,30,32929,34734,30176,1274,6606,1706,22126,0,11,1566,1503,992,680,-451,-531,279,-16,999,-196,0
08/02/2026,31,33571,35840,30844,1271,6606,1223,22126,0,12,1509,1503,992,172,-451,-531,556,-163,998,-511,-1
08/02/2026,32,34316,36597,31501,1268,6606,682,22126,0,15,1288,1503,992,147,-451,-531,566,-152,998,-532,0
08/02/2026,33,35139,37449,32198,1269,6606,297,22126,0,12,1192,1503,992,-197,-451,-531,183,224,998,-519,0
08/02/2026,34,36194,38517,33058,1270,6606,61,22126,0,12,1109,1503,992,-214,-451,-531,167,295,998,-515,0
08/02/2026,35,37506,39924,34148,1290,6606,0,22126,0,9,1255,1504,992,-321,-451,-531,-64,609,998,-421,-21
08/02/2026,36,38167,40561,34769,1309,6606,0,22126,0,9,1304,1503,990,-325,-451,-531,-73,664,998,-405,0
08/02/2026,37,37635,39791,34306,1337,6606,0,22126,0,10,1213,1504,923,-123,-451,-531,-397,870,995,-44,0
08/02/2026,38,37278,39417,34012,1364,6606,0,22126,0,11,1164,1504,921,-115,-451,-531,-409,866,996,-22,0
08/02/2026,39,36560,38464,33358,1404,6606,0,22126,0,15,1247,1502,988,-1,-451,-531,-130,493,998,-176,0
08/02/2026,40,35904,37836,32834,1443,6606,0,22126,0,14,1422,1501,992,0,-451,-531,-119,416,998,-198,-19
08/02/2026,41,34438,37161,31530,1464,6606,0,22126,0,17,1332,1504,992,-103,-451,-531,-352,41,999,-669,0
08/02/2026,42,33086,35888,30205,1485,6606,0,22126,0,20,1258,1504,991,-108,-451,-531,-361,-36,996,-695,0
08/02/2026,43,31603,34712,28852,1436,6606,0,22126,0,17,1386,1472,959,-173,-451,-531,-470,-404,906,-463,0
08/02/2026,44,30198,33374,27578,1386,6606,0,22126,0,19,1365,1468,955,-176,-451,-531,-474,-477,899,-448,0
08/02/2026,45,28786,32251,26335,1364,6606,0,22126,0,19,1412,1335,892,-288,-451,-531,-301,-808,851,-467,0
08/02/2026,46,27261,30827,24891,1341,6606,0,22126,0,56,1296,1316,886,-294,-452,-531,-295,-872,849,-466,0
08/02/2026,47,25568,29709,23238,1336,6606,0,22126,0,125,1401,1304,826,-699,-451,-463,-258,-1148,883,-330,-67
08/02/2026,48,25006,29402,22724,1331,6606,0,22126,0,279,1440,1303,824,-717,-452,-360,-257,-1193,887,-321,-217
09/02/2026,1,25496,29707,23178,1291,6606,0,22126,0,90,1211,1347,880,-600,-451,-277,-185,-1322,922,-320,-366
09/02/2026,2,26303,30902,23987,1250,6606,0,22126,0,278,1757,1353,887,-595,-452,-332,-183,-1342,926,-321,-496
09/02/2026,3,26010,30494,23708,1219,6606,0,22126,0,278,1656,1484,985,-485,-451,-354,-107,-1377,993,-318,-514
09/02/2026,4,25446,29910,23207,1187,6606,0,22126,0,280,1504,1503,992,-481,-452,-340,-105,-1384,998,-308,-514
09/02/2026,5,25156,29087,22988,1170,6606,0,22126,0,99,1522,1503,992,-377,-451,-445,55,-1445,997,12,-514
09/02/2026,6,24920,28936,22770,1152,6606,0,22126,0,279,1561,1503,992,-373,-452,-345,61,-1453,998,30,-514
09/02/2026,7,24193,27925,22124,1164,6606,0,22126,0,134,1241,1504,992,-248,-452,-225,-44,-1453,998,-62,-514
09/02/2026,8,24078,27950,22019,1175,6606,0,22126,0,277,1373,1503,992,-243,-451,-199,-47,-1452,998,-89,-514
09/02/2026,9,23889,28528,21882,1166,6606,0,22126,0,140,1622,1504,992,-394,-452,-78,-282,-1453,997,-726,-514
09/02/2026,10,23741,28560,21659,1156,6606,0,22126,0,283,1626,1504,983,-418,-452,-19,-302,-1453,990,-778,-514
09/02/2026,11,23730,29897,21636,1176,6606,0,22126,0,35,2197,1099,677,-1070,-409,-47,-985,-1453,721,-1072,-496
09/02/2026,12,24761,30738,22589,1196,6606,0,22126,0,22,2064,1040,651,-1093,-264,-66,-1021,-1453,699,-1093,-365
09/02/2026,13,27468,33235,25051,1245,6606,0,22126,0,136,2344,577,467,-1093,-121,0,-1021,-1453,487,-1093,-250
09/02/2026,14,30033,35902,27419,1293,6606,0,22126,0,81,2263,508,451,-1091,-184,0,-1018,-1453,466,-1093,-349
09/02/2026,15,33118,38163,30257,1391,6606,0,22126,0,17,2077,58,337,-688,-281,0,-538,-1453,181,-1093,-375
09/02/2026,16,34108,39336,31079,1488,6606,8,22126,0,12,1663,2,342,-671,-400,0,-517,-1453,180,-1093,-482
09/02/2026,17,35698,40994,32456,1525,6606,183,22126,0,11,1474,893,777,-705,-333,0,-587,-1453,753,-1093,-514
09/02/2026,18,36321,41717,33012,1561,6606,597,22126,0,11,1286,1026,811,-708,-427,0,-590,-1453,795,-1093,-514
09/02/2026,19,36864,42792,33491,1561,6606,1196,22126,0,10,1209,1448,980,-1078,-450,0,-730,-1453,986,-1093,-514
09/02/2026,20,36758,42755,33411,1561,6606,1819,22126,0,9,1116,1508,992,-1094,-450,-49,-735,-1453,998,-1093,-514
09/02/2026,21,36300,42698,32983,1579,6606,2138,22126,0,9,1064,1508,992,-1094,-450,-192,-993,-1453,998,-1093,-514
09/02/2026,22,35999,42413,32664,1596,6606,2690,22126,0,9,1061,1508,992,-1094,-421,-227,-1003,-1453,999,-1093,-514
09/02/2026,23,35794,42272,32466,1578,6606,2926,22126,0,9,1223,1508,992,-1016,-450,-371,-972,-1453,999,-1093,-514
09/02/2026,24,35161,41772,31797,1560,6606,2841,22126,0,9,1163,1508,992,-1014,-450,-507,-971,-1453,999,-1093,-514
09/02/2026,25,35061,41698,31679,1572,6606,3113,22126,0,9,1062,1508,992,-1000,-450,-531,-987,-1453,999,-1093,-514
09/02/2026,26,34927,41563,31530,1584,6606,2905,22126,0,9,1153,1508,992,-999,-450,-531,-987,-1453,998,-1093,-514
09/02/2026,27,35191,41851,31780,1588,6606,2726,22126,0,9,1194,1508,992,-1024,-450,-531,-986,-1453,998,-1093,-514
09/02/2026,28,35379,42038,31934,1591,6606,2301,22126,0,11,1107,1508,992,-1025,-450,-531,-982,-1453,999,-1093,-514
09/02/2026,29,35585,41840,32257,1592,6606,2258,22126,0,13,1161,1507,992,-1091,-450,-531,-510,-1453,998,-1093,-514
09/02/2026,30,35410,41646,32133,1592,6606,1592,22126,0,13,1173,1507,992,-1093,-450,-531,-489,-1453,998,-1093,-514
09/02/2026,31,35368,41816,32142,1596,6606,949,22126,0,15,1274,1507,992,-1079,-450,-531,-713,-1453,998,-1093,-514
09/02/2026,32,36059,42513,32853,1599,6606,598,22126,0,12,1498,1507,992,-1078,-450,-531,-723,-1453,999,-1093,-514
09/02/2026,33,37205,43962,33943,1635,6606,272,22126,0,17,1335,1508,992,-1089,-450,-531,-1010,-1453,998,-1093,-514
09/02/2026,34,38528,45292,35247,1671,6606,49,22126,0,11,1566,1508,992,-1091,-450,-531,-1021,-1453,998,-1093,-514
09/02/2026,35,39693,46448,36150,1734,6606,0,22126,0,11,1500,1507,992,-1090,-450,-531,-1013,-1453,998,-1093,-514
09/02/2026,36,40747,47501,37030,1796,6606,0,22126,0,11,1591,1508,992,-1089,-450,-531,-1013,-1453,998,-1093,-514
09/02/2026,37,40494,47266,36829,1850,6606,0,22126,0,18,1621,1507,992,-1092,-450,-531,-1021,-1453,982,-1093,-514
09/02/2026,38,39749,46519,36246,1904,6606,0,22126,0,16,1770,1508,992,-1091,-450,-531,-1022,-1453,981,-1093,-514
09/02/2026,39,38831,45554,35505,1966,6606,0,22126,0,15,1817,1507,992,-1089,-450,-531,-978,-1453,997,-1093,-514
09/02/2026,40,37331,44053,34180,2028,6606,0,22126,0,14,1915,1508,992,-1090,-450,-531,-977,-1453,998,-1093,-514
09/02/2026,41,36086,42852,33093,2035,6606,0,22126,0,13,2132,1508,992,-1092,-450,-531,-1020,-1453,998,-1093,-514
09/02/2026,42,34910,41676,32043,2042,6606,0,22126,0,11,2183,1508,992,-1092,-450,-531,-1022,-1453,998,-1093,-514
09/02/2026,43,33559,40217,30721,1947,6606,0,22126,0,12,2216,1507,992,-1026,-450,-531,-992,-1453,998,-1080,-514
09/02/2026,44,31538,38190,28903,1851,6606,0,22126,0,12,2538,1507,992,-1024,-450,-531,-991,-1453,998,-1077,-514
09/02/2026,45,29965,36386,27502,1840,6606,0,22126,0,12,2696,1507,992,-983,-450,-531,-863,-1453,998,-1015,-514
09/02/2026,46,28269,34613,25961,1829,6606,0,22126,0,12,2888,1507,992,-981,-450,-480,-842,-1453,998,-1012,-514
09/02/2026,47,27023,32418,24826,1752,6606,0,22126,0,12,2974,1506,992,-942,-382,-379,-71,-1453,997,-1085,-471
09/02/2026,48,26013,31205,23930,1675,6606,0,22126,0,12,3022,1506,992,-940,-330,-246,-24,-1439,997,-1090,-511
10/02/2026,1,26280,31334,24179,1661,6606,0,22126,0,12,2997,1505,991,-932,-351,-292,318,-1263,997,-1090,-514
10/02/2026,2,27046,31980,25024,1646,6606,0,22126,0,12,3330,1505,991,-932,-351,-195,331,-1240,997,-1090,-514
10/02/2026,3,27271,32553,25285,1622,6606,0,22126,0,271,3397,1504,991,-966,-351,-251,500,-1239,997,-1090,-514
10/02/2026,4,26737,32128,24806,1598,6606,0,22126,0,443,3309,1505,991,-968,-351,-186,506,-1239,997,-1090,-514
10/02/2026,5,26282,31827,24448,1582,6606,0,22126,0,613,3441,1505,991,-834,-351,-304,523,-1239,997,-1090,-514
10/02/2026,6,25918,31404,24061,1566,6606,0,22126,0,611,3441,1504,991,-829,-351,-252,523,-1239,996,-1090,-514
10/02/2026,7,25287,30864,23496,1572,6606,0,22126,0,611,3397,1505,991,-901,-413,-209,253,-1239,997,-1090,-514
10/02/2026,8,24597,30287,22864,1578,6606,0,22126,0,694,3516,1506,991,-904,-450,-184,230,-1254,996,-1090,-514
10/02/2026,9,24077,30582,22388,1627,6606,0,22126,0,662,3567,1508,991,-1063,-450,-221,-474,-1431,997,-1090,-514
10/02/2026,10,23817,30264,22157,1676,6606,0,22126,0,647,3541,1507,991,-1068,-432,-139,-516,-1453,997,-1090,-502
10/02/2026,11,24325,30895,22631,1709,6606,0,22126,0,627,3605,1508,991,-1075,-303,-16,-1000,-1453,998,-1090,-406
10/02/2026,12,25272,31889,23504,1742,6606,0,22126,0,687,3844,1508,991,-1075,-201,0,-1021,-1453,995,-1093,-487
10/02/2026,13,27688,34091,25840,1775,6606,0,22126,0,491,4049,1298,964,-1093,-220,0,-1021,-1453,900,-1094,-431
10/02/2026,14,30346,36467,28346,1807,6606,0,22126,0,17,4169,1267,948,-1093,-349,0,-1022,-1453,895,-1094,-493
10/02/2026,15,32764,38742,30563,1808,6606,0,22126,0,11,4164,814,462,-1090,-305,0,-1021,-1453,931,-1093,-405
10/02/2026,16,34188,40367,31848,1808,6606,2,22126,0,12,4015,749,439,-1089,-419,0,-1022,-1453,929,-1094,-490
10/02/2026,17,35306,41564,32686,1809,6606,87,22126,0,14,4022,791,796,-1088,-450,-25,-1021,-1453,792,-1093,-514
10/02/2026,18,35990,42274,33315,1809,6606,344,22126,0,9,4058,798,825,-1088,-450,-55,-1021,-1453,789,-1094,-514
10/02/2026,19,36744,42865,33980,1781,6606,698,22126,0,15,3968,1418,981,-1087,-450,-144,-765,-1453,985,-1093,-514
10/02/2026,20,36876,42993,34126,1753,6606,1049,22126,0,13,3974,1508,991,-1087,-450,-152,-755,-1453,998,-1093,-514
10/02/2026,21,36895,42668,34140,1767,6606,1299,22126,0,10,3988,1508,991,-968,-451,-124,-559,-1453,999,-1094,-514
10/02/2026,22,36714,42448,33986,1780,6606,1334,22126,0,9,4033,1508,991,-956,-451,-106,-552,-1453,998,-1093,-514
10/02/2026,23,36627,41859,33875,1835,6606,1575,22126,0,11,3801,1507,991,-351,-451,-255,-504,-1453,999,-1093,-514
10/02/2026,24,36712,41974,33956,1889,6606,1685,22126,0,12,3898,1507,991,-318,-451,-325,-501,-1453,999,-1088,-514
10/02/2026,25,37205,42040,34448,1934,6606,1651,22126,0,11,3969,1507,992,-319,-451,-390,-213,-1453,999,-884,-514
10/02/2026,26,37056,41992,34304,1979,6606,1607,22126,0,9,3899,1505,992,-319,-451,-513,-202,-1453,998,-875,-514
10/02/2026,27,37170,42399,34418,2023,6606,1380,22126,0,12,3881,1506,991,-390,-451,-531,-202,-1453,998,-1076,-514
10/02/2026,28,37204,42452,34339,2067,6606,1076,22126,0,13,3828,1506,990,-393,-451,-531,-204,-1453,998,-1089,-514
10/02/2026,29,36697,42583,33887,2054,6606,896,22126,0,9,3871,1360,927,-652,-451,-531,-587,-1453,981,-1089,-514
10/02/2026,30,36792,42710,34026,2040,6606,622,22126,0,12,3947,1339,925,-665,-451,-531,-603,-1453,980,-1089,-514
10/02/2026,31,36870,43297,34123,2065,6606,535,22126,0,11,4113,1486,987,-1066,-451,-531,-701,-1453,997,-1089,-514
10/02/2026,32,37507,44005,34796,2089,6606,321,22126,0,8,4373,1507,991,-1083,-451,-531,-705,-1453,998,-1089,-514
10/02/2026,33,38191,44577,35342,2119,6606,149,22126,0,15,4367,1507,991,-1069,-451,-531,-655,-1453,998,-1089,-514
10/02/2026,34,39240,45606,36309,2149,6606,22,22126,0,12,4662,1507,990,-1064,-451,-531,-654,-1453,998,-1087,-514
10/02/2026,35,40489,46168,37475,2163,6606,0,22126,0,11,4683,1502,927,-563,-451,-531,-556,-1453,983,-1000,-514
10/02/2026,36,41313,46947,38289,2176,6606,0,22126,0,2,4703,1502,925,-538,-451,-531,-551,-1453,982,-994,-514
10/02/2026,37,41036,46110,38043,2185,6606,0,22126,0,9,4576,1505,988,-356,-451,-531,-182,-1453,997,-978,-514
10/02/2026,38,40367,45414,37456,2193,6606,0,22126,0,12,4518,1505,992,-350,-451,-531,-166,-1446,998,-977,-514
10/02/2026,39,39730,44753,36904,2226,6606,0,22126,0,14,4358,1505,992,-542,-451,-531,207,-1364,998,-1007,-514
10/02/2026,40,38643,43670,35900,2258,6606,0,22126,0,12,4422,1505,992,-549,-451,-531,221,-1360,998,-1010,-514
10/02/2026,41,37236,42406,34669,2242,6606,0,22126,0,12,4404,1505,992,-587,-451,-531,349,-1443,998,-1032,-514
10/02/2026,42,36029,41195,33515,2226,6606,0,22126,0,12,4508,1504,992,-588,-451,-531,353,-1434,997,-1036,-514
10/02/2026,43,34361,39427,32021,2198,6606,0,22126,0,10,4231,1505,992,-678,-451,-531,321,-1196,997,-1086,-514
10/02/2026,44,32474,37535,30312,2169,6606,0,22126,0,10,4068,1505,991,-682,-451,-531,319,-1185,997,-1088,-514
10/02/2026,45,30595,35795,28563,2158,6606,0,22126,0,10,4057,1506,992,-680,-451,-525,355,-1423,997,-998,-513
10/02/2026,46,28856,33968,26988,2146,6606,0,22126,0,10,4000,1506,992,-676,-452,-413,363,-1453,998,-994,-514
10/02/2026,47,27582,32086,25674,2123,6606,0,22126,0,9,3998,1504,992,-200,-383,-274,920,-1453,997,-1086,-499
10/02/2026,48,26794,31098,24927,2099,6606,0,22126,0,9,4073,1504,992,-177,-300,-297,947,-1439,997,-1082,-400
11/02/2026,1,26958,30976,25113,2122,6606,0,22126,0,9,3936,1504,991,-106,-423,-409,812,-1263,997,-721,-487
11/02/2026,2,27445,31358,25654,2144,6606,0,22126,0,8,3913,1504,991,-104,-447,-305,807,-1241,997,-694,-514
11/02/2026,3,26892,30854,25177,2144,6606,0,22126,0,9,3870,1505,991,-143,-450,-378,608,-1241,997,-627,-514
11/02/2026,4,26452,30533,24788,2143,6606,0,22126,0,9,3891,1505,992,-145,-450,-491,601,-1241,997,-631,-514
11/02/2026,5,25660,30248,24031,2157,6606,0,22126,0,9,3938,1505,992,-297,-450,-531,512,-1241,997,-946,-514
11/02/2026,6,25279,29897,23667,2170,6606,0,22126,0,9,4019,1505,992,-303,-450,-531,510,-1241,997,-970,-514
11/02/2026,7,24746,29605,23179,2178,6606,0,22126,0,9,4103,1505,992,-476,-450,-531,780,-1240,997,-1039,-514
11/02/2026,8,24288,29128,22700,2185,6606,0,22126,0,9,4163,1505,992,-484,-450,-484,786,-1255,997,-1044,-514
11/02/2026,9,23729,28932,22177,2215,6606,0,22126,0,9,4231,1506,992,-825,-430,-336,310,-1431,997,-1058,-514
11/02/2026,10,23640,28758,22025,2245,6606,0,22126,0,9,4206,1506,992,-839,-433,-224,267,-1453,997,-1061,-499
11/02/2026,11,24174,29752,22622,2252,6606,0,22126,0,9,4586,1508,992,-1081,-303,-74,-577,-1453,998,-1089,-392
11/02/2026,12,24776,30265,23146,2258,6606,0,22126,0,9,4566,1508,992,-1091,-160,-24,-631,-1453,997,-1092,-429
11/02/2026,13,27200,32662,25337,2302,6606,0,22126,0,9,4682,1508,992,-1090,-39,0,-857,-1453,997,-1092,-322
11/02/2026,14,29902,35547,27811,2345,6606,0,22126,0,9,4707,1508,992,-1090,-145,0,-866,-1453,998,-1092,-390
11/02/2026,15,32408,38322,30177,2443,6606,0,22126,0,9,4522,1508,992,-1071,-296,0,-1016,-1453,998,-1092,-377
11/02/2026,16,33274,39438,30883,2541,6606,3,22126,0,9,4306,1508,992,-1070,-430,0,-1022,-1453,998,-1092,-488
11/02/2026,17,34717,40832,32204,2583,6606,123,22126,0,10,4549,1508,992,-1040,-451,-40,-915,-1453,998,-1092,-514
11/02/2026,18,34987,41170,32402,2625,6606,390,22126,0,6,4341,1507,992,-1038,-451,-139,-890,-1453,998,-1092,-514
11/02/2026,19,35400,40874,32703,2675,6606,732,22126,0,8,4094,1506,992,-1070,-450,-253,-34,-1453,998,-1092,-514
11/02/2026,20,35324,40719,32547,2724,6606,1288,22126,0,8,3866,1505,992,-1071,-450,-207,20,-1453,998,-1092,-514
11/02/2026,21,35088,40716,32252,2732,6606,1913,22126,0,6,3845,1506,992,-1069,-451,-260,-188,-1453,998,-1087,-514
11/02/2026,22,35224,40906,32376,2739,6606,2185,22126,0,5,3876,1506,992,-1068,-450,-312,-195,-1453,997,-1085,-514
11/02/2026,23,34479,40370,31611,2772,6606,2999,22126,0,5,3658,1507,992,-883,-450,-436,-459,-1453,998,-1091,-514
11/02/2026,24,34370,40358,31389,2805,6606,2936,22126,0,5,3715,1506,992,-876,-450,-530,-469,-1453,998,-1091,-514
11/02/2026,25,34094,40340,31177,2800,6606,3312,22126,0,5,3777,1070,992,-869,-450,-531,-733,-1453,998,-1091,-514
11/02/2026,26,33914,40170,31067,2794,6606,3452,22126,0,5,3661,1003,992,-869,-450,-531,-743,-1453,998,-1091,-514
11/02/2026,27,34153,40195,31285,2693,6606,3319,22126,0,5,3648,1003,992,-865,-450,-531,-533,-1453,998,-1091,-514
11/02/2026,28,34163,40197,31239,2591,6606,3482,22126,0,5,3639,1003,992,-864,-450,-531,-526,-1453,998,-1091,-514
11/02/2026,29,33982,40026,31058,2531,6606,3004,22126,0,7,3651,1002,992,-849,-450,-531,-549,-1453,998,-1091,-514
11/02/2026,30,34168,40183,31307,2470,6606,2380,22126,0,9,3667,1003,992,-849,-450,-531,-518,-1453,998,-1091,-514
11/02/2026,31,34752,40202,31922,2379,6606,1522,22126,0,10,3739,1001,992,-801,-450,-531,463,-1453,998,-1091,-514
11/02/2026,32,35994,41440,33179,2288,6606,824,22126,0,8,3797,1009,992,-799,-450,-531,531,-1453,998,-1091,-514
11/02/2026,33,36830,42430,33984,2223,6606,448,22126,0,10,3894,1488,992,-950,-450,-531,687,-1453,998,-1092,-514
11/02/2026,34,37875,43364,35004,2157,6606,76,22126,0,10,4008,1502,992,-840,-450,-531,694,-1453,998,-1091,-514
11/02/2026,35,39409,44059,36445,2138,6606,0,22126,0,10,4071,1501,992,206,-450,-531,976,-1453,998,-1092,-514
11/02/2026,36,40187,44812,37247,2119,6606,0,22126,0,13,4227,1501,992,226,-450,-531,987,-1422,998,-1095,-514
11/02/2026,37,40156,44362,37202,2106,6606,0,22126,0,9,4069,1501,992,487,-450,-531,996,-1027,998,-1076,-513
11/02/2026,38,39699,43869,36748,2093,6606,0,22126,0,8,4125,1501,992,503,-450,-531,997,-996,998,-1071,-514
11/02/2026,39,39003,43419,36225,2121,6606,0,22126,0,9,4162,1501,992,1007,-450,-531,997,-1221,997,-1091,-514
11/02/2026,40,38304,42737,35639,2149,6606,0,22126,0,8,4390,1501,992,1032,-450,-531,997,-1238,997,-1092,-514
11/02/2026,41,37152,41383,34608,2130,6606,0,22126,0,10,4321,1501,992,940,-450,-524,888,-1095,998,-1038,-514
11/02/2026,42,35644,39756,33205,2110,6606,0,22126,0,9,4365,1502,992,931,-450,-445,884,-1061,998,-1033,-514
11/02/2026,43,33813,37741,31520,2084,6606,0,22126,0,9,4299,1502,992,359,-447,-496,742,-849,998,-1013,-514
11/02/2026,44,31964,35769,29878,2058,6606,0,22126,0,158,4146,1502,992,326,-345,-365,737,-816,998,-1007,-514
11/02/2026,45,30549,34025,28545,2112,6606,0,22126,0,371,4149,1502,992,105,-199,-212,987,-726,998,-854,-514
11/02/2026,46,28898,32457,27039,2166,6606,0,22126,0,564,4210,1502,992,102,-233,-65,997,-746,998,-837,-514
11/02/2026,47,27298,31245,25492,2127,6606,0,22126,0,566,4465,1502,992,-186,-328,0,997,-1135,997,-618,-514
11/02/2026,48,26319,30373,24543,2087,6606,0,22126,0,566,4467,1502,992,-202,-414,0,997,-1156,998,-602,-514
12/02/2026,1,26651,30446,24848,2067,6606,0,22126,0,562,4249,1502,992,-329,-416,0,997,-812,998,-562,-514
12/02/2026,2,27275,30926,25518,2046,6606,0,22126,0,562,4455,1502,992,-326,-298,0,997,-800,998,-551,-514
12/02/2026,3,27269,30638,25485,2059,6606,0,22126,0,561,4671,1502,992,108,-244,0,997,-1191,997,-259,-514
12/02/2026,4,26616,29939,24870,2071,6606,0,22126,0,564,4638,1502,992,117,-158,0,997,-1239,997,-248,-514
12/02/2026,5,25803,29671,24114,2090,6606,0,22126,0,564,4809,1502,992,-165,-206,0,997,-1239,997,-580,-514
12/02/2026,6,25609,29568,23897,2108,6606,0,22126,0,562,4832,1502,992,-180,-260,0,997,-1239,997,-604,-514
12/02/2026,7,24997,29454,23268,2173,6606,0,22126,0,563,4934,1502,992,-527,-340,0,974,-1239,997,-674,-514
12/02/2026,8,24586,28925,22891,2238,6606,0,22126,0,559,5184,1501,992,-541,-215,0,973,-1253,997,-684,-487
12/02/2026,9,24079,28916,22417,2293,6606,0,22126,0,560,5312,1502,992,-689,-175,0,933,-1431,997,-871,-511
12/02/2026,10,24079,28895,22352,2347,6606,0,22126,0,587,5192,1502,992,-696,-160,-17,921,-1453,997,-883,-420
12/02/2026,11,24449,29529,22682,2380,6606,0,22126,0,840,5215,1503,992,-1070,-24,0,263,-1453,997,-824,-269
12/02/2026,12,24941,29978,23152,2412,6606,0,22126,0,841,4771,1504,992,-1087,0,0,222,-1453,997,-820,-236
12/02/2026,13,27132,32488,25111,2449,6606,0,22126,0,834,4584,1505,992,-1087,-15,0,-338,-1453,998,-832,-197
12/02/2026,14,29617,35002,27346,2485,6606,0,22126,0,637,4401,1505,992,-1087,-144,-1,-366,-1453,998,-821,-276
12/02/2026,15,32599,37642,30037,2539,6606,0,22126,0,152,4206,1505,991,-1064,-296,-93,-640,-1453,998,-319,-426
12/02/2026,16,33852,39003,31051,2593,6606,31,22126,0,9,3965,1505,992,-1063,-430,-173,-632,-1453,998,-278,-513
12/02/2026,17,35217,39282,32224,2586,6606,266,22126,0,8,3620,1503,992,-978,-450,-41,178,-1453,998,-21,-514
12/02/2026,18,35597,39671,32537,2579,6606,652,22126,0,7,3042,1503,992,-971,-450,-70,232,-1453,998,-9,-514
12/02/2026,19,36316,40182,33142,2537,6606,1270,22126,0,7,2769,1502,992,-521,-450,-59,738,-1453,998,-262,-514
12/02/2026,20,35950,39872,32760,2495,6606,1459,22126,0,7,2734,1502,992,-499,-450,-106,761,-1453,998,-293,-514
12/02/2026,21,35448,39624,32271,2462,6606,1724,22126,0,7,2549,1502,992,-335,-404,-11,1007,-1453,998,-852,-514
12/02/2026,22,35420,39586,32247,2429,6606,1968,22126,0,7,2347,1502,991,-321,-384,0,997,-1453,997,-887,-514
12/02/2026,23,35387,38998,32186,2453,6606,2279,22126,0,7,2274,1503,992,-3,-315,0,175,-1453,998,-787,-446
12/02/2026,24,34886,38309,31763,2477,6606,2398,22126,0,7,2381,1503,991,0,-270,0,124,-1453,998,-783,-310
12/02/2026,25,35223,38730,32027,2412,6606,2411,22126,0,7,2149,1503,991,239,-249,0,177,-1453,998,-936,-262
12/02/2026,26,35275,38734,32136,2347,6606,2308,22126,0,7,2079,1503,992,259,-220,0,182,-1453,998,-945,-234
12/02/2026,27,35787,39053,32578,2317,6606,2178,22126,0,7,2282,1503,992,217,-114,0,606,-1453,998,-865,-227
12/02/2026,28,35710,38841,32466,2286,6606,2058,22126,0,7,2165,1503,991,215,-6,0,625,-1453,998,-858,-207
12/02/2026,29,35676,38723,32456,2166,6606,1903,22126,0,9,2507,1502,991,148,0,0,934,-1453,998,-831,-154
12/02/2026,30,35755,38725,32526,2045,6606,1660,22126,0,10,2732,1503,991,147,0,0,946,-1453,998,-829,-78
12/02/2026,31,36258,39248,32988,1946,6606,1182,22126,0,15,2557,1503,991,494,0,0,995,-1453,998,-815,-107
12/02/2026,32,37325,40313,33998,1846,6606,810,22126,0,17,2626,1502,991,508,0,0,997,-1453,998,-814,-104
12/02/2026,33,37856,40828,34470,1777,6606,468,22126,0,16,2284,1502,991,403,-6,0,997,-1453,998,-780,-117
12/02/2026,34,38823,41781,35365,1707,6606,143,22126,0,13,2622,1502,991,398,0,0,997,-1427,998,-776,-142
12/02/2026,35,40093,42748,36448,1636,6606,1,22126,0,14,2356,1502,991,468,-41,0,997,-1104,998,-704,-192
12/02/2026,36,40964,43597,37226,1564,6606,0,22126,0,10,2225,1502,991,472,-110,0,997,-1032,997,-676,-205
12/02/2026,37,41425,43036,37693,1554,6606,0,22126,0,14,2083,1502,991,789,-202,0,997,-644,999,128,-151
12/02/2026,38,40824,42321,37110,1544,6606,0,22126,0,12,2061,1502,991,797,-85,0,997,-603,998,184,-197
12/02/2026,39,40492,42190,36870,1536,6606,0,22126,0,8,2034,1502,991,991,-94,0,997,-687,998,220,-309
12/02/2026,40,39387,40998,35834,1527,6606,0,22126,0,9,2267,1501,991,999,-76,0,997,-728,997,218,-198
12/02/2026,41,37906,39772,34503,1490,6606,0,22126,0,13,2407,1502,991,750,-80,0,997,-1116,998,16,-57
12/02/2026,42,36962,38758,33673,1453,6606,0,22126,0,12,2026,1502,991,740,25,0,997,-1184,998,10,64
12/02/2026,43,35637,37705,32479,1461,6606,0,22126,0,12,2225,1502,991,815,-33,0,997,-1423,998,363,48
12/02/2026,44,33691,35755,30741,1468,6606,0,22126,0,12,2432,1502,991,814,0,0,997,-1452,998,379,65
12/02/2026,45,31920,34058,29146,1454,6606,0,22126,0,12,2256,1502,991,708,-36,0,997,-1453,998,88,-37
12/02/2026,46,30116,32167,27482,1439,6606,0,22126,0,12,2316,1502,991,703,0,0,997,-1439,998,62,41
12/02/2026,47,28610,30554,26059,1446,6606,0,22126,0,12,2075,1502,992,377,0,0,997,-1262,998,-70,34
12/02/2026,48,27865,29803,25350,1452,6606,0,22126,0,12,2162,1502,992,364,0,0,997,-1209,998,-79,-38
13/02/2026,1,28097,29532,25592,1478,6606,0,22126,0,12,2166,1501,992,420,0,0,950,-819,998,-4,34
13/02/2026,2,28731,30125,26220,1504,6606,0,22126,0,12,2190,1501,992,406,68,0,948,-772,998,-10,168
13/02/2026,3,28168,30046,25744,1421,6606,0,22126,0,12,2264,1503,992,-118,189,0,802,-786,998,-362,198
13/02/2026,4,27368,29314,24977,1338,6606,0,22126,0,12,2357,1502,992,-130,200,0,797,-813,997,-391,128
13/02/2026,5,26396,29211,24067,1334,6606,0,22126,0,12,2329,1502,992,-482,200,0,754,-1136,997,-585,30
13/02/2026,6,25821,28708,23529,1330,6606,0,22126,0,9,2483,1502,992,-497,200,0,752,-1180,996,-601,148
13/02/2026,7,25475,28694,23193,1351,6606,0,22126,0,9,2655,1502,992,-676,200,0,846,-1233,997,-701,183
13/02/2026,8,25277,28538,22943,1371,6606,0,22126,0,9,2616,1503,992,-683,200,0,850,-1253,998,-716,195
13/02/2026,9,25072,29063,22728,1437,6606,0,22126,0,9,2435,1502,992,-961,200,0,808,-1431,997,-990,200
13/02/2026,10,25063,29108,22688,1502,6606,0,22126,0,9,2316,1502,992,-972,200,0,739,-1453,997,-1011,200
13/02/2026,11,25196,29945,22847,1515,6606,0,22126,0,9,2535,1505,991,-1047,200,0,-556,-1453,998,-1084,200
13/02/2026,12,26160,31039,23773,1527,6606,0,22126,0,9,2638,1505,992,-1050,200,0,-678,-1453,998,-1089,200
13/02/2026,13,28531,33779,25969,1562,6606,0,22126,0,9,2537,1505,991,-1088,200,0,-1009,-1453,998,-1089,200
13/02/2026,14,31242,36505,28537,1596,6606,0,22126,0,9,2324,1505,983,-1090,200,0,-1022,-1453,995,-1089,200
13/02/2026,15,34011,39275,31002,1670,6606,0,22126,0,9,2377,1267,672,-1089,151,39,-1022,-1453,880,-1091,185
13/02/2026,16,35647,40901,32513,1744,6606,16,22126,0,10,1779,1226,635,-1091,21,0,-1021,-1439,865,-1093,90
13/02/2026,17,36864,41633,33600,1771,6606,221,22126,0,7,2267,926,85,-1090,0,0,-717,-1262,582,-1093,169
13/02/2026,18,37424,42145,33992,1798,6606,569,22126,0,7,2515,882,69,-1085,0,0,-697,-1239,576,-1093,91
13/02/2026,19,38186,41686,34645,1799,6606,996,22126,0,7,1804,1163,824,-467,0,0,-94,-1239,954,-1093,92
13/02/2026,20,38054,41475,34596,1800,6606,1615,22126,0,10,1351,1204,878,-420,0,0,-61,-1239,979,-1091,11
13/02/2026,21,37791,40955,34351,1814,6606,2351,22126,0,15,1159,1465,939,-267,0,0,360,-1240,997,-1011,-31
13/02/2026,22,37380,40477,34022,1828,6606,2527,22126,0,15,876,1503,942,-260,0,0,378,-1221,998,-1001,17
13/02/2026,23,37420,40323,34181,1884,6606,2580,22126,0,15,1173,1407,906,-322,-55,-39,368,-991,998,-814,-67
13/02/2026,24,36903,39810,33733,1940,6606,2876,22126,0,13,1361,1393,905,-324,-11,-1,367,-980,998,-808,-170
13/02/2026,25,37124,40564,33977,2060,6606,3028,22126,0,13,1478,1484,986,-359,0,0,552,-1211,998,-1048,-209
13/02/2026,26,36753,40254,33673,2179,6606,2859,22126,0,13,1577,1497,986,-360,0,0,542,-1253,996,-1065,-210
13/02/2026,27,36304,40507,33311,2171,6606,2426,22126,0,13,1606,1386,789,-566,0,0,-240,-1430,926,-1090,-264
13/02/2026,28,36200,40445,33082,2162,6606,2168,22126,0,13,1502,1370,774,-574,0,0,-288,-1452,918,-1095,-223
13/02/2026,29,36100,40624,32933,2256,6606,2013,22126,0,13,1714,1318,713,-566,0,0,-591,-1453,828,-1095,-206
13/02/2026,30,35847,40348,32698,2350,6606,1784,22126,0,15,1754,1310,706,-569,0,0,-605,-1453,822,-1095,-164
13/02/2026,31,35840,41175,32704,2353,6606,1373,22126,0,15,1564,1051,642,-1064,54,0,-1005,-1453,808,-1095,-103
13/02/2026,32,36302,41804,33110,2355,6606,820,22126,0,15,1316,1014,641,-1089,11,0,-1021,-1453,802,-1095,-229
13/02/2026,33,37330,42993,33914,2365,6606,348,22126,0,14,1553,920,751,-1088,-68,-76,-1013,-1453,586,-1095,-256
13/02/2026,34,38422,44511,34903,2375,6606,85,22126,0,11,1384,905,751,-1087,-220,-228,-1011,-1453,571,-1084,-395
13/02/2026,35,39721,45145,36068,2377,6606,1,22126,0,7,1264,246,477,-690,-371,-380,-723,-1453,541,-693,-507
13/02/2026,36,39976,45558,36263,2378,6606,0,22126,0,5,1179,147,460,-672,-450,-512,-712,-1453,530,-664,-514
13/02/2026,37,40125,45761,36343,2354,6606,0,22126,0,5,1531,164,523,-811,-451,-531,-680,-1453,206,-591,-514
13/02/2026,38,39409,45068,35684,2330,6606,0,22126,0,5,1384,168,532,-816,-451,-531,-675,-1453,204,-599,-529
13/02/2026,39,39030,44436,35329,2287,6606,0,22126,0,14,1215,679,717,-586,-451,-531,-195,-1453,815,-1062,-514
13/02/2026,40,38326,43725,34664,2244,6606,0,22126,0,8,1146,756,736,-577,-451,-531,-173,-1453,857,-1093,-513
13/02/2026,41,37345,42403,33832,2172,6606,0,22126,0,10,738,1407,975,-406,-451,-531,200,-1453,989,-1093,-514
13/02/2026,42,35635,40672,32241,2100,6606,0,22126,0,11,691,1503,992,-400,-451,-531,215,-1439,998,-1092,-513
13/02/2026,43,34241,39034,30985,2034,6606,0,22126,0,11,919,1504,991,-330,-451,-531,-5,-1262,998,-1090,-513
13/02/2026,44,32958,37731,29853,1967,6606,0,22126,0,11,809,1504,991,-327,-451,-531,-9,-1240,998,-1090,-514
13/02/2026,45,31506,36140,28484,1923,6606,0,22126,0,11,907,1502,992,-198,-451,-531,474,-1240,998,-1090,-513
13/02/2026,46,30134,34763,27228,1878,6606,0,22126,0,10,956,1502,992,-193,-451,-531,496,-1240,997,-1090,-514
13/02/2026,47,28906,33661,26046,1826,6606,0,22126,0,8,1043,1502,992,-321,-451,-531,579,-1240,998,-1090,-514
13/02/2026,48,28119,32872,25304,1773,6606,0,22126,0,8,974,1502,992,-318,-451,-531,583,-1241,998,-1090,-514
14/02/2026,1,28502,32937,25713,1705,6606,0,22126,0,8,1055,1502,992,374,-451,-531,899,-1241,997,-1090,-514
14/02/2026,2,29056,33490,26361,1637,6606,0,22126,0,8,907,1502,992,421,-451,-531,911,-1240,997,-1090,-514
14/02/2026,3,28684,33120,26074,1595,6606,0,22126,0,8,662,1502,992,610,-451,-531,994,-1240,998,-1093,-513
14/02/2026,4,27863,32301,25375,1553,6606,0,22126,0,8,404,1502,992,618,-451,-531,997,-1240,998,-1094,-514
14/02/2026,5,27371,31807,24908,1497,6606,0,22126,0,8,446,1501,992,727,-451,-531,997,-1239,997,-1094,-513
14/02/2026,6,27060,31497,24606,1441,6606,0,22126,0,8,301,1501,992,730,-451,-531,997,-1240,997,-1094,-513
14/02/2026,7,26682,31119,24327,1438,6606,0,22126,0,8,496,1502,992,371,-451,-531,997,-1240,998,-1094,-513
14/02/2026,8,26345,30784,24018,1435,6606,0,22126,0,8,556,1502,992,356,-451,-531,997,-1241,997,-1094,-514
14/02/2026,9,26098,30536,23766,1390,6606,0,22126,0,8,627,1502,992,149,-451,-531,875,-1241,997,-1093,-514
14/02/2026,10,25880,30318,23517,1345,6606,0,22126,0,8,562,1502,992,140,-451,-531,871,-1241,997,-1093,-514
14/02/2026,11,25573,30463,23283,1292,6606,0,22126,0,8,618,1502,992,-451,-451,-531,920,-1241,997,-1094,-514
14/02/2026,12,25879,30814,23548,1239,6606,0,22126,0,8,754,1502,992,-490,-451,-531,922,-1254,997,-1088,-513
14/02/2026,13,27183,31607,24732,1182,6606,0,22126,0,8,659,1502,992,159,-451,-509,928,-1431,997,-911,-514
14/02/2026,14,28486,32932,25906,1125,6606,0,22126,0,11,499,1502,992,173,-451,-531,928,-1440,997,-899,-514
14/02/2026,15,29653,33944,26915,1080,6606,0,22126,0,12,189,1502,992,127,-451,-531,975,-1284,997,-899,-514
14/02/2026,16,30163,34403,27294,1035,6606,180,22126,0,12,79,1502,992,130,-452,-531,977,-1234,997,-897,-514
14/02/2026,17,31686,35436,28615,949,6606,1426,22126,0,12,98,1501,992,845,-452,-511,975,-842,997,-819,-514
14/02/2026,18,31862,35562,28671,863,6606,3517,22126,0,10,315,1502,992,918,-451,-521,975,-787,998,-817,-514
14/02/2026,19,31086,34820,27760,770,6606,5410,22126,0,10,-130,1502,992,979,-451,-531,1015,-701,997,-927,-514
14/02/2026,20,30150,33910,26802,676,6606,7161,22126,0,6,-411,1502,992,981,-451,-531,1017,-719,997,-939,-514
14/02/2026,21,29087,33355,25747,577,6606,8544,22126,0,5,-654,1503,992,1050,-452,-507,962,-1108,997,-1082,-514
14/02/2026,22,28168,32403,24847,477,6606,9506,22126,0,7,-687,1503,992,1052,-451,-410,959,-1162,998,-1091,-514
14/02/2026,23,27644,31861,24337,433,6606,10152,22126,0,7,-669,1503,992,956,-450,-324,669,-1231,998,-1091,-514
14/02/2026,24,27263,31336,24001,388,6606,10361,22126,0,7,-706,1503,992,953,-428,-194,658,-1239,998,-1091,-514
14/02/2026,25,27243,31323,23997,363,6606,9999,22126,0,7,-755,1503,992,933,-451,-178,729,-1239,998,-1091,-514
14/02/2026,26,27431,31280,24212,337,6606,9555,22126,0,7,-544,1503,992,931,-425,-44,732,-1239,998,-1091,-443
14/02/2026,27,27698,31215,24474,340,6606,8643,22126,0,7,-53,1503,992,532,-289,0,823,-1239,998,-1091,-291
14/02/2026,28,28302,31555,25015,343,6606,7343,22126,0,7,301,1503,992,488,-162,0,826,-1253,998,-1091,-140
14/02/2026,29,28926,32339,25732,379,6606,6023,22126,0,7,878,1504,991,-260,-25,0,635,-1430,998,-1091,9
14/02/2026,30,30050,33490,26874,415,6606,4466,22126,0,7,1217,1504,992,-289,68,0,628,-1453,998,-1091,155
14/02/2026,31,31296,35162,28098,493,6606,2747,22126,0,14,1607,1504,992,-708,191,70,506,-1453,998,-1091,203
14/02/2026,32,32795,36687,29639,571,6606,1546,22126,0,20,1989,1504,992,-728,203,194,492,-1453,999,-1091,203
14/02/2026,33,34372,38689,31174,675,6606,674,22126,0,10,2757,1506,991,-1023,203,207,-140,-1453,999,-1091,203
14/02/2026,34,36017,40366,32728,778,6606,153,22126,0,5,3006,1506,987,-1036,203,207,-179,-1438,997,-1091,203
14/02/2026,35,37835,42542,34490,914,6606,1,22126,0,4,3268,1054,833,-1066,203,207,-693,-1253,944,-1091,203
14/02/2026,36,38865,43557,35514,1050,6606,0,22126,0,4,3543,988,819,-1067,203,207,-717,-1214,931,-1090,203
14/02/2026,37,38713,43251,35402,1220,6606,0,22126,0,4,3722,741,663,-1029,203,206,-850,-1004,584,-1051,203
14/02/2026,38,38693,43234,35527,1390,6606,0,22126,0,0,4025,705,650,-1028,203,204,-855,-1009,568,-1049,203
14/02/2026,39,37785,42910,34726,1614,6606,0,22126,0,0,4279,277,567,-1064,203,201,-970,-1402,795,-1089,203
14/02/2026,40,36365,41560,33578,1837,6606,0,22126,0,10,4008,215,568,-1066,202,156,-975,-1452,806,-1092,203
14/02/2026,41,35157,40496,32607,2102,6606,0,22126,0,104,4313,807,825,-1069,111,22,-1021,-1453,681,-1092,203
14/02/2026,42,33948,39353,31525,2367,6606,0,22126,0,170,4523,894,828,-1068,4,0,-1022,-1453,664,-1092,203
14/02/2026,43,32349,37745,30079,2619,6606,0,22126,0,170,4848,399,298,-1059,0,0,-1022,-1453,328,-1092,203
14/02/2026,44,31077,36493,28959,2871,6606,0,22126,0,189,4920,325,257,-1060,0,0,-1022,-1453,306,-1092,203
14/02/2026,45,29447,35026,27479,3082,6606,0,22126,0,353,5084,239,82,-1059,0,0,-1022,-1453,298,-1092,203
14/02/2026,46,27837,33598,26096,3292,6606,0,22126,0,567,4922,227,81,-1059,0,0,-1022,-1421,303,-1092,203
14/02/2026,47,26265,31796,24620,3495,6606,0,22126,0,791,4225,695,506,-1070,-68,-53,-830,-1027,476,-1092,178
14/02/2026,48,24894,30227,23315,3698,6606,0,22126,0,647,3915,765,546,-1071,-106,-10,-823,-984,495,-1092,42
15/02/2026,1,25239,30778,23643,3899,6606,0,22126,0,650,3572,1346,942,-1051,-182,0,-799,-1056,749,-1092,-109
15/02/2026,2,25785,31357,24272,4100,6606,0,22126,0,626,3904,1432,970,-1051,-69,0,-798,-1077,771,-1092,-259
15/02/2026,3,25296,31123,23827,4184,6606,0,22126,0,570,3902,1497,990,-1058,-69,0,-809,-1221,984,-1092,-408
15/02/2026,4,24379,30628,23036,4267,6606,0,22126,0,802,3778,1507,991,-1059,-221,0,-810,-1239,997,-1092,-426
15/02/2026,5,24084,30909,22836,4344,6606,0,22126,0,1157,4015,1507,991,-1071,-373,0,-789,-1239,997,-1092,-504
15/02/2026,6,23694,30687,22426,4420,6606,0,22126,0,1225,4017,1507,991,-1071,-451,0,-788,-1253,998,-1092,-513
15/02/2026,7,22860,30159,21769,4426,6606,0,22126,0,1251,4045,1507,991,-1071,-425,0,-916,-1431,998,-1092,-513
15/02/2026,8,22628,30160,21542,4431,6606,0,22126,0,1528,4268,1507,991,-1071,-353,0,-921,-1453,998,-1092,-514
15/02/2026,9,22505,30039,21372,4444,6606,0,22126,0,1532,3892,1507,991,-1069,-329,0,-945,-1453,997,-1092,-514
15/02/2026,10,22128,29636,20869,4457,6606,0,22126,0,1526,3981,1507,991,-1069,-308,0,-946,-1453,997,-1092,-514
15/02/2026,11,21987,29042,20662,4340,6606,0,22126,0,1242,3695,1507,991,-1071,-157,0,-974,-1453,996,-1092,-466
15/02/2026,12,21666,28663,20298,4223,6606,0,22126,0,1231,3595,1507,991,-1071,-67,0,-976,-1453,997,-1091,-508
15/02/2026,13,22713,28752,21192,4076,6606,0,22126,0,493,3533,1507,991,-1058,0,0,-972,-1453,996,-1048,-415
15/02/2026,14,23303,28968,21638,3928,6606,0,22126,0,325,3265,1507,991,-1058,0,0,-909,-1453,996,-1045,-275
15/02/2026,15,24719,29340,22842,3830,6606,0,22126,0,326,2893,1504,991,-1011,0,0,353,-1453,997,-1089,-142
15/02/2026,16,25848,30450,23892,3731,6606,4,22126,0,325,2878,1504,991,-997,0,0,462,-1433,997,-1078,-169
15/02/2026,17,27773,30757,25567,3581,6606,35,22126,0,308,2758,1503,991,-293,0,0,649,-1178,996,-547,-58
15/02/2026,18,29241,31872,26688,3430,6606,159,22126,0,100,2568,1503,991,-248,-17,0,655,-1116,996,-495,-55
15/02/2026,19,31532,33159,28831,3261,6606,343,22126,0,18,2177,1504,991,717,-126,0,673,-727,996,45,-156
15/02/2026,20,32449,34060,29567,3091,6606,559,22126,0,18,1934,1504,991,884,-40,0,674,-648,996,101,-305
15/02/2026,21,33688,34915,30686,2939,6606,720,22126,0,15,1945,1504,991,1041,0,0,674,-267,996,755,-345
15/02/2026,22,34593,35596,31457,2786,6606,900,22126,0,13,2021,1504,991,1047,0,0,674,-191,995,805,-199
15/02/2026,23,35541,36325,32231,2684,6606,1046,22126,0,13,1515,1424,991,1048,-43,0,800,186,957,977,-128
15/02/2026,24,35907,36577,32586,2582,6606,1097,22126,0,13,1448,1411,991,1048,-13,0,804,261,955,989,-44
15/02/2026,25,36352,37062,33057,2525,6606,1458,22126,0,13,1099,1304,991,1048,-97,0,914,634,961,989,68
15/02/2026,26,36414,37039,33085,2467,6606,1915,22126,0,13,647,1288,991,1047,-12,0,918,676,962,989,188
15/02/2026,27,36347,36960,32959,2399,6606,1691,22126,0,13,416,1363,991,1047,0,0,833,620,968,989,176
15/02/2026,28,35832,36443,32319,2330,6606,1637,22126,0,11,126,1374,991,1047,0,0,830,583,969,989,200
15/02/2026,29,35472,36083,31930,2328,6606,1748,22126,0,11,90,1374,991,1046,68,0,865,211,962,989,200
15/02/2026,30,35010,35621,31470,2326,6606,1695,22126,0,11,35,1374,991,906,87,0,866,166,962,978,200
15/02/2026,31,35057,35668,31537,2320,6606,1309,22126,0,11,-137,1400,991,3,1,0,806,192,995,568,188
15/02/2026,32,35370,35981,31878,2314,6606,1179,22126,0,11,-209,1404,991,0,6,0,803,225,997,535,200
15/02/2026,33,35913,36526,32422,2243,6606,760,22126,0,13,-235,1447,991,224,61,0,850,597,997,415,195
15/02/2026,34,36653,37266,33149,2171,6606,296,22126,0,13,109,1453,991,243,0,0,852,673,997,415,84
15/02/2026,35,38090,38725,34436,2129,6606,11,22126,0,13,409,1497,991,388,0,0,739,1047,996,758,-22
15/02/2026,36,38499,39283,34816,2087,6606,0,22126,0,11,402,1503,991,397,-15,0,735,1113,997,783,-158
15/02/2026,37,38912,39942,35285,2150,6606,0,22126,0,10,124,1504,991,877,-112,0,716,1365,997,782,-308
15/02/2026,38,37894,38987,34318,2212,6606,0,22126,0,19,-114,1505,991,901,-21,0,715,1368,997,786,-453
15/02/2026,39,36980,38019,33504,2286,6606,0,22126,0,17,95,1504,991,828,0,0,756,994,996,972,-422
15/02/2026,40,35682,36731,32273,2359,6606,0,22126,0,15,312,1504,991,742,0,0,758,918,997,985,-434
15/02/2026,41,34600,35536,31288,2380,6606,0,22126,0,12,573,1504,991,3,0,0,828,546,997,985,-324
15/02/2026,42,33453,34251,30223,2401,6606,0,22126,0,11,367,1504,991,0,-15,0,821,494,997,985,-172
15/02/2026,43,32139,33021,29115,2477,6606,0,22126,0,84,305,1505,991,-99,-68,0,198,431,997,977,-31
15/02/2026,44,30444,31280,27573,2552,6606,0,22126,0,132,589,1506,991,-104,7,0,166,396,997,973,64
15/02/2026,45,29057,29741,26393,2654,6606,0,22126,0,12,740,1506,991,332,32,6,-72,39,997,985,188
15/02/2026,46,27187,27882,24634,2756,6606,0,22126,0,14,1007,1506,991,358,0,119,-81,13,996,987,200
15/02/2026,47,25522,26714,23014,2843,6606,0,22126,0,103,992,1506,991,-207,67,202,-282,259,996,987,200
15/02/2026,48,24773,26182,22301,2930,6606,0,22126,0,296,1117,1506,992,-223,148,202,-290,285,997,990,200
16/02/2026,1,25223,26173,22769,2907,6606,0,22126,0,271,1076,1507,992,395,192,203,-79,240,997,991,200
16/02/2026,2,26210,27032,23806,2884,6606,0,22126,0,155,1228,1506,991,451,200,202,-67,234,996,991,200
16/02/2026,3,26022,27488,23702,2905,6606,0,22126,0,866,1386,1505,992,919,200,202,387,224,996,991,200
16/02/2026,4,25640,27268,23312,2926,6606,0,22126,0,1028,1110,1505,992,941,200,203,407,208,996,991,200
16/02/2026,5,25078,26612,22817,2870,6606,0,22126,0,934,1062,1505,992,932,136,203,439,18,997,991,200
16/02/2026,6,24678,26194,22419,2814,6606,0,22126,0,910,1104,1505,992,931,83,202,440,-6,996,991,200
16/02/2026,7,24311,25824,22089,2814,6606,0,22126,0,906,1203,1506,991,696,35,203,462,-7,996,988,200
16/02/2026,8,23718,25382,21523,2813,6606,0,22126,0,1040,594,1505,992,686,86,203,463,-24,996,978,200
16/02/2026,9,23422,25445,21311,2846,6606,0,22126,0,1181,734,1505,991,407,194,202,419,-242,996,607,200
16/02/2026,10,23391,25492,21257,2879,6606,0,22126,0,1210,401,1505,991,381,200,202,417,-291,996,569,200
16/02/2026,11,23402,25922,21298,2890,6606,0,22126,0,920,1064,1504,991,-436,200,203,613,-564,995,104,200
16/02/2026,12,24392,26921,22234,2901,6606,0,22126,0,810,1134,1504,991,-497,200,202,618,-622,996,63,200
16/02/2026,13,26851,29495,24509,2867,6606,0,22126,0,301,943,1505,991,-558,194,178,237,-927,997,-258,200
16/02/2026,14,29105,31866,26558,2832,6606,0,22126,0,394,986,1506,991,-560,82,59,221,-935,997,-272,152
16/02/2026,15,31696,33701,28886,2798,6606,0,22126,0,141,769,1506,991,-672,-30,0,46,-549,997,-13,22
16/02/2026,16,33459,35462,30535,2764,6606,197,22126,0,15,741,1506,991,-624,-170,-54,44,-471,997,14,-69
16/02/2026,17,35124,36305,32040,2775,6606,1183,22126,0,13,369,1505,991,-3,-249,-10,527,-93,997,430,-213
16/02/2026,18,35196,36461,32017,2786,6606,2718,22126,0,12,558,1504,991,0,-219,0,549,-76,996,458,-358
16/02/2026,19,34475,36217,31221,2805,6606,4173,22126,0,11,848,1505,991,423,-187,0,483,-454,997,538,-490
16/02/2026,20,33742,35439,30517,2824,6606,5025,22126,0,10,1140,1505,991,478,-42,0,480,-531,997,531,-514
16/02/2026,21,33508,35485,30300,2921,6606,5609,22126,0,10,1583,1505,991,199,0,0,421,-916,997,68,-451
16/02/2026,22,33465,35445,30231,3017,6606,5399,22126,0,10,2204,1506,991,187,0,0,418,-996,997,32,-374
16/02/2026,23,33605,35920,30401,3094,6606,5242,22126,0,10,2370,1505,991,354,0,0,412,-1391,997,0,-314
16/02/2026,24,33658,36098,30546,3170,6606,4927,22126,0,142,2423,1505,991,360,0,0,411,-1442,997,-13,-243
16/02/2026,25,33856,36611,30817,3181,6606,4618,22126,0,166,2714,1505,991,238,0,0,241,-1451,997,-370,-168
16/02/2026,26,34165,37007,31174,3191,6606,4255,22126,0,163,2770,1506,991,234,0,0,235,-1453,997,-406,-220
16/02/2026,27,33729,36973,30839,3254,6606,5198,22126,0,102,2806,1505,991,425,0,0,387,-1453,996,-877,-212
16/02/2026,28,33237,36370,30350,3317,6606,4199,22126,0,15,2852,1505,991,416,0,0,382,-1453,997,-913,-152
16/02/2026,29,33215,36800,30462,3430,6606,4570,22126,0,45,3460,1507,991,3,0,0,-274,-1453,997,-1048,-165
16/02/2026,30,33355,37160,30648,3542,6606,4291,22126,0,155,3557,1507,991,0,-41,0,-309,-1433,998,-1060,-207
16/02/2026,31,33917,38240,31221,3569,6606,3292,22126,0,18,3834,1508,991,-800,-1,0,-544,-1179,998,-1089,-92
16/02/2026,32,34671,39355,32005,3595,6606,2361,22126,0,26,3995,1507,991,-1009,-72,0,-551,-1116,997,-1091,-219
16/02/2026,33,35954,39954,33215,3511,6606,1387,22126,0,24,3979,1507,991,-1013,-109,-24,-134,-727,998,-1091,-278
16/02/2026,34,37038,41347,34189,3427,6606,369,22126,0,19,3879,1507,991,-1015,-249,-146,-117,-648,997,-1091,-424
16/02/2026,35,38660,42751,35634,3353,6606,17,22126,0,14,3635,1506,991,-1010,-400,-125,-71,-267,997,-1091,-513
16/02/2026,36,39891,44096,36680,3279,6606,0,22126,0,10,3314,1507,991,-1010,-452,-256,-69,-206,997,-1088,-514
16/02/2026,37,40345,44256,37042,3320,6606,0,22126,0,9,3259,1507,991,-851,-452,-407,-101,-28,997,-949,-514
16/02/2026,38,39869,43883,36648,3361,6606,0,22126,0,9,3315,1507,991,-845,-452,-523,-98,-35,997,-938,-514
16/02/2026,39,38962,42905,35858,3286,6606,0,22126,0,21,3295,1505,991,-553,-451,-531,348,-412,997,-861,-514
16/02/2026,40,38092,42098,35033,3211,6606,0,22126,0,20,3386,1506,991,-541,-451,-531,367,-489,997,-860,-514
16/02/2026,41,36494,40997,33663,3259,6606,0,22126,0,20,3603,1505,991,-491,-452,-531,413,-874,997,-1021,-514
16/02/2026,42,35196,39782,32516,3307,6606,0,22126,0,14,3951,1506,992,-489,-452,-531,414,-954,996,-1033,-513
16/02/2026,43,33788,38814,31310,3392,6606,0,22126,0,20,3964,1504,991,-533,-451,-531,544,-1346,996,-1032,-513
16/02/2026,44,31824,36990,29623,3477,6606,0,22126,0,103,4425,1505,991,-532,-452,-531,549,-1400,996,-1034,-514
16/02/2026,45,30253,35106,28175,3542,6606,0,22126,0,165,4497,1504,991,-134,-383,-531,521,-1446,996,-1080,-514
16/02/2026,46,28078,32982,26085,3607,6606,0,22126,0,301,4501,1505,992,-119,-302,-531,520,-1453,996,-1084,-514
16/02/2026,47,26463,31852,24562,3634,6606,0,22126,0,322,4436,1504,991,-578,-301,-531,672,-1452,995,-1091,-514
16/02/2026,48,25843,31259,23941,3661,6606,0,22126,0,321,4327,1504,991,-605,-302,-531,677,-1453,996,-1091,-513
17/02/2026,1,25708,31202,23731,3647,6606,0,21504,0,320,3967,1504,991,-685,-301,-531,654,-1453,996,-1091,-513
17/02/2026,2,26698,32180,24713,3633,6606,0,21504,0,318,4078,1504,991,-688,-302,-531,653,-1439,995,-1091,-513
17/02/2026,3,26531,31615,24510,3557,6606,0,21504,0,318,3533,1503,991,-465,-305,-531,653,-1261,995,-1091,-513
17/02/2026,4,26198,31287,24298,3481,6606,0,21504,0,316,3385,1504,991,-456,-342,-531,653,-1239,996,-1091,-514
17/02/2026,5,25713,30843,23829,3428,6606,0,21504,0,320,3124,1504,991,-493,-342,-531,702,-1239,995,-1091,-514
17/02/2026,6,25288,30431,23513,3375,6606,0,21504,0,317,3359,1504,991,-494,-344,-531,704,-1253,996,-1091,-513
17/02/2026,7,24894,30327,23095,3309,6606,0,21504,0,317,3164,1504,992,-576,-373,-531,669,-1431,996,-1091,-514
17/02/2026,8,24443,29931,22675,3243,6606,0,21504,0,318,3154,1504,992,-579,-402,-531,668,-1453,996,-1091,-514
17/02/2026,9,24254,30023,22424,3124,6606,0,21504,0,317,3444,1504,991,-811,-452,-531,653,-1453,995,-1091,-514
17/02/2026,10,24239,30018,22224,3004,6606,0,21504,0,319,3464,1504,991,-820,-452,-531,641,-1453,995,-1091,-513
17/02/2026,11,24768,30649,22664,2862,6606,0,21504,0,318,3325,1506,991,-919,-452,-508,-26,-1453,996,-1091,-514
17/02/2026,12,25808,31753,23544,2719,6606,0,21504,0,323,3064,1506,988,-922,-452,-512,-65,-1453,996,-1091,-527
17/02/2026,13,28476,34931,26019,2578,6606,0,21504,0,209,2976,1484,897,-1075,-452,-531,-530,-1453,996,-1091,-514
17/02/2026,14,31158,37601,28450,2436,6606,0,21504,0,169,2706,1481,889,-1082,-452,-531,-551,-1453,996,-1091,-514
17/02/2026,15,33167,39703,30155,2334,6606,1,21504,0,169,2357,1426,852,-1056,-452,-531,-670,-1453,996,-1091,-514
17/02/2026,16,34332,40584,31173,2231,6606,417,21504,0,48,2090,1418,853,-910,-452,-531,-655,-1453,996,-1089,-514
17/02/2026,17,35426,39996,32074,2092,6606,1860,21504,0,15,1748,1493,983,-3,-452,-531,149,-1453,997,-1002,-514
17/02/2026,18,35675,40237,32238,1952,6606,3625,21504,0,15,1714,1506,991,0,-451,-531,200,-1453,997,-998,-514
17/02/2026,19,35740,40385,32198,1854,6606,5186,21504,0,12,1421,1505,992,649,-451,-531,651,-1453,997,-1084,-514
17/02/2026,20,34952,39607,31417,1756,6606,6337,21504,0,14,901,1505,992,781,-452,-531,671,-1453,997,-1091,-514
17/02/2026,21,34163,38815,30661,1675,6606,7097,21504,0,13,1008,1505,992,647,-451,-531,561,-1453,998,-1090,-514
17/02/2026,22,33831,38469,30331,1594,6606,7608,21504,0,11,796,1505,992,644,-452,-531,556,-1439,997,-1091,-514
17/02/2026,23,33551,37937,30172,1516,6606,7719,21504,0,10,804,1506,992,1054,-451,-531,226,-1263,997,-1085,-446
17/02/2026,24,33603,37858,30284,1438,6606,7517,21504,0,10,460,1506,992,1074,-452,-471,213,-1241,997,-1083,-398
17/02/2026,25,33675,37760,30289,1316,6606,7026,21504,0,10,34,1506,992,1074,-451,-389,260,-1239,998,-1047,-349
17/02/2026,26,34025,37917,30585,1193,6606,6411,21504,0,11,202,1506,992,1075,-452,-237,262,-1239,998,-1043,-310
17/02/2026,27,34706,38393,31246,1121,6606,5639,21504,0,9,319,1506,992,1067,-451,-84,321,-1240,997,-1010,-293
17/02/2026,28,35378,38841,31842,1049,6606,4970,21504,0,8,298,1506,992,1075,-371,0,323,-1254,997,-1008,-222
17/02/2026,29,35964,39308,32408,951,6606,4048,21504,0,13,437,1506,992,1075,-225,-10,378,-1431,998,-995,-70
17/02/2026,30,37013,40360,33456,852,6606,3134,21504,0,11,246,1506,992,1075,-187,-102,381,-1451,998,-996,34
17/02/2026,31,37825,41022,34220,787,6606,2189,21504,0,18,-63,1506,992,920,-50,-17,315,-1429,998,-1083,184
17/02/2026,32,38881,41980,35256,722,6606,1437,21504,0,17,83,1506,992,810,8,0,311,-1395,998,-1087,200
17/02/2026,33,39788,42404,36039,710,6606,769,21504,0,11,-31,1489,992,3,45,0,12,-1000,998,-1005,200
17/02/2026,34,40621,43144,36829,697,6606,221,21504,0,10,98,1476,973,0,14,0,0,-921,993,-992,200
17/02/2026,35,42044,43916,38097,710,6606,5,21504,0,11,439,873,287,179,137,0,0,-536,841,-725,199
17/02/2026,36,42687,44452,38771,723,6606,0,21504,0,11,585,830,215,196,199,0,0,-458,819,-696,200
17/02/2026,37,42317,44006,38432,803,6606,0,21504,0,11,1030,373,-673,650,200,0,0,-80,420,-325,200
17/02/2026,38,41654,43288,37810,882,6606,0,21504,0,11,1208,354,-678,672,199,65,0,-32,396,-313,200
17/02/2026,39,41088,42694,37450,952,6606,0,21504,0,8,1669,788,539,730,200,129,-188,-8,434,-802,200
17/02/2026,40,40132,41807,36552,1022,6606,0,21504,0,13,1577,822,653,730,200,202,-195,-34,451,-833,170
17/02/2026,41,39203,41314,35728,1092,6606,0,21504,0,20,1289,1397,947,644,200,203,-306,-411,965,-774,200
17/02/2026,42,38412,40596,35019,1161,6606,0,21504,0,18,1466,1431,968,641,200,203,-310,-489,998,-767,200
17/02/2026,43,36398,38810,33220,1248,6606,0,21504,0,19,1647,1503,991,843,200,150,-221,-875,998,-697,200
17/02/2026,44,34174,36645,31204,1335,6606,0,21504,0,17,1971,1507,992,849,200,193,-218,-945,997,-691,200
17/02/2026,45,32479,35029,29583,1412,6606,0,21504,0,15,2283,1506,992,412,200,115,33,-1207,998,-728,200
17/02/2026,46,31013,33551,28273,1488,6606,0,21504,0,12,2686,1506,992,391,200,188,54,-1209,998,-717,200
17/02/2026,47,29205,30778,26605,1531,6606,0,21504,0,14,2899,1505,992,344,200,203,732,-819,997,-140,200
17/02/2026,48,27846,29323,25367,1574,6606,0,21504,0,14,2958,1505,991,342,200,203,769,-761,997,-102,200
18/02/2026,1,28102,29538,25688,1690,6606,0,21504,0,12,3099,1504,991,283,200,203,878,-642,997,-182,200
18/02/2026,2,28647,30117,26290,1805,6606,0,21504,0,12,3291,1504,991,279,200,203,881,-658,997,-200,200
18/02/2026,3,28114,30414,25819,1929,6606,0,21504,0,12,4073,1505,992,104,200,203,573,-1046,997,-642,175
18/02/2026,4,27542,29955,25334,2053,6606,0,21504,0,12,4266,1505,992,102,200,203,560,-1118,996,-683,200
18/02/2026,5,26842,30094,24719,2211,6606,0,21504,0,12,4601,1505,991,-163,200,203,509,-1415,997,-1062,200
18/02/2026,6,26403,29864,24393,2368,6606,0,21504,0,134,4976,1505,991,-187,200,202,507,-1452,997,-1088,200
18/02/2026,7,25677,29817,23628,2462,6606,0,21504,0,124,5040,1505,991,-875,200,203,341,-1453,997,-1088,200
18/02/2026,8,25227,29496,23162,2556,6606,0,21504,0,211,5201,1505,991,-915,200,203,320,-1453,996,-1090,200
18/02/2026,9,24842,29577,22858,2655,6606,0,21504,0,106,5208,1507,991,-1043,200,198,-441,-1453,996,-1092,200
18/02/2026,10,24880,29741,22872,2753,6606,0,21504,0,176,5327,1507,991,-1049,200,134,-491,-1453,997,-1092,200
18/02/2026,11,25447,30972,23508,2843,6606,0,21504,0,316,5392,1508,991,-1066,200,14,-998,-1453,997,-1092,200
18/02/2026,12,26067,31764,24099,2933,6606,0,21504,0,463,5286,1508,992,-1067,200,0,-1022,-1453,997,-1092,200
18/02/2026,13,28048,33584,25960,3043,6606,0,21504,0,301,5429,1500,992,-1068,200,0,-1022,-1453,997,-1092,200
18/02/2026,14,30057,35549,27795,3152,6606,0,21504,0,258,5339,1494,988,-1067,175,0,-1022,-1453,992,-1092,200
18/02/2026,15,32128,37595,29644,3331,6606,0,21504,0,238,5245,1211,848,-1062,88,0,-1022,-1453,779,-1092,199
18/02/2026,16,33682,39134,31130,3510,6606,99,21504,0,224,5255,1201,842,-1061,14,0,-1022,-1453,771,-1092,117
18/02/2026,17,35425,40718,32742,3645,6606,497,21504,0,293,5229,1491,982,-1060,106,0,-795,-1453,965,-1092,142
18/02/2026,18,36126,41396,33414,3779,6606,1155,21504,0,290,5218,1507,991,-1060,19,0,-775,-1453,978,-1092,35
18/02/2026,19,36819,41389,34095,3885,6606,1545,21504,0,245,5194,1506,991,-1008,0,0,-105,-1453,995,-1092,-67
18/02/2026,20,36890,41516,34161,3991,6606,2032,21504,0,173,5227,1507,991,-1000,-25,0,-70,-1453,997,-1092,-213
18/02/2026,21,36818,41017,34120,4139,6606,2316,21504,0,172,5334,1506,991,-493,-31,0,51,-1453,997,-1092,-358
18/02/2026,22,36319,40741,33724,4287,6606,2482,21504,0,171,5341,1506,991,-468,-165,0,59,-1453,996,-1092,-473
18/02/2026,23,36183,40637,33615,4451,6606,2752,21504,0,170,5014,1505,991,-262,-310,-54,485,-1453,996,-1092,-513
18/02/2026,24,35955,40464,33485,4614,6606,2607,21504,0,170,4989,1506,991,-251,-419,-10,503,-1453,996,-1092,-514
18/02/2026,25,36701,41051,34227,4702,6606,2391,21504,0,169,4879,1505,991,584,-451,-71,623,-1453,996,-1092,-514
18/02/2026,26,37142,41561,34680,4790,6606,2231,21504,0,170,4907,1505,991,693,-451,-139,627,-1453,996,-1092,-514
18/02/2026,27,37367,41897,34885,4769,6606,1948,21504,0,170,4776,1505,991,924,-452,-249,594,-1453,997,-1092,-514
18/02/2026,28,37604,42197,35096,4748,6606,1626,21504,0,171,4568,1505,991,822,-451,-312,593,-1453,997,-1092,-514
18/02/2026,29,37806,42484,35231,4740,6606,1261,21504,0,171,4945,1506,991,-107,-452,-289,400,-1453,997,-1092,-514
18/02/2026,30,37861,42676,35439,4732,6606,998,21504,0,168,5184,1505,991,-118,-451,-419,393,-1453,996,-1092,-514
18/02/2026,31,37811,43067,35425,4661,6606,721,21504,0,166,5112,1505,991,-508,-452,-471,308,-1453,997,-1092,-514
18/02/2026,32,38280,43613,35860,4589,6606,471,21504,0,164,5041,1505,992,-527,-452,-531,305,-1453,996,-1092,-514
18/02/2026,33,38586,43946,35919,4579,6606,245,21504,0,172,5021,1506,991,-547,-451,-531,260,-1453,997,-1092,-514
18/02/2026,34,39501,44858,36744,4569,6606,51,21504,0,168,5228,1506,991,-547,-452,-531,257,-1453,996,-1092,-514
18/02/2026,35,40266,45415,37402,4473,6606,1,21504,0,166,4758,1507,991,-204,-451,-531,-139,-1453,996,-1092,-513
18/02/2026,36,40945,46096,38043,4377,6606,0,21504,0,164,4816,1506,992,-190,-452,-531,-155,-1453,997,-1092,-514
18/02/2026,37,40838,46057,37958,4335,6606,0,21504,0,165,4964,1506,992,-412,-452,-531,102,-1453,997,-1092,-514
18/02/2026,38,40057,45263,37316,4292,6606,0,21504,0,165,4871,1505,992,-405,-451,-531,112,-1453,997,-1087,-514
18/02/2026,39,39709,44329,36964,4304,6606,0,21504,0,164,4614,1504,991,674,-451,-531,383,-1453,995,-908,-513
18/02/2026,40,38718,43324,36031,4315,6606,0,21504,0,165,4377,1505,992,822,-452,-531,396,-1453,996,-891,-514
18/02/2026,41,37349,41812,34736,4222,6606,0,21504,0,169,4176,1504,992,619,-452,-531,825,-1453,996,-744,-514
18/02/2026,42,35885,40455,33318,4129,6606,0,21504,0,286,4070,1501,992,611,-452,-531,843,-1453,996,-734,-514
18/02/2026,43,34218,38833,31763,4036,6606,0,21504,0,318,4009,1411,992,626,-452,-531,819,-1453,996,-747,-514
18/02/2026,44,32563,37172,30245,3943,6606,0,21504,0,316,4143,1407,992,625,-452,-531,818,-1439,997,-757,-514
18/02/2026,45,30619,35360,28508,3902,6606,0,21504,0,316,4138,1498,992,246,-451,-531,668,-1263,996,-1067,-513
18/02/2026,46,28940,33687,26980,3860,6606,0,21504,0,315,4183,1504,992,230,-452,-531,663,-1241,996,-1088,-520
18/02/2026,47,27839,32592,25819,3768,6606,0,21504,0,318,3820,1503,992,405,-452,-531,797,-1241,996,-1091,-520
18/02/2026,48,26875,31621,24852,3676,6606,0,21504,0,320,3571,1504,992,412,-452,-531,802,-1241,996,-1088,-514
19/02/2026,1,27219,31806,24999,3549,6606,0,21504,0,316,3409,1504,992,422,-451,-531,790,-1241,996,-934,-514
19/02/2026,2,27947,32524,25718,3422,6606,0,21504,0,315,3406,1504,992,426,-452,-531,790,-1241,995,-924,-514
19/02/2026,3,28202,32840,26007,3260,6606,0,21504,0,316,3380,1504,992,904,-452,-531,790,-1241,996,-984,-514
19/02/2026,4,27485,32118,25392,3097,6606,0,21504,0,315,3325,1504,991,927,-451,-531,790,-1241,996,-981,-514
19/02/2026,5,26846,31253,24936,2947,6606,0,21504,0,376,3222,1504,991,912,-452,-531,791,-1241,996,-693,-514
19/02/2026,6,26598,30995,24727,2797,6606,0,21504,0,381,3030,1504,991,912,-451,-532,791,-1241,996,-678,-514
19/02/2026,7,26335,30881,24442,2708,6606,0,21504,0,379,2907,1504,991,1026,-452,-531,790,-1241,996,-830,-513
19/02/2026,8,26199,30755,24228,2619,6606,0,21504,0,377,2805,1504,991,1023,-451,-531,790,-1241,996,-843,-513
19/02/2026,9,25548,30138,23631,2546,6606,0,21504,0,322,2920,1504,991,407,-452,-531,884,-1241,996,-930,-514
19/02/2026,10,25374,29981,23444,2472,6606,0,21504,0,316,2800,1504,991,361,-452,-531,887,-1255,996,-939,-514
19/02/2026,11,25606,30477,23591,2409,6606,0,21504,0,312,2822,1504,991,2,-451,-531,866,-1431,996,-1032,-514
19/02/2026,12,26232,30972,24092,2345,6606,0,21504,0,166,2735,1505,991,0,-452,-516,863,-1453,997,-1039,-514
19/02/2026,13,28819,33432,26465,2296,6606,0,21504,0,163,2464,1505,991,0,-407,-418,429,-1453,996,-1059,-513
19/02/2026,14,30841,35595,28261,2247,6606,0,21504,0,170,2113,1506,991,0,-448,-508,400,-1453,997,-1061,-514
19/02/2026,15,33294,38671,30330,2109,6606,0,21504,0,170,1519,1507,991,-293,-452,-531,-276,-1453,997,-1088,-514
19/02/2026,16,34617,40051,31441,1971,6606,20,21504,0,167,1248,1508,991,-315,-452,-531,-312,-1453,998,-1090,-514
19/02/2026,17,36985,41760,33659,1923,6606,171,21504,0,164,1278,1507,991,295,-452,-531,-12,-1453,998,-1049,-514
19/02/2026,18,37871,42628,34517,1875,6606,461,21504,0,162,1403,1507,942,332,-451,-531,12,-1453,998,-1046,-514
19/02/2026,19,38821,43578,35450,1846,6606,758,21504,0,158,1625,1506,-3,878,-452,-531,701,-1453,997,-1046,-514
19/02/2026,20,39106,43851,35749,1816,6606,1093,21504,0,182,1722,1506,-3,903,-451,-510,739,-1453,998,-1032,-514
19/02/2026,21,39260,43353,36030,1680,6606,1516,21504,0,202,1813,1505,-3,945,-382,-376,810,-1453,998,-563,-514
19/02/2026,22,39128,42871,36070,1544,6606,1920,21504,0,200,2056,1505,-3,946,-236,-223,813,-1453,998,-514,-514
19/02/2026,23,39431,42176,36396,1558,6606,1907,21504,0,69,2020,1505,-3,1073,-102,-72,1010,-1453,997,78,-446
19/02/2026,24,39313,41803,36302,1572,6606,1877,21504,0,12,1982,1505,-3,1077,-3,0,1017,-1448,998,123,-424
19/02/2026,25,39492,41924,36418,1534,6606,1850,21504,0,6,1757,1505,-3,1077,-32,0,1017,-1387,998,307,-404
19/02/2026,26,39586,41924,36478,1496,6606,1781,21504,0,51,1790,1506,-3,1077,0,0,1017,-1365,998,323,-319
19/02/2026,27,40458,42615,37337,1402,6606,1657,21504,0,62,1773,1505,-3,1077,0,0,891,-1187,998,478,-305
19/02/2026,28,40520,42515,37296,1308,6606,1360,21504,0,64,1613,1505,-3,1076,0,0,886,-1169,998,480,-159
19/02/2026,29,40316,42254,37082,1308,6606,1126,21504,0,67,1630,1506,-3,1077,0,0,993,-1216,998,154,-52
19/02/2026,30,40344,42254,37209,1308,6606,881,21504,0,70,1709,1505,-3,1077,0,0,997,-1212,997,110,-25
19/02/2026,31,40332,42698,37174,1299,6606,662,21504,0,14,1767,1505,-3,1078,0,0,927,-1084,998,-655,-10
19/02/2026,32,40717,43206,37461,1289,6606,454,21504,0,14,1772,1505,-3,1077,45,0,924,-1041,998,-706,-125
19/02/2026,33,41054,43482,37691,1259,6606,256,21504,0,14,1472,1505,-3,855,-68,-1,879,-697,997,-775,-270
19/02/2026,34,41935,44563,38454,1229,6606,76,21504,0,14,1285,1506,-3,846,-220,-91,877,-624,998,-775,-301
19/02/2026,35,42705,45189,39163,1217,6606,7,21504,0,9,926,1505,-3,786,-371,-242,922,-243,998,-584,-432
19/02/2026,36,42924,45634,39348,1205,6606,0,21504,0,15,1047,1505,-3,787,-451,-394,924,-183,997,-563,-501
19/02/2026,37,43029,45421,39469,1196,6606,0,21504,0,9,1277,1505,-3,971,-451,-518,704,-24,974,-273,-514
19/02/2026,38,42421,44786,38924,1187,6606,0,21504,0,9,1524,1505,-3,978,-451,-531,696,-16,973,-241,-514
19/02/2026,39,41853,44121,38494,1249,6606,0,21504,0,9,1731,1505,-3,1076,-451,-531,907,-160,996,190,-514
19/02/2026,40,40308,42625,37048,1310,6606,0,21504,0,12,1681,1505,-3,1077,-451,-531,915,-207,998,213,-513
19/02/2026,41,38658,41554,35515,1351,6606,0,21504,0,153,1646,1505,-3,1078,-452,-530,829,-589,997,-55,-514
19/02/2026,42,37803,40650,34720,1391,6606,0,21504,0,9,1576,1505,-3,1078,-452,-529,825,-667,997,-73,-514
19/02/2026,43,36229,39349,33380,1456,6606,0,21504,0,8,1599,1506,-3,1029,-437,-441,596,-1054,998,-63,-514
19/02/2026,44,34485,37397,31821,1520,6606,0,21504,0,9,1659,1505,-3,1027,-310,-288,588,-1125,997,-63,-514
19/02/2026,45,32799,35789,30252,1530,6606,0,21504,0,10,1857,1504,-3,1076,-159,-158,962,-1416,997,-154,-490
19/02/2026,46,30962,33601,28584,1540,6606,0,21504,0,48,2298,1504,-3,1077,-23,-23,977,-1422,997,-151,-369
19/02/2026,47,29370,31868,27038,1576,6606,0,21504,0,372,2109,1505,-3,1076,-68,-62,944,-1027,997,179,-366
19/02/2026,48,28337,31215,26073,1612,6606,0,21504,0,535,2113,1505,-3,1075,-220,-81,943,-948,997,213,-491
20/02/2026,1,28389,31313,26112,1637,6606,0,21504,0,919,2013,1504,-3,1002,-350,-85,948,-560,997,603,-407
20/02/2026,2,28953,31578,26753,1661,6606,0,21504,0,975,2269,1505,-3,998,-261,-7,948,-523,997,621,-256
20/02/2026,3,28143,30576,26148,1675,6606,0,21504,0,963,2504,1505,-3,773,-110,0,995,-653,997,265,-104
20/02/2026,4,27307,29702,25443,1688,6606,0,21504,0,1112,2541,1504,-3,762,39,0,997,-680,997,227,43
20/02/2026,5,26743,29514,24950,1812,6606,0,21504,0,1110,2772,1505,-3,468,131,0,997,-821,997,-237,157
20/02/2026,6,26201,29145,24415,1936,6606,0,21504,0,1203,2980,1505,-4,456,164,0,997,-869,997,-268,197
20/02/2026,7,25600,28833,23957,2010,6606,0,21504,0,1181,3366,1505,-4,288,185,0,950,-1261,998,-187,197
20/02/2026,8,25461,28782,23848,2084,6606,0,21504,0,1208,3622,1505,-4,276,185,66,948,-1320,997,-189,197
20/02/2026,9,25495,29145,23892,2122,6606,0,21504,0,1119,4096,1505,-4,2,185,166,753,-1438,997,-489,197
20/02/2026,10,25327,29002,23743,2159,6606,0,21504,0,1105,3965,1506,-4,0,185,193,663,-1453,997,-513,197
20/02/2026,11,25230,30084,23655,2311,6606,0,21504,0,1090,4161,1508,-4,-307,185,194,-745,-1453,998,-655,196
20/02/2026,12,25775,30763,24033,2463,6606,0,21504,0,1044,4643,1505,-4,-341,184,193,-887,-1452,994,-660,197
20/02/2026,13,27311,32446,25436,2655,6606,0,21504,0,770,4903,1411,-4,-786,185,194,-1015,-1453,857,-507,197
20/02/2026,14,29047,33978,27039,2846,6606,0,21504,0,584,4855,1392,-4,-804,185,162,-1020,-1436,845,-483,161
20/02/2026,15,30721,34319,28534,3150,6606,1,21504,0,468,4700,892,-4,-351,133,59,-931,-1216,703,-28,115
20/02/2026,16,31896,35168,29633,3454,6606,158,21504,0,266,4361,872,-4,-330,20,0,-914,-1158,702,24,47
20/02/2026,17,33768,36420,31412,3619,6606,700,21504,0,267,4267,1472,-3,-692,-68,-23,-164,-768,980,857,-67
20/02/2026,18,34479,37125,32074,3783,6606,1255,21504,0,264,4073,1508,-3,-653,-72,0,-99,-742,998,900,-213
20/02/2026,19,34408,36573,32020,3935,6606,1710,21504,0,269,4275,1506,-3,94,0,0,746,-1036,997,365,-257
20/02/2026,20,34021,36092,31593,4087,6606,1944,21504,0,178,4407,1505,-3,102,-51,0,800,-1042,997,342,-197
20/02/2026,21,34472,35936,32023,4206,6606,2065,21504,0,151,4182,1505,-3,2,-4,0,979,-655,997,864,-51
20/02/2026,22,34553,35918,32176,4324,6606,1999,21504,0,159,3877,1505,-3,0,0,0,985,-603,998,896,57
20/02/2026,23,34852,36151,32529,4485,6606,2058,21504,0,108,3743,1505,-3,633,-36,0,1015,-552,997,707,0
20/02/2026,24,34890,36064,32583,4646,6606,2126,21504,0,11,4033,1505,-3,756,0,0,1016,-560,998,692,35
20/02/2026,25,34683,36034,32345,4609,6606,2252,21504,0,10,4043,1505,-3,451,0,0,829,-738,997,695,100
20/02/2026,26,34600,36018,32250,4571,6606,2234,21504,0,8,3953,1505,-3,438,-27,0,822,-780,997,684,179
20/02/2026,27,34360,36024,31943,4558,6606,2320,21504,0,33,3934,1506,-3,473,0,0,633,-1028,997,255,200
20/02/2026,28,33951,35660,31494,4544,6606,2305,21504,0,33,4030,1506,-3,469,0,0,626,-1073,997,209,200
20/02/2026,29,33622,35923,31144,4482,6606,2213,21504,0,68,4571,1506,-3,111,50,0,607,-1255,997,-375,200
20/02/2026,30,33249,35618,30841,4420,6606,2171,21504,0,67,5059,1506,-3,104,158,0,606,-1289,997,-410,200
20/02/2026,31,33190,35981,30857,4383,6606,2004,21504,0,13,5069,1506,-3,-515,150,0,606,-1434,997,-226,200
20/02/2026,32,33518,36450,31214,4345,6606,1443,21504,0,103,5256,1505,-3,-598,82,0,606,-1427,997,-201,167
20/02/2026,33,34194,36698,31942,4401,6606,940,21504,0,244,5021,1505,-3,-503,-46,0,607,-1108,997,253,34
20/02/2026,34,35122,37843,32798,4456,6606,422,21504,0,260,4949,1506,-3,-498,-195,-60,607,-1037,997,268,-68
20/02/2026,35,36619,39445,34122,4520,6606,35,21504,0,257,4622,1505,-3,-212,-346,-145,676,-649,997,-396,-218
20/02/2026,36,36986,39986,34382,4583,6606,0,21504,0,252,4632,1505,-3,-199,-391,-210,677,-576,997,-402,-367
20/02/2026,37,37542,39966,34925,4582,6606,0,21504,0,251,4500,1507,-3,115,-450,-361,312,-262,997,639,-497
20/02/2026,38,36927,39335,34358,4581,6606,0,21504,0,255,4251,1506,-3,144,-452,-376,307,-209,997,729,-513
20/02/2026,39,36340,38485,33942,4590,6606,0,21504,0,257,4080,1504,-3,998,-451,-293,937,-27,996,1039,-514
20/02/2026,40,34798,36719,32645,4598,6606,0,21504,0,137,3858,1504,-3,1056,-433,-231,970,-4,996,1059,-513
20/02/2026,41,33685,35531,31666,4524,6606,0,21504,0,135,3807,1504,-3,1069,-452,-137,972,-5,996,999,-514
20/02/2026,42,32698,34483,30672,4449,6606,0,21504,0,134,3469,1504,-3,1070,-452,-49,972,-34,996,995,-513
20/02/2026,43,31190,33355,29260,4397,6606,0,21504,0,119,3497,1504,-3,1070,-452,-66,976,-412,996,995,-513
20/02/2026,44,29991,32044,28170,4345,6606,0,21504,0,9,3755,1504,-3,1070,-434,-4,976,-489,996,995,-514
20/02/2026,45,28334,30838,26668,4365,6606,0,21504,0,9,4066,1503,-3,1038,-452,-52,996,-875,997,992,-513
20/02/2026,46,26974,29644,25351,4385,6606,0,21504,0,19,3934,1504,-3,1037,-452,-131,997,-951,996,991,-514
20/02/2026,47,25253,28886,23671,4316,6606,0,21504,0,658,3864,1504,-3,1078,-452,-105,997,-1301,997,991,-514
20/02/2026,48,24831,28684,23201,4247,6606,0,21504,0,935,3892,1504,-3,1078,-452,-36,997,-1314,996,991,-513
21/02/2026,1,24934,28385,23263,4132,6606,0,21504,0,982,3774,1504,-3,1078,-431,0,997,-922,996,991,-513
21/02/2026,2,25645,28871,23955,4017,6606,0,21504,0,930,3859,1504,-3,1079,-333,-17,997,-858,997,989,-485
21/02/2026,3,25351,28615,23693,3855,6606,0,21504,0,931,3745,1504,-3,1078,-428,-120,997,-669,997,987,-513
21/02/2026,4,24819,27996,23275,3693,6606,0,21504,0,919,3813,1504,-3,1078,-452,-57,997,-633,997,987,-513
21/02/2026,5,24588,27710,23074,3603,6606,0,21504,0,919,3710,1504,-3,1078,-452,-151,997,-483,997,987,-514
21/02/2026,6,23689,26764,22232,3513,6606,0,21504,0,925,3621,1503,-3,1077,-451,-119,997,-463,996,987,-514
21/02/2026,7,23050,25958,21622,3390,6606,0,21504,0,915,3630,1504,-3,1053,-434,-7,997,-435,996,987,-514
21/02/2026,8,22437,25388,21064,3266,6606,0,21504,0,1106,3772,1504,-3,1043,-304,0,997,-430,996,977,-508
21/02/2026,9,22175,24813,20824,3130,6606,0,21504,0,964,3928,1504,-3,383,-154,0,997,-409,996,586,-508
21/02/2026,10,22365,24977,20934,2993,6606,0,21504,0,999,3791,1503,-3,341,-123,0,997,-380,996,551,-507
21/02/2026,11,22194,24563,20781,2918,6606,0,21504,0,978,3617,1503,-3,221,-233,0,997,-48,996,274,-507
21/02/2026,12,21612,23825,20118,2843,6606,0,21504,0,900,3588,1504,-4,217,-202,0,997,21,997,254,-507
21/02/2026,13,22682,24211,21044,2809,6606,0,21504,0,365,3427,1504,-3,275,-53,0,997,361,996,221,-508
21/02/2026,14,23808,25012,22066,2775,6606,0,21504,0,36,3038,1504,-3,304,-52,0,997,432,996,238,-513
21/02/2026,15,25299,26493,23285,2762,6606,4,21504,0,16,2437,1504,-3,1042,-68,0,997,806,996,940,-507
21/02/2026,16,26092,27122,23840,2749,6606,141,21504,0,11,2264,1503,-3,1071,0,0,997,880,996,988,-416
21/02/2026,17,27732,28820,25257,2677,6606,521,21504,0,8,2240,1503,-3,1073,0,0,997,1230,996,988,-477
21/02/2026,18,28607,29757,26009,2604,6606,1180,21504,0,63,2135,1504,-3,1072,0,0,997,1282,996,988,-484
21/02/2026,19,29426,30446,26698,2558,6606,1851,21504,0,66,2039,1505,-3,1074,0,0,1016,1384,996,988,-351
21/02/2026,20,29422,30450,26665,2511,6606,2371,21504,0,65,1990,1505,-3,1074,0,0,1017,1397,996,988,-360
21/02/2026,21,29357,30439,26669,2513,6606,2973,21504,0,64,1826,1505,-3,1073,0,0,1017,1397,996,988,-415
21/02/2026,22,29109,30041,26124,2515,6606,3610,21504,0,48,1414,1505,-3,1073,-6,0,1016,1397,996,988,-275
21/02/2026,23,28592,29586,25515,2453,6606,4273,21504,0,66,1246,1505,-3,1076,-64,0,1016,1397,996,988,-261
21/02/2026,24,28386,29492,25327,2391,6606,4588,21504,0,66,1369,1505,-3,1075,-63,0,1016,1397,996,988,-374
21/02/2026,25,28730,29755,25748,2470,6606,4153,21504,0,65,1301,1506,-3,1076,-98,0,1016,1397,997,988,-259
21/02/2026,26,29041,29892,26132,2549,6606,3711,21504,0,66,1263,1506,41,1076,-77,0,1016,1394,997,990,-108
21/02/2026,27,29393,30062,26476,2533,6606,3076,21504,0,69,1165,1505,952,1077,0,0,1016,1357,996,990,32
21/02/2026,28,29687,30357,26776,2516,6606,2906,21504,0,70,1438,1505,992,1076,0,0,1016,1323,997,990,83
21/02/2026,29,29726,30395,26909,2526,6606,2089,21504,0,69,1658,1503,992,1077,0,0,997,949,998,990,152
21/02/2026,30,29896,30542,27204,2535,6606,1354,21504,0,46,2109,1503,992,1073,0,0,996,901,998,990,141
21/02/2026,31,30482,31086,27808,2621,6606,920,21504,0,4,2532,1503,992,686,0,0,997,888,997,990,115
21/02/2026,32,31004,31605,28285,2706,6606,529,21504,0,1,2740,1502,992,620,0,0,996,869,997,980,33
21/02/2026,33,31323,32020,28537,2846,6606,265,21504,0,1,2966,1503,992,-96,6,0,737,650,997,600,66
21/02/2026,34,32421,33158,29599,2986,6606,56,21504,0,1,3320,1503,992,-104,60,0,727,652,997,572,-32
21/02/2026,35,33794,34489,30897,3132,6606,3,21504,0,1,3341,1502,992,499,0,0,987,1024,996,538,-94
21/02/2026,36,34602,35309,31746,3278,6606,0,21504,0,1,3429,1502,992,578,0,0,997,1060,997,539,-106
21/02/2026,37,34623,35322,31729,3428,6606,0,21504,0,1,3518,1501,992,743,0,0,997,914,997,671,-98
21/02/2026,38,34203,35127,31277,3578,6606,0,21504,0,1,3332,1501,992,750,-78,0,997,866,997,683,-245
21/02/2026,39,33441,34589,30635,3731,6606,0,21504,0,2,3380,1501,992,823,-157,0,997,493,997,760,-389
21/02/2026,40,31910,33027,29276,3884,6606,0,21504,0,7,3556,1501,992,826,-30,0,997,417,997,755,-480
21/02/2026,41,30622,31711,28176,3978,6606,0,21504,0,8,3955,1501,992,775,0,0,979,43,997,379,-481
21/02/2026,42,29195,30511,26865,4071,6606,0,21504,0,183,3762,1501,992,771,0,0,979,-34,997,349,-499
21/02/2026,43,27891,29660,25755,4040,6606,0,21504,0,316,3895,1502,992,339,-1,0,996,-412,996,209,-440
21/02/2026,44,26681,28665,24735,4008,6606,0,21504,0,318,3815,1493,988,311,-97,0,994,-489,996,182,-480
21/02/2026,45,24748,27707,22904,3962,6606,0,21504,0,318,3605,1157,856,-97,-249,0,574,-876,997,-471,-348
21/02/2026,46,23842,27173,22237,3916,6606,0,21504,0,377,3564,1143,850,-104,-399,0,556,-945,997,-522,-384
21/02/2026,47,22843,27788,21303,3866,6606,0,21504,0,818,3510,1481,983,-587,-452,-61,625,-1206,989,-743,-478
21/02/2026,48,21955,27568,20481,3815,6606,0,21504,0,1188,3332,1503,992,-660,-452,-213,627,-1239,988,-747,-514
22/02/2026,1,22417,27158,20903,3768,6606,0,21504,0,1009,3231,1503,992,-362,-452,-252,610,-1240,996,-312,-514
22/02/2026,2,23432,27725,21768,3720,6606,0,21504,0,786,3522,1494,988,-349,-429,-101,609,-1239,996,-276,-513
22/02/2026,3,23382,27098,21744,3627,6606,0,21504,0,596,3690,1048,854,-303,-398,-2,758,-1240,997,-64,-513
22/02/2026,4,22572,26391,21009,3533,6606,0,21504,0,844,3768,1019,842,-301,-258,0,763,-1240,997,-63,-513
22/02/2026,5,21884,26168,20396,3541,6606,0,21504,0,652,3692,932,750,-526,-177,0,913,-1240,997,-575,-514
22/02/2026,6,21251,25713,19799,3549,6606,0,21504,0,786,3355,935,749,-540,-159,0,918,-1241,997,-622,-514
22/02/2026,7,20623,26732,19261,3533,6606,0,21504,0,1505,3487,1395,978,-1060,-125,0,960,-1241,996,-1065,-513
22/02/2026,8,20037,26185,18719,3517,6606,0,21504,0,1538,3836,1421,993,-1085,-74,0,962,-1241,996,-1096,-514
22/02/2026,9,19845,25807,18574,3464,6606,0,21504,0,1501,3736,1293,993,-1035,-16,0,971,-1241,996,-1096,-473
22/02/2026,10,19948,25870,18682,3411,6606,0,21504,0,1504,3667,1288,993,-1032,-112,0,971,-1241,996,-1096,-337
22/02/2026,11,19885,25377,18696,3461,6606,0,21504,0,1506,3839,1484,992,-853,-22,0,682,-1241,996,-1083,-187
22/02/2026,12,19820,25423,18676,3511,6606,0,21504,0,1648,4202,1493,992,-846,0,0,671,-1240,996,-1082,-187
22/02/2026,13,20443,26246,19325,3542,6606,0,21504,0,1645,4453,1502,992,-1075,0,0,828,-1241,996,-1089,-153
22/02/2026,14,20820,26771,19702,3572,6606,0,21504,0,1628,4427,1502,992,-1084,-32,0,833,-1240,996,-1090,-277
22/02/2026,15,21608,27344,20386,3666,6606,0,21504,0,1605,4590,1502,992,-837,0,0,973,-1241,996,-1090,-363
22/02/2026,16,22035,27771,20825,3760,6606,121,21504,0,1573,4422,1502,992,-826,0,0,978,-1241,996,-1090,-406
22/02/2026,17,22838,28258,21565,3734,6606,827,21504,0,1547,4722,1502,992,-607,0,0,760,-1241,996,-1090,-335
22/02/2026,18,23546,28748,22168,3707,6606,1716,21504,0,1297,4662,1490,987,-598,0,0,752,-1241,996,-1090,-376
22/02/2026,19,23546,28252,22153,3731,6606,2557,21504,0,702,4414,884,803,-550,-22,0,649,-1241,976,-1090,-501
22/02/2026,20,23612,28220,22125,3755,6606,3876,21504,0,676,4325,860,795,-548,0,0,645,-1241,975,-1089,-454
22/02/2026,21,24121,28744,22513,3810,6606,4983,21504,0,913,4323,1466,979,-548,0,0,664,-1239,995,-970,-353
22/02/2026,22,24094,28368,22566,3864,6606,5714,21504,0,935,4560,1502,992,-548,0,0,665,-1239,997,-723,-229
22/02/2026,23,24421,28522,22971,3922,6606,5823,21504,0,927,4603,1502,992,-480,15,0,770,-1239,997,-723,-132
22/02/2026,24,24554,28453,23071,3980,6606,6090,21504,0,816,4548,1502,992,-478,52,0,774,-1240,997,-723,-42
22/02/2026,25,24747,28358,23254,3985,6606,5606,21504,0,238,4642,1503,992,-584,-55,0,598,-1240,996,-723,-171
22/02/2026,26,24597,28189,23169,3989,6606,5590,21504,0,171,4806,1502,992,-551,-11,0,592,-1239,996,-723,-297
22/02/2026,27,24744,27792,23253,4110,6606,5878,21504,0,173,4339,1502,992,240,0,0,791,-1240,996,-723,-312
22/02/2026,28,24275,27236,22744,4230,6606,6642,21504,0,167,4524,1502,992,265,0,0,799,-1240,996,-723,-231
22/02/2026,29,23843,26858,22204,4226,6606,6995,21504,0,373,4058,1502,992,609,0,0,895,-1239,996,-723,-80
22/02/2026,30,24193,27133,22439,4221,6606,6004,21504,0,365,4189,1502,992,623,-43,0,898,-1209,997,-723,37
22/02/2026,31,24718,26975,23052,4081,6606,4519,21504,0,164,4242,1502,992,310,45,0,767,-818,997,-675,126
22/02/2026,32,26157,28268,24403,3940,6606,3197,21504,0,161,3949,1503,992,296,53,0,762,-740,997,-610,178
22/02/2026,33,28808,30268,26710,3831,6606,1773,21504,0,158,4080,1502,992,366,165,0,988,-356,996,-346,47
22/02/2026,34,30670,31706,28505,3721,6606,768,21504,0,2,4207,1502,992,374,74,0,997,-279,996,-88,-67
22/02/2026,35,32510,33388,30054,3681,6606,101,21504,0,2,3571,1501,992,931,-62,0,997,98,997,671,-214
22/02/2026,36,34252,35256,31596,3641,6606,0,21504,0,2,3739,1501,992,960,-60,0,997,175,997,787,-342
22/02/2026,37,34377,35499,31830,3718,6606,0,21504,0,0,3749,1501,992,1048,-166,0,997,547,997,544,-356
22/02/2026,38,33779,34921,31252,3794,6606,0,21504,0,2,4110,1502,992,1052,-153,0,997,565,998,537,-387
22/02/2026,39,32645,33840,30322,3937,6606,0,21504,0,1,4407,1501,992,1068,-233,0,997,192,997,924,-361
22/02/2026,40,31658,32918,29349,4079,6606,0,21504,0,4,4873,1501,992,1074,-205,0,997,117,997,936,-451
22/02/2026,41,30692,32243,28597,4120,6606,0,21504,0,4,5094,1502,992,1029,-173,0,997,-261,997,391,-513
22/02/2026,42,29634,31261,27468,4160,6606,0,21504,0,9,4589,1502,992,1026,-166,0,997,-338,997,343,-514
22/02/2026,43,28115,29980,26069,4181,6606,0,21504,0,9,4380,1502,992,749,-60,0,997,-721,997,22,-475
22/02/2026,44,27062,28908,25232,4202,6606,0,21504,0,11,4774,1502,992,676,-89,0,997,-800,997,-17,-329
22/02/2026,45,25037,27942,23481,4180,6606,0,21504,0,20,4670,1502,992,-245,-34,0,997,-1190,997,-639,-177
22/02/2026,46,23867,27348,22433,4158,6606,0,21504,0,642,4902,1502,992,-276,68,0,982,-1239,997,-689,-35
22/02/2026,47,22130,27024,20825,4138,6606,0,21504,0,1207,4968,1503,992,-812,81,0,234,-1240,996,-1035,68
22/02/2026,48,21694,26821,20384,4118,6606,0,21504,0,1388,5070,1504,992,-839,0,0,190,-1240,996,-1060,189
23/02/2026,1,22366,27578,20960,4192,6606,0,21504,0,1370,5617,1504,992,-936,0,0,102,-1240,996,-1066,200
23/02/2026,2,22746,28054,21473,4266,6606,0,21504,0,1460,5792,1504,992,-941,55,0,99,-1240,996,-1067,200
23/02/2026,3,22559,27815,21327,4270,6606,0,21504,0,1462,5791,1505,992,-867,4,0,28,-1239,997,-1088,200
23/02/2026,4,21932,27192,20831,4273,6606,0,21504,0,1467,5581,1505,992,-864,30,0,25,-1240,997,-1089,200
23/02/2026,5,21282,27058,20310,4289,6606,0,21504,0,1590,5224,1456,992,-1008,0,0,-247,-1239,997,-1092,200
23/02/2026,6,20935,26901,19967,4304,6606,0,21504,0,1761,4826,1449,992,-1013,0,0,-260,-1239,997,-1093,200
23/02/2026,7,20415,26828,19409,4317,6606,0,21504,0,1748,4860,1167,992,-1049,0,0,-683,-1240,997,-1093,160
23/02/2026,8,19963,26404,18958,4330,6606,0,21504,0,1756,4322,1151,990,-1050,3,0,-702,-1240,994,-1093,111
23/02/2026,9,19763,26260,18731,4355,6606,0,21504,0,1481,4450,1176,901,-1095,75,0,-988,-1240,892,-1093,198
23/02/2026,10,19796,26208,18723,4380,6606,0,21504,0,1385,4509,1174,895,-1094,7,0,-999,-1240,888,-1094,200
23/02/2026,11,20440,26788,19264,4411,6606,0,21504,0,1302,5029,954,904,-1093,0,0,-1021,-1240,991,-1092,200
23/02/2026,12,21216,27149,20036,4441,6606,0,21504,0,906,5097,949,900,-1092,16,0,-1014,-1240,997,-1081,135
23/02/2026,13,23878,28060,22477,4470,6606,0,21504,0,351,5208,1262,783,-849,115,0,-411,-1240,988,-731,148
23/02/2026,14,25717,29393,24207,4499,6606,0,21504,0,52,5353,1283,780,-744,32,0,-373,-1209,987,-698,51
23/02/2026,15,28971,30785,27173,4401,6606,15,21504,0,17,5141,1493,978,94,111,0,229,-818,996,-379,123
23/02/2026,16,30339,32054,28300,4302,6606,322,21504,0,17,5217,1504,991,102,152,13,267,-758,997,-340,26
23/02/2026,17,31627,32929,29358,4321,6606,1124,21504,0,17,5116,1502,991,599,22,0,868,-618,997,248,-67
23/02/2026,18,31268,32779,29066,4340,6606,2286,21504,0,15,5498,1502,992,678,-68,-5,898,-610,997,297,-213
23/02/2026,19,31436,33304,29097,4401,6606,3288,21504,0,12,5241,1502,991,1062,-166,0,1013,-732,998,581,-358
23/02/2026,20,30871,33059,28541,4462,6606,4251,21504,0,12,5221,1502,991,1078,-308,0,1016,-777,997,604,-491
23/02/2026,21,30215,32980,27940,4532,6606,5419,21504,0,11,5279,1502,991,1076,-436,-36,1016,-1169,997,761,-513
23/02/2026,22,29921,32861,27630,4602,6606,5710,21504,0,11,5451,1503,991,1076,-452,-155,1016,-1209,998,772,-513
23/02/2026,23,29764,32693,27487,4586,6606,5496,21504,0,11,5122,1502,991,1073,-451,-272,1016,-1081,998,792,-514
23/02/2026,24,30044,33026,27770,4569,6606,4762,21504,0,11,5194,1502,991,1074,-452,-359,1016,-1047,998,779,-513
23/02/2026,25,30319,33109,28119,4483,6606,4264,21504,0,11,5408,1502,991,1074,-451,-418,1016,-822,998,257,-488
23/02/2026,26,30783,33534,28554,4396,6606,4072,21504,0,11,5317,1502,991,1074,-452,-455,1016,-763,998,220,-470
23/02/2026,27,31337,33745,29130,4217,6606,3372,21504,0,11,5242,1502,991,1073,-451,-453,1016,-379,997,234,-514
23/02/2026,28,31951,34271,29686,4038,6606,2800,21504,0,11,4792,1502,991,1074,-452,-406,1013,-338,998,233,-513
23/02/2026,29,32549,34866,30275,3775,6606,1866,21504,0,11,4446,1503,991,1074,-451,-324,564,-417,998,125,-514
23/02/2026,30,33046,35474,30741,3512,6606,1169,21504,0,11,4010,1503,992,1075,-452,-394,544,-457,998,108,-514
23/02/2026,31,33960,37059,31562,3301,6606,889,21504,0,11,3997,1503,992,864,-451,-450,692,-842,998,-231,-514
23/02/2026,32,34886,38064,32333,3089,6606,674,21504,0,11,3426,1503,992,855,-452,-476,697,-862,998,-263,-514
23/02/2026,33,35567,38634,32782,2762,6606,359,21504,0,12,2448,1503,992,457,-452,-413,713,-503,998,-573,-514
23/02/2026,34,36426,39298,33404,2435,6606,116,21504,0,12,2125,1503,991,451,-451,-285,714,-428,998,-582,-514
23/02/2026,35,38259,40143,34970,2259,6606,11,21504,0,4,1377,1503,992,1051,-451,-133,569,-51,997,-131,-514
23/02/2026,36,38864,40626,35477,2083,6606,0,21504,0,3,1204,1496,989,1075,-452,-97,566,25,996,-96,-514
23/02/2026,37,39218,40880,35824,1913,6606,0,21504,0,3,1311,1169,901,1075,-441,-104,938,387,933,50,-514
23/02/2026,38,38432,39889,35023,1742,6606,0,21504,0,3,1032,1155,898,1075,-335,-5,953,433,930,62,-514
23/02/2026,39,37510,38943,34150,1618,6606,0,21504,0,3,635,1481,986,1075,-331,0,995,444,993,101,-499
23/02/2026,40,36286,37468,32950,1493,6606,0,21504,0,9,303,1503,992,1075,-193,0,997,417,998,92,-380
23/02/2026,41,34706,36084,31483,1479,6606,0,21504,0,9,612,1502,992,1075,-45,0,997,43,997,-354,-370
23/02/2026,42,33643,35002,30474,1464,6606,0,21504,0,9,625,1502,992,1075,0,0,997,-34,998,-385,-331
23/02/2026,43,32374,34010,29352,1461,6606,0,21504,0,9,505,1503,992,877,-38,0,997,-411,998,-346,-232
23/02/2026,44,31496,33110,28634,1457,6606,0,21504,0,6,618,1502,992,869,-139,0,997,-459,998,-330,-80
23/02/2026,45,29397,30496,26737,1431,6606,0,21504,0,9,545,1503,992,852,-29,0,997,-461,997,129,65
23/02/2026,46,27799,28891,25321,1405,6606,0,21504,0,6,1164,1503,992,852,68,0,997,-486,998,156,188
23/02/2026,47,25974,27380,23617,1492,6606,0,21504,0,6,1741,1503,992,855,82,0,988,-800,998,7,200
23/02/2026,48,24975,26414,22721,1579,6606,0,21504,0,6,2085,1503,992,854,0,0,988,-833,998,0,200
24/02/2026,1,25091,26479,22905,1616,6606,0,21504,0,6,2175,1502,992,916,60,0,988,-748,998,-34,200
24/02/2026,2,25567,26973,23479,1653,6606,0,21504,0,6,2504,1503,992,918,179,0,988,-768,998,-32,200
24/02/2026,3,25298,27061,23351,1701,6606,0,21504,0,6,2815,1503,992,971,77,0,988,-1157,998,163,200
24/02/2026,4,24895,26723,23027,1748,6606,0,21504,0,6,3055,1503,992,974,0,0,988,-1222,998,173,200
24/02/2026,5,24225,26257,22483,1849,6606,0,21504,0,6,3188,1503,992,810,0,0,988,-1426,997,11,200
24/02/2026,6,23662,25745,21986,1949,6606,0,21504,0,8,3265,1503,992,726,0,0,988,-1453,997,-22,195
24/02/2026,7,22567,25562,20865,2031,6606,0,21504,0,5,3272,1503,992,-96,0,0,824,-1453,997,-841,200
24/02/2026,8,22227,25289,20494,2112,6606,0,21504,0,8,3742,1504,992,-104,0,0,804,-1453,997,-897,200
24/02/2026,9,22022,25213,20288,2142,6606,0,21504,0,6,4158,1506,992,-235,0,0,83,-1453,998,-897,191
24/02/2026,10,21955,25188,20221,2172,6606,0,21504,0,7,4116,1506,992,-271,21,0,17,-1453,998,-902,176
24/02/2026,11,21949,27042,20344,2264,6606,0,21504,0,7,4765,1508,992,-1044,134,0,-909,-1453,997,-1080,200
24/02/2026,12,22809,28009,21171,2356,6606,0,21504,0,7,4886,1508,992,-1076,95,0,-971,-1453,997,-1093,200
24/02/2026,13,25280,30383,23566,2450,6606,0,21504,0,7,4941,1507,992,-1062,189,0,-888,-1453,998,-1093,200
24/02/2026,14,27475,32575,25607,2543,6606,0,21504,0,7,5145,1507,992,-1062,200,0,-885,-1453,998,-1093,200
24/02/2026,15,29523,34672,27435,2648,6606,22,21504,0,9,5101,1508,992,-1059,151,22,-935,-1453,998,-1093,184
24/02/2026,16,30498,35651,28424,2752,6606,395,21504,0,11,5242,1507,992,-1059,21,0,-937,-1453,998,-1093,59
24/02/2026,17,31357,36270,29187,2767,6606,1115,21504,0,11,5212,1507,992,-1057,0,0,-699,-1453,997,-1093,0
24/02/2026,18,31108,36011,28933,2782,6606,1895,21504,0,11,4997,1507,992,-1055,0,0,-691,-1453,998,-1093,27
24/02/2026,19,30527,34997,28255,2822,6606,2590,21504,0,12,4643,1506,992,-809,0,0,-503,-1453,998,-1093,0
24/02/2026,20,30431,34893,28052,2862,6606,3200,21504,0,20,4578,1507,992,-799,0,0,-497,-1453,997,-1093,0
24/02/2026,21,29837,34613,27272,2870,6606,4270,21504,0,24,4284,1507,992,-895,0,0,-711,-1453,998,-1093,44
24/02/2026,22,29390,34343,26920,2878,6606,4768,21504,0,190,3941,1507,991,-898,0,0,-719,-1453,998,-1093,89
24/02/2026,23,29094,34572,26794,2924,6606,5492,21504,0,331,4351,1507,991,-1051,0,0,-950,-1453,998,-1093,82
24/02/2026,24,28576,34070,26273,2970,6606,5845,21504,0,334,4447,1507,992,-1056,0,0,-958,-1453,998,-1093,18
24/02/2026,25,27549,33272,25203,2983,6606,7113,21504,0,554,4367,1507,992,-1020,0,0,-958,-1453,998,-1093,-45
24/02/2026,26,26650,32650,24327,2996,6606,7549,21504,0,829,4344,1507,992,-1019,0,0,-956,-1453,998,-1093,-50
24/02/2026,27,26388,32156,24032,3076,6606,7988,21504,0,874,4250,1507,992,-1069,0,0,-521,-1453,998,-1093,-158
24/02/2026,28,25828,31435,23456,3156,6606,7717,21504,0,706,4351,1507,992,-1071,0,0,-503,-1453,998,-1093,-181
24/02/2026,29,25565,31092,23263,3179,6606,7490,21504,0,415,4562,1507,992,-1060,0,0,-824,-1453,998,-1093,-82
24/02/2026,30,25651,31039,23457,3201,6606,6605,21504,0,170,5160,1507,992,-1061,0,0,-837,-1453,998,-1093,-174
24/02/2026,31,25834,31281,23644,3159,6606,5568,21504,0,15,4932,1507,992,-1059,-78,0,-903,-1453,998,-1093,-246
24/02/2026,32,27480,33183,25295,3117,6606,4336,21504,0,7,4938,1507,992,-1058,-197,0,-906,-1453,998,-1093,-389
24/02/2026,33,29772,35808,27531,3020,6606,2884,21504,0,11,4836,1507,992,-1058,-346,0,-1018,-1453,998,-1093,-457
24/02/2026,34,32226,38311,29848,2922,6606,1335,21504,0,13,4782,1506,992,-1058,-352,0,-1021,-1453,998,-1092,-496
24/02/2026,35,34275,40402,31669,2937,6606,211,21504,0,8,4572,1507,992,-1057,-399,0,-1022,-1453,998,-1093,-495
24/02/2026,36,35713,41913,32879,2951,6606,0,21504,0,6,4760,1503,991,-1058,-452,-50,-1020,-1422,996,-1093,-499
24/02/2026,37,36191,41783,33333,2989,6606,0,21504,0,6,4908,1231,969,-1058,-452,-167,-676,-1027,921,-1093,-513
24/02/2026,38,36295,41772,33506,3026,6606,0,21504,0,6,5041,1219,968,-1056,-451,-96,-663,-998,919,-1093,-514
24/02/2026,39,35756,41480,33050,3057,6606,0,21504,0,8,5060,1492,991,-714,-452,-181,-912,-1250,993,-1093,-514
24/02/2026,40,35250,40953,32621,3088,6606,0,21504,0,10,5047,1507,992,-699,-452,-120,-922,-1293,999,-1093,-514
24/02/2026,41,33823,39654,31376,3057,6606,0,21504,0,10,4766,1507,992,-747,-451,-220,-761,-1435,998,-1093,-514
24/02/2026,42,32729,38551,30348,3026,6606,0,21504,0,10,4610,1507,992,-749,-451,-197,-755,-1453,998,-1093,-514
24/02/2026,43,30773,36198,28543,3033,6606,0,21504,0,11,4513,1507,992,-764,-432,-48,-511,-1453,999,-1093,-513
24/02/2026,44,29141,34306,27041,3039,6606,0,21504,0,11,4584,1507,992,-764,-301,0,-502,-1453,998,-1093,-441
24/02/2026,45,27754,32378,25804,3058,6606,0,21504,0,11,4759,1507,992,-585,-151,0,-261,-1453,997,-1093,-470
24/02/2026,46,26414,30829,24620,3077,6606,0,21504,0,10,4808,1506,992,-579,-75,0,-251,-1453,997,-1093,-354
24/02/2026,47,25070,29709,23288,3052,6606,0,21504,0,10,4873,1506,992,-969,-75,0,-86,-1453,997,-1093,-353
24/02/2026,48,24070,28855,22390,3026,6606,0,21504,0,10,4946,1506,992,-986,-75,0,-80,-1453,996,-1093,-488
25/02/2026,1,24752,29399,23049,2921,6606,0,21504,0,11,5040,1506,992,-918,-75,0,100,-1453,997,-1094,-496
25/02/2026,2,24631,29415,22990,2815,6606,0,21504,0,170,4953,1506,992,-916,-44,0,108,-1453,997,-1093,-508
25/02/2026,3,24414,29314,22826,2772,6606,0,21504,0,249,5056,1504,992,-936,-75,0,523,-1453,997,-1093,-494
25/02/2026,4,23675,28595,22143,2728,6606,0,21504,0,250,4834,1504,992,-936,-75,0,540,-1453,997,-1093,-513
25/02/2026,5,23284,28427,21742,2651,6606,0,21504,0,513,4768,1504,992,-895,-75,0,620,-1453,997,-1093,-514
25/02/2026,6,22937,28038,21357,2573,6606,0,21504,0,472,4644,1505,992,-894,-75,0,621,-1453,997,-1093,-514
25/02/2026,7,22702,27886,21112,2531,6606,0,21504,0,348,4547,1506,992,-1077,-75,-24,211,-1453,998,-1093,-514
25/02/2026,8,22189,27353,20585,2489,6606,0,21504,0,346,4257,1506,992,-1083,-75,0,186,-1453,998,-1093,-514
25/02/2026,9,21930,27258,20296,2417,6606,0,21504,0,83,4143,1507,991,-1085,-75,0,-425,-1453,998,-1093,-514
25/02/2026,10,22208,27555,20519,2345,6606,0,21504,0,68,4179,1507,991,-1087,-75,0,-457,-1453,997,-1093,-514
25/02/2026,11,22541,28136,20815,2302,6606,0,21504,0,12,4527,1508,992,-1085,-75,0,-803,-1453,998,-1093,-474
25/02/2026,12,23434,29051,21641,2258,6606,0,21504,0,8,4437,1507,992,-1085,-73,0,-816,-1445,998,-1093,-497
25/02/2026,13,25883,31208,23856,2252,6606,0,21504,0,8,4649,1507,992,-1085,-113,-14,-664,-1348,997,-1093,-400
25/02/2026,14,28092,33704,25973,2245,6606,0,21504,0,7,4217,1507,992,-1086,-260,-139,-635,-1304,998,-1093,-488
25/02/2026,15,30447,35110,28143,2271,6606,49,21504,0,7,4098,1504,992,-1016,-300,-222,253,-911,998,-1093,-514
25/02/2026,16,31372,36212,29041,2296,6606,498,21504,0,7,4187,1505,992,-1002,-426,-370,310,-832,998,-1089,-514
25/02/2026,17,31753,35582,29263,2272,6606,1311,21504,0,7,3813,1504,991,-337,-451,-507,413,-446,998,-954,-527
25/02/2026,18,31331,35078,28749,2248,6606,2343,21504,0,7,3621,1504,992,-293,-451,-529,423,-427,998,-926,-514
25/02/2026,19,31732,34898,29030,2276,6606,3580,21504,0,60,3169,1503,991,713,-451,-530,989,-798,999,-213,-514
25/02/2026,20,31135,34313,28328,2304,6606,4633,21504,0,68,2883,1503,992,877,-451,-530,1017,-858,998,-157,-514
25/02/2026,21,29905,33096,27106,2269,6606,5717,21504,0,67,2776,1503,992,851,-451,-530,1002,-1029,999,92,-514
25/02/2026,22,28990,32216,26244,2234,6606,6972,21504,0,68,2787,1503,992,850,-451,-530,1001,-1063,998,112,-514
25/02/2026,23,28184,31565,25335,2313,6606,7881,21504,0,66,2531,1503,992,1049,-451,-530,1015,-1220,998,251,-514
25/02/2026,24,27394,30794,24562,2391,6606,7838,21504,0,66,2590,1503,992,1057,-451,-530,1016,-1239,999,266,-514
25/02/2026,25,27352,30694,24477,2446,6606,7739,21504,0,9,2473,1503,992,1074,-451,-530,1016,-1239,998,433,-513
25/02/2026,26,26973,30328,24167,2500,6606,7861,21504,0,7,2269,1503,992,1073,-451,-529,1011,-1254,999,438,-514
25/02/2026,27,27001,30578,24208,2570,6606,7580,21504,0,55,1867,1503,991,963,-451,-529,507,-1429,998,178,-513
25/02/2026,28,27223,30753,24379,2639,6606,6611,21504,0,66,1758,1504,992,957,-443,-498,485,-1423,999,149,-500
25/02/2026,29,27409,30590,24648,2667,6606,5895,21504,0,41,2085,1503,992,638,-364,-356,835,-1054,999,-259,-507
25/02/2026,30,27966,31014,25342,2695,6606,4580,21504,0,9,1983,1503,992,582,-443,-204,849,-977,998,-308,-507
25/02/2026,31,27980,31897,25474,2545,6606,3717,21504,0,7,2080,1504,992,-625,-452,-90,671,-590,998,-1045,-508
25/02/2026,32,29557,33546,27006,2395,6606,2384,21504,0,6,2171,1504,992,-749,-451,-69,609,-512,998,-1095,-507
25/02/2026,33,30663,35204,28070,2311,6606,1473,21504,0,5,2409,1507,992,-932,-452,-216,-599,-134,998,-1095,-508
25/02/2026,34,32559,37228,29956,2226,6606,636,21504,0,4,2961,1507,992,-939,-452,-323,-705,-56,999,-1082,-508
25/02/2026,35,34330,38276,31638,2275,6606,112,21504,0,4,2999,1507,992,-760,-451,-430,-579,318,998,-614,-508
25/02/2026,36,35502,39363,32658,2324,6606,0,21504,0,2,3009,1504,990,-752,-452,-396,-575,394,998,-576,-508
25/02/2026,37,36165,39449,33249,2354,6606,0,21504,0,0,2819,1270,945,-466,-451,-468,-456,768,969,-335,-508
25/02/2026,38,35761,38851,32856,2384,6606,0,21504,0,3,2879,1259,943,-436,-451,-383,-425,797,968,-284,-508
25/02/2026,39,35433,37285,32525,2453,6606,0,21504,0,6,2405,1460,989,456,-452,-286,498,573,996,631,-508
25/02/2026,40,34591,36311,31695,2521,6606,0,21504,0,6,2290,1469,992,526,-452,-160,559,516,998,689,-502
25/02/2026,41,33564,35087,30767,2603,6606,0,21504,0,6,2323,1502,992,827,-431,-24,475,143,998,42,-462
25/02/2026,42,32418,33786,29674,2684,6606,0,21504,0,5,2105,1504,992,838,-338,0,477,91,998,-1,-424
25/02/2026,43,30442,31682,27801,2767,6606,0,21504,0,4,1998,1502,992,858,-188,-40,974,5,998,-45,-363
25/02/2026,44,28738,29719,26263,2850,6606,0,21504,0,4,2139,1503,992,859,-75,25,997,-35,998,-34,-233
25/02/2026,45,26942,28442,24705,2857,6606,0,21504,0,4,2368,1503,992,889,-173,0,997,-409,998,490,-314
25/02/2026,46,25535,27076,23453,2864,6606,0,21504,0,4,2389,1503,992,885,-113,0,997,-426,998,514,-398
25/02/2026,47,24080,25252,22132,2894,6606,0,21504,0,138,2698,1503,992,386,-10,47,997,-53,997,32,-371
25/02/2026,48,23408,24296,21566,2923,6606,0,21504,0,62,2664,1503,992,361,3,2,997,-7,997,5,-219
26/02/2026,1,23754,24783,21946,2956,6606,0,21504,0,268,2438,1503,992,400,0,0,997,-7,997,258,-154
26/02/2026,2,24232,25631,22553,2989,6606,0,21504,0,748,2389,1503,992,401,0,0,997,-15,997,277,-36
26/02/2026,3,23869,25744,22438,3117,6606,0,21504,0,1089,2748,1503,992,450,0,0,997,-123,997,304,-63
26/02/2026,4,23170,25784,21873,3244,6606,0,21504,0,1828,3065,1503,992,434,0,0,997,-166,998,290,-20
26/02/2026,5,22271,25892,21030,3356,6606,0,21504,0,1822,3328,1503,991,-113,-68,0,997,-545,997,-330,-143
26/02/2026,6,21618,25539,20410,3468,6606,0,21504,0,1825,3286,1503,991,-125,-156,0,997,-612,998,-374,-229
26/02/2026,7,20945,25593,19784,3528,6606,0,21504,0,1803,3677,1468,992,-841,-32,0,778,-856,997,-414,-102
26/02/2026,8,20503,25215,19350,3587,6606,0,21504,0,1809,3770,1460,990,-919,0,0,768,-889,996,-424,-71
26/02/2026,9,20089,25121,18962,3608,6606,0,21504,0,1787,4144,1134,922,-1071,0,0,388,-908,964,-666,20
26/02/2026,10,20219,25235,19005,3628,6606,0,21504,0,1777,3885,1115,915,-1078,0,10,365,-880,961,-681,60
26/02/2026,11,20711,25516,19465,3662,6606,0,21504,0,1781,4139,1253,839,-1086,68,92,-229,-495,916,-614,185
26/02/2026,12,21475,26069,20180,3695,6606,0,21504,0,1643,4328,1262,836,-1084,168,13,-256,-417,913,-594,200
26/02/2026,13,24252,27317,22852,3727,6606,0,21504,0,1303,4369,1345,908,-1084,200,92,191,-38,955,-40,200
26/02/2026,14,26299,28537,24797,3759,6606,0,21504,0,552,4515,1352,915,-1086,200,76,216,39,960,0,200
26/02/2026,15,28478,30444,26742,3726,6606,63,21504,0,413,4309,1495,986,-916,200,38,764,412,995,-37,200
26/02/2026,16,29735,31559,27972,3692,6606,335,21504,0,410,4770,1503,991,-806,200,0,790,488,997,-8,200
26/02/2026,17,30989,32005,28971,3789,6606,702,21504,0,416,4451,1503,991,585,196,0,989,861,998,916,200
26/02/2026,18,31462,32478,29383,3885,6606,783,21504,0,416,4414,1503,991,694,200,0,997,882,997,989,200
26/02/2026,19,32041,33052,29845,4040,6606,1078,21504,0,411,4475,1502,991,998,191,0,1016,537,997,989,200
26/02/2026,20,31962,32977,29711,4194,6606,1537,21504,0,415,4457,1502,991,1012,200,0,1017,464,997,989,200
26/02/2026,21,31806,33053,29530,4355,6606,1750,21504,0,647,4963,1503,991,1074,151,0,1017,92,997,989,200
26/02/2026,22,31377,32891,29216,4516,6606,1931,21504,0,914,5213,1502,991,1076,21,0,1016,35,998,989,142
26/02/2026,23,31275,32757,29195,4746,6606,2231,21504,0,667,5173,1502,991,1074,-68,-52,1016,-95,997,989,16
26/02/2026,24,31157,32824,29163,4976,6606,2591,21504,0,740,4972,1502,991,1075,-183,-10,1016,-134,997,989,0
26/02/2026,25,30876,33093,28968,5114,6606,2824,21504,0,986,4925,1503,991,1073,-199,0,1016,-432,998,989,0
26/02/2026,26,30912,32826,29011,5252,6606,2724,21504,0,689,5139,1503,991,1074,-114,0,1016,-483,998,989,-28
26/02/2026,27,30957,33065,29173,5289,6606,2223,21504,0,444,4915,1503,991,1059,-234,0,1016,-663,998,989,-167
26/02/2026,28,30777,33143,29116,5326,6606,1911,21504,0,417,4948,1503,991,1057,-380,0,1016,-706,998,978,-263
26/02/2026,29,30660,33408,29139,5319,6606,1766,21504,0,413,5040,1503,991,800,-379,-14,997,-960,998,570,-382
26/02/2026,30,30816,33330,29329,5312,6606,1236,21504,0,180,5483,1503,991,786,-243,-108,997,-960,998,448,-423
26/02/2026,31,31332,34074,29554,5280,6606,1011,21504,0,169,5473,1503,992,353,-93,-21,997,-574,998,-915,-370
26/02/2026,32,32234,35084,30179,5248,6606,775,21504,0,237,5264,1502,992,324,-28,0,996,-496,998,-1066,-423
26/02/2026,33,32863,35893,30738,5159,6606,453,21504,0,347,5066,1503,991,-513,-65,0,997,-118,997,-1020,-367
26/02/2026,34,33713,37007,31506,5070,6606,188,21504,0,494,4491,1502,991,-562,-216,0,997,-41,997,-996,-385
26/02/2026,35,35734,38022,33152,4946,6606,17,21504,0,420,4285,1502,991,-3,-367,-41,862,334,997,-353,-504
26/02/2026,36,36154,38470,33534,4822,6606,0,21504,0,305,4559,1503,992,0,-450,-188,857,410,997,-286,-487
26/02/2026,37,36507,38555,33955,4665,6606,0,21504,0,166,4530,1502,992,158,-451,-318,992,783,997,567,-513
26/02/2026,38,36205,38329,33592,4507,6606,0,21504,0,162,4512,1502,992,181,-451,-403,997,859,998,645,-508
26/02/2026,39,36348,38461,33827,4510,6606,0,21504,0,160,4481,1502,992,879,-451,-390,997,1232,998,1341,-512
26/02/2026,40,35275,37352,32754,4513,6606,0,21504,0,9,4309,1502,992,920,-451,-503,997,1252,998,1387,-514
26/02/2026,41,34211,36283,31656,4235,6606,0,21504,0,3,3945,1502,992,882,-451,-505,996,915,998,1299,-513
26/02/2026,42,32821,34837,30359,3957,6606,0,21504,0,7,4154,1502,992,877,-451,-444,997,845,998,1277,-514
26/02/2026,43,31161,33244,28854,3757,6606,0,21504,0,6,4173,1502,992,344,-451,-512,997,490,998,704,-514
26/02/2026,44,29733,31671,27536,3557,6606,0,21504,0,8,4220,1501,992,310,-436,-401,996,416,997,658,-493
26/02/2026,45,28442,30240,26404,3401,6606,0,21504,0,19,4515,1502,992,-162,-313,-337,997,42,997,488,-367
26/02/2026,46,26897,29360,25035,3245,6606,0,21504,0,731,4377,1502,992,-174,-272,-294,997,-36,997,468,-356
26/02/2026,47,25637,28652,23816,3104,6606,0,21504,0,974,4519,1502,992,428,-272,-336,997,-412,997,207,-421
26/02/2026,48,24993,28420,23243,2962,6606,0,21504,0,1081,4307,1502,992,489,-272,-483,997,-479,997,194,-512
27/02/2026,1,25364,29174,23539,2830,6606,0,21504,0,1181,4189,1502,992,893,-272,-527,997,-717,997,407,-513
27/02/2026,2,26013,29766,24348,2697,6606,0,21504,0,1105,4487,1502,992,911,-272,-528,997,-734,997,420,-514
27/02/2026,3,25291,29003,23686,2561,6606,0,21504,0,1220,4052,1501,992,1038,-271,-528,997,-579,997,309,-514
27/02/2026,4,24550,28226,22958,2425,6606,0,21504,0,1185,3900,1502,992,1043,-273,-527,997,-577,997,292,-514
27/02/2026,5,24191,27799,22658,2318,6606,0,21504,0,853,3850,1502,992,1071,-326,-527,997,-788,998,15,-514
27/02/2026,6,23462,27350,21952,2211,6606,0,21504,0,1113,3758,1501,992,1071,-332,-527,997,-803,997,4,-513
27/02/2026,7,22764,26403,21267,2121,6606,0,21504,0,987,3531,1502,992,708,-358,-527,963,-654,997,274,-513
27/02/2026,8,21923,25283,20486,2031,6606,0,21504,0,703,3435,1502,992,693,-362,-528,962,-654,997,304,-513
27/02/2026,9,21973,25263,20466,1956,6606,0,21504,0,377,3402,1502,992,682,-395,-528,995,-876,997,645,-514
27/02/2026,10,22252,25199,20581,1880,6606,0,21504,0,23,3263,1502,992,679,-408,-527,997,-875,997,681,-514
27/02/2026,11,22923,25519,21132,1816,6606,0,21504,0,16,3135,1502,992,226,-451,-509,997,-506,997,1107,-514
27/02/2026,12,23730,26292,21849,1752,6606,0,21504,0,53,3101,1502,992,203,-451,-513,997,-431,997,1136,-514
27/02/2026,13,26179,28265,24108,1666,6606,0,21504,0,13,2976,1502,992,-97,-392,-417,997,-53,996,1116,-514
27/02/2026,14,28792,30975,26466,1580,6606,0,21504,0,9,2642,1502,992,-104,-448,-506,997,-2,998,1106,-514
27/02/2026,15,31677,33780,29023,1508,6606,5,21504,0,9,2119,1502,992,717,-452,-528,997,44,998,785,-514
27/02/2026,16,33392,35495,30507,1435,6606,117,21504,0,9,2120,1502,992,883,-452,-528,997,79,998,768,-514
27/02/2026,17,34316,36418,31263,1353,6606,490,21504,0,9,1886,1502,992,1071,-452,-527,997,452,998,974,-514
27/02/2026,18,34365,36468,31236,1271,6606,1013,21504,0,10,1899,1502,992,1078,-452,-527,997,529,998,993,-514
27/02/2026,19,34417,36519,31296,1209,6606,1647,21504,0,9,1526,1502,992,1076,-452,-527,1016,901,998,993,-514
27/02/2026,20,34205,36307,31123,1147,6606,2144,21504,0,9,1019,1502,992,1076,-451,-528,1016,977,997,992,-514
27/02/2026,21,33675,35777,30699,1121,6606,2817,21504,0,9,804,1502,992,1075,-452,-527,1017,1350,998,983,-514
27/02/2026,22,33323,35425,30442,1094,6606,3051,21504,0,9,1005,1502,992,1075,-451,-528,1016,1397,998,979,-514
27/02/2026,23,33131,35235,30312,1065,6606,3305,21504,0,9,960,1502,992,1076,-452,-529,1017,1397,998,866,-514
27/02/2026,24,32954,35058,30124,1035,6606,3252,21504,0,11,1128,1501,991,1076,-451,-529,1016,1383,998,857,-513
27/02/2026,25,32759,34882,29953,1032,6606,3172,21504,0,14,1357,1502,992,1075,-451,-528,1016,1214,998,854,-530
27/02/2026,26,32526,34632,29670,1028,6606,3031,21504,0,13,1401,1502,991,1075,-451,-528,1016,1172,998,851,-514
27/02/2026,27,32635,34737,29694,1056,6606,3307,21504,0,13,1677,1502,992,869,-452,-528,1016,905,998,766,-509
27/02/2026,28,32377,34453,29391,1084,6606,3248,21504,0,10,1014,1502,992,861,-451,-529,1016,842,998,764,-486
27/02/2026,29,32109,34142,29209,1021,6606,2965,21504,0,10,1342,1502,992,1002,-452,-529,997,470,998,973,-442
27/02/2026,30,31900,33804,28996,957,6606,2647,21504,0,10,1403,1502,992,1008,-451,-528,996,404,998,981,-315
27/02/2026,31,32013,33890,29106,904,6606,1920,21504,0,9,1290,1502,991,753,-451,-516,996,161,997,724,-301
27/02/2026,32,32890,34778,29910,850,6606,1619,21504,0,8,1312,1502,991,743,-451,-528,996,160,998,682,-301
27/02/2026,33,33220,35307,30205,844,6606,1123,21504,0,6,1329,1503,991,657,-452,-528,997,532,998,-191,-310
27/02/2026,34,34096,36362,31077,837,6606,537,21504,0,6,1281,1502,991,653,-452,-529,996,608,998,-249,-430
27/02/2026,35,35363,37604,32226,919,6606,120,21504,0,6,1308,1502,991,395,-452,-528,997,982,997,-142,-513
27/02/2026,36,36028,38196,32855,1000,6606,0,21504,0,6,1069,1502,991,385,-451,-530,996,1052,997,-67,-514
27/02/2026,37,37110,39213,33811,1112,6606,36,21504,0,6,448,1502,992,769,-452,-531,997,1355,997,1121,-514
27/02/2026,38,36661,38762,33379,1223,6606,0,21504,0,6,198,1503,991,785,-451,-530,997,1393,997,1235,-514
27/02/2026,39,35816,37924,32591,1227,6606,0,21504,0,11,437,1503,992,1034,-452,-531,997,1397,998,972,-514
27/02/2026,40,34730,36833,31509,1231,6606,0,21504,0,6,749,1502,992,1044,-452,-531,997,1374,998,951,-514
27/02/2026,41,33939,36041,30840,1254,6606,0,21504,0,6,997,1502,992,1050,-451,-531,997,1085,997,976,-514
27/02/2026,42,33082,35185,30054,1277,6606,0,21504,0,6,1189,1503,992,1052,-452,-531,997,1019,997,975,-514
27/02/2026,43,31604,33707,28701,1292,6606,0,21504,0,6,1010,1502,992,1055,-452,-531,997,647,998,829,-514
27/02/2026,44,29970,32072,27207,1306,6606,0,21504,0,7,794,1502,992,1061,-451,-530,997,581,998,818,-514
27/02/2026,45,28646,30750,26058,1296,6606,0,21504,0,8,1120,1502,992,1066,-452,-530,997,336,997,859,-514
27/02/2026,46,27214,29315,24778,1286,6606,0,21504,0,4,1174,1503,992,1067,-452,-531,997,293,998,867,-514
27/02/2026,47,25899,28127,23474,1308,6606,0,21504,0,132,1276,1502,992,1055,-451,-531,997,125,997,967,-514
27/02/2026,48,25183,27300,22766,1329,6606,0,21504,0,22,1035,1502,992,1054,-451,-530,997,101,997,974,-514
28/02/2026,1,25243,27347,22820,1353,6606,0,21504,0,9,1029,1502,992,1049,-451,-530,997,68,997,940,-514
28/02/2026,2,25505,27735,23111,1376,6606,0,21504,0,149,1042,1502,992,1049,-452,-515,997,62,998,935,-514
28/02/2026,3,25219,27423,22870,1384,6606,0,21504,0,109,1115,1502,992,1031,-451,-530,997,49,998,937,-514
28/02/2026,4,24871,27092,22558,1391,6606,0,21504,0,124,901,1502,992,1030,-452,-531,997,41,998,937,-514
28/02/2026,5,24439,26695,22187,1370,6606,0,21504,0,123,541,1502,992,1015,-452,-531,997,-36,997,883,-514
28/02/2026,6,23863,26154,21652,1348,6606,0,21504,0,123,407,1502,992,1014,-452,-530,997,-72,997,877,-514
28/02/2026,7,23416,26049,21244,1330,6606,0,21504,0,123,391,1502,992,995,-451,-531,997,-414,997,824,-514
28/02/2026,8,22967,25654,20802,1311,6606,0,21504,0,123,236,1502,992,994,-451,-531,997,-468,998,820,-514
28/02/2026,9,22888,25715,20717,1349,6606,0,21504,0,123,146,1502,992,1032,-452,-531,997,-607,997,787,-514
28/02/2026,10,22714,25541,20464,1386,6606,0,21504,0,123,-55,1502,992,1035,-452,-531,997,-607,998,776,-514
28/02/2026,11,22385,24980,20124,1381,6606,0,21504,0,123,-369,1502,992,1051,-452,-531,997,-375,998,497,-514
28/02/2026,12,21876,24409,19658,1376,6606,0,21504,0,122,-424,1502,992,1052,-451,-530,997,-316,997,476,-514
28/02/2026,13,23151,25274,20887,1347,6606,0,21504,0,27,38,1502,992,1071,-452,-530,997,63,997,422,-514
28/02/2026,14,23616,25725,21240,1318,6606,0,21504,0,12,200,1502,992,1072,-452,-531,997,140,997,429,-514
28/02/2026,15,24966,27073,22432,1314,6606,52,21504,0,11,-80,1502,992,1072,-452,-530,997,512,998,835,-514
28/02/2026,16,25914,28024,23327,1310,6606,417,21504,0,13,73,1503,992,1073,-452,-531,997,588,997,859,-514
28/02/2026,17,26935,29041,24176,1323,6606,875,21504,0,13,276,1502,992,1070,-451,-528,997,961,997,658,-514
28/02/2026,18,27749,29748,24944,1336,6606,1595,21504,0,9,355,1502,992,1071,-451,-425,997,1033,997,648,-514
28/02/2026,19,28780,30628,25809,1325,6606,2354,21504,0,8,353,1502,992,1072,-452,-274,1016,1357,997,820,-514
28/02/2026,20,28443,30119,25379,1313,6606,3348,21504,0,8,-321,1503,992,1072,-432,-122,1017,1372,997,836,-514
28/02/2026,21,27959,29375,24886,1288,6606,4183,21504,0,8,-409,1502,992,1072,-302,-7,1016,1047,997,965,-499
28/02/2026,22,27584,28741,24549,1263,6606,5124,21504,0,8,-672,1503,992,1072,-152,0,1017,977,997,974,-397
28/02/2026,23,27125,28341,24108,1183,6606,5582,21504,0,146,-710,1502,992,1072,-19,0,1016,604,997,987,-451
28/02/2026,24,27142,28310,24157,1102,6606,6428,21504,0,166,-791,1502,992,1071,0,0,1017,528,997,988,-402
28/02/2026,25,26498,27947,23573,1053,6606,6678,21504,0,430,-815,1502,992,1071,0,0,1016,155,997,988,-419
28/02/2026,26,26346,27641,23486,1004,6606,6620,21504,0,295,-763,1503,992,1071,0,0,1016,101,997,988,-400
28/02/2026,27,26278,27355,23469,986,6606,6998,21504,0,25,-649,1503,992,1070,0,0,1016,7,997,988,-452
28/02/2026,28,26430,27546,23563,967,6606,6526,21504,0,10,-600,1503,992,1070,0,0,1016,-7,998,988,-499
28/02/2026,29,26554,27676,23726,923,6606,4990,21504,0,10,-428,1502,992,1070,-1,0,997,-7,998,988,-504
28/02/2026,30,26992,28122,24251,879,6606,4495,21504,0,10,435,1503,992,1070,-7,0,997,16,998,988,-513
28/02/2026,31,27535,28686,24848,875,6606,3803,21504,0,66,513,1503,992,1072,-8,0,997,288,997,988,-477
28/02/2026,32,28767,30008,26042,871,6606,3015,21504,0,10,242,1503,992,1064,-125,0,996,351,998,988,-506
28/02/2026,33,30020,31285,27241,804,6606,2416,21504,0,8,886,1503,992,1070,-235,0,997,723,998,988,-422
28/02/2026,34,31227,32712,28268,737,6606,1323,21504,0,6,1378,1503,992,1069,-383,-13,997,799,997,988,-483
28/02/2026,35,33554,35257,30499,744,6606,309,21504,0,5,1857,1503,992,1068,-451,-139,997,1173,997,988,-508
28/02/2026,36,34870,36697,31736,750,6606,2,21504,0,2,2118,1503,992,1069,-452,-289,997,1231,998,988,-484
28/02/2026,37,35408,37330,32233,858,6606,54,21504,0,0,2234,1503,992,1069,-451,-358,958,1378,997,991,-513
28/02/2026,38,35522,37582,32333,966,6606,0,21504,0,0,2452,1503,992,1069,-451,-495,957,1395,997,992,-514
28/02/2026,39,34795,36895,31708,1124,6606,0,21504,0,3,2499,1504,992,1070,-452,-531,771,1378,997,992,-514
28/02/2026,40,34007,36110,31032,1281,6606,0,21504,0,7,2700,1503,992,1068,-451,-531,764,1347,997,991,-514
28/02/2026,41,33149,35252,30292,1391,6606,0,21504,0,7,2711,1503,992,648,-451,-531,988,974,997,991,-514
28/02/2026,42,31919,33995,29229,1501,6606,0,21504,0,8,2674,1503,992,584,-451,-503,997,898,997,991,-514
28/02/2026,43,30777,33065,28264,1577,6606,0,21504,0,9,2840,1503,992,-371,-430,-364,997,526,997,991,-514
28/02/2026,44,29163,31254,26812,1652,6606,0,21504,0,9,2913,1503,992,-403,-354,-211,997,450,997,991,-514
28/02/2026,45,27692,29321,25513,1769,6606,0,21504,0,11,2976,1503,992,173,-444,-60,997,76,997,991,-514
28/02/2026,46,26547,28038,24497,1886,6606,0,21504,0,14,3005,1503,992,187,-363,0,997,59,997,991,-514
28/02/2026,47,25190,27227,23180,1993,6606,0,21504,0,14,3243,1504,992,-484,-375,-50,849,433,997,991,-514
28/02/2026,48,24330,26475,22435,2099,6606,0,21504,0,14,3428,1503,992,-558,-451,-8,844,500,996,991,-514
01/03/2026,1,24615,26853,22745,2169,6606,0,21504,0,12,3422,1504,992,-644,-433,-51,886,768,997,991,-498
01/03/2026,2,25043,26975,23215,2238,6606,0,21504,0,12,3892,1503,992,-647,-303,-3,885,772,997,991,-367
01/03/2026,3,24661,26195,22781,2289,6606,0,21504,0,13,4131,1504,992,-545,-153,0,467,400,996,990,-223
01/03/2026,4,24034,25441,22267,2339,6606,0,21504,0,13,4291,1502,988,-541,-94,0,449,323,994,981,-159
01/03/2026,5,22956,24403,21305,2409,6606,0,21504,0,11,4550,1363,852,-752,-8,0,384,-52,892,737,-24
01/03/2026,6,22626,24129,21000,2479,6606,0,21504,0,13,4704,1353,843,-761,0,0,381,-129,882,708,0
01/03/2026,7,21990,23880,20443,2555,6606,0,21504,0,17,4720,1267,843,-765,0,0,265,-508,764,271,68
01/03/2026,8,21717,23950,20204,2630,6606,0,21504,0,281,4836,1257,843,-766,52,0,261,-586,754,235,172
01/03/2026,9,21128,24040,19648,2696,6606,0,21504,0,296,4968,1076,843,-1043,8,0,33,-973,712,134,190
01/03/2026,10,21006,24068,19478,2761,6606,0,21504,0,357,4802,1069,847,-1055,0,0,24,-1050,717,107,152
01/03/2026,11,20795,25278,19282,2835,6606,0,21504,0,767,5085,1482,983,-1055,0,0,286,-1406,980,-655,152
01/03/2026,12,20720,25423,19189,2909,6606,0,21504,0,894,5084,1503,988,-1055,0,0,296,-1451,996,-703,200
01/03/2026,13,21230,25943,19695,3019,6606,0,21504,0,1081,5234,1364,864,-1055,0,0,159,-1451,997,-526,200
01/03/2026,14,21799,26614,20315,3129,6606,0,21504,0,1201,5355,1355,859,-1055,3,0,154,-1452,996,-507,200
01/03/2026,15,22556,27259,21047,3210,6606,82,21504,0,1462,5550,1355,983,-932,77,0,215,-1452,996,-257,200
01/03/2026,16,23088,27689,21509,3290,6606,493,21504,0,1497,5575,1357,992,-823,15,0,223,-1439,997,-242,169
01/03/2026,17,24397,28213,22707,3412,6606,1124,21504,0,1619,5382,1495,992,434,0,0,777,-1262,992,-335,37
01/03/2026,18,25119,28830,23344,3534,6606,1924,21504,0,1494,5589,1503,992,498,0,0,803,-1239,992,-321,-57
01/03/2026,19,25444,29163,23557,3597,6606,2756,21504,0,1756,5144,1502,992,900,0,0,940,-1239,996,436,-124
01/03/2026,20,25390,29327,23580,3660,6606,3254,21504,0,1802,5194,1502,992,917,-24,0,945,-1239,996,491,-272
01/03/2026,21,25385,29305,23527,3744,6606,4117,21504,0,1802,5177,1502,992,1041,0,0,1014,-1239,996,603,-279
01/03/2026,22,25146,29028,23280,3828,6606,3960,21504,0,1780,5123,1499,986,1045,0,0,1016,-1209,996,606,-293
01/03/2026,23,25421,28664,23507,3915,6606,4039,21504,0,1461,4952,1263,768,950,0,0,950,-818,997,399,-364
01/03/2026,24,26121,29437,24134,4002,6606,3930,21504,0,1683,5082,1252,759,947,0,0,948,-765,997,386,-268
01/03/2026,25,26871,30135,24879,4052,6606,3928,21504,0,1703,5254,1489,977,935,0,0,1014,-717,997,479,-244
01/03/2026,26,27088,30242,25086,4102,6606,3831,21504,0,1730,5253,1502,992,934,0,0,1016,-708,997,494,-116
01/03/2026,27,27418,30542,25399,4109,6606,3634,21504,0,1745,5287,1502,992,1040,-12,0,1016,-678,996,804,-89
01/03/2026,28,27576,30540,25616,4115,6606,3750,21504,0,1649,5470,1502,992,1042,0,0,1016,-682,996,812,-33
01/03/2026,29,27305,29662,25394,4145,6606,3451,21504,0,973,5585,1502,992,636,0,0,795,-784,996,298,69
01/03/2026,30,27536,29493,25575,4175,6606,3148,21504,0,591,5639,1502,992,579,32,0,786,-766,996,240,184
01/03/2026,31,27745,30008,25742,4198,6606,2419,21504,0,258,5726,1502,992,-503,165,57,866,-392,996,-510,200
01/03/2026,32,28827,31045,26879,4220,6606,1827,21504,0,165,5684,1502,992,-551,148,11,869,-338,997,-564,200
01/03/2026,33,30630,32342,28636,4238,6606,1149,21504,0,154,5612,1502,992,94,186,0,812,-233,996,-725,200
01/03/2026,34,31669,33349,29601,4255,6606,383,21504,0,155,5664,1502,992,102,200,25,810,-206,996,-719,200
01/03/2026,35,33147,33983,31053,4316,6606,47,21504,0,158,5747,1502,992,325,115,0,580,-27,997,-51,199
01/03/2026,36,33754,34508,31626,4376,6606,0,21504,0,154,5569,1502,991,348,8,0,571,7,997,19,200
01/03/2026,37,34652,35343,32489,4486,6606,0,21504,0,91,5775,1502,992,851,54,0,716,149,996,830,200
01/03/2026,38,34045,34670,31907,4596,6606,0,21504,0,4,5155,1502,992,873,-21,0,721,137,996,869,183
01/03/2026,39,32921,33902,30959,4742,6606,0,21504,0,4,5684,1503,992,437,-136,0,604,-241,997,143,55
01/03/2026,40,31525,32618,29752,4887,6606,0,21504,0,11,5853,1503,992,402,-97,0,601,-317,997,73,-68
01/03/2026,41,29941,32617,28296,4981,6606,0,21504,0,7,5788,1502,992,-318,-220,0,981,-699,997,-613,-219
01/03/2026,42,28840,32084,27256,5074,6606,0,21504,0,116,5634,1502,992,-357,-288,-68,984,-777,997,-670,-368
01/03/2026,43,27429,32306,26010,5156,6606,0,21504,0,281,5734,1504,992,-716,-345,-219,282,-1168,997,-1065,-483
01/03/2026,44,26293,31598,24940,5238,6606,0,21504,0,397,5643,1503,992,-731,-381,-371,239,-1219,996,-1092,-514
01/03/2026,45,24520,30374,23379,5264,6606,0,21504,0,413,5982,1466,992,-880,-381,-506,-230,-1238,990,-1092,-514
01/03/2026,46,22980,28995,21970,5290,6606,0,21504,0,512,5993,1465,992,-884,-381,-529,-264,-1239,989,-1092,-514
01/03/2026,47,22012,29408,21065,5294,6606,0,21504,0,1002,6036,1505,992,-1057,-381,-529,-982,-1239,997,-1092,-514
01/03/2026,48,20955,28665,20047,5298,6606,0,21504,0,1270,5705,1507,992,-1063,-381,-529,-1022,-1239,997,-1092,-514
02/03/2026,1,21296,29033,20387,5305,6606,0,21504,0,1302,5645,1507,992,-1058,-381,-529,-1022,-1239,998,-1092,-514
02/03/2026,2,21950,29756,21013,5311,6606,0,21504,0,1371,5922,1507,992,-1059,-381,-529,-1022,-1239,997,-1092,-513
02/03/2026,3,22076,30064,21241,5286,6606,0,21504,0,1555,6002,1507,992,-1057,-381,-529,-1022,-1239,997,-1092,-513
02/03/2026,4,21541,29545,20717,5260,6606,0,21504,0,1570,5832,1506,992,-1057,-381,-529,-1022,-1239,998,-1092,-514
02/03/2026,5,21102,29099,20304,5211,6606,0,21504,0,1551,5851,1392,992,-1056,-394,-529,-1022,-1239,998,-1092,-514
02/03/2026,6,20772,28849,19927,5162,6606,0,21504,0,1560,5713,1387,992,-1056,-451,-530,-1022,-1253,997,-1092,-513
02/03/2026,7,20065,28290,19201,5065,6606,0,21504,0,1531,5357,1460,992,-1057,-452,-528,-1022,-1430,984,-1092,-513
02/03/2026,8,19911,28154,19013,4968,6606,0,21504,0,1530,5545,1465,992,-1056,-451,-527,-1022,-1452,982,-1092,-513
02/03/2026,9,19832,27780,18977,4788,6606,0,21504,0,1518,5479,1505,992,-960,-452,-528,-839,-1453,996,-1085,-513
02/03/2026,10,20039,27946,19018,4608,6606,0,21504,0,1514,4964,1507,992,-957,-451,-528,-832,-1428,997,-1083,-514
02/03/2026,11,20533,27937,19336,4441,6606,0,21504,0,1207,4553,1507,992,-1015,-452,-506,-903,-1116,997,-1091,-514
02/03/2026,12,21409,28081,19964,4274,6606,0,21504,0,761,3746,1507,992,-1017,-436,-370,-835,-1047,998,-1092,-514
02/03/2026,13,24082,29179,22344,4123,6606,0,21504,0,634,3281,1503,991,-1054,-328,-217,482,-658,997,-1092,-514
02/03/2026,14,26089,30265,24208,3972,6606,0,21504,0,119,3618,1503,991,-914,-346,-65,604,-579,997,-1039,-514
02/03/2026,15,28958,30855,26792,3727,6606,205,21504,0,79,3205,1502,991,94,-448,-56,935,-200,997,73,-514
02/03/2026,16,29950,31852,27465,3481,6606,1020,21504,0,9,3231,1502,991,122,-452,-205,948,-123,997,191,-513
02/03/2026,17,30567,32334,27838,3329,6606,2098,21504,0,8,2863,1502,991,985,-452,-193,995,253,997,925,-514
02/03/2026,18,30646,32412,27461,3176,6606,2940,21504,0,8,2696,1502,991,1043,-451,-194,997,290,997,977,-513
02/03/2026,19,30146,31899,27149,3126,6606,4028,21504,0,8,2782,1502,991,1043,-451,-181,1016,169,997,989,-513
02/03/2026,20,29293,30945,26254,3076,6606,5260,21504,0,8,2760,1502,991,1045,-451,-79,1016,143,997,990,-514
02/03/2026,21,28420,29990,25532,3021,6606,6381,21504,0,8,2806,1503,991,1044,-448,0,1016,12,997,990,-514
02/03/2026,22,27789,29190,25058,2966,6606,7277,21504,0,8,2989,1503,991,1044,-345,0,1016,-5,997,990,-443
02/03/2026,23,27391,28490,24792,2904,6606,8459,21504,0,8,3239,1503,991,1045,-195,59,1016,-5,997,990,-291
02/03/2026,24,27075,27872,24590,2841,6606,8872,21504,0,9,3614,1503,991,1044,-44,12,1016,-5,997,990,-139
02/03/2026,25,27264,27877,24908,2813,6606,9141,21504,0,8,3924,1502,991,1044,2,0,1016,-5,997,990,6
02/03/2026,26,27112,27825,24897,2785,6606,9071,21504,0,108,4159,1503,992,1045,0,0,1016,-5,997,990,26
02/03/2026,27,26602,27504,24514,2753,6606,8419,21504,0,285,4531,1502,992,1045,0,0,1016,-7,997,977,-10
02/03/2026,28,25911,27198,23978,2721,6606,7928,21504,0,548,4648,1503,992,1035,0,0,1012,-26,997,957,-113
02/03/2026,29,25761,27193,23977,2681,6606,7188,21504,0,324,4817,1503,992,418,0,0,538,-265,997,281,-243
02/03/2026,30,26262,27807,24554,2641,6606,6179,21504,0,410,4996,1504,992,372,6,13,517,-271,998,182,-264
02/03/2026,31,27020,29990,25357,2564,6606,5129,21504,0,525,5019,1504,992,-667,61,109,568,40,997,-938,-240
02/03/2026,32,28866,32103,27062,2486,6606,3902,21504,0,416,4826,1503,992,-810,-31,22,569,108,997,-1039,-341
02/03/2026,33,31087,34846,29090,2442,6606,2684,21504,0,409,4937,1503,992,-1047,-173,-60,217,482,997,-1086,-384
02/03/2026,34,33248,37274,31130,2398,6606,1311,21504,0,403,5048,1501,992,-1056,-325,-55,180,558,997,-1088,-499
02/03/2026,35,34762,39525,32560,2447,6606,266,21504,0,401,4884,1337,992,-1056,-443,-113,-704,930,998,-932,-514
02/03/2026,36,36196,40957,33838,2496,6606,4,21504,0,386,4775,1310,986,-1057,-411,-181,-760,1004,981,-852,-514
02/03/2026,37,37015,40534,34483,2562,6606,24,21504,0,251,4496,624,789,-957,-451,-331,-415,1353,383,352,-514
02/03/2026,38,36812,40439,34282,2628,6606,0,21504,0,242,4495,590,780,-951,-451,-479,-390,1395,362,474,-514
02/03/2026,39,37120,40093,34702,2655,6606,0,21504,0,245,4332,1233,969,-636,-451,-527,292,1383,948,586,-514
02/03/2026,40,35737,38705,33543,2682,6606,0,21504,0,251,4163,1277,983,-623,-451,-529,332,1352,984,599,-514
02/03/2026,41,34815,37710,32627,2673,6606,0,21504,0,250,4393,1491,992,-550,-452,-529,777,980,996,665,-514
02/03/2026,42,33587,36477,31459,2664,6606,0,21504,0,249,4328,1503,992,-547,-451,-529,796,904,997,655,-514
02/03/2026,43,32340,35113,30159,2556,6606,0,21504,0,250,4399,1504,992,-421,-452,-528,610,530,998,106,-522
02/03/2026,44,30845,33544,28626,2447,6606,0,21504,0,189,4427,1504,992,-416,-452,-528,603,500,998,65,-514
02/03/2026,45,28934,31667,26836,2208,6606,0,21504,0,73,3861,1504,992,-584,-451,-511,826,705,998,22,-514
02/03/2026,46,27233,29771,25184,1969,6606,0,21504,0,5,3451,1504,992,-553,-451,-415,835,716,997,28,-514
02/03/2026,47,26007,28127,23991,1824,6606,0,21504,0,125,3108,1504,992,94,-452,-429,705,519,997,390,-514
02/03/2026,48,25037,27150,23094,1678,6606,0,21504,0,21,3172,1504,992,103,-452,-526,701,524,997,421,-514
03/03/2026,1,25763,27866,23712,1550,6606,0,21504,0,11,2989,1503,992,426,-451,-527,986,897,998,634,-514
03/03/2026,2,25995,28103,23913,1422,6606,0,21504,0,15,2889,1503,992,463,-452,-527,998,965,997,658,-514
03/03/2026,3,25602,27710,23473,1331,6606,0,21504,0,14,2551,1503,992,742,-452,-528,998,1246,998,974,-514
03/03/2026,4,25118,27224,23191,1239,6606,0,21504,0,12,2586,1503,992,753,-452,-528,998,1288,998,995,-514
03/03/2026,5,24924,27028,23061,1192,6606,0,21504,0,12,2499,1504,992,747,-451,-527,998,1385,998,941,-514
03/03/2026,6,24402,26508,22533,1144,6606,0,21504,0,12,2500,1504,992,747,-452,-528,998,1377,998,935,-514
03/03/2026,7,23992,26097,22155,1129,6606,0,21504,0,12,2618,1503,992,724,-451,-528,998,1118,998,858,-514
03/03/2026,8,23249,25355,21417,1113,6606,0,21504,0,12,2141,1503,992,661,-452,-528,998,1081,998,842,-514
03/03/2026,9,23239,25526,21274,1077,6606,0,21504,0,12,2247,1504,992,-182,-451,-528,778,1002,997,454,-514
03/03/2026,10,23491,25928,21545,1040,6606,0,21504,0,79,2020,1491,990,-278,-451,-515,690,993,997,403,-514
03/03/2026,11,23277,27713,21212,1029,6606,0,21504,0,278,2325,963,913,-1008,-452,-418,-696,1003,961,-470,-514
03/03/2026,12,24315,28854,22087,1017,6606,0,21504,0,72,2101,916,896,-1049,-451,-506,-833,1030,943,-514,-514
03/03/2026,13,26882,31008,24374,1002,6606,0,21504,0,10,2093,433,458,-1056,-452,-527,-967,1356,403,77,-514
03/03/2026,14,28764,32841,25939,987,6606,1,21504,0,16,2020,423,432,-1039,-451,-528,-929,1397,380,120,-514
03/03/2026,15,31814,34162,28669,954,6606,277,21504,0,18,1807,1310,581,-236,-452,-528,172,1397,739,222,-514
03/03/2026,16,32442,34731,29113,920,6606,1138,21504,0,12,1592,1374,601,-182,-452,-529,268,1397,768,248,-514
03/03/2026,17,33283,35385,29777,857,6606,2344,21504,0,9,1357,1496,967,821,-451,-528,959,1397,983,942,-514
03/03/2026,18,32824,34927,29200,794,6606,3603,21504,0,8,1081,1503,992,1047,-452,-529,997,1397,997,990,-514
03/03/2026,19,31917,34019,28309,720,6606,4843,21504,0,8,947,1503,992,1044,-451,-529,1016,1397,997,989,-514
03/03/2026,20,31201,33303,27611,645,6606,5949,21504,0,8,814,1503,992,1042,-451,-529,1017,1397,997,989,-514
03/03/2026,21,30238,32340,26992,627,6606,6753,21504,0,7,875,1503,992,1043,-452,-529,1017,1397,991,990,-514
03/03/2026,22,29796,31895,26652,609,6606,7315,21504,0,7,820,1503,992,1044,-451,-527,1017,1397,996,989,-514
03/03/2026,23,29192,31304,26050,586,6606,7813,21504,0,6,556,1503,992,1043,-451,-529,1017,1397,998,990,-526
03/03/2026,24,29155,31254,26076,562,6606,8166,21504,0,5,536,1502,992,1043,-452,-529,1017,1397,998,990,-513
03/03/2026,25,28931,31033,25903,573,6606,8428,21504,0,8,408,1502,992,1044,-452,-528,1017,1397,991,990,-514
03/03/2026,26,28732,30834,25804,584,6606,7917,21504,0,9,503,1502,992,1043,-452,-527,1017,1397,997,990,-514
03/03/2026,27,28531,30630,25637,559,6606,7342,21504,0,7,415,1502,992,1044,-452,-527,1017,1397,997,990,-513
03/03/2026,28,28339,30442,25374,533,6606,7303,21504,0,7,211,1502,992,1043,-452,-527,1016,1397,997,990,-517
03/03/2026,29,28619,30718,25650,506,6606,6730,21504,0,7,142,1502,992,1043,-451,-527,997,1397,997,990,-514
03/03/2026,30,29093,31182,26101,479,6606,5668,21504,0,7,275,1502,992,1029,-452,-516,992,1397,997,987,-514
03/03/2026,31,29759,31755,26755,474,6606,4600,21504,0,7,179,1503,992,248,-452,-423,520,1397,997,867,-514
03/03/2026,32,31280,33361,28183,469,6606,3456,21504,0,7,66,1503,992,194,-451,-509,500,1397,997,837,-514
03/03/2026,33,32921,35850,29708,493,6606,2314,21504,0,8,412,1503,992,-828,-452,-527,853,1397,997,54,-514
03/03/2026,34,34549,37704,31204,516,6606,1233,21504,0,5,593,1503,992,-1055,-452,-527,867,1397,996,-2,-514
03/03/2026,35,35906,39184,32627,573,6606,352,21504,0,3,722,1503,992,-1048,-452,-528,624,1397,997,-133,-514
03/03/2026,36,37274,40500,33928,629,6606,10,21504,0,1,597,1503,991,-1028,-451,-527,612,1397,996,-105,-514
03/03/2026,37,38237,40532,34768,708,6606,58,21504,0,1,578,1504,982,-201,-452,-527,221,1397,951,910,-514
03/03/2026,38,38128,40380,34516,786,6606,0,21504,0,1,610,1504,982,-146,-452,-527,218,1397,950,992,-526
03/03/2026,39,38120,40215,34558,839,6606,0,21504,0,2,1006,1502,992,328,-451,-528,955,1397,994,1115,-514
03/03/2026,40,37094,39188,33557,891,6606,0,21504,0,2,1251,1502,992,348,-451,-527,997,1397,997,1120,-514
03/03/2026,41,35933,38028,32580,969,6606,0,21504,0,2,1309,1503,992,3,-452,-527,797,1397,997,972,-514
03/03/2026,42,34412,36509,31266,1046,6606,0,21504,0,2,1601,1503,992,0,-451,-530,789,1397,997,957,-514
03/03/2026,43,33264,35444,30329,1091,6606,0,21504,0,7,2027,1504,992,-100,-452,-507,739,1397,997,877,-514
03/03/2026,44,31190,33238,28372,1136,6606,0,21504,0,7,2197,1503,992,-105,-451,-371,737,1368,997,861,-514
03/03/2026,45,29452,31256,26893,1166,6606,0,21504,0,7,2550,1503,992,250,-452,-231,949,1012,997,511,-514
03/03/2026,46,27828,29437,25456,1195,6606,0,21504,0,11,2528,1503,992,306,-406,-78,957,996,997,498,-514
03/03/2026,47,26522,28070,24259,1195,6606,0,21504,0,13,2715,1503,992,986,-415,0,995,1352,996,928,-514
03/03/2026,48,25551,27082,23414,1194,6606,0,21504,0,14,2954,1502,992,1002,-372,0,997,1397,997,957,-514
04/03/2026,1,25903,27635,23730,1195,6606,0,21504,0,92,3049,1502,992,1002,-448,-47,997,1397,996,958,-514
04/03/2026,2,26416,28285,24289,1196,6606,0,21504,0,283,3278,1502,992,1003,-452,-16,997,1397,997,957,-514
04/03/2026,3,26027,28039,23963,1195,6606,0,21504,0,340,3243,1503,992,1003,-452,-106,997,1397,997,958,-514
04/03/2026,4,25251,27348,23168,1194,6606,0,21504,0,396,2884,1502,992,1002,-452,-135,997,1397,997,955,-514
04/03/2026,5,24906,27126,22804,1172,6606,0,21504,0,500,2981,1503,992,1002,-452,-154,997,1397,997,852,-514
04/03/2026,6,24412,26813,22304,1150,6606,0,21504,0,666,2797,1503,992,1003,-452,-169,997,1397,997,844,-514
04/03/2026,7,24315,26560,22298,1131,6606,0,21504,0,613,2752,1503,992,743,-452,-66,997,1397,997,820,-514
04/03/2026,8,23849,26164,21895,1111,6606,0,21504,0,659,2475,1504,992,651,-452,-90,997,1397,997,796,-514
04/03/2026,9,23416,25838,21398,1102,6606,0,21504,0,455,2344,1503,992,-392,-429,-5,982,1397,997,-27,-514
04/03/2026,10,23690,26113,21594,1093,6606,0,21504,0,314,2266,1504,992,-476,-431,0,851,1397,997,-101,-501
04/03/2026,11,23748,27617,21712,1130,6606,0,21504,0,20,3087,1504,990,-994,-300,0,-816,1397,997,-734,-405
04/03/2026,12,24471,28577,22372,1167,6606,0,21504,0,21,3209,1500,985,-997,-218,0,-1021,1397,992,-775,-474
04/03/2026,13,26758,30308,24494,1226,6606,0,21504,0,16,3367,1317,798,-902,-223,-1,-717,1397,822,-688,-403
04/03/2026,14,29127,32808,26638,1284,6606,0,21504,0,10,3411,1309,790,-879,-357,-92,-665,1397,816,-588,-490
04/03/2026,15,32130,33972,29393,1328,6606,162,21504,0,14,3200,1491,974,-143,-326,-245,403,1397,985,784,-514
04/03/2026,16,32869,34928,29965,1372,6606,825,21504,0,11,3404,1504,987,-106,-431,-397,487,1397,996,939,-514
04/03/2026,17,33013,34995,29969,1355,6606,1698,21504,0,10,2896,1503,991,793,-451,-407,975,1397,997,985,-514
04/03/2026,18,33051,35061,29985,1338,6606,2582,21504,0,11,3081,1503,991,1002,-451,-434,997,1397,997,987,-514
04/03/2026,19,32771,34772,29722,1300,6606,3541,21504,0,7,2985,1503,991,1001,-451,-429,1016,1397,997,989,-514
04/03/2026,20,31693,33649,28674,1262,6606,4451,21504,0,12,3032,1503,991,1002,-451,-379,1016,1397,997,990,-514
04/03/2026,21,31289,33272,28310,1205,6606,5341,21504,0,62,3199,1503,991,1003,-452,-355,1017,1397,996,990,-514
04/03/2026,22,30272,32203,27320,1147,6606,6289,21504,0,165,3051,1503,991,1002,-451,-202,1016,1397,996,990,-513
04/03/2026,23,29331,31110,26513,1159,6606,7212,21504,0,164,3051,1503,991,1001,-396,-173,1016,1397,997,990,-446
04/03/2026,24,28342,30030,25499,1171,6606,7868,21504,0,165,2548,1503,991,1002,-441,-184,1017,1397,996,990,-298
04/03/2026,25,27569,29371,24764,1248,6606,8324,21504,0,163,2394,1503,991,1002,-452,-312,1017,1397,996,990,-275
04/03/2026,26,27012,28752,24280,1324,6606,8494,21504,0,161,2329,1503,991,1003,-452,-241,1017,1397,996,990,-286
04/03/2026,27,26565,28465,23827,1393,6606,8443,21504,0,328,2345,1503,992,1002,-452,-248,1017,1397,996,990,-272
04/03/2026,28,26477,28540,23701,1461,6606,8257,21504,0,343,2206,1503,992,1002,-447,-352,1017,1389,996,990,-321
04/03/2026,29,26679,28558,24011,1498,6606,7681,21504,0,340,2676,1503,992,1003,-367,-228,998,1288,996,990,-344
04/03/2026,30,26874,28654,24284,1535,6606,6734,21504,0,342,2711,1503,992,1001,-407,-76,997,1284,996,866,-355
04/03/2026,31,27465,29526,24910,1509,6606,5553,21504,0,197,3108,1503,991,369,-279,59,997,1384,996,-753,-232
04/03/2026,32,29398,31626,26769,1483,6606,4272,21504,0,165,3029,1504,992,280,-185,12,953,1397,997,-959,-319
04/03/2026,33,30535,33732,27781,1490,6606,2942,21504,0,172,3037,1506,992,-793,-80,0,-147,1397,997,-1083,-322
04/03/2026,34,32523,36141,29643,1497,6606,1596,21504,0,164,3310,1506,992,-997,-155,0,-241,1397,997,-1093,-368
04/03/2026,35,34550,38754,31567,1568,6606,456,21504,0,158,3570,1507,992,-997,-148,0,-847,1397,998,-1093,-361
04/03/2026,36,36364,40579,33425,1639,6606,19,21504,0,154,3501,1507,992,-997,-226,0,-854,1397,998,-1092,-292
04/03/2026,37,37348,40388,34372,1779,6606,27,21504,0,161,3259,1505,992,-786,-184,0,28,1397,997,-1073,-236
04/03/2026,38,37519,40401,34468,1918,6606,0,21504,0,163,3357,1503,992,-699,-122,0,87,1397,996,-1053,-245
04/03/2026,39,37683,39167,34711,2031,6606,0,21504,0,169,3316,1409,992,156,-66,0,541,1397,972,-400,-249
04/03/2026,40,36618,38160,33713,2144,6606,0,21504,0,167,3505,1405,992,169,-211,0,563,1397,971,-362,-202
04/03/2026,41,35087,37357,32411,2249,6606,0,21504,0,165,3480,1495,992,-232,-327,0,955,1397,995,-605,-341
04/03/2026,42,33659,35896,31081,2354,6606,0,21504,0,164,3534,1502,992,-254,-219,0,972,1397,997,-620,-380
04/03/2026,43,32387,34381,29946,2379,6606,0,21504,0,220,3690,1502,992,-215,-78,0,996,1397,997,-553,-328
04/03/2026,44,30826,32754,28382,2403,6606,0,21504,0,220,3851,1502,992,-211,-5,0,997,1371,997,-549,-343
04/03/2026,45,28868,30693,26491,2433,6606,0,21504,0,222,3958,1502,992,-3,-12,0,997,1035,996,-652,-336
04/03/2026,46,27599,29545,25501,2463,6606,0,21504,0,219,4211,1502,992,0,-61,0,997,1002,997,-648,-418
04/03/2026,47,25876,27727,23949,2431,6606,0,21504,0,464,4540,1502,992,-140,-29,0,883,1101,996,-225,-393
04/03/2026,48,25031,26920,23154,2398,6606,0,21504,0,630,4480,1502,992,-149,0,0,880,1132,996,-183,-327
05/03/2026,1,25314,27460,23387,2432,6606,0,21504,0,1091,4185,1502,992,137,0,0,993,1368,997,232,-455
05/03/2026,2,25937,27966,24155,2465,6606,0,21504,0,1007,4513,1502,992,148,0,0,997,1397,996,269,-422
05/03/2026,3,25525,27778,23822,2458,6606,0,21504,0,1169,4486,1502,992,278,-1,0,997,1397,997,480,-483
05/03/2026,4,24895,27130,23191,2451,6606,0,21504,0,1169,4144,1502,992,283,-95,0,997,1395,996,486,-371
05/03/2026,5,24467,26768,22819,2460,6606,0,21504,0,1162,3849,1502,992,444,-226,0,997,1372,997,167,-313
05/03/2026,6,24051,26420,22481,2468,6606,0,21504,0,1164,4018,1502,992,432,-292,0,997,1368,997,131,-313
05/03/2026,7,23220,26180,21781,2437,6606,0,21504,0,979,3944,1504,992,-365,-311,0,856,1348,997,-391,-314
05/03/2026,8,22780,26064,21402,2405,6606,0,21504,0,1142,4025,1503,992,-411,-379,0,849,1337,997,-438,-314
05/03/2026,9,22567,26471,21321,2382,6606,0,21504,0,1008,4405,1504,992,-775,-331,-4,439,1234,997,-873,-313
05/03/2026,10,22546,26443,21280,2359,6606,0,21504,0,965,4564,1505,992,-792,-239,-79,399,1233,997,-908,-314
05/03/2026,11,22479,26685,21247,2324,6606,0,21504,0,673,4689,1506,991,-993,-105,-6,-456,1379,997,-1078,-295
05/03/2026,12,23339,27152,21972,2288,6606,0,21504,0,312,4464,1507,991,-997,-142,0,-510,1397,998,-1089,-163
05/03/2026,13,25542,29001,23962,2256,6606,0,21504,0,316,4644,1507,991,-997,-30,14,-454,1397,998,-1023,-39
05/03/2026,14,27693,30947,25992,2223,6606,6,21504,0,314,4749,1507,991,-870,-26,0,-388,1397,998,-915,-141
05/03/2026,15,31129,32560,29050,2151,6606,378,21504,0,311,4175,1503,991,793,-166,-63,883,1397,997,568,-291
05/03/2026,16,31769,33538,29309,2079,6606,1462,21504,0,314,3530,1503,991,1003,-317,-97,997,1397,998,739,-441
05/03/2026,17,31334,32985,28686,1946,6606,2762,21504,0,173,3188,1503,991,1002,-361,-3,997,1397,997,973,-514
05/03/2026,18,30713,32372,27994,1813,6606,4012,21504,0,164,2766,1503,991,1003,-381,0,997,1397,997,993,-514
05/03/2026,19,29651,31312,26902,1665,6606,5470,21504,0,161,2202,1502,991,1002,-386,0,1016,1397,998,993,-514
05/03/2026,20,28731,30404,25988,1517,6606,6563,21504,0,159,1802,1503,991,1002,-400,0,1017,1397,997,993,-514
05/03/2026,21,28013,29427,25237,1431,6606,7474,21504,0,14,1671,1503,991,1003,-286,0,1016,1397,998,993,-514
05/03/2026,22,27403,28731,24618,1345,6606,8181,21504,0,10,1627,1503,991,1002,-204,0,1017,1397,997,993,-514
05/03/2026,23,26617,27773,23802,1267,6606,8796,21504,0,10,1198,1502,991,1002,-100,0,1016,1397,998,993,-446
05/03/2026,24,26150,27119,23244,1188,6606,9496,21504,0,10,1068,1503,991,1002,-54,0,1016,1397,998,990,-305
05/03/2026,25,26059,27091,23027,1148,6606,9752,21504,0,9,1192,1503,991,1002,-109,0,1016,1397,997,990,-314
05/03/2026,26,25833,26928,22827,1107,6606,9131,21504,0,6,1311,1503,991,1002,-102,0,1016,1397,998,990,-387
05/03/2026,27,26117,27193,23065,1088,6606,8597,21504,0,6,1377,1503,991,1002,-40,0,1016,1397,997,990,-430
05/03/2026,28,26347,27408,23302,1069,6606,7956,21504,0,6,1522,1502,991,1002,0,0,1016,1397,997,990,-455
05/03/2026,29,27046,28113,24007,1032,6606,7001,21504,0,6,1958,1502,991,1003,-35,0,997,1397,997,990,-426
05/03/2026,30,27837,28935,24814,994,6606,5706,21504,0,6,1953,1502,991,1001,-70,0,996,1397,997,967,-422
05/03/2026,31,28810,29921,25872,1066,6606,4321,21504,0,6,2410,1503,991,368,-83,0,910,1397,997,117,-422
05/03/2026,32,30626,31863,27651,1138,6606,3089,21504,0,7,2188,1503,991,285,-235,0,901,1397,997,24,-395
05/03/2026,33,31672,34399,28671,1172,6606,1789,21504,0,6,2317,1505,991,-410,-386,-67,343,1397,998,-906,-352
05/03/2026,34,33248,36244,30192,1205,6606,789,21504,0,7,2425,1504,991,-466,-443,-219,316,1397,997,-965,-296
05/03/2026,35,35029,37864,31976,1247,6606,197,21504,0,6,2719,1505,992,-552,-451,-371,67,1397,997,-490,-365
05/03/2026,36,36404,39359,33312,1288,6606,4,21504,0,5,2847,1504,990,-522,-452,-506,57,1397,992,-445,-425
05/03/2026,37,37422,39521,34224,1359,6606,0,21504,0,9,2816,1394,938,165,-451,-528,141,1397,831,-25,-486
05/03/2026,38,37420,39519,34213,1429,6606,0,21504,0,6,2819,1389,935,185,-452,-528,151,1397,825,21,-513
05/03/2026,39,37588,39688,34377,1510,6606,0,21504,0,6,3287,1467,961,707,-452,-528,746,1397,986,716,-514
05/03/2026,40,36511,38610,33324,1590,6606,0,21504,0,6,3303,1473,963,733,-451,-528,776,1397,996,768,-514
05/03/2026,41,34970,37070,31955,1581,6606,0,21504,0,6,2890,1473,961,920,-452,-528,776,1397,996,904,-514
05/03/2026,42,33263,35364,30234,1572,6606,0,21504,0,6,2923,1473,962,927,-452,-529,776,1397,997,915,-514
05/03/2026,43,31667,33769,28753,1606,6606,0,21504,0,6,2507,1441,990,847,-452,-530,808,1397,997,984,-514
05/03/2026,44,30071,32173,27383,1639,6606,0,21504,0,6,2508,1440,992,843,-451,-531,809,1397,996,989,-514
05/03/2026,45,28100,30202,25519,1573,6606,0,21504,0,6,2295,1499,992,618,-451,-531,910,1397,997,969,-514
05/03/2026,46,26914,29015,24437,1506,6606,0,21504,0,6,2100,1502,992,609,-451,-530,914,1387,997,953,-514
05/03/2026,47,25581,27742,23145,1455,6606,0,21504,0,64,1746,1502,992,713,-452,-531,994,1260,997,475,-514
05/03/2026,48,24727,26889,22327,1403,6606,0,21504,0,68,1396,1502,992,716,-451,-530,997,1254,996,443,-513
06/03/2026,1,25315,27504,22881,1360,6606,0,21504,0,126,1367,1502,992,677,-452,-497,997,1381,997,484,-514
06/03/2026,2,25934,28100,23502,1316,6606,0,21504,0,126,1759,1502,991,676,-452,-475,997,1397,997,486,-513
06/03/2026,3,25583,27806,23176,1310,6606,0,21504,0,126,1800,1502,991,664,-452,-531,997,1397,997,460,-514
06/03/2026,4,24845,27066,22486,1303,6606,0,21504,0,126,1713,1502,992,664,-451,-531,997,1397,997,448,-513
06/03/2026,5,24310,26532,21959,1363,6606,0,21504,0,126,1581,1502,991,557,-452,-531,988,1397,996,91,-513
06/03/2026,6,23616,25837,21272,1422,6606,0,21504,0,126,1427,1502,991,521,-451,-531,986,1394,997,56,-513
06/03/2026,7,22728,25445,20440,1478,6606,0,21504,0,124,1453,1504,991,-172,-452,-531,705,1367,997,-324,-514
06/03/2026,8,22226,24984,19982,1533,6606,0,21504,0,130,1331,1504,991,-187,-452,-508,686,1366,997,-367,-514
06/03/2026,9,21788,25165,19646,1525,6606,0,21504,0,51,1471,1505,991,-419,-433,-379,70,1393,997,-982,-513
06/03/2026,10,21991,25385,19806,1517,6606,0,21504,0,5,1220,1505,991,-462,-451,-342,9,1397,997,-1020,-514
06/03/2026,11,22459,27496,20251,1462,6606,0,21504,0,5,1063,1507,991,-994,-451,-432,-955,1397,998,-1086,-514
06/03/2026,12,23393,28594,21070,1407,6606,0,21504,0,5,847,1507,992,-996,-452,-523,-1022,1383,998,-1090,-513
06/03/2026,13,25738,30948,23218,1343,6606,0,21504,0,5,724,1507,992,-997,-451,-531,-1022,1209,997,-1090,-514
06/03/2026,14,28030,33190,25336,1279,6606,2,21504,0,5,474,1504,989,-981,-452,-531,-1010,1202,995,-1068,-513
06/03/2026,15,31031,33884,28037,1212,6606,75,21504,0,9,89,1252,902,-184,-451,-531,-306,1375,887,-258,-514
06/03/2026,16,32552,35196,29318,1144,6606,301,21504,0,11,-168,1239,899,-132,-452,-531,-252,1397,884,-153,-513
06/03/2026,17,33893,36001,30498,1082,6606,655,21504,0,11,-737,1436,986,793,-452,-531,509,1397,990,893,-514
06/03/2026,18,34324,36433,30909,1020,6606,1072,21504,0,12,-910,1446,992,1002,-452,-531,555,1397,998,985,-514
06/03/2026,19,34864,36975,31450,959,6606,1538,21504,0,14,-979,1499,992,1002,-452,-531,915,1397,974,985,-514
06/03/2026,20,34591,36701,31242,897,6606,2037,21504,0,14,-1017,1501,991,1002,-451,-531,928,1397,973,988,-514
06/03/2026,21,34497,36600,31262,861,6606,2119,21504,0,9,-770,1440,967,1001,-452,-528,656,1397,973,992,-514
06/03/2026,22,34740,36738,31562,825,6606,2392,21504,0,10,-683,1437,966,1002,-451,-423,647,1397,973,990,-514
06/03/2026,23,35177,37099,32075,789,6606,2559,21504,0,11,-668,1498,990,1002,-452,-345,1002,1397,996,990,-514
06/03/2026,24,35065,36854,32093,752,6606,2589,21504,0,11,-946,1502,992,1002,-452,-212,1016,1397,998,990,-514
06/03/2026,25,34875,36525,31916,724,6606,2701,21504,0,11,-1141,1502,992,1002,-452,-73,1016,1397,997,990,-514
06/03/2026,26,34950,36548,32074,695,6606,2748,21504,0,11,-1051,1502,992,1002,-452,-21,1016,1397,997,990,-514
06/03/2026,27,34799,36514,31950,665,6606,2590,21504,0,11,-684,1502,992,1002,-452,-138,1017,1397,998,990,-514
06/03/2026,28,34543,36213,31686,634,6606,2467,21504,0,11,-842,1503,992,1003,-452,-93,1017,1397,998,990,-514
06/03/2026,29,34340,36097,31478,599,6606,2295,21504,0,11,-871,1502,992,1002,-452,-180,998,1397,997,989,-514
06/03/2026,30,34081,35819,31263,563,6606,2058,21504,0,11,-616,1502,992,874,-452,-161,990,1397,997,896,-514
06/03/2026,31,33538,35827,30890,578,6606,1793,21504,0,11,-153,1504,992,-176,-452,-24,431,1397,997,-512,-514
06/03/2026,32,34082,36594,31359,592,6606,1402,21504,0,16,10,1504,992,-209,-452,-40,405,1397,998,-681,-514
06/03/2026,33,34778,38488,31889,599,6606,974,21504,0,14,376,1504,992,-956,-419,-188,688,1397,997,-1019,-514
06/03/2026,34,35808,39758,32727,605,6606,516,21504,0,5,587,1503,992,-997,-452,-339,684,1397,997,-1043,-514
06/03/2026,35,36206,40386,33062,569,6606,136,21504,0,5,797,1474,992,-998,-452,-453,-76,1397,997,-1082,-514
06/03/2026,36,37362,41504,34165,533,6606,9,21504,0,0,1043,1473,989,-873,-452,-502,-120,1397,987,-1081,-514
06/03/2026,37,38209,41200,34872,544,6606,27,21504,0,0,635,1408,891,153,-452,-531,248,1397,627,-894,-514
06/03/2026,38,37898,40838,34474,554,6606,0,21504,0,0,569,1406,887,174,-452,-531,274,1397,615,-843,-514
06/03/2026,39,38001,40089,34620,536,6606,0,21504,0,8,594,1496,985,758,-452,-527,937,1397,974,161,-501
06/03/2026,40,36932,38891,33638,517,6606,0,21504,0,13,404,1502,992,775,-452,-422,973,1397,997,235,-472
06/03/2026,41,35531,37251,32433,528,6606,0,21504,0,13,393,1503,992,151,-431,-272,914,1397,997,60,-404
06/03/2026,42,34612,36035,31613,538,6606,0,21504,0,10,803,1502,992,127,-327,-121,912,1397,997,44,-365
06/03/2026,43,33074,34431,30303,558,6606,0,21504,0,10,1053,1488,992,254,-371,-6,753,1397,996,0,-370
06/03/2026,44,31300,32463,28706,578,6606,0,21504,0,8,1389,1488,992,254,-252,0,747,1397,997,-4,-299
06/03/2026,45,29722,30885,27311,620,6606,0,21504,0,6,1563,1453,992,2,-257,0,571,1397,998,-64,-236
06/03/2026,46,28254,29409,25995,662,6606,0,21504,0,5,1880,1451,992,0,-125,0,568,1397,997,-59,-366
06/03/2026,47,26967,28157,24697,694,6606,0,21504,0,8,1760,1499,992,683,-90,0,979,1397,996,248,-492
06/03/2026,48,26051,27116,23874,725,6606,0,21504,0,8,2217,1502,992,830,-16,0,997,1397,996,285,-441
07/03/2026,1,26334,27386,24119,740,6606,0,21504,0,7,2357,1502,992,997,0,0,997,1397,997,840,-445
07/03/2026,2,27171,28105,24996,754,6606,0,21504,0,7,2514,1503,992,1002,0,0,997,1397,996,866,-327
07/03/2026,3,26633,27489,24525,784,6606,0,21504,0,6,2658,1503,992,852,0,0,997,1397,997,415,-250
07/03/2026,4,26320,27294,24265,813,6606,0,21504,0,130,2731,1503,992,845,0,0,997,1397,997,371,-244
07/03/2026,5,25065,26369,23074,839,6606,0,21504,0,306,2633,1503,992,538,0,0,864,1397,998,-99,-299
07/03/2026,6,24621,26166,22651,864,6606,0,21504,0,480,2517,1503,991,500,0,0,859,1396,997,-137,-328
07/03/2026,7,23928,25822,22008,865,6606,0,21504,0,751,2479,1504,992,3,-3,0,833,1383,997,-346,-194
07/03/2026,8,23361,25360,21481,865,6606,0,21504,0,763,2343,1504,992,0,-76,0,831,1376,997,-368,-192
07/03/2026,9,23293,25386,21440,880,6606,0,21504,0,670,2568,1504,991,-116,-7,0,574,1314,997,-637,-63
07/03/2026,10,23077,25115,21204,895,6606,0,21504,0,553,2739,1505,991,-133,0,0,566,1295,997,-660,-92
07/03/2026,11,22978,25561,21065,893,6606,0,21504,0,187,2926,1503,991,-912,0,0,967,1140,996,-804,-80
07/03/2026,12,22904,25611,20971,890,6606,0,21504,0,274,2908,1503,991,-969,0,0,984,1139,996,-803,-61
07/03/2026,13,23967,25861,21939,905,6606,0,21504,0,318,2904,1504,992,-355,-16,0,996,1368,997,-398,-207
07/03/2026,14,24653,26376,22568,919,6606,0,21504,0,219,2949,1503,991,-314,0,0,997,1397,997,-315,-275
07/03/2026,15,26449,27664,24198,921,6606,50,21504,0,165,2948,1502,991,719,-34,0,997,1397,997,851,-416
07/03/2026,16,27278,28599,24951,922,6606,282,21504,0,166,2884,1503,991,888,-42,0,997,1397,997,956,-513
07/03/2026,17,28492,29766,26114,891,6606,718,21504,0,167,3068,1502,991,1012,0,0,997,1397,997,987,-507
07/03/2026,18,29367,30601,26969,860,6606,1154,21504,0,161,2914,1502,991,1018,-39,0,997,1397,997,992,-434
07/03/2026,19,30257,31299,27816,807,6606,1534,21504,0,158,2801,1502,992,1069,-2,0,1016,1397,997,992,-282
07/03/2026,20,30648,31604,28250,753,6606,1933,21504,0,165,2738,1502,992,1069,-60,0,1017,1397,997,992,-131
07/03/2026,21,30600,31365,28310,772,6606,2393,21504,0,165,3095,1503,992,1069,47,0,1017,1397,997,992,16
07/03/2026,22,30508,31272,28267,791,6606,2661,21504,0,164,3180,1503,992,1070,21,0,1016,1397,997,991,141
07/03/2026,23,30546,31310,28393,851,6606,2789,21504,0,164,3301,1502,992,1071,61,0,1016,1397,997,955,197
07/03/2026,24,30518,31282,28420,910,6606,2939,21504,0,164,3175,1503,992,1070,7,0,1016,1397,997,949,197
07/03/2026,25,30506,31270,28443,917,6606,2937,21504,0,164,3115,1503,992,1064,0,0,1015,1397,996,987,197
07/03/2026,26,30526,31290,28438,924,6606,2975,21504,0,164,2854,1503,992,1071,0,45,1015,1397,997,991,197
07/03/2026,27,30754,31519,28650,915,6606,2840,21504,0,165,3086,1502,992,1070,0,193,1016,1397,997,991,174
07/03/2026,28,30715,31480,28533,906,6606,2623,21504,0,165,2883,1502,992,1071,0,265,1016,1397,997,991,197
07/03/2026,29,30693,31458,28511,892,6606,2245,21504,0,165,2761,1503,992,1070,6,237,998,1397,997,991,176
07/03/2026,30,30661,31426,28428,877,6606,1889,21504,0,165,2552,1503,992,1071,61,202,997,1397,997,984,84
07/03/2026,31,31028,31882,28767,861,6606,1471,21504,0,166,2401,1503,992,1068,-55,180,997,1397,996,712,-33
07/03/2026,32,31663,32690,29363,844,6606,1122,21504,0,171,2363,1503,992,1064,-83,84,997,1397,996,668,-173
07/03/2026,33,32101,33681,29699,825,6606,778,21504,0,156,2437,1503,992,598,-230,-53,997,1397,997,-222,-319
07/03/2026,34,33021,34881,30487,805,6606,375,21504,0,11,2259,1502,992,575,-381,-129,997,1397,997,-277,-462
07/03/2026,35,34364,36055,31594,848,6606,89,21504,0,10,2175,1503,992,298,-405,-126,877,1397,997,-36,-514
07/03/2026,36,35210,37056,32348,890,6606,5,21504,0,5,2168,1503,992,295,-448,-274,873,1397,997,-5,-514
07/03/2026,37,35700,37676,32722,904,6606,0,21504,0,6,2009,1502,992,923,-450,-406,993,1397,997,508,-514
07/03/2026,38,35617,37585,32543,917,6606,0,21504,0,6,1796,1503,992,958,-450,-398,997,1397,998,555,-514
07/03/2026,39,34922,37013,31872,895,6606,0,21504,0,12,1660,1502,992,1064,-450,-515,997,1397,997,906,-514
07/03/2026,40,33868,35920,30858,873,6606,0,21504,0,11,1633,1502,992,1069,-450,-477,997,1397,997,919,-514
07/03/2026,41,33026,35038,30096,891,6606,0,21504,0,9,1814,1503,992,985,-450,-439,964,1397,997,469,-514
07/03/2026,42,32233,34104,29400,909,6606,0,21504,0,9,1536,1503,992,982,-451,-297,963,1397,997,445,-514
07/03/2026,43,30962,32676,28214,884,6606,0,21504,0,7,1626,1503,992,1036,-447,-146,996,1397,997,715,-514
07/03/2026,44,29834,31318,27097,858,6606,0,21504,0,10,1611,1503,991,1038,-344,-16,997,1397,997,736,-514
07/03/2026,45,28416,29719,25767,839,6606,0,21504,0,10,1890,1503,992,1067,-195,0,997,1397,998,810,-498
07/03/2026,46,27074,28141,24505,819,6606,0,21504,0,10,1914,1502,992,1069,-53,0,997,1397,997,805,-404
07/03/2026,47,26131,27141,23694,784,6606,0,21504,0,10,2133,1503,992,836,-41,0,997,1397,998,442,-359
07/03/2026,48,25643,26507,23267,749,6606,0,21504,0,10,1906,1503,992,826,-1,0,997,1397,997,421,-253
08/03/2026,1,25425,26372,23022,733,6606,0,21504,0,10,1455,1503,991,1008,-58,0,978,1397,997,612,-279
08/03/2026,2,25857,26627,23518,716,6606,0,21504,0,9,1433,1503,991,1013,-4,0,977,1397,997,630,-157
08/03/2026,3,25579,26328,23270,687,6606,0,21504,0,8,1172,1503,991,1066,0,0,996,1397,998,809,-141
08/03/2026,4,24924,25647,22650,657,6606,0,21504,0,8,857,1503,991,1067,0,0,997,1397,998,821,-115
08/03/2026,5,24509,25256,22292,635,6606,0,21504,0,9,768,1503,991,1067,0,0,997,1397,997,808,-138
08/03/2026,6,24036,24751,21812,613,6606,0,21504,0,14,610,1503,991,1066,0,0,997,1397,998,797,-101
08/03/2026,7,23405,24690,21250,602,6606,0,21504,0,560,649,1504,991,1066,0,0,997,1397,998,444,-125
08/03/2026,8,23067,24470,20899,591,6606,0,21504,0,747,656,1503,991,1066,0,0,997,1397,998,416,-56
08/03/2026,9,23073,24526,20938,585,6606,0,21504,0,796,795,1504,991,987,0,0,906,1397,998,288,-57
08/03/2026,10,22415,23829,20184,578,6606,0,21504,0,808,559,1504,991,975,0,0,903,1397,998,272,-6
08/03/2026,11,22089,23444,19908,576,6606,0,21504,0,697,1133,1504,991,379,0,0,954,1397,997,15,-58
08/03/2026,12,22123,23458,19890,573,6606,0,21504,0,735,1460,1504,991,351,0,0,956,1397,997,15,1
08/03/2026,13,22963,24393,20718,588,6606,0,21504,0,783,1297,1504,991,828,0,0,995,1397,997,648,-47
08/03/2026,14,23111,24517,20884,603,6606,0,21504,0,747,1443,1504,991,851,0,0,997,1397,998,700,-59
08/03/2026,15,24404,25583,22168,629,6606,35,21504,0,530,1613,1503,991,1020,0,0,997,1397,997,970,-49
08/03/2026,16,24962,25983,22707,654,6606,221,21504,0,303,1613,1503,992,1026,0,0,997,1397,997,989,-118
08/03/2026,17,26514,27155,24150,635,6606,501,21504,0,26,1697,1504,992,1073,0,0,997,1397,997,989,-15
08/03/2026,18,27289,27896,24848,616,6606,851,21504,0,7,1752,1502,991,1073,0,0,997,1397,997,989,13
08/03/2026,19,28550,29156,26034,584,6606,1174,21504,0,6,1902,1503,991,1066,0,0,1016,1397,997,989,78
08/03/2026,20,29124,29730,26626,552,6606,1599,21504,0,6,1967,1503,991,1067,0,0,1017,1397,997,991,118
08/03/2026,21,29373,29979,26958,544,6606,1895,21504,0,6,2198,1503,991,1066,0,0,1017,1397,997,992,188
08/03/2026,22,29750,30359,27367,535,6606,2077,21504,0,9,2277,1502,992,1066,0,0,1017,1397,997,992,237
08/03/2026,23,30136,30749,27748,555,6606,2274,21504,0,13,2155,1502,992,1066,0,0,1017,1397,997,992,269
08/03/2026,24,30471,31083,28062,575,6606,2360,21504,0,12,2130,1502,992,1067,0,0,1017,1397,997,992,247
08/03/2026,25,31017,31628,28541,598,6606,2354,21504,0,11,2337,1502,992,1066,0,0,1017,1397,997,992,165
08/03/2026,26,31425,32035,28936,621,6606,2264,21504,0,10,2581,1503,992,1059,0,0,1017,1397,997,992,123
08/03/2026,27,31557,32167,29113,670,6606,2176,21504,0,10,2555,1503,992,1066,0,0,1017,1397,998,992,106
08/03/2026,28,31605,32215,29134,719,6606,2033,21504,0,10,2635,1502,992,1066,0,0,1017,1397,997,992,83
08/03/2026,29,31664,32313,29232,716,6606,1839,21504,0,10,2711,1503,991,1067,-39,0,998,1397,998,992,81
08/03/2026,30,31683,32300,29290,712,6606,1666,21504,0,10,2806,1502,991,1066,-7,0,997,1397,997,989,17
08/03/2026,31,32137,32854,29714,724,6606,1276,21504,0,10,2614,1503,991,1064,-107,0,997,1397,998,989,46
08/03/2026,32,32949,33639,30420,736,6606,897,21504,0,10,2930,1503,991,1064,-80,0,997,1397,998,989,18
08/03/2026,33,33907,34517,31266,716,6606,515,21504,0,10,2873,1503,991,1065,13,14,997,1397,997,989,118
08/03/2026,34,35114,35792,32243,695,6606,225,21504,0,10,2756,1502,991,1066,-68,0,997,1397,997,989,26
08/03/2026,35,36197,37158,33101,713,6606,52,21504,0,10,2735,1503,992,1046,-220,-62,950,1397,997,989,-69
08/03/2026,36,36681,38080,33598,731,6606,2,21504,0,10,2680,1503,992,1044,-372,-208,948,1397,998,989,-209
08/03/2026,37,37137,38721,33973,772,6606,0,21504,0,9,2682,1502,992,1065,-451,-358,995,1397,997,988,-166
08/03/2026,38,36712,38462,33489,813,6606,0,21504,0,8,2534,1503,992,1065,-451,-499,997,1397,997,989,-192
08/03/2026,39,35781,37662,32577,826,6606,0,21504,0,10,2213,1502,992,1067,-452,-516,997,1397,997,989,-303
08/03/2026,40,34799,36735,31709,839,6606,0,21504,0,10,2106,1502,992,1065,-451,-530,997,1397,997,989,-345
08/03/2026,41,33276,35261,30347,847,6606,0,21504,0,12,1980,1503,992,1065,-452,-529,997,1397,997,991,-392
08/03/2026,42,32173,34174,29329,855,6606,0,21504,0,11,1884,1502,992,1065,-451,-530,997,1397,997,992,-409
08/03/2026,43,31168,33076,28444,862,6606,0,21504,0,12,1787,1503,992,1054,-452,-455,997,1397,997,992,-389
08/03/2026,44,29730,31600,27117,868,6606,0,21504,0,11,1920,1503,992,1053,-451,-357,997,1397,997,992,-451
08/03/2026,45,28102,30015,25601,877,6606,0,21504,0,10,2158,1503,992,1017,-388,-478,997,1397,997,992,-437
08/03/2026,46,26483,28233,24152,885,6606,0,21504,0,11,2333,1502,992,1015,-240,-424,997,1397,998,992,-475
08/03/2026,47,25377,26948,23043,868,6606,0,21504,0,114,2246,1503,992,1022,-126,-307,997,1397,997,992,-424
08/03/2026,48,24517,25926,22208,850,6606,0,21504,0,128,2042,1503,992,1023,-119,-155,997,1397,997,992,-407
09/03/2026,1,24856,26231,22571,833,6606,0,21504,0,127,2409,1503,992,1064,-119,-20,997,1397,997,992,-509
09/03/2026,2,25414,26745,23216,816,6606,0,21504,0,132,2703,1502,991,1066,-85,0,997,1397,997,992,-514
09/03/2026,3,24875,26619,22745,805,6606,0,21504,0,525,2639,1503,991,1065,-105,0,997,1397,998,992,-514
09/03/2026,4,24288,25938,22177,794,6606,0,21504,0,417,2342,1502,991,1064,-119,0,997,1397,997,992,-514
09/03/2026,5,23994,25778,21941,791,6606,0,21504,0,552,2375,1503,991,1066,-118,0,997,1397,998,992,-514
09/03/2026,6,23692,25794,21673,788,6606,0,21504,0,869,2364,1503,991,1066,-119,0,997,1397,998,988,-514
09/03/2026,7,23501,25689,21517,786,6606,0,21504,0,955,2448,1503,991,1049,-119,0,997,1397,998,842,-514
09/03/2026,8,23436,25460,21520,784,6606,0,21504,0,791,2487,1502,991,1048,-119,0,997,1397,998,830,-514
09/03/2026,9,23425,25152,21567,788,6606,0,21504,0,494,2385,1503,991,853,-119,0,902,1397,998,779,-514
09/03/2026,10,23305,24997,21334,791,6606,0,21504,0,448,1994,1503,991,761,-119,-30,885,1397,997,703,-495
09/03/2026,11,22948,25454,20962,777,6606,0,21504,0,233,2219,1505,991,-642,-91,0,180,1397,998,-552,-388
09/03/2026,12,23996,26789,21866,762,6606,0,21504,0,171,2395,1505,991,-775,-23,-68,125,1367,998,-686,-470
09/03/2026,13,26474,30492,24196,761,6606,0,21504,0,170,2251,1507,991,-867,-157,-219,-647,994,998,-922,-436
09/03/2026,14,28622,32898,26165,759,6606,0,21504,0,169,2089,1507,991,-777,-308,-371,-680,977,998,-862,-509
09/03/2026,15,31888,34116,29147,781,6606,30,21504,0,169,1790,1491,991,-3,-436,-507,28,1350,997,465,-513
09/03/2026,16,33005,35268,30139,802,6606,191,21504,0,167,1991,1490,991,0,-452,-530,88,1397,998,608,-514
09/03/2026,17,34475,36737,31484,809,6606,416,21504,0,167,1742,1502,991,838,-451,-530,943,1397,998,962,-514
09/03/2026,18,35126,37388,32136,815,6606,709,21504,0,168,1808,1503,991,1072,-451,-530,997,1397,998,986,-513
09/03/2026,19,35527,37790,32482,845,6606,1028,21504,0,168,1925,1503,991,1067,-451,-530,1016,1397,998,986,-514
09/03/2026,20,35620,37878,32565,874,6606,1373,21504,0,162,2068,1370,991,1067,-451,-531,1017,1397,998,986,-514
09/03/2026,21,35389,37650,32277,886,6606,1722,21504,0,165,2163,1502,991,1065,-451,-531,1017,1397,998,986,-514
09/03/2026,22,35096,37345,32001,898,6606,2084,21504,0,159,2065,1502,991,1065,-451,-525,1017,1397,998,987,-514
09/03/2026,23,34800,36984,31815,923,6606,2423,21504,0,162,1572,1502,991,1066,-451,-457,1017,1397,997,990,-514
09/03/2026,24,34545,36587,31676,948,6606,2690,21504,0,162,1476,1502,991,1065,-451,-315,1017,1397,997,990,-514
09/03/2026,25,34753,36857,31913,970,6606,2906,21504,0,223,1702,1503,992,1066,-451,-316,1017,1398,999,991,-514
09/03/2026,26,34222,36382,31448,992,6606,3115,21504,0,321,1780,1501,991,1066,-451,-275,1016,1396,998,990,-513
09/03/2026,27,33992,36114,31325,1030,6606,3362,21504,0,318,1988,1502,991,1066,-451,-260,1016,1397,998,987,-493
09/03/2026,28,33490,35526,30803,1068,6606,3228,21504,0,316,1866,1502,991,1065,-451,-184,1016,1397,997,986,-485
09/03/2026,29,33217,35229,30469,1103,6606,3105,21504,0,319,1473,1502,991,1065,-451,-215,997,1397,998,955,-427
09/03/2026,30,32781,34917,30141,1138,6606,2941,21504,0,479,1145,1502,992,1060,-451,-161,996,1397,997,900,-445
09/03/2026,31,32797,35102,30093,1154,6606,2746,21504,0,565,1271,1503,991,630,-427,-24,898,1397,998,-218,-471
09/03/2026,32,33597,35769,30854,1170,6606,2175,21504,0,331,1382,1503,991,569,-451,-72,884,1397,998,-336,-382
09/03/2026,33,33922,37533,31134,1181,6606,1517,21504,0,319,1622,1503,992,-827,-451,-163,241,1397,998,-916,-335
09/03/2026,34,34958,38905,32152,1191,6606,874,21504,0,313,2311,1504,992,-1056,-451,-304,207,1397,998,-953,-270
09/03/2026,35,36276,40185,33341,1195,6606,294,21504,0,228,2751,1504,992,-1074,-451,-372,-31,1397,997,-826,-327
09/03/2026,36,37541,41221,34453,1198,6606,27,21504,0,35,2848,1504,990,-1075,-451,-386,-40,1397,995,-805,-288
09/03/2026,37,38050,41196,34993,1271,6606,111,21504,0,2,2844,1436,944,-1075,-451,-345,196,1397,941,-382,-291
09/03/2026,38,37765,40859,34749,1344,6606,0,21504,0,4,2783,1433,941,-1074,-451,-334,205,1397,939,-318,-313
09/03/2026,39,37789,40395,34787,1382,6606,0,21504,0,10,2529,1480,939,-1016,-451,-209,381,1397,994,584,-320
09/03/2026,40,37039,39583,34125,1420,6606,0,21504,0,15,2606,1483,939,-1015,-446,-141,382,1393,997,639,-327
09/03/2026,41,35505,37712,32770,1470,6606,0,21504,0,17,3112,1463,937,-764,-337,-17,-119,1341,971,-85,-268
09/03/2026,42,33882,35803,31216,1519,6606,0,21504,0,16,2986,1462,937,-754,-187,0,-137,1339,968,-146,-81
09/03/2026,43,32534,34539,30021,1551,6606,0,21504,0,14,2901,1421,946,-840,-42,0,361,1390,922,-509,7
09/03/2026,44,30576,32553,28185,1583,6606,0,21504,0,16,3096,1418,945,-842,0,0,385,1397,920,-519,121
09/03/2026,45,28865,30247,26648,1620,6606,0,21504,0,14,2988,1446,907,-768,0,0,631,1397,978,42,181
09/03/2026,46,27083,28391,24940,1657,6606,0,21504,0,9,3131,1447,906,-699,60,0,639,1397,981,86,225
09/03/2026,47,25846,26565,23830,1673,6606,0,21504,0,111,3197,1434,975,306,91,-8,245,1397,970,284,225
09/03/2026,48,24654,25383,22728,1688,6606,0,21504,0,129,3369,1432,980,341,142,0,229,1397,970,300,225
10/03/2026,1,25277,26006,23347,1685,6606,0,21504,0,129,3271,1300,991,348,180,0,501,1397,995,393,225
10/03/2026,2,25986,26720,24088,1682,6606,0,21504,0,134,3384,1294,991,349,180,0,511,1397,998,395,225
10/03/2026,3,25584,26516,23737,1610,6606,0,21504,0,332,3252,1434,991,328,180,0,418,1397,998,220,225
10/03/2026,4,24824,25880,23075,1538,6606,0,21504,0,456,3178,1444,991,328,180,0,414,1391,997,203,225
10/03/2026,5,24257,25801,22589,1573,6606,0,21504,0,944,3137,1500,991,168,180,0,455,1320,997,50,225
10/03/2026,6,24515,26180,22824,1608,6606,0,21504,0,1065,3342,1503,991,161,180,0,457,1282,997,34,225
10/03/2026,7,23867,25802,22245,1706,6606,0,21504,0,1100,3467,1503,991,-158,180,0,260,908,997,-77,225
10/03/2026,8,23223,25218,21661,1804,6606,0,21504,0,1108,3704,1504,991,-182,180,0,249,846,998,-105,220
10/03/2026,9,22689,26246,21226,1861,6606,0,21504,0,1037,4104,1505,991,-863,180,0,-261,650,997,-796,225
10/03/2026,10,22721,26322,21256,1918,6606,0,21504,0,957,3945,1505,990,-902,180,0,-296,625,996,-846,154
10/03/2026,11,23049,27190,21547,2000,6606,0,21504,0,409,4217,1469,955,-1073,180,0,-985,613,943,-1074,152
10/03/2026,12,23939,27749,22408,2081,6606,0,21504,0,19,4641,1464,952,-1080,176,0,-1022,634,934,-1089,30
10/03/2026,13,26034,29831,24387,2162,6606,0,21504,0,9,4683,1296,939,-1077,78,57,-1022,913,763,-1089,0
10/03/2026,14,27488,31376,25700,2242,6606,56,21504,0,4,4819,1284,933,-1070,-68,12,-1000,976,752,-1080,-66
10/03/2026,15,29805,32193,27813,2297,6606,579,21504,0,4,4579,1277,773,-411,-220,-62,-143,1350,759,-735,-213
10/03/2026,16,30669,33248,28594,2351,6606,1593,21504,0,4,4573,1274,767,-354,-372,-214,-60,1397,767,-617,-358
10/03/2026,17,31688,33520,29452,2436,6606,2224,21504,0,7,3919,976,978,809,-451,-285,885,1397,984,744,-489
10/03/2026,18,31251,33230,29052,2521,6606,3083,21504,0,7,4145,1004,991,1028,-451,-407,950,1397,998,899,-514
10/03/2026,19,30845,32937,28595,2716,6606,4316,21504,0,7,4218,1004,991,1042,-451,-521,995,1397,998,983,-513
10/03/2026,20,29616,31774,27354,2910,6606,5278,21504,0,64,3876,1005,991,1043,-452,-529,996,1397,998,989,-513
10/03/2026,21,28329,30518,26150,3006,6606,5813,21504,0,116,3530,1005,991,1022,-451,-509,638,1397,999,989,-513
10/03/2026,22,27019,28964,24980,3101,6606,6962,21504,0,9,4322,1005,991,1021,-422,-401,623,1397,997,985,-513
10/03/2026,23,26967,29005,24946,3204,6606,7556,21504,0,12,5002,998,991,662,-451,-462,669,1397,998,839,-513
10/03/2026,24,27148,29070,25134,3306,6606,7736,21504,0,8,5073,1005,991,644,-449,-351,666,1397,998,819,-514
10/03/2026,25,26918,28696,24888,3459,6606,7006,21504,0,110,5222,1005,991,194,-354,-200,146,1397,998,488,-514
10/03/2026,26,27070,28663,25064,3612,6606,6584,21504,0,129,5070,1283,991,172,-300,-50,122,1396,997,454,-514
10/03/2026,27,27501,28935,25556,3712,6606,6151,21504,0,125,5253,1504,991,2,-159,0,-46,1391,997,66,-504
10/03/2026,28,27591,28842,25678,3812,6606,5635,21504,0,125,5187,1505,991,0,-92,0,-52,1379,998,22,-382
10/03/2026,29,27998,29737,26177,3949,6606,4861,21504,0,69,5382,1505,991,-98,-19,0,-101,1229,997,-622,-230
10/03/2026,30,28553,30274,26745,4086,6606,4229,21504,0,68,5417,1504,991,-124,-70,0,-103,1180,998,-677,-79
10/03/2026,31,28706,31921,26864,4196,6606,3122,21504,0,142,5297,1505,991,-1016,37,37,-390,807,998,-1067,38
10/03/2026,32,29809,33140,27963,4305,6606,2382,21504,0,156,5468,1505,991,-1078,0,0,-402,743,997,-1095,134
10/03/2026,33,31094,34726,29119,4442,6606,1518,21504,0,161,5405,1505,991,-1077,0,0,-702,525,998,-1092,200
10/03/2026,34,32291,35931,30288,4578,6606,824,21504,0,156,5400,1498,991,-1078,0,0,-714,527,997,-1092,172
10/03/2026,35,33690,37327,31655,4670,6606,288,21504,0,154,5399,1166,967,-1077,0,0,-714,901,969,-1092,188
10/03/2026,36,34781,38420,32770,4762,6606,17,21504,0,155,5712,1128,955,-1078,0,0,-714,977,956,-1092,159
10/03/2026,37,35553,39191,33501,4883,6606,0,21504,0,154,5541,445,593,-1039,0,0,-753,1350,576,-1092,200
10/03/2026,38,35524,39146,33397,5004,6606,0,21504,0,155,5432,410,578,-1035,34,0,-740,1381,564,-1092,200
10/03/2026,39,35130,37601,33091,5116,6606,0,21504,0,164,5305,1199,932,-618,15,0,21,1182,971,-1089,199
10/03/2026,40,33968,36414,32067,5227,6606,0,21504,0,163,5574,1254,957,-599,112,9,65,1128,997,-1084,114
10/03/2026,41,32573,34992,30842,5323,6606,0,21504,0,165,5565,1490,990,-535,23,0,-168,755,997,-951,153
10/03/2026,42,31265,33687,29623,5418,6606,0,21504,0,165,5560,1499,989,-537,0,0,-178,679,994,-942,184
10/03/2026,43,29281,32528,27821,5474,6606,0,21504,0,174,5805,1220,892,-1042,-10,0,-456,306,905,-965,101
10/03/2026,44,27836,31078,26439,5530,6606,0,21504,0,171,5835,1189,878,-1035,68,0,-467,230,889,-969,219
10/03/2026,45,26077,29776,24790,5531,6606,0,21504,0,153,5887,640,606,-1023,212,60,-741,-146,563,-1036,300
10/03/2026,46,24508,28163,23292,5532,6606,0,21504,0,16,5656,598,580,-1023,161,5,-752,-222,536,-1042,300
10/03/2026,47,22844,27669,21675,5521,6606,0,21504,0,774,5613,402,336,-1014,49,-51,-697,-603,336,-1086,300
10/03/2026,48,22111,27142,21011,5509,6606,0,21504,0,943,5741,405,323,-1014,0,-9,-695,-681,326,-1089,300
11/03/2026,1,22498,27755,21274,5447,6606,0,21504,0,788,5818,1064,441,-1014,32,0,-697,-1069,445,-1089,300
11/03/2026,2,23328,28390,22174,5384,6606,0,21504,0,521,6301,1109,450,-1014,147,0,-698,-1140,459,-1089,300
11/03/2026,3,22886,28540,21742,5335,6606,0,21504,0,851,5857,1112,495,-1014,63,0,-683,-1417,694,-1089,300
11/03/2026,4,22190,28047,21217,5285,6606,0,21504,0,1020,5811,1115,500,-1014,69,0,-682,-1452,708,-1089,300
11/03/2026,5,22055,28232,21160,5240,6606,0,21504,0,1266,5945,1282,587,-1014,4,0,-755,-1453,658,-1089,300
11/03/2026,6,21747,27913,20936,5195,6606,0,21504,0,1252,5984,1294,593,-1013,0,0,-758,-1453,651,-1090,300
11/03/2026,7,21173,26989,20363,5054,6606,0,21504,0,1015,5992,1321,581,-1014,0,0,-642,-1453,515,-1092,300
11/03/2026,8,20833,26668,20071,4912,6606,0,21504,0,1038,5784,1315,577,-1014,0,0,-638,-1453,504,-1092,300
11/03/2026,9,20648,26568,19903,4845,6606,0,21504,0,1008,5848,959,469,-1013,0,0,-754,-1453,422,-1092,240
11/03/2026,10,20524,26410,19802,4777,6606,0,21504,0,970,6018,943,465,-1014,1,0,-758,-1453,418,-1091,270
11/03/2026,11,21097,26869,20358,4755,6606,0,21504,0,855,5975,1311,598,-1014,88,0,-805,-1453,432,-1045,234
11/03/2026,12,21664,27301,20891,4732,6606,0,21504,0,730,5938,1340,617,-1014,132,0,-805,-1453,446,-1035,88
11/03/2026,13,23825,28361,22836,4675,6606,0,21504,0,202,5710,1432,968,-1006,14,0,-443,-1453,914,-810,-22
11/03/2026,14,25677,30056,24604,4617,6606,55,21504,0,10,6056,1440,992,-1000,-49,0,-402,-1439,946,-722,-157
11/03/2026,15,27988,30649,26520,4533,6606,586,21504,0,15,5207,1498,991,-283,-199,0,518,-1262,993,521,-302
11/03/2026,16,28558,31395,27032,4449,6606,1934,21504,0,13,5812,1502,991,-222,-320,0,578,-1239,996,649,-443
11/03/2026,17,28690,31300,26942,4563,6606,3358,21504,0,13,5577,1502,991,294,-244,0,707,-1240,996,916,-513
11/03/2026,18,27830,30492,26037,4676,6606,4733,21504,0,13,5617,1502,991,342,-296,0,716,-1240,996,942,-513
11/03/2026,19,26908,29888,25122,4776,6606,6090,21504,0,109,5639,1502,992,-316,-193,-9,572,-1239,996,967,-514
11/03/2026,20,26338,29843,24635,4876,6606,7164,21504,0,504,5639,1502,991,-373,-186,-105,562,-1239,996,970,-498
11/03/2026,21,25296,29366,23585,4922,6606,7979,21504,0,1219,5471,1503,991,-569,-52,-22,363,-1239,997,970,-369
11/03/2026,22,24848,28835,23164,4967,6606,8472,21504,0,1264,5700,1503,991,-584,0,0,349,-1239,997,970,-300
11/03/2026,23,24494,28442,22696,4924,6606,8949,21504,0,1270,5609,1503,982,-538,0,0,373,-1239,997,940,-301
11/03/2026,24,24396,28327,22563,4881,6606,9553,21504,0,1259,5412,1503,982,-534,0,0,375,-1239,997,934,-299
11/03/2026,25,24105,28004,22393,4814,6606,10319,21504,0,1273,5552,1503,991,-442,-1,0,702,-1239,996,966,-344
11/03/2026,26,23487,27323,21866,4746,6606,9627,21504,0,1260,5563,1503,991,-436,-66,57,726,-1239,997,958,-235
11/03/2026,27,23328,26852,21783,4754,6606,9456,21504,0,1149,5716,1483,991,-447,-7,187,337,-1239,996,132,-82
11/03/2026,28,23199,26618,21620,4762,6606,8576,21504,0,1135,5722,1481,991,-450,-11,203,308,-1223,997,41,16
11/03/2026,29,23109,27573,21491,4747,6606,8387,21504,0,1080,5754,1501,991,-1010,0,203,560,-961,996,-813,127
11/03/2026,30,23402,27920,21801,4731,6606,7424,21504,0,1070,5701,1503,991,-1055,0,203,578,-899,996,-894,47
11/03/2026,31,24229,28228,22578,4566,6606,6342,21504,0,738,5561,1502,991,-1054,0,198,876,-515,997,-1074,-18
11/03/2026,32,25709,29049,23982,4401,6606,5331,21504,0,12,5543,1502,991,-1054,-11,89,878,-435,997,-1081,-147
11/03/2026,33,27987,30144,26074,4205,6606,3895,21504,0,6,5753,1504,991,-595,-107,1,-109,-61,997,-409,-270
11/03/2026,34,30070,32255,28033,4008,6606,2242,21504,0,6,5906,1504,991,-559,-178,0,-204,19,996,-342,-296
11/03/2026,35,32948,34543,30694,3841,6606,829,21504,0,3,5644,1503,992,-178,-319,0,261,391,996,-93,-402
11/03/2026,36,34411,35876,32225,3674,6606,109,21504,0,0,5743,1500,988,-149,-255,0,296,469,994,-47,-414
11/03/2026,37,35207,36375,33030,3628,6606,0,21504,0,0,5735,1182,748,-7,-147,0,297,840,855,908,-414
11/03/2026,38,35470,36623,33259,3581,6606,0,21504,0,0,5611,1152,725,0,-139,0,297,918,842,1006,-414
11/03/2026,39,35347,36586,33119,3684,6606,0,21504,0,0,5541,1416,687,182,-226,0,406,1290,880,1026,-413
11/03/2026,40,34852,36091,32765,3787,6606,0,21504,0,2,5429,1439,682,203,-266,0,414,1321,884,1028,-371
11/03/2026,41,33737,34910,31748,3956,6606,0,21504,0,77,5556,1481,651,126,-272,0,238,950,953,1071,-224
11/03/2026,42,32745,33594,30821,4125,6606,0,21504,0,2,5937,1483,643,120,-174,0,225,872,946,1068,-73
11/03/2026,43,30586,31436,28840,4255,6606,0,21504,0,3,6046,1324,315,-181,-32,-34,44,501,208,546,0
11/03/2026,44,28692,29582,27124,4385,6606,0,21504,0,81,5875,1305,282,-209,64,0,31,422,141,488,63
11/03/2026,45,26739,28388,25455,4443,6606,0,21504,0,8,6002,704,87,-573,208,8,-391,51,88,-77,203
11/03/2026,46,25285,27088,24117,4500,6606,0,21504,0,9,5877,646,71,-600,250,0,-422,-28,83,-144,230
11/03/2026,47,23699,27700,22644,4574,6606,0,21504,0,111,6079,436,180,-1034,243,0,-838,-403,85,-1015,230
11/03/2026,48,22959,27464,21895,4648,6606,0,21504,0,389,5904,417,193,-1069,231,44,-869,-482,89,-1096,230
12/03/2026,1,23173,27968,22168,4715,6606,0,21504,0,412,6151,349,348,-1021,250,177,-861,-865,285,-1036,230
12/03/2026,2,23732,28328,22747,4781,6606,0,21504,0,141,6426,343,370,-1017,250,203,-860,-947,304,-1031,230
12/03/2026,3,23496,28307,22510,4863,6606,0,21504,0,159,6467,570,817,-1022,250,203,-608,-1338,414,-1084,230
12/03/2026,4,22717,27848,21757,4945,6606,0,21504,0,430,6350,590,855,-1022,250,197,-590,-1399,424,-1090,230
12/03/2026,5,21856,27601,20979,5036,6606,0,21504,0,730,6530,636,648,-1075,250,193,-805,-1445,433,-1090,230
12/03/2026,6,21401,27290,20574,5127,6606,0,21504,0,846,6616,639,626,-1080,250,194,-821,-1453,431,-1089,230
12/03/2026,7,20972,26526,20098,5219,6606,0,21504,0,703,6401,486,433,-1019,250,193,-734,-1453,250,-1045,230
12/03/2026,8,20836,26360,19904,5311,6606,0,21504,0,699,6438,465,412,-1014,250,195,-727,-1453,234,-1031,230
12/03/2026,9,20620,26169,19730,5360,6606,0,21504,0,660,6674,-312,195,-1074,250,202,-883,-1453,262,-567,230
12/03/2026,10,20589,25998,19678,5408,6606,0,21504,0,457,6604,-403,161,-1079,250,203,-895,-1453,260,-522,230
12/03/2026,11,20602,26404,19731,5422,6606,0,21504,0,51,6715,-546,-726,-1032,250,203,-885,-1453,-76,-433,231
12/03/2026,12,21187,27016,20266,5436,6606,0,21504,0,13,6425,-554,-805,-1028,250,191,-883,-1428,-101,-417,230
12/03/2026,13,23667,27797,22542,5482,6606,0,21504,0,12,6092,69,-499,-980,250,70,-1003,-1036,79,55,230
12/03/2026,14,25523,29512,24248,5527,6606,96,21504,0,6,6156,150,-456,-963,249,75,-1010,-954,101,119,231
12/03/2026,15,28433,30166,26860,5596,6606,514,21504,0,6,5619,773,460,-162,158,56,-396,-569,442,1016,168
12/03/2026,16,28884,30402,27232,5664,6606,1038,21504,0,7,5437,837,553,-104,23,0,-318,-489,479,1114,29
12/03/2026,17,30336,31255,28434,5723,6606,1696,21504,0,11,4824,1445,954,352,-64,-50,810,-132,955,1231,-62
12/03/2026,18,30388,31474,28431,5781,6606,2176,21504,0,6,4445,1503,991,420,-184,-12,928,-76,997,1241,-208
12/03/2026,19,30408,31618,28217,5809,6606,2661,21504,0,60,3652,1503,991,1023,-182,0,1010,-15,996,1013,-353
12/03/2026,20,31045,32446,28802,5836,6606,2477,21504,0,124,3927,1503,991,1067,-193,0,1016,4,997,991,-484
12/03/2026,21,30826,32461,28561,5849,6606,2902,21504,0,377,4105,1503,991,1066,-186,0,1016,157,996,991,-472
12/03/2026,22,30552,32236,28392,5862,6606,2567,21504,0,239,4235,1503,991,1067,-335,0,1016,183,996,991,-510
12/03/2026,23,30798,32279,28582,5825,6606,2708,21504,0,27,4093,1503,991,1069,-399,0,880,238,996,991,-455
12/03/2026,24,31352,32856,29095,5787,6606,2891,21504,0,7,4294,1503,991,1069,-419,0,870,269,997,991,-478
12/03/2026,25,31710,33234,29372,5692,6606,2986,21504,0,4,4331,1503,991,1064,-451,-27,871,640,997,991,-442
12/03/2026,26,31769,33253,29477,5597,6606,2699,21504,0,10,4589,1503,991,1065,-451,-2,871,680,997,991,-421
12/03/2026,27,31706,33190,29494,5657,6606,2406,21504,0,12,4890,1503,991,1062,-436,0,870,445,997,991,-436
12/03/2026,28,31778,33110,29625,5716,6606,2163,21504,0,8,5018,1504,991,1063,-346,0,870,428,996,991,-378
12/03/2026,29,32013,33284,29809,5704,6606,1685,21504,0,11,5176,1502,991,1062,-304,0,851,712,996,991,-356
12/03/2026,30,32013,33221,29784,5691,6606,1201,21504,0,12,5175,1502,991,1062,-245,0,850,740,996,997,-351
12/03/2026,31,32224,33436,30031,5692,6606,954,21504,0,12,5233,1501,991,1068,-224,0,850,529,997,1388,-376
12/03/2026,32,32802,33984,30528,5693,6606,678,21504,0,10,5027,1501,992,1068,-150,0,850,521,997,1425,-422
12/03/2026,33,33424,34571,31008,5625,6606,407,21504,0,14,5229,1501,991,1068,-141,0,851,892,996,1424,-392
12/03/2026,34,34044,35448,31617,5556,6606,231,21504,0,12,5062,1501,992,1068,-291,0,851,970,997,1424,-501
12/03/2026,35,35386,36940,32841,5479,6606,81,21504,0,2,4565,1501,992,1066,-427,-12,987,1342,997,1424,-513
12/03/2026,36,36290,37845,33687,5402,6606,7,21504,0,0,4544,1501,991,1066,-442,0,996,1384,996,1424,-513
12/03/2026,37,36609,38171,33942,5368,6606,0,21504,0,0,4623,1501,992,1066,-448,0,997,1191,996,1424,-514
12/03/2026,38,36995,38552,34238,5333,6606,0,21504,0,5,4665,1501,992,1065,-439,0,997,1139,996,1424,-513
12/03/2026,39,35971,37563,33369,5217,6606,0,21504,0,10,4677,1501,992,1066,-451,-18,997,769,996,1424,-513
12/03/2026,40,34554,36268,32020,5100,6606,0,21504,0,10,4674,1501,992,1066,-451,-141,997,691,996,1424,-512
12/03/2026,41,33426,35296,30969,5064,6606,0,21504,0,170,4715,1501,992,1066,-451,-140,997,319,996,1424,-509
12/03/2026,42,32430,34306,30047,5027,6606,0,21504,0,301,4664,1501,992,1067,-436,-110,997,241,996,1424,-429
12/03/2026,43,30861,32620,28641,5046,6606,0,21504,0,358,4926,1501,992,676,-308,-6,977,-132,996,1427,-355
12/03/2026,44,29433,31587,27414,5065,6606,0,21504,0,759,5173,1500,990,646,-158,0,975,-211,992,1428,-426
12/03/2026,45,27541,30435,25743,5091,6606,0,21504,0,1220,5264,1235,884,461,-33,0,763,-589,695,1428,-452
12/03/2026,46,26571,29673,24871,5116,6606,0,21504,0,1512,5186,1209,872,438,0,0,744,-669,669,1417,-321
12/03/2026,47,24212,27933,22691,5068,6606,0,21504,0,1603,5359,795,738,-155,-11,0,114,-1056,650,694,-296
12/03/2026,48,23872,27690,22368,5020,6606,0,21504,0,1576,5475,753,726,-181,-109,0,64,-1120,647,625,-232
13/03/2026,1,24149,27307,22595,5009,6606,0,21504,0,1217,5601,422,776,94,-24,0,-12,-1224,600,642,-81
13/03/2026,2,24429,27707,22878,4998,6606,0,21504,0,1335,5535,390,780,111,0,0,-18,-1239,598,643,-86
13/03/2026,3,24179,27800,22716,5042,6606,0,21504,0,1294,5816,586,787,103,0,0,-308,-1239,651,313,-180
13/03/2026,4,23212,26951,21761,5086,6606,0,21504,0,1455,5770,603,781,102,0,0,-329,-1240,654,284,-115
13/03/2026,5,22787,26305,21461,5096,6606,0,21504,0,1077,5864,668,355,-233,0,0,-193,-1239,550,462,-176
13/03/2026,6,22333,26412,21019,5105,6606,0,21504,0,1535,5644,669,318,-269,0,0,-182,-1240,541,479,-253
13/03/2026,7,22260,26406,20929,5144,6606,0,21504,0,1550,5804,20,498,-381,0,0,277,-1240,529,453,-375
13/03/2026,8,22022,26184,20668,5183,6606,0,21504,0,1554,5663,-39,511,-390,0,0,311,-1239,526,447,-340
13/03/2026,9,21649,26129,20357,5179,6606,0,21504,0,1768,5718,-219,277,-345,0,0,153,-1239,426,229,-309
13/03/2026,10,21546,26112,20289,5175,6606,0,21504,0,1850,5936,-241,257,-338,-37,0,141,-1239,416,217,-261
13/03/2026,11,21647,25849,20435,5128,6606,0,21504,0,1587,6018,-475,366,-8,0,0,-178,-1239,378,797,-115
13/03/2026,12,22406,26631,21111,5081,6606,0,21504,0,1605,6010,-433,382,0,-14,0,-189,-1233,382,855,-151
13/03/2026,13,24721,28322,23189,4976,6606,0,21504,0,1298,5453,974,802,-95,-141,-30,658,-1137,860,977,-300
13/03/2026,14,26658,29855,24939,4871,6606,82,21504,0,793,5204,1205,843,-104,-244,-2,733,-1099,903,991,-355
13/03/2026,15,29306,31614,27206,4819,6606,607,21504,0,26,5072,1477,978,88,-390,-99,979,-712,989,992,-481
13/03/2026,16,30053,32392,27773,4766,6606,1527,21504,0,16,4964,1501,991,102,-452,-126,997,-631,997,991,-514
13/03/2026,17,30299,33030,27855,4713,6606,2528,21504,0,14,4857,1502,992,-708,-452,-190,997,-253,996,988,-514
13/03/2026,18,30323,33388,27791,4660,6606,3174,21504,0,14,4936,1501,992,-978,-451,-311,997,-198,996,988,-513
13/03/2026,19,30096,32929,27559,4641,6606,4454,21504,0,14,4920,1502,992,-756,-452,-279,904,-218,996,988,-514
13/03/2026,20,29486,32352,27009,4622,6606,5459,21504,0,12,4727,1502,992,-739,-452,-305,897,-244,997,988,-514
13/03/2026,21,28698,32123,26318,4643,6606,6161,21504,0,10,4537,1502,992,-833,-452,-393,990,-623,997,988,-514
13/03/2026,22,28126,31594,25850,4663,6606,7072,21504,0,10,4508,1502,992,-835,-452,-353,996,-704,996,988,-514
13/03/2026,23,27820,31130,25686,4589,6606,7543,21504,0,10,4651,1502,992,-328,-452,-380,1015,-1090,996,988,-450
13/03/2026,24,27578,30844,25410,4514,6606,7878,21504,0,15,4599,1502,992,-286,-451,-381,1016,-1127,996,988,-406
13/03/2026,25,27671,30626,25309,4435,6606,7795,21504,0,253,4163,1502,992,743,-451,-439,1016,-817,997,988,-395
13/03/2026,26,27313,30270,24958,4356,6606,7691,21504,0,284,3920,1502,992,984,-452,-479,1016,-752,996,988,-390
13/03/2026,27,27261,29965,25072,4287,6606,7365,21504,0,279,4250,1502,991,1002,-451,-530,1016,-449,996,988,-395
13/03/2026,28,27377,29745,25236,4217,6606,6747,21504,0,35,4217,1502,991,1002,-452,-511,1016,-381,997,988,-389
13/03/2026,29,27293,29126,25125,4088,6606,6138,21504,0,8,4210,1502,991,512,-413,-383,998,-7,997,988,-422
13/03/2026,30,27668,29428,25501,3958,6606,5631,21504,0,8,4191,1502,991,452,-451,-332,996,73,997,983,-369
13/03/2026,31,27556,29965,25414,3747,6606,4652,21504,0,8,3948,1502,991,-646,-452,-281,959,443,996,618,-422
13/03/2026,32,29003,31432,26742,3536,6606,4061,21504,0,8,3686,1502,991,-826,-438,-130,953,521,996,572,-427
13/03/2026,33,30604,33036,28327,3223,6606,3072,21504,0,10,3895,1503,991,-1006,-340,-10,367,892,996,-128,-338
13/03/2026,34,32282,35005,29863,2910,6606,2000,21504,0,10,3350,1503,991,-1013,-428,-39,317,971,997,-190,-443
13/03/2026,35,34302,37167,31719,2684,6606,967,21504,0,4,2947,1504,991,-804,-452,-143,-349,1342,980,146,-513
13/03/2026,36,35421,38462,32855,2457,6606,148,21504,0,3,3164,1502,991,-777,-452,-294,-401,1397,978,184,-514
13/03/2026,37,36677,38897,33985,2317,6606,0,21504,0,7,3237,1334,956,-280,-449,-371,138,1397,932,565,-513
13/03/2026,38,36995,39305,34235,2177,6606,0,21504,0,1,3646,1319,952,-241,-451,-503,178,1397,928,607,-514
13/03/2026,39,36771,38867,33951,2162,6606,0,21504,0,1,3535,1401,923,603,-451,-530,358,1397,964,955,-514
13/03/2026,40,36146,38244,33409,2147,6606,0,21504,0,3,3516,1410,921,762,-451,-530,371,1397,967,988,-514
13/03/2026,41,35116,37213,32354,2065,6606,0,21504,0,3,3315,1451,944,917,-451,-530,522,1397,910,955,-513
13/03/2026,42,33879,35977,31195,1982,6606,0,21504,0,3,3212,1454,947,929,-451,-530,533,1397,906,952,-514
13/03/2026,43,32643,34744,30071,1924,6606,0,21504,0,6,3499,1498,987,959,-451,-531,800,1397,969,984,-513
13/03/2026,44,31580,33680,29106,1866,6606,0,21504,0,5,3445,1502,991,962,-451,-531,820,1397,974,988,-513
13/03/2026,45,30349,32390,28009,1795,6606,0,21504,0,8,3315,1470,990,902,-451,-469,715,1397,911,987,-513
13/03/2026,46,28664,30592,26373,1723,6606,0,21504,0,8,2915,1467,990,897,-451,-355,707,1397,906,986,-514
13/03/2026,47,27376,29266,25170,1744,6606,0,21504,0,8,3171,1407,991,599,-414,-354,836,1397,989,867,-514
13/03/2026,48,26569,28535,24313,1765,6606,0,21504,0,8,3262,1403,991,576,-401,-443,845,1397,997,857,-514
14/03/2026,1,26777,28653,24554,1742,6606,0,21504,0,7,3359,1493,992,853,-401,-355,987,1397,997,975,-513
14/03/2026,2,27387,29091,25176,1718,6606,0,21504,0,5,3285,1502,992,876,-365,-220,997,1397,997,987,-514
14/03/2026,3,26828,28591,24774,1750,6606,0,21504,0,5,3153,1502,991,990,-361,-283,997,1397,997,987,-514
14/03/2026,4,26320,28017,24370,1781,6606,0,21504,0,5,3068,1502,992,999,-361,-217,997,1397,997,987,-514
14/03/2026,5,25743,27485,23823,1742,6606,0,21504,0,5,3030,1502,992,964,-361,-262,997,1397,997,987,-514
14/03/2026,6,25312,27154,23364,1702,6606,0,21504,0,5,2939,1503,992,962,-362,-361,997,1397,997,987,-514
14/03/2026,7,24482,26381,22535,1678,6606,0,21504,0,144,2403,1503,992,773,-362,-280,887,1397,997,987,-513
14/03/2026,8,24195,26110,22426,1653,6606,0,21504,0,185,2516,1503,992,757,-342,-274,879,1397,997,982,-514
14/03/2026,9,23966,25889,22164,1585,6606,0,21504,0,185,2693,1503,992,658,-341,-283,804,1397,997,674,-514
14/03/2026,10,23993,25908,22035,1517,6606,0,21504,0,186,2487,1503,992,651,-341,-274,798,1397,997,645,-514
14/03/2026,11,23767,25497,21734,1471,6606,0,21504,0,52,2136,1503,992,750,-342,-222,983,1397,997,747,-514
14/03/2026,12,23910,25575,21855,1425,6606,0,21504,0,6,2134,1503,992,757,-342,-203,997,1397,998,760,-514
14/03/2026,13,24714,26363,22588,1370,6606,0,21504,0,6,1942,1502,992,882,-371,-158,997,1397,997,906,-514
14/03/2026,14,25272,26881,23138,1315,6606,227,21504,0,6,2248,1502,992,892,-373,-116,997,1397,996,920,-514
14/03/2026,15,25981,27803,23681,1275,6606,1411,21504,0,6,2041,1502,992,997,-439,-263,997,1397,997,982,-514
14/03/2026,16,25844,27738,23485,1235,6606,3138,21504,0,7,2007,1502,991,1002,-451,-322,997,1397,997,987,-514
14/03/2026,17,25534,27568,23098,1128,6606,4995,21504,0,8,1997,1503,991,1002,-452,-460,625,1397,997,856,-514
14/03/2026,18,24918,27021,22341,1020,6606,6637,21504,0,8,1773,1503,991,1002,-452,-529,597,1397,997,842,-514
14/03/2026,19,23970,25976,21300,1046,6606,8171,21504,0,8,1750,1503,991,881,-452,-432,480,1397,997,772,-514
14/03/2026,20,22920,24814,20286,1071,6606,9501,21504,0,7,1569,1503,991,868,-451,-322,471,1397,997,765,-514
14/03/2026,21,22153,23995,19563,1135,6606,10524,21504,0,89,1672,1503,991,769,-452,-187,433,1397,998,735,-514
14/03/2026,22,21332,23284,18881,1198,6606,11009,21504,0,210,1685,1504,991,761,-452,-176,430,1397,998,728,-514
14/03/2026,23,20538,22171,18171,1279,6606,11201,21504,0,11,1695,1504,991,538,-451,-57,316,1397,997,441,-514
14/03/2026,24,20365,22056,18111,1359,6606,11692,21504,0,11,1663,1504,991,521,-452,-114,307,1397,997,414,-514
14/03/2026,25,20110,21724,18070,1292,6606,11667,21504,0,11,1676,1503,991,416,-452,-37,351,1397,996,394,-514
14/03/2026,26,20067,21639,18045,1224,6606,10661,21504,0,7,1790,1503,991,408,-451,0,354,1397,997,392,-514
14/03/2026,27,20553,22122,18090,1224,6606,10316,21504,0,5,1810,1504,992,707,-450,0,260,1397,997,405,-514
14/03/2026,28,21273,22824,18993,1223,6606,9608,21504,0,4,2176,1503,992,729,-433,0,255,1391,997,401,-514
14/03/2026,29,21773,23260,19475,1281,6606,9225,21504,0,4,2259,1503,992,963,-350,0,836,1290,997,-19,-514
14/03/2026,30,22175,23782,20035,1338,6606,8159,21504,0,4,2311,1503,992,981,-417,0,881,1282,997,-72,-514
14/03/2026,31,23042,25486,21011,1297,6606,6912,21504,0,4,2533,1503,992,833,-386,-23,771,1382,997,-917,-514
14/03/2026,32,24210,26923,22107,1255,6606,5530,21504,0,4,1925,1503,992,802,-450,-161,764,1397,996,-993,-505
14/03/2026,33,26087,28828,23742,1146,6606,4329,21504,0,10,1745,1503,992,128,-452,-313,492,1397,997,-854,-512
14/03/2026,34,28608,31438,26047,1036,6606,2640,21504,0,10,1674,1503,992,102,-452,-426,472,1397,997,-828,-514
14/03/2026,35,31203,33460,28352,954,6606,1082,21504,0,4,1189,1502,992,-163,-452,-525,429,1397,997,19,-513
14/03/2026,36,32925,35213,30000,872,6606,192,21504,0,4,1651,1502,992,-188,-452,-530,426,1397,997,103,-514
14/03/2026,37,34472,36571,31341,839,6606,0,21504,0,3,1764,1503,992,387,-452,-530,264,1397,998,460,-514
14/03/2026,38,34836,36936,31611,806,6606,0,21504,0,3,1744,1503,992,464,-452,-531,257,1397,998,497,-514
14/03/2026,39,35019,37119,31906,826,6606,0,21504,0,3,1713,1502,992,909,-452,-531,941,1397,997,708,-514
14/03/2026,40,34252,36351,31141,845,6606,0,21504,0,3,1608,1502,992,943,-452,-530,997,1397,997,725,-514
14/03/2026,41,33412,35517,30357,854,6606,0,21504,0,5,1718,1503,987,721,-452,-530,737,1397,997,485,-518
14/03/2026,42,32541,34651,29570,862,6606,0,21504,0,14,1694,1503,986,704,-452,-530,718,1397,998,457,-514
14/03/2026,43,31385,33497,28561,905,6606,0,21504,0,16,1821,1452,902,288,-452,-530,759,1397,998,182,-514
14/03/2026,44,30407,32485,27807,947,6606,0,21504,0,16,2148,1448,895,256,-436,-512,762,1397,996,157,-514
14/03/2026,45,28532,30313,26171,969,6606,0,21504,0,17,2202,1439,962,432,-308,-380,375,1397,913,182,-476
14/03/2026,46,27612,28990,25363,991,6606,0,21504,0,16,2614,1438,968,445,-157,-228,346,1397,906,188,-377
14/03/2026,47,26939,28321,23957,1111,6606,0,21504,0,168,1996,1418,963,665,-135,-98,343,1397,931,343,-381
14/03/2026,48,25759,27023,22874,1231,6606,0,21504,0,16,2180,1416,962,682,-144,-2,343,1397,934,361,-502
15/03/2026,1,25012,26160,23063,1375,6606,0,21504,0,14,3286,1353,989,564,5,-21,336,1397,974,588,-513
15/03/2026,2,25742,26783,23841,1519,6606,0,21504,0,14,3453,1348,991,556,136,0,335,1397,978,606,-427
15/03/2026,3,25382,26282,23547,1643,6606,0,21504,0,15,3492,1480,991,877,155,0,508,1397,995,347,-285
15/03/2026,4,24713,25465,22977,1766,6606,0,21504,0,15,3597,1493,991,900,155,65,521,1397,997,318,-137
15/03/2026,5,23950,24578,22174,1904,6606,0,21504,0,16,3708,1502,991,314,155,190,313,1397,997,64,-12
15/03/2026,6,23297,24160,21360,2041,6606,0,21504,0,263,3829,1504,991,264,155,203,297,1397,997,36,63
15/03/2026,7,22528,23530,20852,2224,6606,0,21504,0,28,4486,1505,992,-294,155,203,124,1397,998,-80,171
15/03/2026,8,21764,23034,20369,2407,6606,0,21504,0,219,4777,1504,992,-348,155,202,110,1375,997,-103,186
15/03/2026,9,20743,23694,19652,2664,6606,0,21504,0,250,4853,1506,979,-914,155,203,-426,1034,998,-761,200
15/03/2026,10,20769,23946,19570,2921,6606,0,21504,0,325,4888,1500,976,-959,155,203,-468,960,995,-825,125
15/03/2026,11,19685,23669,18937,3237,6606,0,21504,0,328,5284,985,882,-1005,155,202,-983,590,859,-1068,165
15/03/2026,12,19576,23629,19065,3553,6606,0,21504,0,329,5455,933,866,-1010,155,203,-1022,512,846,-1092,170
15/03/2026,13,19665,23679,19227,3798,6606,0,21504,0,287,5400,721,352,-1013,155,203,-1022,141,758,-1092,196
15/03/2026,14,20163,24076,19486,4043,6606,190,21504,0,185,5158,706,313,-1014,91,203,-1022,82,750,-1092,200
15/03/2026,15,20584,25181,19861,4195,6606,1107,21504,0,966,5146,1166,854,-917,1,203,-1022,7,788,-1092,200
15/03/2026,16,20503,25133,19759,4347,6606,2384,21504,0,982,5120,1212,906,-906,0,202,-1022,-28,795,-1092,200
15/03/2026,17,20555,25317,19737,4395,6606,3702,21504,0,916,5016,1482,984,-888,0,203,-863,-403,981,-1092,200
15/03/2026,18,20684,25514,19789,4443,6606,4650,21504,0,916,5218,1507,991,-886,0,202,-850,-483,997,-1095,201
15/03/2026,19,21064,25305,19981,4579,6606,5755,21504,0,856,5018,1505,991,-545,0,203,-278,-866,996,-1096,200
15/03/2026,20,21011,25135,19810,4715,6606,6710,21504,0,762,4690,1504,991,-504,0,203,-235,-931,997,-1092,200
15/03/2026,21,21077,24348,19693,4831,6606,7243,21504,0,761,4253,1503,991,143,0,198,130,-1070,996,-840,196
15/03/2026,22,20868,24101,19417,4947,6606,7696,21504,0,749,4064,1502,991,167,0,90,156,-1069,996,-815,68
15/03/2026,23,21268,24087,19910,5033,6606,7469,21504,0,750,3959,1219,974,106,0,0,171,-730,979,-710,-29
15/03/2026,24,21917,24643,20495,5119,6606,6910,21504,0,752,4008,1193,972,102,0,0,172,-675,977,-699,20
15/03/2026,25,23015,25714,21748,5124,6606,6377,21504,0,740,4415,1268,972,-110,0,0,60,-609,994,-640,68
15/03/2026,26,23946,26649,22628,5129,6606,5913,21504,0,739,4693,1277,972,-128,0,0,52,-600,997,-636,129
15/03/2026,27,25128,27838,23824,5116,6606,4431,21504,0,739,5303,1450,990,227,0,0,177,-598,996,-773,124
15/03/2026,28,25820,28531,24507,5102,6606,3494,21504,0,736,4873,1468,992,264,0,0,186,-588,997,-787,215
15/03/2026,29,26558,29114,25202,5078,6606,3146,21504,0,741,4971,1499,991,548,38,0,465,-428,996,-787,250
15/03/2026,30,26638,29045,25272,5053,6606,2790,21504,0,641,4741,1503,992,569,1,0,485,-381,996,-785,250
15/03/2026,31,26924,28517,25473,4986,6606,2703,21504,0,327,4802,1503,991,378,8,0,198,-6,996,-660,250
15/03/2026,32,27933,29206,26696,4919,6606,2423,21504,0,36,5629,1503,992,360,228,0,178,73,996,-637,250
15/03/2026,33,29012,29711,27461,4869,6606,1973,21504,0,12,5171,1502,992,-87,237,54,660,443,996,129,227
15/03/2026,34,29870,30586,28221,4819,6606,1411,21504,0,12,5267,1502,992,-104,88,14,697,521,996,211,90
15/03/2026,35,31164,31817,29279,4691,6606,726,21504,0,9,4991,1438,982,216,-30,0,494,892,985,869,-14
15/03/2026,36,32089,32983,30034,4563,6606,171,21504,0,9,4748,1428,982,251,-143,0,479,970,984,937,-142
15/03/2026,37,32748,33844,30699,4377,6606,0,21504,0,9,4762,1080,968,392,-200,0,306,1342,994,1366,-287
15/03/2026,38,33180,34450,31091,4190,6606,0,21504,0,10,5155,1047,967,403,-228,0,297,1380,996,1407,-432
15/03/2026,39,33291,34728,31037,4143,6606,0,21504,0,8,4745,1462,990,498,-316,0,945,1107,996,1423,-513
15/03/2026,40,32523,33980,30261,4096,6606,0,21504,0,5,4646,1501,992,502,-339,0,997,1043,996,1424,-513
15/03/2026,41,31472,32861,29228,4109,6606,0,21504,0,10,4525,1501,983,468,-265,0,993,672,995,1425,-514
15/03/2026,42,30643,32070,28447,4121,6606,0,21504,0,11,4536,1501,982,455,-303,0,993,594,995,1421,-513
15/03/2026,43,29205,30798,27143,4158,6606,0,21504,0,9,4831,1484,969,-336,-184,0,607,224,979,1138,-464
15/03/2026,44,28433,30086,26464,4195,6606,0,21504,0,49,4752,1481,968,-398,-198,0,569,146,969,1100,-408
15/03/2026,45,26400,28741,24668,4179,6606,0,21504,0,370,4779,1338,951,-506,-74,0,-240,-230,568,600,-321
15/03/2026,46,25271,28116,23730,4162,6606,0,21504,0,818,5170,1323,945,-510,0,0,-311,-309,532,544,-297
15/03/2026,47,24239,27331,22722,4166,6606,0,21504,0,844,5022,1361,681,-508,0,0,-109,-690,522,43,-341
15/03/2026,48,23614,26767,22094,4169,6606,0,21504,0,842,4894,1363,656,-508,0,0,-94,-770,522,1,-339
16/03/2026,1,23742,27031,22196,4167,6606,0,21504,0,731,4742,1212,662,-377,0,0,17,-1157,629,275,-424
16/03/2026,2,24286,27540,22720,4164,6606,0,21504,0,744,4737,1197,664,-363,0,0,25,-1216,639,297,-331
16/03/2026,3,24144,27740,22666,4119,6606,0,21504,0,820,5045,1316,756,-294,0,0,207,-1236,621,-236,-410
16/03/2026,4,23304,27200,21926,4073,6606,0,21504,0,991,4855,1328,765,-287,-11,0,220,-1239,619,-281,-487
16/03/2026,5,22790,26437,21427,3989,6606,0,21504,0,777,4642,1419,737,-297,-117,0,-105,-1239,583,20,-512
16/03/2026,6,22831,26393,21495,3905,6606,0,21504,0,711,4672,1429,737,-298,-73,0,-128,-1239,581,39,-513
16/03/2026,7,22359,26625,21179,3810,6606,0,21504,0,692,4843,1428,903,-443,-121,0,-122,-1240,715,-535,-513
16/03/2026,8,22048,26253,20868,3714,6606,0,21504,0,575,4732,1425,919,-455,-162,0,-122,-1240,723,-589,-462
16/03/2026,9,21548,26350,20461,3679,6606,0,21504,0,595,5067,1082,919,-852,-28,0,-598,-1240,495,-573,-316
16/03/2026,10,21496,26223,20282,3643,6606,0,21504,0,456,4980,1046,911,-884,0,0,-634,-1238,475,-565,-350
16/03/2026,11,22084,26087,20793,3603,6606,0,21504,0,387,5113,761,380,-584,0,0,-699,-1198,500,-174,-361
16/03/2026,12,22899,26750,21588,3563,6606,0,21504,0,286,5427,736,334,-561,-13,-14,-694,-1167,501,-134,-382
16/03/2026,13,25642,27843,24117,3512,6606,1,21504,0,58,5114,1146,549,-181,-140,-141,108,-779,409,64,-302
16/03/2026,14,27489,29950,25777,3460,6606,134,21504,0,15,5044,1185,575,-152,-292,-293,185,-698,410,92,-411
16/03/2026,15,30017,32327,27982,3419,6606,651,21504,0,10,4516,1456,956,70,-428,-443,933,-318,949,711,-511
16/03/2026,16,31277,33633,29026,3378,6606,1423,21504,0,11,4368,1481,992,112,-452,-531,997,-249,996,768,-513
16/03/2026,17,32278,34418,29952,3402,6606,2289,21504,0,9,4463,1500,992,926,-451,-531,997,-36,996,729,-513
16/03/2026,18,32249,34359,29776,3426,6606,3296,21504,0,13,4474,1501,992,1002,-451,-531,997,4,997,728,-515
16/03/2026,19,31905,34013,29276,3419,6606,4566,21504,0,13,4443,1501,992,1002,-451,-531,1015,124,997,966,-513
16/03/2026,20,31270,33375,28748,3412,6606,4962,21504,0,15,4591,1501,992,1002,-451,-526,1016,118,996,989,-513
16/03/2026,21,31164,33411,28750,3531,6606,5037,21504,0,7,4447,1501,992,1002,-451,-419,1016,-257,997,989,-513
16/03/2026,22,30959,33066,28606,3649,6606,5246,21504,0,12,4424,1501,992,1003,-397,-268,1016,-302,997,989,-528
16/03/2026,23,30849,32520,28459,3695,6606,5669,21504,0,14,4202,1501,992,1002,-358,-117,1016,-131,996,989,-451
16/03/2026,24,30881,32090,28520,3741,6606,5205,21504,0,13,4114,1502,992,1001,-210,-5,1016,-82,997,989,-299
16/03/2026,25,31089,31970,28891,3696,6606,5125,21504,0,12,4189,1501,992,1002,-121,0,1016,291,997,989,-148
16/03/2026,26,31621,32309,29375,3651,6606,4731,21504,0,12,4237,1502,992,1001,-76,0,1016,370,997,989,1
16/03/2026,27,31877,32567,29779,3596,6606,3460,21504,0,11,4346,1502,992,1001,-79,0,1016,740,997,989,114
16/03/2026,28,32407,33025,30218,3541,6606,3072,21504,0,10,4257,1499,992,1002,-8,0,1016,818,997,989,200
16/03/2026,29,32746,33356,30572,3476,6606,2758,21504,0,10,4570,1046,992,1001,0,0,998,1189,997,989,200
16/03/2026,30,32899,33509,30730,3410,6606,2369,21504,0,10,4805,1004,992,1002,0,0,996,1252,997,989,200
16/03/2026,31,33339,33948,31218,3373,6606,2063,21504,0,9,4995,1004,992,1002,0,0,996,1378,997,1015,200
16/03/2026,32,34250,34857,32138,3335,6606,1572,21504,0,7,5173,1017,992,903,0,0,983,1397,997,985,130
16/03/2026,33,34646,35844,32536,3404,6606,1192,21504,0,4,5255,1882,992,-494,-12,0,108,1397,997,-88,4
16/03/2026,34,35662,37228,33472,3472,6606,729,21504,0,7,5102,2000,986,-606,-71,0,26,1397,995,-219,-63
16/03/2026,35,36018,38671,33731,3554,6606,348,21504,0,6,5354,1576,628,-710,54,0,-602,1397,939,-735,38
16/03/2026,36,37112,39861,34853,3636,6606,109,21504,0,2,5249,1484,593,-718,28,0,-652,1397,924,-777,35
16/03/2026,37,37259,39228,34980,3723,6606,0,21504,0,1,5305,101,462,-649,114,0,-383,1397,337,-303,-33
16/03/2026,38,36712,38800,33912,3809,6606,0,21504,0,1,5144,-50,453,-644,26,55,-364,1397,287,-257,-172
16/03/2026,39,36548,39044,34288,3896,6606,0,21504,0,1,5439,815,678,-841,-64,14,-491,1397,332,-181,-318
16/03/2026,40,35734,38352,33627,3982,6606,0,21504,0,1,5604,925,698,-856,-147,0,-500,1374,337,-178,-336
16/03/2026,41,34273,37196,32260,4043,6606,0,21504,0,7,5595,998,610,-880,-122,0,-642,1002,378,-433,-239
16/03/2026,42,33294,36137,31245,4104,6606,0,21504,0,7,5504,1007,606,-882,-165,0,-652,924,382,-455,-82
16/03/2026,43,31492,33870,29753,4146,6606,0,21504,0,7,5756,1571,839,-735,-53,1,-654,553,382,-329,15
16/03/2026,44,29838,32148,28231,4187,6606,0,21504,0,7,5862,1626,861,-724,64,71,-654,474,382,-325,143
16/03/2026,45,27810,30831,26301,4177,6606,0,21504,0,6,5814,1597,892,-895,192,8,-655,104,415,-865,227
16/03/2026,46,26311,29400,24827,4167,6606,0,21504,0,6,5856,1593,891,-909,263,0,-656,27,416,-918,228
16/03/2026,47,24455,28605,23009,4163,6606,0,21504,0,362,5805,1182,639,-981,246,0,-796,-335,188,-1076,230
16/03/2026,48,23670,28227,22236,4158,6606,0,21504,0,660,5744,1145,618,-990,272,0,-806,-411,175,-1090,230
17/03/2026,1,23906,29010,22661,4140,6606,0,21504,0,994,5939,1558,759,-966,295,64,-708,-776,588,-1060,230
17/03/2026,2,24150,29201,23150,4121,6606,0,21504,0,875,5987,1598,774,-964,295,171,-701,-854,626,-1057,230
17/03/2026,3,23723,29430,22772,4125,6606,0,21504,0,1015,5885,1856,929,-1011,295,177,-750,-1244,719,-1087,230
17/03/2026,4,23100,28880,22300,4128,6606,0,21504,0,1013,6196,1880,944,-1013,295,182,-754,-1310,731,-1090,230
17/03/2026,5,23037,29048,22140,4155,6606,0,21504,0,1024,6108,1926,988,-1013,295,184,-850,-1434,975,-1090,230
17/03/2026,6,22767,28790,21961,4181,6606,0,21504,0,1014,6152,1930,992,-1013,295,184,-857,-1449,994,-1090,230
17/03/2026,7,22027,28006,21260,4205,6606,0,21504,0,1017,6121,1947,983,-1012,295,184,-857,-1403,816,-1090,230
17/03/2026,8,21856,27806,21072,4229,6606,0,21504,0,1012,6034,1947,978,-1020,295,184,-856,-1372,794,-1090,230
17/03/2026,9,21503,27130,20846,4267,6606,0,21504,0,933,6296,1674,655,-1013,295,183,-1010,-981,402,-1090,230
17/03/2026,10,21562,27186,20749,4304,6606,0,21504,0,1001,6311,1639,622,-1013,295,185,-1021,-899,360,-1090,230
17/03/2026,11,21574,26784,20698,4305,6606,0,21504,0,874,6315,774,400,-1014,295,184,-1022,-515,-91,-1094,202
17/03/2026,12,22493,27063,21506,4306,6606,0,21504,0,277,5870,684,373,-1014,295,185,-1022,-435,-128,-1094,230
17/03/2026,13,23878,27755,22943,4269,6606,0,21504,0,39,5773,405,-52,-1012,295,184,-1021,-60,83,-1093,230
17/03/2026,14,25678,29495,24623,4232,6606,122,21504,0,12,5678,404,-81,-1013,295,185,-1022,20,110,-1089,230
17/03/2026,15,28581,32119,27239,4179,6606,717,21504,0,11,5545,1509,589,-999,295,184,-953,391,614,-975,230
17/03/2026,16,29643,33147,28005,4126,6606,1614,21504,0,7,5295,1640,656,-998,295,185,-942,424,663,-957,230
17/03/2026,17,30496,32178,28729,4185,6606,2654,21504,0,10,5127,1970,963,-396,293,183,-193,72,969,-483,230
17/03/2026,18,29871,31378,28112,4244,6606,3965,21504,0,13,5237,2002,991,-317,220,115,-131,-4,996,-442,230
17/03/2026,19,28951,30914,27275,4319,6606,5460,21504,0,11,5617,2002,991,-309,254,5,200,-379,996,-664,230
17/03/2026,20,27658,29785,25886,4393,6606,6943,21504,0,28,5413,2002,992,-351,123,0,224,-458,996,-690,230
17/03/2026,21,25954,29884,24252,4457,6606,7974,21504,0,463,5669,2002,992,-962,8,0,-6,-841,996,-1058,230
17/03/2026,22,25149,29545,23430,4521,6606,9183,21504,0,797,5648,2002,992,-967,0,0,-23,-915,996,-1094,230
17/03/2026,23,23902,28602,22197,4546,6606,10356,21504,0,822,5980,2002,992,-964,0,0,-23,-1197,996,-1094,230
17/03/2026,24,23192,27913,21411,4571,6606,11607,21504,0,800,5801,2003,992,-965,0,0,-23,-1239,997,-1094,202
17/03/2026,25,22230,27107,20424,4553,6606,12285,21504,0,865,5526,2003,992,-1011,41,0,-68,-1239,997,-1094,91
17/03/2026,26,21794,26659,20044,4534,6606,12351,21504,0,856,5492,2002,992,-1012,2,0,-82,-1221,997,-1094,0
17/03/2026,27,20953,26419,19198,4536,6606,11881,21504,0,851,5548,2006,992,-1012,0,0,-897,-939,997,-1094,-73
17/03/2026,28,20759,26319,18968,4537,6606,11469,21504,0,844,5666,2007,992,-1013,0,0,-968,-873,997,-1094,-168
17/03/2026,29,21135,26502,19369,4529,6606,10558,21504,0,842,5545,2006,992,-1014,-53,0,-1006,-490,997,-1094,-268
17/03/2026,30,21684,27013,20004,4520,6606,9331,21504,0,769,5883,2007,992,-1014,-16,0,-1009,-410,997,-1094,-417
17/03/2026,31,22472,27352,20879,4477,6606,7961,21504,0,521,5855,2007,992,-1013,-84,0,-1020,-36,997,-1094,-512
17/03/2026,32,24258,28628,22675,4434,6606,6434,21504,0,108,5950,2006,992,-1014,-21,0,-1021,44,997,-1094,-512
17/03/2026,33,26692,31165,24767,4325,6606,4779,21504,0,174,5571,2006,992,-1013,-110,0,-1021,415,997,-1094,-461
17/03/2026,34,28907,33132,26928,4215,6606,3065,21504,0,169,6098,2006,992,-1013,-24,0,-1022,494,997,-1083,-314
17/03/2026,35,30618,34385,29127,4132,6606,1452,21504,0,165,5794,2006,992,-1013,-5,0,-1021,864,997,-619,-344
17/03/2026,36,32966,36866,30726,4048,6606,283,21504,0,144,5370,2004,991,-1013,-115,0,-1021,942,997,-571,-436
17/03/2026,37,33485,37111,31353,3972,6606,2,21504,0,1,5050,1590,910,-902,-261,-55,-820,1313,988,-474,-513
17/03/2026,38,34657,37943,32346,3895,6606,0,21504,0,1,5023,1553,903,-817,-269,-206,-791,1369,987,-88,-514
17/03/2026,39,35453,37327,33158,3841,6606,0,21504,0,4,4877,1965,985,202,-399,-357,111,1394,996,573,-514
17/03/2026,40,34671,36743,32557,3786,6606,0,21504,0,9,5009,2004,992,236,-451,-498,192,1397,997,860,-514
17/03/2026,41,33492,36033,31510,3685,6606,0,21504,0,11,4567,2004,992,-436,-452,-528,229,1397,997,887,-514
17/03/2026,42,32404,35037,30441,3584,6606,0,21504,0,13,4168,2003,992,-527,-451,-528,233,1397,996,1060,-514
17/03/2026,43,31220,34192,29340,3479,6606,0,21504,0,6,4103,2002,992,-871,-452,-529,658,1397,996,907,-514
17/03/2026,44,29790,32792,27897,3374,6606,0,21504,0,10,4085,2001,992,-898,-451,-529,690,1396,995,860,-514
17/03/2026,45,28443,31342,26758,3210,6606,0,21504,0,9,3985,2001,992,-795,-452,-529,705,1381,995,860,-514
17/03/2026,46,26668,29934,25056,3046,6606,0,21504,0,436,3836,2001,992,-734,-452,-530,706,1356,995,785,-514
17/03/2026,47,25552,28113,23907,2857,6606,0,21504,0,473,3763,2001,992,-9,-451,-515,780,984,996,560,-513
17/03/2026,48,24834,27172,23199,2667,6606,0,21504,0,243,3170,2001,992,0,-452,-529,786,908,995,560,-514
18/03/2026,1,25203,27597,23505,2500,6606,0,21504,0,308,3309,2000,992,712,-451,-522,982,562,996,832,-513
18/03/2026,2,25425,27627,23723,2333,6606,0,21504,0,194,3075,2001,992,920,-452,-419,997,534,996,928,-537
18/03/2026,3,25462,27570,23805,2136,6606,0,21504,0,141,3051,2001,992,996,-452,-401,997,904,996,980,-514
18/03/2026,4,24873,26918,23172,1938,6606,0,21504,0,127,2801,2001,992,1002,-452,-353,997,976,996,980,-513
18/03/2026,5,24645,26807,22873,1781,6606,0,21504,0,125,2523,2001,992,1003,-452,-471,997,1243,996,980,-514
18/03/2026,6,23995,26124,22114,1623,6606,0,21504,0,124,2165,2000,992,1002,-451,-440,997,1285,996,980,-514
18/03/2026,7,23856,25879,21912,1436,6606,0,21504,0,20,2108,2001,992,818,-452,-437,998,1334,996,980,-514
18/03/2026,8,23344,25323,21277,1249,6606,0,21504,0,10,1633,2000,992,801,-451,-404,997,1343,995,980,-514
18/03/2026,9,23235,25187,21075,1113,6606,0,21504,0,10,1507,2001,992,268,-452,-376,997,1390,996,980,-514
18/03/2026,10,23332,25208,21116,976,6606,0,21504,0,10,1280,2001,992,225,-452,-300,997,1397,996,980,-514
18/03/2026,11,23957,25810,21657,924,6606,0,21504,0,10,1144,2000,992,108,-426,-303,997,1397,996,759,-514
18/03/2026,12,24621,26604,22264,872,6606,0,21504,0,10,898,2001,992,103,-437,-422,997,1397,996,640,-514
18/03/2026,13,26530,28290,23902,848,6606,8,21504,0,10,705,2002,992,795,-340,-333,997,1397,996,640,-477
18/03/2026,14,28632,30598,25744,823,6606,466,21504,0,10,572,2001,992,901,-427,-417,997,1397,997,942,-512
18/03/2026,15,29828,31927,26760,821,6606,1887,21504,0,8,376,2002,992,999,-451,-526,997,1397,997,982,-514
18/03/2026,16,29939,32046,26674,818,6606,3629,21504,0,10,172,2002,992,1002,-452,-531,997,1397,997,982,-514
18/03/2026,17,29419,31525,26024,750,6606,5203,21504,0,11,-26,2001,992,1003,-451,-530,997,1397,996,982,-514
18/03/2026,18,28071,30176,24775,682,6606,6804,21504,0,9,-202,2002,992,1002,-452,-530,997,1397,996,982,-514
18/03/2026,19,27117,29222,23820,631,6606,8368,21504,0,9,-321,2001,992,1002,-451,-531,1015,1397,997,982,-514
18/03/2026,20,25913,28018,22600,579,6606,9678,21504,0,9,-288,2002,992,1003,-452,-530,1016,1397,996,982,-514
18/03/2026,21,24490,26598,21201,597,6606,10878,21504,0,7,-418,2002,992,1004,-451,-530,1016,1397,997,982,-520
18/03/2026,22,23666,25766,20317,615,6606,11866,21504,0,4,-355,2002,992,1003,-451,-531,1016,1397,997,982,-514
18/03/2026,23,23111,25211,19708,628,6606,12541,21504,0,4,-536,2002,992,1003,-452,-530,1016,1397,996,982,-514
18/03/2026,24,22889,24987,19467,641,6606,12828,21504,0,4,-753,2002,992,1002,-451,-529,1016,1397,997,982,-514
18/03/2026,25,22569,24668,19331,694,6606,12914,21504,0,4,-579,2001,992,1002,-451,-530,1016,1397,997,982,-514
18/03/2026,26,22550,24650,19339,746,6606,12730,21504,0,4,-495,2002,992,1003,-451,-531,1016,1397,996,982,-514
18/03/2026,27,22076,24179,18974,760,6606,12276,21504,0,6,-566,2001,992,1003,-452,-531,1016,1397,997,982,-514
18/03/2026,28,22307,24408,19133,773,6606,11549,21504,0,5,-819,2001,992,1002,-451,-531,1016,1397,997,982,-514
18/03/2026,29,22547,24646,19354,755,6606,10528,21504,0,4,-712,2001,992,1003,-451,-530,997,1397,996,982,-514
18/03/2026,30,22930,25030,19836,736,6606,9324,21504,0,4,-578,2001,992,1003,-452,-530,996,1397,996,982,-514
18/03/2026,31,23857,25927,20775,715,6606,7858,21504,0,6,-492,2001,992,1003,-451,-499,996,1397,997,982,-514
18/03/2026,32,25901,27915,22645,694,6606,6288,21504,0,10,-477,2001,992,900,-452,-438,996,1397,996,982,-514
18/03/2026,33,27169,30559,23890,678,6606,4704,21504,0,20,-112,2002,992,-591,-452,-496,865,1397,996,-717,-514
18/03/2026,34,29202,33110,25820,662,6606,3094,21504,0,16,11,2002,992,-746,-452,-530,838,1397,996,-1050,-514
18/03/2026,35,31078,34985,27643,701,6606,1545,21504,0,7,156,2004,992,-851,-451,-530,-96,1397,997,-858,-514
18/03/2026,36,32836,36631,29360,739,6606,336,21504,0,2,319,2004,992,-794,-451,-530,-162,1397,996,-742,-514
18/03/2026,37,35221,37318,31718,796,6606,3,21504,0,1,333,2001,992,397,-452,-530,846,1397,997,24,-514
18/03/2026,38,36029,38124,32386,853,6606,0,21504,0,1,127,2001,992,477,-451,-529,945,1397,996,120,-514
18/03/2026,39,36164,38271,32459,927,6606,0,21504,0,12,-30,2000,992,829,-451,-530,858,1397,996,830,-514
18/03/2026,40,35871,37948,32229,1001,6606,0,21504,0,11,17,2001,992,854,-452,-500,852,1397,997,986,-514
18/03/2026,41,34698,36628,31154,1049,6606,0,21504,0,15,-187,2001,992,876,-441,-360,829,1397,996,924,-514
18/03/2026,42,33625,35470,30134,1097,6606,0,21504,0,13,-373,2001,992,877,-352,-366,828,1397,996,847,-514
18/03/2026,43,31926,33974,28636,1123,6606,0,21504,0,13,-387,2000,992,758,-435,-486,793,1397,996,683,-514
18/03/2026,44,30208,32166,27192,1149,6606,0,21504,0,13,-496,2000,992,749,-451,-380,790,1397,996,650,-514
18/03/2026,45,28683,30489,26040,1094,6606,0,21504,0,12,-369,2001,992,781,-452,-228,711,1397,996,650,-514
18/03/2026,46,26840,28699,24354,1038,6606,0,21504,0,265,-541,2000,992,784,-440,-78,705,1374,996,582,-476
18/03/2026,47,26298,28184,23842,986,6606,0,21504,0,409,-71,2000,992,544,-384,0,977,1002,996,560,-493
18/03/2026,48,25778,27529,23309,934,6606,0,21504,0,333,-204,2001,992,526,-304,0,997,950,996,509,-514
19/03/2026,1,25622,27188,23177,844,6606,0,21504,0,190,-119,2000,992,605,-255,0,983,987,996,120,-521
19/03/2026,2,25925,27554,23614,754,6606,0,21504,0,190,305,2001,992,610,-325,0,982,993,996,120,-514
19/03/2026,3,25532,27198,23314,698,6606,0,21504,0,221,311,2001,992,397,-331,0,817,1008,996,120,-514
19/03/2026,4,24932,26840,22767,641,6606,0,21504,0,463,261,2001,992,380,-331,0,805,988,996,120,-514
19/03/2026,5,24443,26277,22356,622,6606,0,21504,0,389,590,2001,992,110,-331,0,686,637,997,120,-514
19/03/2026,6,23813,25602,21742,603,6606,0,21504,0,344,632,2001,992,103,-331,0,677,584,996,120,-514
19/03/2026,7,23353,25632,21356,597,6606,0,21504,0,343,712,2004,992,-491,-331,0,365,577,997,120,-514
19/03/2026,8,23076,25406,21117,590,6606,0,21504,0,287,745,2004,992,-598,-331,0,340,585,996,120,-514
19/03/2026,9,22732,25995,20839,599,6606,0,21504,0,279,846,2004,992,-855,-331,0,-255,725,997,-429,-514
19/03/2026,10,22482,26107,20556,608,6606,0,21504,0,280,933,2005,992,-875,-303,-51,-306,769,996,-712,-498
19/03/2026,11,23372,27477,21391,622,6606,0,21504,0,279,1187,2006,992,-1005,-164,-4,-969,1140,997,-712,-372
19/03/2026,12,24238,28289,22141,635,6606,0,21504,0,276,1512,2006,992,-1014,-26,0,-1022,1205,997,-813,-300
19/03/2026,13,26217,30168,23869,680,6606,14,21504,0,24,1877,2007,992,-1012,-28,-3,-1022,1372,997,-1000,-262
19/03/2026,14,27683,31832,25191,725,6606,500,21504,0,13,1831,2007,992,-908,-168,-108,-996,1397,998,-965,-391
19/03/2026,15,30110,31809,27337,737,6606,1888,21504,0,12,1280,2004,992,409,-320,-260,83,1397,996,335,-507
19/03/2026,16,30000,31978,27087,748,6606,3569,21504,0,12,915,2004,992,494,-441,-411,191,1397,997,632,-514
19/03/2026,17,29479,31481,26464,692,6606,5191,21504,0,11,608,2002,992,965,-451,-426,671,1397,997,903,-514
19/03/2026,18,28162,30079,25226,635,6606,6847,21504,0,10,417,2003,992,1003,-452,-341,707,1397,997,1000,-514
19/03/2026,19,26692,28553,23878,629,6606,8391,21504,0,10,114,2001,992,1002,-451,-286,905,1397,996,1000,-514
19/03/2026,20,25222,27037,22455,623,6606,9797,21504,0,10,206,2002,992,1002,-452,-239,920,1392,996,1000,-514
19/03/2026,21,24003,25668,21293,642,6606,10941,21504,0,10,185,2004,992,1003,-452,-89,829,1314,996,1000,-514
19/03/2026,22,22763,24320,20106,660,6606,11922,21504,0,11,-11,2004,992,1002,-431,-1,822,1279,997,1000,-514
19/03/2026,23,22317,23685,19652,660,6606,12616,21504,0,12,-156,2004,992,1003,-306,0,822,907,997,1000,-450
19/03/2026,24,21610,23113,18942,660,6606,13057,21504,0,254,-398,2004,992,1003,-284,0,822,846,997,1000,-365
19/03/2026,25,21240,22792,18630,631,6606,13146,21504,0,285,-306,2002,992,958,-204,0,866,732,996,1000,-463
19/03/2026,26,21046,22560,18428,601,6606,12715,21504,0,289,-481,2001,992,953,-249,0,869,708,996,998,-376
19/03/2026,27,21055,22489,18434,601,6606,12179,21504,0,281,-477,2002,992,953,-167,0,778,587,997,993,-386
19/03/2026,28,21343,22739,18692,601,6606,11218,21504,0,280,-548,2002,992,952,-164,0,771,585,996,993,-352
19/03/2026,29,21898,23296,19282,616,6606,10119,21504,0,283,-218,2001,992,953,-211,0,753,824,996,993,-304
19/03/2026,30,22751,24153,20155,631,6606,9030,21504,0,282,-5,2002,992,953,-222,0,751,883,997,954,-298
19/03/2026,31,23775,25317,21161,649,6606,7607,21504,0,47,133,2004,992,629,-290,-43,388,1255,997,-180,-382
19/03/2026,32,25711,27704,23033,667,6606,6040,21504,0,15,-132,2003,992,580,-427,-189,361,1310,996,-319,-443
19/03/2026,33,27677,30864,24940,662,6606,4500,21504,0,15,100,2002,992,-368,-451,-341,721,1327,996,-909,-503
19/03/2026,34,30112,33563,27175,656,6606,3016,21504,0,17,19,2001,992,-440,-452,-487,744,1333,996,-965,-490
19/03/2026,35,31618,35626,28617,703,6606,1542,21504,0,13,306,2005,992,-972,-451,-457,96,1389,996,-988,-527
19/03/2026,36,32974,36986,29910,750,6606,417,21504,0,15,488,2008,992,-1014,-452,-469,51,1397,995,-992,-470
19/03/2026,37,34573,38276,31264,803,6606,9,21504,0,14,385,2006,992,-798,-452,-402,804,1397,996,-1037,-400
19/03/2026,38,35047,38685,31680,856,6606,0,21504,0,14,430,2006,992,-729,-452,-402,867,1397,995,-1003,-438
19/03/2026,39,36241,38277,32857,843,6606,0,21504,0,14,213,2005,992,293,-451,-458,988,1397,995,186,-513
19/03/2026,40,35915,38019,32574,830,6606,0,21504,0,11,206,2005,992,347,-452,-527,997,1397,996,308,-514
19/03/2026,41,34193,36788,30953,839,6606,0,21504,0,16,124,2005,992,199,-451,-528,917,1397,995,-486,-514
19/03/2026,42,33059,35716,29933,848,6606,0,21504,0,14,-94,2005,992,188,-452,-519,911,1397,995,-558,-514
19/03/2026,43,31560,34279,28727,814,6606,0,21504,0,12,152,2005,992,152,-451,-528,862,1397,996,-614,-514
19/03/2026,44,30131,32795,27422,780,6606,0,21504,0,8,377,2006,992,149,-451,-476,858,1385,995,-615,-514
19/03/2026,45,28641,30999,26110,748,6606,0,21504,0,8,381,2005,992,250,-451,-507,904,1190,995,-278,-514
19/03/2026,46,27226,29404,24785,715,6606,0,21504,0,8,384,2006,992,258,-429,-384,908,1173,995,-243,-514
19/03/2026,47,26229,28178,23929,710,6606,0,21504,0,8,659,2005,992,679,-444,-363,991,1368,995,-20,-514
19/03/2026,48,25146,27161,22931,705,6606,0,21504,0,8,730,2006,992,712,-452,-441,997,1397,996,3,-514
20/03/2026,1,25430,27317,23219,688,6606,0,22126,0,8,762,2005,992,875,-451,-309,997,1397,996,227,-519
20/03/2026,2,25867,27704,23667,671,6606,0,22126,0,8,900,2005,992,888,-452,-263,997,1397,996,253,-514
20/03/2026,3,25755,27608,23559,652,6606,0,22126,0,6,919,2005,992,884,-451,-282,997,1397,996,570,-514
20/03/2026,4,25095,26974,23002,632,6606,0,22126,0,49,914,2005,992,884,-452,-264,997,1397,996,600,-514
20/03/2026,5,24509,26529,22476,634,6606,0,22126,0,154,884,2006,992,660,-452,-300,997,1397,996,538,-514
20/03/2026,6,24024,26139,21978,635,6606,0,22126,0,186,919,2005,992,643,-451,-364,997,1397,996,522,-514
20/03/2026,7,23782,26070,21836,651,6606,0,22126,0,254,1093,2005,992,496,-452,-317,997,1397,995,-151,-514
20/03/2026,8,23229,25606,21322,666,6606,0,22126,0,342,991,2006,992,473,-452,-244,998,1397,995,-225,-514
20/03/2026,9,22848,26083,21024,679,6606,0,22126,0,176,1210,2007,992,-258,-452,-214,665,1397,996,-1021,-514
20/03/2026,10,22873,26017,21012,691,6606,0,22126,0,12,1293,2007,992,-306,-452,-165,589,1397,995,-1095,-514
20/03/2026,11,22634,27109,20738,683,6606,0,22126,0,14,1387,2012,992,-959,-452,-111,-733,1397,996,-1092,-514
20/03/2026,12,23443,28236,21494,674,6606,0,22126,0,16,1537,2012,992,-1015,-439,-255,-862,1396,996,-1092,-514
20/03/2026,13,25900,29643,23709,686,6606,6,22126,0,19,1678,2008,992,-838,-343,-370,239,1389,995,-1059,-514
20/03/2026,14,27499,31256,25129,697,6606,249,22126,0,15,1783,2007,992,-764,-428,-505,352,1389,996,-931,-514
20/03/2026,15,30267,32373,27603,665,6606,870,22126,0,9,1305,2006,992,723,-452,-531,822,1396,996,726,-514
20/03/2026,16,30989,33094,28225,632,6606,1773,22126,0,8,1439,2006,992,952,-452,-531,858,1397,996,989,-514
20/03/2026,17,31264,33362,28471,594,6606,2825,22126,0,1,1326,2006,992,999,-452,-531,897,1397,996,989,-514
20/03/2026,18,31236,33334,28415,556,6606,3940,22126,0,1,1286,2006,992,1003,-452,-531,899,1397,995,989,-514
20/03/2026,19,30581,32680,27813,542,6606,5147,22126,0,2,1175,2006,992,1002,-452,-531,872,1397,995,992,-514
20/03/2026,20,29457,31558,26745,527,6606,6259,22126,0,7,1132,2007,992,1003,-452,-528,870,1397,995,993,-514
20/03/2026,21,28140,30142,25497,529,6606,7165,22126,0,10,1092,2007,992,1003,-452,-426,1006,1397,995,993,-514
20/03/2026,22,27007,28857,24408,530,6606,8376,22126,0,8,991,2007,992,1003,-452,-276,1016,1397,995,993,-514
20/03/2026,23,26230,28089,23710,559,6606,9377,22126,0,97,886,2006,992,1002,-452,-196,1016,1397,995,993,-514
20/03/2026,24,25347,27289,22899,587,6606,9800,22126,0,219,805,2007,992,1002,-452,-157,1016,1397,995,993,-514
20/03/2026,25,24707,26624,22304,581,6606,10066,22126,0,227,561,2006,992,1002,-452,-124,1016,1397,995,993,-514
20/03/2026,26,24526,26610,22211,575,6606,10107,22126,0,414,616,2006,992,1002,-452,-104,1016,1397,995,991,-514
20/03/2026,27,23962,26444,21748,569,6606,9854,22126,0,830,558,2006,992,1003,-452,-86,1016,1397,995,989,-514
20/03/2026,28,23790,26293,21600,562,6606,9257,22126,0,855,550,2006,992,1002,-452,-82,1016,1397,996,989,-514
20/03/2026,29,24158,26627,21923,589,6606,8855,22126,0,901,593,2006,992,1003,-452,-2,998,1397,995,989,-514
20/03/2026,30,24314,26786,22053,615,6606,7935,22126,0,836,669,2004,992,1002,-445,-77,996,1397,995,969,-514
20/03/2026,31,24903,26780,22742,638,6606,6647,22126,0,198,838,2004,992,821,-342,-216,753,1397,995,92,-514
20/03/2026,32,26026,28051,23990,660,6606,5225,22126,0,170,1093,2004,992,778,-320,-366,735,1397,995,-23,-514
20/03/2026,33,27488,30721,25422,686,6606,3783,22126,0,172,1206,2004,992,116,-441,-505,609,1397,996,-996,-514
20/03/2026,34,29503,32867,27387,711,6606,2543,22126,0,173,1183,2004,992,102,-451,-531,600,1397,996,-1095,-514
20/03/2026,35,31140,35192,28936,735,6606,1262,22126,0,166,1379,2004,992,-695,-452,-530,527,1397,996,-1095,-514
20/03/2026,36,32654,36896,30399,758,6606,374,22126,0,164,1586,2005,992,-894,-452,-531,522,1397,996,-1087,-514
20/03/2026,37,34093,37134,31709,828,6606,11,22126,0,167,1465,2004,992,-236,-452,-530,679,1397,996,-542,-514
20/03/2026,38,34598,37531,32014,897,6606,0,22126,0,164,1352,2004,992,-187,-452,-530,690,1397,996,-486,-514
20/03/2026,39,34778,37175,32123,930,6606,0,22126,0,168,1377,2002,992,556,-451,-530,976,1397,996,-134,-514
20/03/2026,40,34214,36580,31461,962,6606,0,22126,0,168,1011,2002,992,692,-452,-531,997,1397,997,-101,-514
20/03/2026,41,33091,35508,30542,952,6606,0,22126,0,168,948,2003,992,488,-451,-530,775,1397,996,-154,-514
20/03/2026,42,32119,34549,29785,942,6606,0,22126,0,171,1202,2003,992,473,-452,-530,759,1397,996,-163,-514
20/03/2026,43,30696,33117,28632,907,6606,0,22126,0,170,1469,2004,992,774,-451,-530,557,1397,996,-156,-514
20/03/2026,44,29231,31646,27392,872,6606,0,22126,0,168,1501,2004,992,797,-452,-529,542,1397,996,-152,-514
20/03/2026,45,27831,30208,26165,802,6606,0,22126,0,166,1381,2003,992,837,-452,-530,914,1397,997,-115,-514
20/03/2026,46,26438,28808,24876,732,6606,0,22126,0,163,1554,2003,992,840,-451,-530,941,1397,996,-112,-514
20/03/2026,47,25577,28029,23871,708,6606,0,22126,0,162,1504,2004,992,573,-452,-529,763,1397,995,-195,-514
20/03/2026,48,24685,27062,22916,683,6606,0,22126,0,88,1469,2004,992,553,-452,-529,750,1397,996,-194,-514
21/03/2026,1,25095,27200,23283,665,6606,0,22126,0,11,1505,1667,992,652,-451,-529,714,1397,996,424,-514
21/03/2026,2,25038,27145,23245,647,6606,0,22126,0,12,1570,1004,992,660,-452,-529,711,1397,998,483,-514
21/03/2026,3,24945,27052,22999,608,6606,0,22126,0,12,1235,1002,992,899,-452,-529,940,1397,998,573,-514
21/03/2026,4,24381,26489,22395,569,6606,0,22126,0,13,1145,1002,992,917,-452,-529,957,1397,998,578,-514
21/03/2026,5,23942,26048,21946,553,6606,0,22126,0,12,1190,1003,992,667,-452,-528,976,1397,998,375,-514
21/03/2026,6,23622,25779,21558,537,6606,0,22126,0,63,1144,1002,992,649,-452,-528,977,1397,998,350,-514
21/03/2026,7,23418,25585,21252,508,6606,0,22126,0,72,1027,1018,992,735,-452,-529,992,1397,997,32,-514
21/03/2026,8,22850,24985,20690,479,6606,0,22126,0,72,936,1003,992,741,-452,-496,993,1397,997,-1,-514
21/03/2026,9,22623,24945,20454,461,6606,0,22126,0,69,930,1002,992,583,-452,-497,772,1397,997,-190,-514
21/03/2026,10,22538,24794,20340,442,6606,0,22126,0,69,622,1002,992,570,-451,-411,755,1397,997,-211,-514
21/03/2026,11,22382,24728,20194,425,6606,0,22126,0,14,451,1002,992,363,-451,-458,971,1397,998,-309,-514
21/03/2026,12,22435,24762,20208,407,6606,0,22126,0,9,535,1001,992,348,-452,-457,987,1397,998,-295,-514
21/03/2026,13,23615,25718,21213,391,6606,39,22126,0,9,243,1252,992,750,-452,-528,996,1397,997,672,-514
21/03/2026,14,24214,26320,21676,375,6606,613,22126,0,10,185,1504,992,781,-452,-530,997,1397,997,775,-514
21/03/2026,15,24835,26940,22177,350,6606,1587,22126,0,9,218,1503,992,805,-452,-530,997,1397,997,972,-514
21/03/2026,16,25105,27208,22332,324,6606,2769,22126,0,5,22,1503,991,807,-452,-531,997,1397,997,991,-515
21/03/2026,17,25220,27322,22380,296,6606,4170,22126,0,5,-167,1503,991,808,-452,-531,997,1397,996,991,-514
21/03/2026,18,24922,27023,21979,267,6606,5671,22126,0,5,-445,1503,977,807,-451,-531,997,1397,997,991,-514
21/03/2026,19,24197,26299,21208,259,6606,7175,22126,0,5,-442,1503,81,718,-452,-531,1015,1397,997,991,-514
21/03/2026,20,23110,25139,20141,251,6606,8746,22126,0,11,-318,1503,-1,711,-452,-451,1016,1397,996,991,-514
21/03/2026,21,21747,23625,18785,244,6606,10318,22126,0,12,-302,1503,-1,806,-452,-299,1016,1397,996,991,-514
21/03/2026,22,20707,22431,17766,236,6606,11565,22126,0,6,-330,1503,-1,808,-452,-151,1016,1397,996,991,-514
21/03/2026,23,20076,21800,17219,228,6606,12334,22126,0,7,-101,1503,-1,995,-452,-171,1016,1397,997,991,-493
21/03/2026,24,19338,21316,16496,219,6606,12772,22126,0,277,-80,1503,-1,1002,-452,-135,1016,1397,997,991,-513
21/03/2026,25,18834,21211,16085,213,6606,12923,22126,0,685,-56,1503,-1,1003,-451,-126,1016,1397,997,991,-514
21/03/2026,26,18566,21273,15927,207,6606,12880,22126,0,974,239,1502,7,1002,-451,-177,1016,1397,996,991,-505
21/03/2026,27,18256,21200,15671,222,6606,12382,22126,0,1192,41,1503,894,1003,-452,-198,1016,1397,996,991,-502
21/03/2026,28,18409,21305,15829,236,6606,11594,22126,0,1163,72,1503,993,1002,-452,-168,1016,1397,996,991,-513
21/03/2026,29,18454,21353,15869,267,6606,10561,22126,0,1121,126,1503,993,1002,-451,-213,997,1397,996,991,-514
21/03/2026,30,18917,21739,16359,298,6606,9447,22126,0,1096,327,1503,993,1003,-452,-160,996,1397,996,990,-514
21/03/2026,31,19871,22595,17304,324,6606,8097,22126,0,1005,526,1504,993,893,-451,-154,618,1397,997,884,-514
21/03/2026,32,21261,23538,18755,349,6606,6597,22126,0,655,706,1504,993,883,-427,-81,590,1397,997,840,-514
21/03/2026,33,23231,25144,20816,412,6606,4975,22126,0,41,1010,1504,992,385,-337,-213,533,1397,996,-208,-514
21/03/2026,34,25482,27723,23024,475,6606,3325,22126,0,13,1032,1504,992,346,-427,-366,529,1397,997,-321,-514
21/03/2026,35,28166,30247,25627,534,6606,1778,22126,0,12,1225,1503,992,483,-452,-503,964,1397,997,86,-514
21/03/2026,36,30085,32189,27571,592,6606,584,22126,0,11,1590,1503,992,494,-451,-528,997,1397,997,136,-514
21/03/2026,37,31651,33752,29083,642,6606,32,22126,0,8,1687,1502,992,965,-451,-528,997,1397,997,880,-514
21/03/2026,38,32487,34585,29692,692,6606,0,22126,0,4,1389,1503,992,1002,-452,-528,997,1397,997,950,-514
21/03/2026,39,32654,34754,29849,760,6606,0,22126,0,7,1189,1502,992,1002,-452,-527,997,1397,997,987,-514
21/03/2026,40,31893,33991,29170,828,6606,0,22126,0,6,1263,1502,992,1003,-451,-527,997,1397,997,991,-514
21/03/2026,41,30944,33042,28255,834,6606,0,22126,0,6,1347,1503,992,1002,-451,-527,997,1397,998,991,-514
21/03/2026,42,30406,32506,27816,839,6606,0,22126,0,8,1499,1503,992,1002,-451,-527,997,1397,997,991,-514
21/03/2026,43,29817,31857,27408,872,6606,0,22126,0,7,1599,1503,992,1003,-451,-468,997,1397,997,990,-514
21/03/2026,44,28451,30293,26372,905,6606,0,22126,0,5,1929,1503,992,1003,-405,-318,997,1397,997,991,-514
21/03/2026,45,26928,28770,25262,948,6606,0,22126,0,66,2169,1503,992,1002,-447,-215,997,1397,997,990,-514
21/03/2026,46,25566,27340,23877,990,6606,0,22126,0,160,2591,1503,992,1002,-433,-67,997,1397,997,991,-514
21/03/2026,47,24744,26496,23037,1071,6606,0,22126,0,160,2851,1503,992,1002,-446,-32,997,1397,997,991,-514
21/03/2026,48,23989,25683,22355,1152,6606,0,22126,0,187,2821,1504,992,1003,-393,0,997,1397,997,991,-514
22/03/2026,1,24335,26113,22686,1190,6606,0,22126,0,311,2829,1504,992,1004,-353,0,997,1397,997,991,-514
22/03/2026,2,24632,26287,23013,1228,6606,0,22126,0,314,3020,1503,992,1003,-227,0,997,1397,997,990,-514
22/03/2026,3,24093,25722,22541,1258,6606,0,22126,0,311,3199,1504,992,1002,-204,0,997,1397,997,991,-514
22/03/2026,4,23683,25284,22203,1287,6606,0,22126,0,308,3414,1503,992,1002,-179,0,997,1397,997,991,-514
22/03/2026,5,22854,24540,21500,1305,6606,0,22126,0,316,3296,1504,992,1002,-289,0,998,1397,997,991,-481
22/03/2026,6,22272,24304,20961,1323,6606,0,22126,0,572,3386,1503,992,1002,-347,0,997,1397,997,990,-513
22/03/2026,7,21774,24062,20473,1291,6606,0,22126,0,827,3442,1503,992,1002,-347,0,997,1397,997,990,-514
22/03/2026,8,21492,23948,20304,1259,6606,0,22126,0,1005,3528,1504,992,1003,-337,0,998,1397,997,991,-514
22/03/2026,9,21188,23824,19996,1233,6606,0,22126,0,1223,3543,1503,992,1003,-299,0,997,1397,997,990,-514
22/03/2026,10,20926,23601,19697,1207,6606,0,22126,0,1210,3217,1504,992,1002,-351,0,997,1397,997,990,-514
22/03/2026,11,20939,23611,19686,1173,6606,0,22126,0,1207,2893,1504,992,1003,-351,0,997,1397,997,991,-514
22/03/2026,12,20769,23451,19432,1139,6606,0,22126,0,1211,2681,1504,992,1003,-351,-6,997,1397,997,991,-514
22/03/2026,13,21408,23649,19913,1116,6606,40,22126,0,717,2679,1504,992,1003,-410,0,997,1397,997,991,-514
22/03/2026,14,21727,23866,20103,1092,6606,627,22126,0,594,2721,1503,992,1003,-431,0,997,1397,997,991,-514
22/03/2026,15,22092,24030,20421,1075,6606,1610,22126,0,336,2651,1503,992,1003,-451,-37,997,1397,997,990,-514
22/03/2026,16,22097,24068,20325,1057,6606,2740,22126,0,324,2484,1503,992,1002,-451,-82,997,1397,997,991,-514
22/03/2026,17,22485,24303,20587,980,6606,3948,22126,0,261,2341,1503,992,1003,-438,-5,997,1397,996,991,-514
22/03/2026,18,22487,24100,20388,902,6606,4990,22126,0,19,2256,1504,992,1004,-451,-29,997,1397,996,991,-514
22/03/2026,19,22297,23926,20228,914,6606,6186,22126,0,12,2092,1503,992,1003,-452,-51,1015,1397,997,991,-514
22/03/2026,20,21659,23752,19543,926,6606,7329,22126,0,337,2077,1503,992,1002,-451,-191,1017,1397,996,990,-514
22/03/2026,21,21215,23610,19059,948,6606,8503,22126,0,605,2086,1504,992,1002,-452,-224,1017,1397,996,991,-514
22/03/2026,22,20778,23247,18630,969,6606,9038,22126,0,651,2354,1505,992,1002,-451,-253,1016,1397,995,990,-514
22/03/2026,23,20812,23269,18713,988,6606,9074,22126,0,608,2472,1506,992,1002,-452,-322,1017,1397,996,991,-475
22/03/2026,24,20649,23334,18572,1006,6606,9498,22126,0,739,2434,1506,992,1002,-451,-383,1016,1397,996,990,-512
22/03/2026,25,20998,23668,18983,1055,6606,9530,22126,0,762,2569,1507,992,1003,-451,-328,1016,1397,996,991,-529
22/03/2026,26,21487,23837,19529,1103,6606,9160,22126,0,527,2675,1506,992,1003,-452,-285,1016,1397,996,991,-486
22/03/2026,27,21927,24283,20090,1143,6606,8469,22126,0,630,2813,1506,992,1003,-452,-161,1016,1397,996,991,-513
22/03/2026,28,22451,24739,20665,1182,6606,7567,22126,0,605,3232,1506,992,1003,-451,-118,1016,1397,996,990,-514
22/03/2026,29,23302,24950,21595,1237,6606,6497,22126,0,74,3419,1502,992,1004,-451,-9,998,1397,996,991,-514
22/03/2026,30,24215,25666,22574,1292,6606,5208,22126,0,11,3320,1502,992,1003,-376,0,996,1397,997,991,-464
22/03/2026,31,25501,26903,23910,1294,6606,3955,22126,0,10,3329,1502,992,1003,-285,0,996,1397,996,991,-507
22/03/2026,32,26983,28407,25343,1296,6606,2943,22126,0,9,3249,1502,992,1003,-302,0,997,1397,997,989,-513
22/03/2026,33,28703,30150,26944,1295,6606,2093,22126,0,13,3460,1502,992,1003,-258,-62,997,1397,997,852,-514
22/03/2026,34,30526,32085,28537,1294,6606,1378,22126,0,11,3423,1503,992,1002,-219,-215,997,1397,997,839,-514
22/03/2026,35,31934,33740,29638,1256,6606,690,22126,0,8,2824,1503,992,1003,-365,-366,997,1397,997,887,-467
22/03/2026,36,32808,34876,30250,1218,6606,247,22126,0,7,2440,1503,992,1002,-450,-504,997,1397,997,894,-507
22/03/2026,37,33433,35533,30733,1189,6606,17,22126,0,7,2366,1503,992,1003,-450,-529,997,1397,997,980,-514
22/03/2026,38,33692,35795,30905,1159,6606,0,22126,0,9,2121,1503,992,1003,-450,-530,997,1397,997,988,-514
22/03/2026,39,33358,35462,30618,1157,6606,0,22126,0,10,1948,1503,992,1003,-451,-529,997,1397,997,988,-514
22/03/2026,40,32586,34695,29806,1155,6606,0,22126,0,15,1410,1502,992,1003,-451,-529,997,1397,997,988,-514
22/03/2026,41,31814,33924,29086,1145,6606,0,22126,0,16,1039,1502,992,1001,-451,-529,997,1397,997,991,-514
22/03/2026,42,30918,33028,28173,1134,6606,0,22126,0,15,873,1502,992,1000,-451,-530,997,1397,997,991,-514
22/03/2026,43,29847,31951,27175,1108,6606,0,22126,0,9,785,1503,992,969,-451,-530,997,1397,997,991,-514
22/03/2026,44,28553,30658,26077,1081,6606,0,22126,0,9,779,1502,992,967,-451,-531,997,1397,997,991,-514
22/03/2026,45,26906,29011,24531,1045,6606,0,22126,0,9,965,1502,992,984,-451,-531,997,1397,997,991,-514
22/03/2026,46,25180,27282,22943,1009,6606,0,22126,0,9,839,1502,992,986,-451,-528,997,1397,998,985,-514
22/03/2026,47,24106,26207,21982,977,6606,0,22126,0,9,956,1502,992,884,-451,-527,997,1397,997,548,-514
22/03/2026,48,23615,25663,21506,944,6606,0,22126,0,9,774,1502,992,877,-451,-474,998,1397,997,510,-514
23/03/2026,1,23712,25809,21563,932,6606,0,22126,0,9,829,1502,992,837,-451,-523,998,1397,997,773,-514
23/03/2026,2,24487,26541,22382,920,6606,0,22126,0,9,1049,1502,992,834,-451,-480,998,1397,997,798,-514
23/03/2026,3,24577,26612,22483,892,6606,0,22126,0,10,883,1502,992,960,-451,-461,997,1397,997,827,-513
23/03/2026,4,24118,26149,22062,863,6606,0,22126,0,10,719,1502,992,970,-451,-438,997,1397,997,823,-532
23/03/2026,5,23390,25484,21342,810,6606,0,22126,0,10,776,1503,992,718,-451,-519,997,1397,997,346,-514
23/03/2026,6,22957,24970,20935,756,6606,0,22126,0,10,445,1502,992,699,-451,-438,997,1397,997,291,-514
23/03/2026,7,22505,24957,20502,699,6606,0,22126,0,107,414,1502,992,473,-451,-474,922,1397,997,-306,-514
23/03/2026,8,22370,24780,20357,642,6606,0,22126,0,127,195,1502,992,446,-451,-350,914,1397,997,-368,-514
23/03/2026,9,22156,25431,20157,591,6606,0,22126,0,130,301,1504,992,-635,-451,-200,291,1397,997,-745,-514
23/03/2026,10,22396,25737,20277,539,6606,0,22126,0,131,246,1498,991,-807,-451,-53,221,1397,997,-785,-514
23/03/2026,11,22800,27186,20646,479,6606,0,22126,0,31,152,962,936,-999,-417,0,-759,1397,944,-1066,-514
23/03/2026,12,23767,28211,21561,419,6606,0,22126,0,10,295,902,926,-1013,-361,0,-854,1397,934,-1092,-514
23/03/2026,13,25941,29804,23531,373,6606,45,22126,0,13,360,426,601,-716,-443,-19,-491,1397,559,-1067,-514
23/03/2026,14,27418,31232,24883,327,6606,393,22126,0,16,460,393,577,-668,-452,-153,-423,1397,533,-966,-536
23/03/2026,15,30356,32249,27476,292,6606,1073,22126,0,21,-117,1394,933,504,-452,-306,807,1397,933,576,-514
23/03/2026,16,31300,33260,28295,256,6606,1883,22126,0,21,49,1505,967,621,-452,-373,944,1397,968,805,-514
23/03/2026,17,31792,33685,28751,247,6606,3010,22126,0,14,77,1505,990,679,-452,-313,993,1397,995,971,-514
23/03/2026,18,31402,33302,28300,237,6606,4103,22126,0,12,-155,1505,992,682,-452,-322,997,1397,998,986,-514
23/03/2026,19,31278,33126,28204,264,6606,5138,22126,0,11,143,1505,992,682,-451,-272,1015,1397,997,987,-514
23/03/2026,20,30411,32082,27413,291,6606,6276,22126,0,10,338,1505,991,684,-426,-121,1016,1397,997,986,-514
23/03/2026,21,29387,30796,26526,387,6606,7132,22126,0,10,983,1504,991,993,-290,-6,1016,1397,997,986,-503
23/03/2026,22,27528,28691,25633,482,6606,7752,22126,0,33,1779,1504,992,1001,-140,0,1016,1397,998,991,-390
23/03/2026,23,27081,28593,24866,617,6606,8504,22126,0,369,2296,1504,992,912,-92,0,1016,1397,998,991,-451
23/03/2026,24,27003,28427,24541,751,6606,8305,22126,0,372,2946,1504,992,903,-15,0,1016,1397,998,991,-437
23/03/2026,25,26970,28318,24775,985,6606,7864,22126,0,425,3406,1504,992,950,-3,0,1016,1397,998,991,-320
23/03/2026,26,26840,28558,24825,1219,6606,7808,22126,0,636,3799,1504,992,953,-79,0,1016,1373,998,991,-403
23/03/2026,27,27195,28840,25189,1468,6606,7277,22126,0,695,4360,1504,992,862,-9,0,968,1002,997,982,-341
23/03/2026,28,27446,29204,25305,1716,6606,6106,22126,0,861,4503,1504,992,855,0,0,964,924,997,972,-297
23/03/2026,29,27794,29430,25624,1881,6606,5241,22126,0,869,4933,1505,992,731,19,0,688,553,997,428,-167
23/03/2026,30,28080,29798,26030,2046,6606,4299,22126,0,1002,4832,1505,992,682,-54,0,667,521,998,322,-62
23/03/2026,31,28146,30643,26245,2159,6606,3792,22126,0,465,4946,1507,992,-489,-13,0,219,893,998,-930,22
23/03/2026,32,29482,32090,27528,2272,6606,3056,22126,0,325,5023,1507,992,-598,64,0,185,970,998,-1085,152
23/03/2026,33,30791,33792,28604,2311,6606,2232,22126,0,329,4915,1507,992,-984,161,0,150,1341,997,-1088,196
23/03/2026,34,32036,35064,29778,2350,6606,1399,22126,0,326,4547,1498,990,-1014,42,0,143,1397,994,-1088,196
23/03/2026,35,33223,36745,30838,2444,6606,699,22126,0,310,4351,642,839,-1014,0,0,-507,1397,797,-1091,196
23/03/2026,36,34393,37965,32012,2538,6606,185,22126,0,307,4950,553,819,-1014,0,0,-559,1397,768,-1092,196
23/03/2026,37,35606,39420,33254,2668,6606,7,22126,0,320,4965,572,441,-975,45,0,-791,1443,105,-1128,203
23/03/2026,38,34997,38708,32706,2797,6606,0,22126,0,307,4828,564,404,-937,80,0,-775,1393,48,-1092,196
23/03/2026,39,35324,38615,33156,3007,6606,0,22126,0,321,4695,1206,871,-1011,2,0,-271,1350,156,-1088,196
23/03/2026,40,33855,37138,31893,3217,6606,0,22126,0,320,4853,1256,905,-1014,36,0,-260,1315,185,-1089,196
23/03/2026,41,32688,36694,30887,3380,6606,0,22126,0,319,4862,1423,957,-1014,0,0,-982,942,916,-1091,196
23/03/2026,42,31241,35289,29508,3542,6606,0,22126,0,320,4878,1427,961,-1014,2,0,-1022,866,961,-1092,196
23/03/2026,43,29647,33692,28075,3737,6606,0,22126,0,316,5226,942,943,-1014,100,0,-1022,492,922,-1093,196
23/03/2026,44,27986,31947,26542,3931,6606,0,22126,0,229,5293,900,929,-1014,249,68,-1022,416,907,-1096,196
23/03/2026,45,25885,29775,24580,4050,6606,0,22126,0,162,5306,450,458,-1013,237,153,-1022,42,476,-1093,196
23/03/2026,46,24332,28265,23143,4169,6606,0,22126,0,164,5440,424,422,-1020,221,153,-1022,-34,446,-1093,196
23/03/2026,47,23248,27298,22038,4271,6606,0,22126,0,166,5184,728,259,-1015,149,153,-764,-412,331,-1093,196
23/03/2026,48,22491,26617,21392,4373,6606,0,22126,0,175,5297,751,250,-1015,18,153,-754,-489,324,-1093,196
24/03/2026,1,22459,27411,21374,4418,6606,0,22126,0,616,5384,836,333,-1014,5,153,-755,-874,348,-1093,196
24/03/2026,2,22910,28233,21811,4462,6606,0,22126,0,916,5575,842,341,-1015,70,153,-755,-944,352,-1093,196
24/03/2026,3,22480,28350,21474,4505,6606,0,22126,0,1200,5454,793,419,-1015,4,153,-755,-1207,425,-1093,196
24/03/2026,4,21776,27824,20771,4548,6606,0,22126,0,1347,5579,792,423,-1014,0,153,-755,-1239,437,-1093,196
24/03/2026,5,21259,27582,20322,4598,6606,0,22126,0,1621,5578,883,373,-1014,0,153,-755,-1240,701,-1093,196
24/03/2026,6,21035,27363,20126,4647,6606,0,22126,0,1628,5567,887,369,-1014,58,153,-755,-1240,714,-1091,191
24/03/2026,7,20481,26705,19606,4678,6606,0,22126,0,1631,5360,707,344,-984,5,153,-755,-1240,598,-1014,84
24/03/2026,8,19526,25765,18745,4709,6606,0,22126,0,1625,5231,687,334,-982,0,153,-755,-1240,581,-1001,-36
24/03/2026,9,19186,25128,18452,4708,6606,0,22126,0,1590,5430,353,8,-1013,0,153,-755,-1240,214,-744,37
24/03/2026,10,19298,25173,18487,4707,6606,0,22126,0,1513,5505,324,-40,-1014,0,153,-756,-1240,180,-708,-4
24/03/2026,11,19794,25219,18947,4680,6606,0,22126,0,363,5404,40,-964,-1014,13,119,-1012,-1240,-174,-41,-17
24/03/2026,12,20492,25748,19607,4652,6606,0,22126,0,15,5139,22,-1027,-1014,-15,-23,-1022,-1208,-189,14,-143
24/03/2026,13,23025,28060,21922,4605,6606,19,22126,0,13,4801,48,-1027,-1014,-144,-173,-1022,-818,27,444,-224
24/03/2026,14,24927,30208,23718,4557,6606,269,22126,0,15,5179,68,-967,-996,-295,-324,-990,-739,57,481,-355
24/03/2026,15,27710,30275,26200,4535,6606,724,22126,0,15,4337,940,284,-185,-430,-474,-16,-355,595,829,-490
24/03/2026,16,28535,31081,26849,4513,6606,1204,22126,0,18,4138,1011,410,-134,-451,-528,62,-301,638,857,-514
24/03/2026,17,29596,31853,27720,4545,6606,1796,22126,0,22,4043,1428,936,429,-450,-462,718,-209,922,981,-514
24/03/2026,18,29482,31906,27613,4576,6606,2107,22126,0,278,3969,1457,972,494,-450,-396,756,-186,941,990,-514
24/03/2026,19,29866,32144,27980,4659,6606,2527,22126,0,292,3920,1500,990,979,-451,-396,1007,-25,993,990,-514
24/03/2026,20,29775,32036,27870,4741,6606,2901,22126,0,300,3741,1503,992,1003,-451,-396,1017,18,997,990,-514
24/03/2026,21,29526,32372,27665,4798,6606,3266,22126,0,885,3861,1503,992,1003,-451,-396,1016,301,997,990,-514
24/03/2026,22,29483,32526,27627,4855,6606,3298,22126,0,1139,3976,1502,992,1003,-451,-339,1016,342,997,990,-514
24/03/2026,23,29455,32439,27636,4894,6606,3220,22126,0,1230,3928,1503,992,1002,-451,-189,1016,427,997,990,-514
24/03/2026,24,29616,32087,27698,4933,6606,3277,22126,0,863,3737,1503,992,1003,-451,-43,1016,430,998,990,-514
24/03/2026,25,29498,32291,27500,4918,6606,3124,22126,0,1229,3897,1502,992,1002,-451,0,1016,347,997,767,-513
24/03/2026,26,29207,31943,27080,4903,6606,3268,22126,0,1171,3877,1503,992,1002,-451,0,1016,315,996,494,-514
24/03/2026,27,28969,31251,26862,4870,6606,3118,22126,0,718,3983,1503,992,1003,-451,0,1016,36,997,410,-513
24/03/2026,28,29144,31445,26915,4837,6606,3245,22126,0,764,3942,1503,992,1003,-451,0,1016,2,997,982,-486
24/03/2026,29,28908,30961,26661,4796,6606,2944,22126,0,523,3675,1503,992,1002,-451,0,997,-3,997,982,-476
24/03/2026,30,28903,30409,26652,4755,6606,2655,22126,0,32,3174,1503,992,1002,-376,0,997,20,998,982,-498
24/03/2026,31,29405,30814,27168,4675,6606,1996,22126,0,19,3254,1503,992,1002,-326,0,997,316,997,982,-464
24/03/2026,32,30430,31744,28208,4594,6606,1342,22126,0,19,3724,1503,992,1003,-268,0,997,382,997,982,-427
24/03/2026,33,31607,32877,29157,4544,6606,843,22126,0,12,3652,1503,992,973,-205,0,997,755,997,982,-453
24/03/2026,34,33183,34558,30671,4494,6606,602,22126,0,2,3556,1503,992,970,-342,-8,997,830,997,1263,-423
24/03/2026,35,34301,35880,31656,4517,6606,359,22126,0,0,3813,1503,992,879,-447,-124,997,1203,997,1303,-408
24/03/2026,36,35107,36719,32362,4540,6606,133,22126,0,0,3972,1498,991,878,-451,-225,997,1259,996,1233,-336
24/03/2026,37,35623,37081,32790,4504,6606,6,22126,0,0,3953,1095,969,993,-395,-114,858,1381,997,1034,-349
24/03/2026,38,35651,37244,32800,4467,6606,27,22126,0,0,3702,1072,968,998,-448,-112,853,1375,997,959,-433
24/03/2026,39,35526,37354,32477,4462,6606,0,22126,0,0,3614,1476,991,1002,-452,-263,972,1100,997,933,-513
24/03/2026,40,34631,36610,31675,4456,6606,0,22126,0,0,3634,1496,992,1004,-452,-413,977,1037,996,932,-514
24/03/2026,41,32803,34775,30234,4557,6606,0,22126,0,1,3595,1147,992,1003,-452,-405,836,663,997,985,-514
24/03/2026,42,31810,33768,29285,4657,6606,0,22126,0,0,3920,1120,992,1003,-452,-392,831,587,997,989,-514
24/03/2026,43,30188,32013,27809,4753,6606,0,22126,0,8,3996,1086,969,944,-452,-251,865,215,997,989,-514
24/03/2026,44,28402,30068,26274,4849,6606,0,22126,0,9,4102,1082,956,940,-445,-98,866,139,990,987,-514
24/03/2026,45,26511,28416,24570,4907,6606,0,22126,0,221,4285,989,519,794,-385,-1,665,-239,733,884,-459
24/03/2026,46,25161,27749,23476,4964,6606,0,22126,0,798,4276,975,488,742,-449,69,658,-316,708,868,-425
24/03/2026,47,23289,26741,21668,5035,6606,0,22126,0,1347,4238,511,419,106,-452,85,432,-698,416,569,-355
24/03/2026,48,22960,26582,21412,5105,6606,0,22126,0,1592,4549,480,412,102,-379,-63,425,-777,400,548,-211
